Name,Rating,UT_Fruit-No_rating,Esters-No_rating,_Dried_Fruit-No_rating,Brown spices No_rating,UT_Vanilla-No_rating,UT_Wood-No_rating,New_Wood-No_rating,Aged_Wood-No_rating,UT_Smoky-No_rating,UT_Rubber-No_rating,UT_Sugars-_No_rating,Caramel_rating,Brown_Sugar-No_rating,UT Floral No_rating,UT__Green_rating,Hay/Tea-No_rating,UT_Dry_Fragant-_Pa_rating,Sweet_rating,Bitter_rating,Sour_rating,Alcoholic_strength_rating,Viscous_rating,Cluster
201,8,0.649995846,0,0.434659799,0,0,0.666611282,0,0.663288195,1.020187755,0.925147462,0.208025255,0,0.185428263,0,0.0492,0,0,0.760986957,0.983633796,0.0685,1.085320263,0.299077843,1
201,7,0.568746365,0,0.380327324,0,0,0.583284872,0,0.58037717,0.892664285,0.809504029,0.182022098,0,0.16224973,0,0.043,0,0,0.665863587,0.860679571,0.0599,0.94965523,0.261693113,1
201,7,0.568746365,0,0.380327324,0,0,0.583284872,0,0.58037717,0.892664285,0.809504029,0.182022098,0,0.16224973,0,0.043,0,0,0.665863587,0.860679571,0.0599,0.94965523,0.261693113,1
201,7,0.568746365,0,0.380327324,0,0,0.583284872,0,0.58037717,0.892664285,0.809504029,0.182022098,0,0.16224973,0,0.043,0,0,0.665863587,0.860679571,0.0599,0.94965523,0.261693113,1
201,9,0.731245327,0,0.488992274,0,0,0.749937692,0,0.746199219,1.147711224,1.040790895,0.234028412,0,0.208606796,0,0.0553,0,0,0.856110326,1.10658802,0.077,1.220985295,0.336462574,1
201,6,0.487496885,0,0.325994849,0,0,0.499958461,0,0.497466146,0.765140816,0.693860597,0.156018942,0,0.139071197,0,0.0369,0,0,0.570740218,0.737725347,0.0513,0.813990197,0.224308383,3
201,7,0.568746365,0,0.380327324,0,0,0.583284872,0,0.58037717,0.892664285,0.809504029,0.182022098,0,0.16224973,0,0.043,0,0,0.665863587,0.860679571,0.0599,0.94965523,0.261693113,1
201,9,0.731245327,0,0.488992274,0,0,0.749937692,0,0.746199219,1.147711224,1.040790895,0.234028412,0,0.208606796,0,0.0553,0,0,0.856110326,1.10658802,0.077,1.220985295,0.336462574,1
201,9,0.731245327,0,0.488992274,0,0,0.749937692,0,0.746199219,1.147711224,1.040790895,0.234028412,0,0.208606796,0,0.0553,0,0,0.856110326,1.10658802,0.077,1.220985295,0.336462574,1
201,8,0.649995846,0,0.434659799,0,0,0.666611282,0,0.663288195,1.020187755,0.925147462,0.208025255,0,0.185428263,0,0.0492,0,0,0.760986957,0.983633796,0.0685,1.085320263,0.299077843,1
201,6,0.487496885,0,0.325994849,0,0,0.499958461,0,0.497466146,0.765140816,0.693860597,0.156018942,0,0.139071197,0,0.0369,0,0,0.570740218,0.737725347,0.0513,0.813990197,0.224308383,3
201,6,0.487496885,0,0.325994849,0,0,0.499958461,0,0.497466146,0.765140816,0.693860597,0.156018942,0,0.139071197,0,0.0369,0,0,0.570740218,0.737725347,0.0513,0.813990197,0.224308383,3
201,2,0.162498962,0,0.10866495,0,0,0.16665282,0,0.165822049,0.255046939,0.231286866,0.052,0,0.0464,0,0.0123,0,0,0.190246739,0.245908449,0.0171,0.271330066,0.0748,3
201,8,0.649995846,0,0.434659799,0,0,0.666611282,0,0.663288195,1.020187755,0.925147462,0.208025255,0,0.185428263,0,0.0492,0,0,0.760986957,0.983633796,0.0685,1.085320263,0.299077843,1
201,9,0.731245327,0,0.488992274,0,0,0.749937692,0,0.746199219,1.147711224,1.040790895,0.234028412,0,0.208606796,0,0.0553,0,0,0.856110326,1.10658802,0.077,1.220985295,0.336462574,1
201,8,0.649995846,0,0.434659799,0,0,0.666611282,0,0.663288195,1.020187755,0.925147462,0.208025255,0,0.185428263,0,0.0492,0,0,0.760986957,0.983633796,0.0685,1.085320263,0.299077843,1
201,6,0.487496885,0,0.325994849,0,0,0.499958461,0,0.497466146,0.765140816,0.693860597,0.156018942,0,0.139071197,0,0.0369,0,0,0.570740218,0.737725347,0.0513,0.813990197,0.224308383,3
201,8,0.649995846,0,0.434659799,0,0,0.666611282,0,0.663288195,1.020187755,0.925147462,0.208025255,0,0.185428263,0,0.0492,0,0,0.760986957,0.983633796,0.0685,1.085320263,0.299077843,1
201,9,0.731245327,0,0.488992274,0,0,0.749937692,0,0.746199219,1.147711224,1.040790895,0.234028412,0,0.208606796,0,0.0553,0,0,0.856110326,1.10658802,0.077,1.220985295,0.336462574,1
201,6,0.487496885,0,0.325994849,0,0,0.499958461,0,0.497466146,0.765140816,0.693860597,0.156018942,0,0.139071197,0,0.0369,0,0,0.570740218,0.737725347,0.0513,0.813990197,0.224308383,3
201,8,0.649995846,0,0.434659799,0,0,0.666611282,0,0.663288195,1.020187755,0.925147462,0.208025255,0,0.185428263,0,0.0492,0,0,0.760986957,0.983633796,0.0685,1.085320263,0.299077843,1
201,9,0.731245327,0,0.488992274,0,0,0.749937692,0,0.746199219,1.147711224,1.040790895,0.234028412,0,0.208606796,0,0.0553,0,0,0.856110326,1.10658802,0.077,1.220985295,0.336462574,1
201,7,0.568746365,0,0.380327324,0,0,0.583284872,0,0.58037717,0.892664285,0.809504029,0.182022098,0,0.16224973,0,0.043,0,0,0.665863587,0.860679571,0.0599,0.94965523,0.261693113,1
201,9,0.731245327,0,0.488992274,0,0,0.749937692,0,0.746199219,1.147711224,1.040790895,0.234028412,0,0.208606796,0,0.0553,0,0,0.856110326,1.10658802,0.077,1.220985295,0.336462574,1
201,8,0.649995846,0,0.434659799,0,0,0.666611282,0,0.663288195,1.020187755,0.925147462,0.208025255,0,0.185428263,0,0.0492,0,0,0.760986957,0.983633796,0.0685,1.085320263,0.299077843,1
201,8,0.649995846,0,0.434659799,0,0,0.666611282,0,0.663288195,1.020187755,0.925147462,0.208025255,0,0.185428263,0,0.0492,0,0,0.760986957,0.983633796,0.0685,1.085320263,0.299077843,1
201,9,0.731245327,0,0.488992274,0,0,0.749937692,0,0.746199219,1.147711224,1.040790895,0.234028412,0,0.208606796,0,0.0553,0,0,0.856110326,1.10658802,0.077,1.220985295,0.336462574,1
201,6,0.487496885,0,0.325994849,0,0,0.499958461,0,0.497466146,0.765140816,0.693860597,0.156018942,0,0.139071197,0,0.0369,0,0,0.570740218,0.737725347,0.0513,0.813990197,0.224308383,3
201,7,0.568746365,0,0.380327324,0,0,0.583284872,0,0.58037717,0.892664285,0.809504029,0.182022098,0,0.16224973,0,0.043,0,0,0.665863587,0.860679571,0.0599,0.94965523,0.261693113,1
201,8,0.649995846,0,0.434659799,0,0,0.666611282,0,0.663288195,1.020187755,0.925147462,0.208025255,0,0.185428263,0,0.0492,0,0,0.760986957,0.983633796,0.0685,1.085320263,0.299077843,1
201,7,0.568746365,0,0.380327324,0,0,0.583284872,0,0.58037717,0.892664285,0.809504029,0.182022098,0,0.16224973,0,0.043,0,0,0.665863587,0.860679571,0.0599,0.94965523,0.261693113,1
201,7,0.568746365,0,0.380327324,0,0,0.583284872,0,0.58037717,0.892664285,0.809504029,0.182022098,0,0.16224973,0,0.043,0,0,0.665863587,0.860679571,0.0599,0.94965523,0.261693113,1
201,9,0.731245327,0,0.488992274,0,0,0.749937692,0,0.746199219,1.147711224,1.040790895,0.234028412,0,0.208606796,0,0.0553,0,0,0.856110326,1.10658802,0.077,1.220985295,0.336462574,1
201,8,0.649995846,0,0.434659799,0,0,0.666611282,0,0.663288195,1.020187755,0.925147462,0.208025255,0,0.185428263,0,0.0492,0,0,0.760986957,0.983633796,0.0685,1.085320263,0.299077843,1
201,8,0.649995846,0,0.434659799,0,0,0.666611282,0,0.663288195,1.020187755,0.925147462,0.208025255,0,0.185428263,0,0.0492,0,0,0.760986957,0.983633796,0.0685,1.085320263,0.299077843,1
201,9,0.731245327,0,0.488992274,0,0,0.749937692,0,0.746199219,1.147711224,1.040790895,0.234028412,0,0.208606796,0,0.0553,0,0,0.856110326,1.10658802,0.077,1.220985295,0.336462574,1
201,8,0.649995846,0,0.434659799,0,0,0.666611282,0,0.663288195,1.020187755,0.925147462,0.208025255,0,0.185428263,0,0.0492,0,0,0.760986957,0.983633796,0.0685,1.085320263,0.299077843,1
201,9,0.731245327,0,0.488992274,0,0,0.749937692,0,0.746199219,1.147711224,1.040790895,0.234028412,0,0.208606796,0,0.0553,0,0,0.856110326,1.10658802,0.077,1.220985295,0.336462574,1
201,8,0.649995846,0,0.434659799,0,0,0.666611282,0,0.663288195,1.020187755,0.925147462,0.208025255,0,0.185428263,0,0.0492,0,0,0.760986957,0.983633796,0.0685,1.085320263,0.299077843,1
201,6,0.487496885,0,0.325994849,0,0,0.499958461,0,0.497466146,0.765140816,0.693860597,0.156018942,0,0.139071197,0,0.0369,0,0,0.570740218,0.737725347,0.0513,0.813990197,0.224308383,3
201,9,0.731245327,0,0.488992274,0,0,0.749937692,0,0.746199219,1.147711224,1.040790895,0.234028412,0,0.208606796,0,0.0553,0,0,0.856110326,1.10658802,0.077,1.220985295,0.336462574,1
201,8,0.649995846,0,0.434659799,0,0,0.666611282,0,0.663288195,1.020187755,0.925147462,0.208025255,0,0.185428263,0,0.0492,0,0,0.760986957,0.983633796,0.0685,1.085320263,0.299077843,1
201,4,0.324997923,0,0.217329899,0,0,0.333305641,0,0.331644097,0.510093877,0.462573731,0.104012628,0,0.0927,0,0.0246,0,0,0.380493478,0.491816898,0.0342,0.542660131,0.149538922,3
201,9,0.731245327,0,0.488992274,0,0,0.749937692,0,0.746199219,1.147711224,1.040790895,0.234028412,0,0.208606796,0,0.0553,0,0,0.856110326,1.10658802,0.077,1.220985295,0.336462574,1
201,6,0.487496885,0,0.325994849,0,0,0.499958461,0,0.497466146,0.765140816,0.693860597,0.156018942,0,0.139071197,0,0.0369,0,0,0.570740218,0.737725347,0.0513,0.813990197,0.224308383,3
201,5,0.406247404,0,0.271662374,0,0,0.416632051,0,0.414555122,0.637617347,0.578217164,0.130015785,0,0.115892664,0,0.0307,0,0,0.475616848,0.614771122,0.0428,0.678325164,0.186923652,3
201,8,0.649995846,0,0.434659799,0,0,0.666611282,0,0.663288195,1.020187755,0.925147462,0.208025255,0,0.185428263,0,0.0492,0,0,0.760986957,0.983633796,0.0685,1.085320263,0.299077843,1
201,8,0.649995846,0,0.434659799,0,0,0.666611282,0,0.663288195,1.020187755,0.925147462,0.208025255,0,0.185428263,0,0.0492,0,0,0.760986957,0.983633796,0.0685,1.085320263,0.299077843,1
201,8,0.649995846,0,0.434659799,0,0,0.666611282,0,0.663288195,1.020187755,0.925147462,0.208025255,0,0.185428263,0,0.0492,0,0,0.760986957,0.983633796,0.0685,1.085320263,0.299077843,1
201,6,0.487496885,0,0.325994849,0,0,0.499958461,0,0.497466146,0.765140816,0.693860597,0.156018942,0,0.139071197,0,0.0369,0,0,0.570740218,0.737725347,0.0513,0.813990197,0.224308383,3
201,6,0.487496885,0,0.325994849,0,0,0.499958461,0,0.497466146,0.765140816,0.693860597,0.156018942,0,0.139071197,0,0.0369,0,0,0.570740218,0.737725347,0.0513,0.813990197,0.224308383,3
201,7,0.568746365,0,0.380327324,0,0,0.583284872,0,0.58037717,0.892664285,0.809504029,0.182022098,0,0.16224973,0,0.043,0,0,0.665863587,0.860679571,0.0599,0.94965523,0.261693113,1
201,6,0.487496885,0,0.325994849,0,0,0.499958461,0,0.497466146,0.765140816,0.693860597,0.156018942,0,0.139071197,0,0.0369,0,0,0.570740218,0.737725347,0.0513,0.813990197,0.224308383,3
201,9,0.731245327,0,0.488992274,0,0,0.749937692,0,0.746199219,1.147711224,1.040790895,0.234028412,0,0.208606796,0,0.0553,0,0,0.856110326,1.10658802,0.077,1.220985295,0.336462574,1
201,7,0.568746365,0,0.380327324,0,0,0.583284872,0,0.58037717,0.892664285,0.809504029,0.182022098,0,0.16224973,0,0.043,0,0,0.665863587,0.860679571,0.0599,0.94965523,0.261693113,1
201,8,0.649995846,0,0.434659799,0,0,0.666611282,0,0.663288195,1.020187755,0.925147462,0.208025255,0,0.185428263,0,0.0492,0,0,0.760986957,0.983633796,0.0685,1.085320263,0.299077843,1
201,9,0.731245327,0,0.488992274,0,0,0.749937692,0,0.746199219,1.147711224,1.040790895,0.234028412,0,0.208606796,0,0.0553,0,0,0.856110326,1.10658802,0.077,1.220985295,0.336462574,1
201,9,0.731245327,0,0.488992274,0,0,0.749937692,0,0.746199219,1.147711224,1.040790895,0.234028412,0,0.208606796,0,0.0553,0,0,0.856110326,1.10658802,0.077,1.220985295,0.336462574,1
201,9,0.731245327,0,0.488992274,0,0,0.749937692,0,0.746199219,1.147711224,1.040790895,0.234028412,0,0.208606796,0,0.0553,0,0,0.856110326,1.10658802,0.077,1.220985295,0.336462574,1
201,9,0.731245327,0,0.488992274,0,0,0.749937692,0,0.746199219,1.147711224,1.040790895,0.234028412,0,0.208606796,0,0.0553,0,0,0.856110326,1.10658802,0.077,1.220985295,0.336462574,1
201,8,0.649995846,0,0.434659799,0,0,0.666611282,0,0.663288195,1.020187755,0.925147462,0.208025255,0,0.185428263,0,0.0492,0,0,0.760986957,0.983633796,0.0685,1.085320263,0.299077843,1
201,8,0.649995846,0,0.434659799,0,0,0.666611282,0,0.663288195,1.020187755,0.925147462,0.208025255,0,0.185428263,0,0.0492,0,0,0.760986957,0.983633796,0.0685,1.085320263,0.299077843,1
201,7,0.568746365,0,0.380327324,0,0,0.583284872,0,0.58037717,0.892664285,0.809504029,0.182022098,0,0.16224973,0,0.043,0,0,0.665863587,0.860679571,0.0599,0.94965523,0.261693113,1
201,8,0.649995846,0,0.434659799,0,0,0.666611282,0,0.663288195,1.020187755,0.925147462,0.208025255,0,0.185428263,0,0.0492,0,0,0.760986957,0.983633796,0.0685,1.085320263,0.299077843,1
201,6,0.487496885,0,0.325994849,0,0,0.499958461,0,0.497466146,0.765140816,0.693860597,0.156018942,0,0.139071197,0,0.0369,0,0,0.570740218,0.737725347,0.0513,0.813990197,0.224308383,3
201,8,0.649995846,0,0.434659799,0,0,0.666611282,0,0.663288195,1.020187755,0.925147462,0.208025255,0,0.185428263,0,0.0492,0,0,0.760986957,0.983633796,0.0685,1.085320263,0.299077843,1
201,9,0.731245327,0,0.488992274,0,0,0.749937692,0,0.746199219,1.147711224,1.040790895,0.234028412,0,0.208606796,0,0.0553,0,0,0.856110326,1.10658802,0.077,1.220985295,0.336462574,1
201,9,0.731245327,0,0.488992274,0,0,0.749937692,0,0.746199219,1.147711224,1.040790895,0.234028412,0,0.208606796,0,0.0553,0,0,0.856110326,1.10658802,0.077,1.220985295,0.336462574,1
201,8,0.649995846,0,0.434659799,0,0,0.666611282,0,0.663288195,1.020187755,0.925147462,0.208025255,0,0.185428263,0,0.0492,0,0,0.760986957,0.983633796,0.0685,1.085320263,0.299077843,1
201,5,0.406247404,0,0.271662374,0,0,0.416632051,0,0.414555122,0.637617347,0.578217164,0.130015785,0,0.115892664,0,0.0307,0,0,0.475616848,0.614771122,0.0428,0.678325164,0.186923652,3
201,9,0.731245327,0,0.488992274,0,0,0.749937692,0,0.746199219,1.147711224,1.040790895,0.234028412,0,0.208606796,0,0.0553,0,0,0.856110326,1.10658802,0.077,1.220985295,0.336462574,1
201,5,0.406247404,0,0.271662374,0,0,0.416632051,0,0.414555122,0.637617347,0.578217164,0.130015785,0,0.115892664,0,0.0307,0,0,0.475616848,0.614771122,0.0428,0.678325164,0.186923652,3
201,6,0.487496885,0,0.325994849,0,0,0.499958461,0,0.497466146,0.765140816,0.693860597,0.156018942,0,0.139071197,0,0.0369,0,0,0.570740218,0.737725347,0.0513,0.813990197,0.224308383,3
201,8,0.649995846,0,0.434659799,0,0,0.666611282,0,0.663288195,1.020187755,0.925147462,0.208025255,0,0.185428263,0,0.0492,0,0,0.760986957,0.983633796,0.0685,1.085320263,0.299077843,1
201,9,0.731245327,0,0.488992274,0,0,0.749937692,0,0.746199219,1.147711224,1.040790895,0.234028412,0,0.208606796,0,0.0553,0,0,0.856110326,1.10658802,0.077,1.220985295,0.336462574,1
201,9,0.731245327,0,0.488992274,0,0,0.749937692,0,0.746199219,1.147711224,1.040790895,0.234028412,0,0.208606796,0,0.0553,0,0,0.856110326,1.10658802,0.077,1.220985295,0.336462574,1
201,8,0.649995846,0,0.434659799,0,0,0.666611282,0,0.663288195,1.020187755,0.925147462,0.208025255,0,0.185428263,0,0.0492,0,0,0.760986957,0.983633796,0.0685,1.085320263,0.299077843,1
201,9,0.731245327,0,0.488992274,0,0,0.749937692,0,0.746199219,1.147711224,1.040790895,0.234028412,0,0.208606796,0,0.0553,0,0,0.856110326,1.10658802,0.077,1.220985295,0.336462574,1
201,4,0.324997923,0,0.217329899,0,0,0.333305641,0,0.331644097,0.510093877,0.462573731,0.104012628,0,0.0927,0,0.0246,0,0,0.380493478,0.491816898,0.0342,0.542660131,0.149538922,3
201,7,0.568746365,0,0.380327324,0,0,0.583284872,0,0.58037717,0.892664285,0.809504029,0.182022098,0,0.16224973,0,0.043,0,0,0.665863587,0.860679571,0.0599,0.94965523,0.261693113,1
201,8,0.649995846,0,0.434659799,0,0,0.666611282,0,0.663288195,1.020187755,0.925147462,0.208025255,0,0.185428263,0,0.0492,0,0,0.760986957,0.983633796,0.0685,1.085320263,0.299077843,1
201,1,0.0812,0,0.0543,0,0,0.0833,0,0.0829,0.127523469,0.115643433,0.026,0,0.0232,0,0.00615,0,0,0.0951,0.122954224,0.00856,0.135665033,0.0374,3
201,5,0.406247404,0,0.271662374,0,0,0.416632051,0,0.414555122,0.637617347,0.578217164,0.130015785,0,0.115892664,0,0.0307,0,0,0.475616848,0.614771122,0.0428,0.678325164,0.186923652,3
201,6,0.487496885,0,0.325994849,0,0,0.499958461,0,0.497466146,0.765140816,0.693860597,0.156018942,0,0.139071197,0,0.0369,0,0,0.570740218,0.737725347,0.0513,0.813990197,0.224308383,3
201,4,0.324997923,0,0.217329899,0,0,0.333305641,0,0.331644097,0.510093877,0.462573731,0.104012628,0,0.0927,0,0.0246,0,0,0.380493478,0.491816898,0.0342,0.542660131,0.149538922,3
201,9,0.731245327,0,0.488992274,0,0,0.749937692,0,0.746199219,1.147711224,1.040790895,0.234028412,0,0.208606796,0,0.0553,0,0,0.856110326,1.10658802,0.077,1.220985295,0.336462574,1
201,9,0.731245327,0,0.488992274,0,0,0.749937692,0,0.746199219,1.147711224,1.040790895,0.234028412,0,0.208606796,0,0.0553,0,0,0.856110326,1.10658802,0.077,1.220985295,0.336462574,1
201,8,0.649995846,0,0.434659799,0,0,0.666611282,0,0.663288195,1.020187755,0.925147462,0.208025255,0,0.185428263,0,0.0492,0,0,0.760986957,0.983633796,0.0685,1.085320263,0.299077843,1
201,8,0.649995846,0,0.434659799,0,0,0.666611282,0,0.663288195,1.020187755,0.925147462,0.208025255,0,0.185428263,0,0.0492,0,0,0.760986957,0.983633796,0.0685,1.085320263,0.299077843,1
201,8,0.649995846,0,0.434659799,0,0,0.666611282,0,0.663288195,1.020187755,0.925147462,0.208025255,0,0.185428263,0,0.0492,0,0,0.760986957,0.983633796,0.0685,1.085320263,0.299077843,1
201,8,0.649995846,0,0.434659799,0,0,0.666611282,0,0.663288195,1.020187755,0.925147462,0.208025255,0,0.185428263,0,0.0492,0,0,0.760986957,0.983633796,0.0685,1.085320263,0.299077843,1
201,8,0.649995846,0,0.434659799,0,0,0.666611282,0,0.663288195,1.020187755,0.925147462,0.208025255,0,0.185428263,0,0.0492,0,0,0.760986957,0.983633796,0.0685,1.085320263,0.299077843,1
201,6,0.487496885,0,0.325994849,0,0,0.499958461,0,0.497466146,0.765140816,0.693860597,0.156018942,0,0.139071197,0,0.0369,0,0,0.570740218,0.737725347,0.0513,0.813990197,0.224308383,3
201,9,0.731245327,0,0.488992274,0,0,0.749937692,0,0.746199219,1.147711224,1.040790895,0.234028412,0,0.208606796,0,0.0553,0,0,0.856110326,1.10658802,0.077,1.220985295,0.336462574,1
201,5,0.406247404,0,0.271662374,0,0,0.416632051,0,0.414555122,0.637617347,0.578217164,0.130015785,0,0.115892664,0,0.0307,0,0,0.475616848,0.614771122,0.0428,0.678325164,0.186923652,3
201,8,0.649995846,0,0.434659799,0,0,0.666611282,0,0.663288195,1.020187755,0.925147462,0.208025255,0,0.185428263,0,0.0492,0,0,0.760986957,0.983633796,0.0685,1.085320263,0.299077843,1
201,5,0.406247404,0,0.271662374,0,0,0.416632051,0,0.414555122,0.637617347,0.578217164,0.130015785,0,0.115892664,0,0.0307,0,0,0.475616848,0.614771122,0.0428,0.678325164,0.186923652,3
201,9,0.731245327,0,0.488992274,0,0,0.749937692,0,0.746199219,1.147711224,1.040790895,0.234028412,0,0.208606796,0,0.0553,0,0,0.856110326,1.10658802,0.077,1.220985295,0.336462574,1
201,5,0.406247404,0,0.271662374,0,0,0.416632051,0,0.414555122,0.637617347,0.578217164,0.130015785,0,0.115892664,0,0.0307,0,0,0.475616848,0.614771122,0.0428,0.678325164,0.186923652,3
201,8,0.649995846,0,0.434659799,0,0,0.666611282,0,0.663288195,1.020187755,0.925147462,0.208025255,0,0.185428263,0,0.0492,0,0,0.760986957,0.983633796,0.0685,1.085320263,0.299077843,1
201,9,0.731245327,0,0.488992274,0,0,0.749937692,0,0.746199219,1.147711224,1.040790895,0.234028412,0,0.208606796,0,0.0553,0,0,0.856110326,1.10658802,0.077,1.220985295,0.336462574,1
201,9,0.731245327,0,0.488992274,0,0,0.749937692,0,0.746199219,1.147711224,1.040790895,0.234028412,0,0.208606796,0,0.0553,0,0,0.856110326,1.10658802,0.077,1.220985295,0.336462574,1
201,7,0.568746365,0,0.380327324,0,0,0.583284872,0,0.58037717,0.892664285,0.809504029,0.182022098,0,0.16224973,0,0.043,0,0,0.665863587,0.860679571,0.0599,0.94965523,0.261693113,1
201,9,0.731245327,0,0.488992274,0,0,0.749937692,0,0.746199219,1.147711224,1.040790895,0.234028412,0,0.208606796,0,0.0553,0,0,0.856110326,1.10658802,0.077,1.220985295,0.336462574,1
201,7,0.568746365,0,0.380327324,0,0,0.583284872,0,0.58037717,0.892664285,0.809504029,0.182022098,0,0.16224973,0,0.043,0,0,0.665863587,0.860679571,0.0599,0.94965523,0.261693113,1
201,4,0.324997923,0,0.217329899,0,0,0.333305641,0,0.331644097,0.510093877,0.462573731,0.104012628,0,0.0927,0,0.0246,0,0,0.380493478,0.491816898,0.0342,0.542660131,0.149538922,3
201,5,0.406247404,0,0.271662374,0,0,0.416632051,0,0.414555122,0.637617347,0.578217164,0.130015785,0,0.115892664,0,0.0307,0,0,0.475616848,0.614771122,0.0428,0.678325164,0.186923652,3
201,5,0.406247404,0,0.271662374,0,0,0.416632051,0,0.414555122,0.637617347,0.578217164,0.130015785,0,0.115892664,0,0.0307,0,0,0.475616848,0.614771122,0.0428,0.678325164,0.186923652,3
201,8,0.649995846,0,0.434659799,0,0,0.666611282,0,0.663288195,1.020187755,0.925147462,0.208025255,0,0.185428263,0,0.0492,0,0,0.760986957,0.983633796,0.0685,1.085320263,0.299077843,1
201,8,0.649995846,0,0.434659799,0,0,0.666611282,0,0.663288195,1.020187755,0.925147462,0.208025255,0,0.185428263,0,0.0492,0,0,0.760986957,0.983633796,0.0685,1.085320263,0.299077843,1
201,8,0.649995846,0,0.434659799,0,0,0.666611282,0,0.663288195,1.020187755,0.925147462,0.208025255,0,0.185428263,0,0.0492,0,0,0.760986957,0.983633796,0.0685,1.085320263,0.299077843,1
201,8,0.649995846,0,0.434659799,0,0,0.666611282,0,0.663288195,1.020187755,0.925147462,0.208025255,0,0.185428263,0,0.0492,0,0,0.760986957,0.983633796,0.0685,1.085320263,0.299077843,1
201,6,0.487496885,0,0.325994849,0,0,0.499958461,0,0.497466146,0.765140816,0.693860597,0.156018942,0,0.139071197,0,0.0369,0,0,0.570740218,0.737725347,0.0513,0.813990197,0.224308383,3
201,9,0.731245327,0,0.488992274,0,0,0.749937692,0,0.746199219,1.147711224,1.040790895,0.234028412,0,0.208606796,0,0.0553,0,0,0.856110326,1.10658802,0.077,1.220985295,0.336462574,1
201,7,0.568746365,0,0.380327324,0,0,0.583284872,0,0.58037717,0.892664285,0.809504029,0.182022098,0,0.16224973,0,0.043,0,0,0.665863587,0.860679571,0.0599,0.94965523,0.261693113,1
201,3,0.243748442,0,0.162997425,0,0,0.249979231,0,0.248733073,0.382570408,0.346930298,0.078,0,0.0695,0,0.0184,0,0,0.285370109,0.368862673,0.0257,0.406995098,0.112154191,3
201,8,0.649995846,0,0.434659799,0,0,0.666611282,0,0.663288195,1.020187755,0.925147462,0.208025255,0,0.185428263,0,0.0492,0,0,0.760986957,0.983633796,0.0685,1.085320263,0.299077843,1
201,7,0.568746365,0,0.380327324,0,0,0.583284872,0,0.58037717,0.892664285,0.809504029,0.182022098,0,0.16224973,0,0.043,0,0,0.665863587,0.860679571,0.0599,0.94965523,0.261693113,1
201,8,0.649995846,0,0.434659799,0,0,0.666611282,0,0.663288195,1.020187755,0.925147462,0.208025255,0,0.185428263,0,0.0492,0,0,0.760986957,0.983633796,0.0685,1.085320263,0.299077843,1
201,9,0.731245327,0,0.488992274,0,0,0.749937692,0,0.746199219,1.147711224,1.040790895,0.234028412,0,0.208606796,0,0.0553,0,0,0.856110326,1.10658802,0.077,1.220985295,0.336462574,1
201,6,0.487496885,0,0.325994849,0,0,0.499958461,0,0.497466146,0.765140816,0.693860597,0.156018942,0,0.139071197,0,0.0369,0,0,0.570740218,0.737725347,0.0513,0.813990197,0.224308383,3
201,8,0.649995846,0,0.434659799,0,0,0.666611282,0,0.663288195,1.020187755,0.925147462,0.208025255,0,0.185428263,0,0.0492,0,0,0.760986957,0.983633796,0.0685,1.085320263,0.299077843,1
201,8,0.649995846,0,0.434659799,0,0,0.666611282,0,0.663288195,1.020187755,0.925147462,0.208025255,0,0.185428263,0,0.0492,0,0,0.760986957,0.983633796,0.0685,1.085320263,0.299077843,1
201,6,0.487496885,0,0.325994849,0,0,0.499958461,0,0.497466146,0.765140816,0.693860597,0.156018942,0,0.139071197,0,0.0369,0,0,0.570740218,0.737725347,0.0513,0.813990197,0.224308383,3
201,7,0.568746365,0,0.380327324,0,0,0.583284872,0,0.58037717,0.892664285,0.809504029,0.182022098,0,0.16224973,0,0.043,0,0,0.665863587,0.860679571,0.0599,0.94965523,0.261693113,1
201,8,0.649995846,0,0.434659799,0,0,0.666611282,0,0.663288195,1.020187755,0.925147462,0.208025255,0,0.185428263,0,0.0492,0,0,0.760986957,0.983633796,0.0685,1.085320263,0.299077843,1
201,8,0.649995846,0,0.434659799,0,0,0.666611282,0,0.663288195,1.020187755,0.925147462,0.208025255,0,0.185428263,0,0.0492,0,0,0.760986957,0.983633796,0.0685,1.085320263,0.299077843,1
201,5,0.406247404,0,0.271662374,0,0,0.416632051,0,0.414555122,0.637617347,0.578217164,0.130015785,0,0.115892664,0,0.0307,0,0,0.475616848,0.614771122,0.0428,0.678325164,0.186923652,3
201,6,0.487496885,0,0.325994849,0,0,0.499958461,0,0.497466146,0.765140816,0.693860597,0.156018942,0,0.139071197,0,0.0369,0,0,0.570740218,0.737725347,0.0513,0.813990197,0.224308383,3
201,8,0.649995846,0,0.434659799,0,0,0.666611282,0,0.663288195,1.020187755,0.925147462,0.208025255,0,0.185428263,0,0.0492,0,0,0.760986957,0.983633796,0.0685,1.085320263,0.299077843,1
201,9,0.731245327,0,0.488992274,0,0,0.749937692,0,0.746199219,1.147711224,1.040790895,0.234028412,0,0.208606796,0,0.0553,0,0,0.856110326,1.10658802,0.077,1.220985295,0.336462574,1
201,7,0.568746365,0,0.380327324,0,0,0.583284872,0,0.58037717,0.892664285,0.809504029,0.182022098,0,0.16224973,0,0.043,0,0,0.665863587,0.860679571,0.0599,0.94965523,0.261693113,1
201,8,0.649995846,0,0.434659799,0,0,0.666611282,0,0.663288195,1.020187755,0.925147462,0.208025255,0,0.185428263,0,0.0492,0,0,0.760986957,0.983633796,0.0685,1.085320263,0.299077843,1
201,5,0.406247404,0,0.271662374,0,0,0.416632051,0,0.414555122,0.637617347,0.578217164,0.130015785,0,0.115892664,0,0.0307,0,0,0.475616848,0.614771122,0.0428,0.678325164,0.186923652,3
201,8,0.649995846,0,0.434659799,0,0,0.666611282,0,0.663288195,1.020187755,0.925147462,0.208025255,0,0.185428263,0,0.0492,0,0,0.760986957,0.983633796,0.0685,1.085320263,0.299077843,1
201,8,0.649995846,0,0.434659799,0,0,0.666611282,0,0.663288195,1.020187755,0.925147462,0.208025255,0,0.185428263,0,0.0492,0,0,0.760986957,0.983633796,0.0685,1.085320263,0.299077843,1
201,5,0.406247404,0,0.271662374,0,0,0.416632051,0,0.414555122,0.637617347,0.578217164,0.130015785,0,0.115892664,0,0.0307,0,0,0.475616848,0.614771122,0.0428,0.678325164,0.186923652,3
201,8,0.649995846,0,0.434659799,0,0,0.666611282,0,0.663288195,1.020187755,0.925147462,0.208025255,0,0.185428263,0,0.0492,0,0,0.760986957,0.983633796,0.0685,1.085320263,0.299077843,1
201,8,0.649995846,0,0.434659799,0,0,0.666611282,0,0.663288195,1.020187755,0.925147462,0.208025255,0,0.185428263,0,0.0492,0,0,0.760986957,0.983633796,0.0685,1.085320263,0.299077843,1
201,5,0.406247404,0,0.271662374,0,0,0.416632051,0,0.414555122,0.637617347,0.578217164,0.130015785,0,0.115892664,0,0.0307,0,0,0.475616848,0.614771122,0.0428,0.678325164,0.186923652,3
201,9,0.731245327,0,0.488992274,0,0,0.749937692,0,0.746199219,1.147711224,1.040790895,0.234028412,0,0.208606796,0,0.0553,0,0,0.856110326,1.10658802,0.077,1.220985295,0.336462574,1
201,5,0.406247404,0,0.271662374,0,0,0.416632051,0,0.414555122,0.637617347,0.578217164,0.130015785,0,0.115892664,0,0.0307,0,0,0.475616848,0.614771122,0.0428,0.678325164,0.186923652,3
201,7,0.568746365,0,0.380327324,0,0,0.583284872,0,0.58037717,0.892664285,0.809504029,0.182022098,0,0.16224973,0,0.043,0,0,0.665863587,0.860679571,0.0599,0.94965523,0.261693113,1
201,7,0.568746365,0,0.380327324,0,0,0.583284872,0,0.58037717,0.892664285,0.809504029,0.182022098,0,0.16224973,0,0.043,0,0,0.665863587,0.860679571,0.0599,0.94965523,0.261693113,1
201,9,0.731245327,0,0.488992274,0,0,0.749937692,0,0.746199219,1.147711224,1.040790895,0.234028412,0,0.208606796,0,0.0553,0,0,0.856110326,1.10658802,0.077,1.220985295,0.336462574,1
201,7,0.568746365,0,0.380327324,0,0,0.583284872,0,0.58037717,0.892664285,0.809504029,0.182022098,0,0.16224973,0,0.043,0,0,0.665863587,0.860679571,0.0599,0.94965523,0.261693113,1
201,8,0.649995846,0,0.434659799,0,0,0.666611282,0,0.663288195,1.020187755,0.925147462,0.208025255,0,0.185428263,0,0.0492,0,0,0.760986957,0.983633796,0.0685,1.085320263,0.299077843,1
201,8,0.649995846,0,0.434659799,0,0,0.666611282,0,0.663288195,1.020187755,0.925147462,0.208025255,0,0.185428263,0,0.0492,0,0,0.760986957,0.983633796,0.0685,1.085320263,0.299077843,1
201,7,0.568746365,0,0.380327324,0,0,0.583284872,0,0.58037717,0.892664285,0.809504029,0.182022098,0,0.16224973,0,0.043,0,0,0.665863587,0.860679571,0.0599,0.94965523,0.261693113,1
201,5,0.406247404,0,0.271662374,0,0,0.416632051,0,0.414555122,0.637617347,0.578217164,0.130015785,0,0.115892664,0,0.0307,0,0,0.475616848,0.614771122,0.0428,0.678325164,0.186923652,3
201,8,0.649995846,0,0.434659799,0,0,0.666611282,0,0.663288195,1.020187755,0.925147462,0.208025255,0,0.185428263,0,0.0492,0,0,0.760986957,0.983633796,0.0685,1.085320263,0.299077843,1
201,9,0.731245327,0,0.488992274,0,0,0.749937692,0,0.746199219,1.147711224,1.040790895,0.234028412,0,0.208606796,0,0.0553,0,0,0.856110326,1.10658802,0.077,1.220985295,0.336462574,1
201,5,0.406247404,0,0.271662374,0,0,0.416632051,0,0.414555122,0.637617347,0.578217164,0.130015785,0,0.115892664,0,0.0307,0,0,0.475616848,0.614771122,0.0428,0.678325164,0.186923652,3
201,8,0.649995846,0,0.434659799,0,0,0.666611282,0,0.663288195,1.020187755,0.925147462,0.208025255,0,0.185428263,0,0.0492,0,0,0.760986957,0.983633796,0.0685,1.085320263,0.299077843,1
201,2,0.162498962,0,0.10866495,0,0,0.16665282,0,0.165822049,0.255046939,0.231286866,0.052,0,0.0464,0,0.0123,0,0,0.190246739,0.245908449,0.0171,0.271330066,0.0748,3
201,7,0.568746365,0,0.380327324,0,0,0.583284872,0,0.58037717,0.892664285,0.809504029,0.182022098,0,0.16224973,0,0.043,0,0,0.665863587,0.860679571,0.0599,0.94965523,0.261693113,1
201,8,0.649995846,0,0.434659799,0,0,0.666611282,0,0.663288195,1.020187755,0.925147462,0.208025255,0,0.185428263,0,0.0492,0,0,0.760986957,0.983633796,0.0685,1.085320263,0.299077843,1
201,9,0.731245327,0,0.488992274,0,0,0.749937692,0,0.746199219,1.147711224,1.040790895,0.234028412,0,0.208606796,0,0.0553,0,0,0.856110326,1.10658802,0.077,1.220985295,0.336462574,1
201,7,0.568746365,0,0.380327324,0,0,0.583284872,0,0.58037717,0.892664285,0.809504029,0.182022098,0,0.16224973,0,0.043,0,0,0.665863587,0.860679571,0.0599,0.94965523,0.261693113,1
201,6,0.487496885,0,0.325994849,0,0,0.499958461,0,0.497466146,0.765140816,0.693860597,0.156018942,0,0.139071197,0,0.0369,0,0,0.570740218,0.737725347,0.0513,0.813990197,0.224308383,3
201,4,0.324997923,0,0.217329899,0,0,0.333305641,0,0.331644097,0.510093877,0.462573731,0.104012628,0,0.0927,0,0.0246,0,0,0.380493478,0.491816898,0.0342,0.542660131,0.149538922,3
201,7,0.568746365,0,0.380327324,0,0,0.583284872,0,0.58037717,0.892664285,0.809504029,0.182022098,0,0.16224973,0,0.043,0,0,0.665863587,0.860679571,0.0599,0.94965523,0.261693113,1
201,9,0.731245327,0,0.488992274,0,0,0.749937692,0,0.746199219,1.147711224,1.040790895,0.234028412,0,0.208606796,0,0.0553,0,0,0.856110326,1.10658802,0.077,1.220985295,0.336462574,1
201,8,0.649995846,0,0.434659799,0,0,0.666611282,0,0.663288195,1.020187755,0.925147462,0.208025255,0,0.185428263,0,0.0492,0,0,0.760986957,0.983633796,0.0685,1.085320263,0.299077843,1
201,9,0.731245327,0,0.488992274,0,0,0.749937692,0,0.746199219,1.147711224,1.040790895,0.234028412,0,0.208606796,0,0.0553,0,0,0.856110326,1.10658802,0.077,1.220985295,0.336462574,1
201,7,0.568746365,0,0.380327324,0,0,0.583284872,0,0.58037717,0.892664285,0.809504029,0.182022098,0,0.16224973,0,0.043,0,0,0.665863587,0.860679571,0.0599,0.94965523,0.261693113,1
201,7,0.568746365,0,0.380327324,0,0,0.583284872,0,0.58037717,0.892664285,0.809504029,0.182022098,0,0.16224973,0,0.043,0,0,0.665863587,0.860679571,0.0599,0.94965523,0.261693113,1
201,7,0.568746365,0,0.380327324,0,0,0.583284872,0,0.58037717,0.892664285,0.809504029,0.182022098,0,0.16224973,0,0.043,0,0,0.665863587,0.860679571,0.0599,0.94965523,0.261693113,1
201,6,0.487496885,0,0.325994849,0,0,0.499958461,0,0.497466146,0.765140816,0.693860597,0.156018942,0,0.139071197,0,0.0369,0,0,0.570740218,0.737725347,0.0513,0.813990197,0.224308383,3
201,1,0.0812,0,0.0543,0,0,0.0833,0,0.0829,0.127523469,0.115643433,0.026,0,0.0232,0,0.00615,0,0,0.0951,0.122954224,0.00856,0.135665033,0.0374,3
201,9,0.731245327,0,0.488992274,0,0,0.749937692,0,0.746199219,1.147711224,1.040790895,0.234028412,0,0.208606796,0,0.0553,0,0,0.856110326,1.10658802,0.077,1.220985295,0.336462574,1
201,9,0.731245327,0,0.488992274,0,0,0.749937692,0,0.746199219,1.147711224,1.040790895,0.234028412,0,0.208606796,0,0.0553,0,0,0.856110326,1.10658802,0.077,1.220985295,0.336462574,1
201,8,0.649995846,0,0.434659799,0,0,0.666611282,0,0.663288195,1.020187755,0.925147462,0.208025255,0,0.185428263,0,0.0492,0,0,0.760986957,0.983633796,0.0685,1.085320263,0.299077843,1
201,8,0.649995846,0,0.434659799,0,0,0.666611282,0,0.663288195,1.020187755,0.925147462,0.208025255,0,0.185428263,0,0.0492,0,0,0.760986957,0.983633796,0.0685,1.085320263,0.299077843,1
201,8,0.649995846,0,0.434659799,0,0,0.666611282,0,0.663288195,1.020187755,0.925147462,0.208025255,0,0.185428263,0,0.0492,0,0,0.760986957,0.983633796,0.0685,1.085320263,0.299077843,1
201,9,0.731245327,0,0.488992274,0,0,0.749937692,0,0.746199219,1.147711224,1.040790895,0.234028412,0,0.208606796,0,0.0553,0,0,0.856110326,1.10658802,0.077,1.220985295,0.336462574,1
201,8,0.649995846,0,0.434659799,0,0,0.666611282,0,0.663288195,1.020187755,0.925147462,0.208025255,0,0.185428263,0,0.0492,0,0,0.760986957,0.983633796,0.0685,1.085320263,0.299077843,1
201,9,0.731245327,0,0.488992274,0,0,0.749937692,0,0.746199219,1.147711224,1.040790895,0.234028412,0,0.208606796,0,0.0553,0,0,0.856110326,1.10658802,0.077,1.220985295,0.336462574,1
201,4,0.324997923,0,0.217329899,0,0,0.333305641,0,0.331644097,0.510093877,0.462573731,0.104012628,0,0.0927,0,0.0246,0,0,0.380493478,0.491816898,0.0342,0.542660131,0.149538922,3
201,6,0.487496885,0,0.325994849,0,0,0.499958461,0,0.497466146,0.765140816,0.693860597,0.156018942,0,0.139071197,0,0.0369,0,0,0.570740218,0.737725347,0.0513,0.813990197,0.224308383,3
201,6,0.487496885,0,0.325994849,0,0,0.499958461,0,0.497466146,0.765140816,0.693860597,0.156018942,0,0.139071197,0,0.0369,0,0,0.570740218,0.737725347,0.0513,0.813990197,0.224308383,3
201,5,0.406247404,0,0.271662374,0,0,0.416632051,0,0.414555122,0.637617347,0.578217164,0.130015785,0,0.115892664,0,0.0307,0,0,0.475616848,0.614771122,0.0428,0.678325164,0.186923652,3
201,3,0.243748442,0,0.162997425,0,0,0.249979231,0,0.248733073,0.382570408,0.346930298,0.078,0,0.0695,0,0.0184,0,0,0.285370109,0.368862673,0.0257,0.406995098,0.112154191,3
201,5,0.406247404,0,0.271662374,0,0,0.416632051,0,0.414555122,0.637617347,0.578217164,0.130015785,0,0.115892664,0,0.0307,0,0,0.475616848,0.614771122,0.0428,0.678325164,0.186923652,3
201,5,0.406247404,0,0.271662374,0,0,0.416632051,0,0.414555122,0.637617347,0.578217164,0.130015785,0,0.115892664,0,0.0307,0,0,0.475616848,0.614771122,0.0428,0.678325164,0.186923652,3
201,9,0.731245327,0,0.488992274,0,0,0.749937692,0,0.746199219,1.147711224,1.040790895,0.234028412,0,0.208606796,0,0.0553,0,0,0.856110326,1.10658802,0.077,1.220985295,0.336462574,1
201,9,0.731245327,0,0.488992274,0,0,0.749937692,0,0.746199219,1.147711224,1.040790895,0.234028412,0,0.208606796,0,0.0553,0,0,0.856110326,1.10658802,0.077,1.220985295,0.336462574,1
201,7,0.568746365,0,0.380327324,0,0,0.583284872,0,0.58037717,0.892664285,0.809504029,0.182022098,0,0.16224973,0,0.043,0,0,0.665863587,0.860679571,0.0599,0.94965523,0.261693113,1
201,7,0.568746365,0,0.380327324,0,0,0.583284872,0,0.58037717,0.892664285,0.809504029,0.182022098,0,0.16224973,0,0.043,0,0,0.665863587,0.860679571,0.0599,0.94965523,0.261693113,1
201,8,0.649995846,0,0.434659799,0,0,0.666611282,0,0.663288195,1.020187755,0.925147462,0.208025255,0,0.185428263,0,0.0492,0,0,0.760986957,0.983633796,0.0685,1.085320263,0.299077843,1
201,9,0.731245327,0,0.488992274,0,0,0.749937692,0,0.746199219,1.147711224,1.040790895,0.234028412,0,0.208606796,0,0.0553,0,0,0.856110326,1.10658802,0.077,1.220985295,0.336462574,1
201,9,0.731245327,0,0.488992274,0,0,0.749937692,0,0.746199219,1.147711224,1.040790895,0.234028412,0,0.208606796,0,0.0553,0,0,0.856110326,1.10658802,0.077,1.220985295,0.336462574,1
201,7,0.568746365,0,0.380327324,0,0,0.583284872,0,0.58037717,0.892664285,0.809504029,0.182022098,0,0.16224973,0,0.043,0,0,0.665863587,0.860679571,0.0599,0.94965523,0.261693113,1
201,9,0.731245327,0,0.488992274,0,0,0.749937692,0,0.746199219,1.147711224,1.040790895,0.234028412,0,0.208606796,0,0.0553,0,0,0.856110326,1.10658802,0.077,1.220985295,0.336462574,1
201,9,0.731245327,0,0.488992274,0,0,0.749937692,0,0.746199219,1.147711224,1.040790895,0.234028412,0,0.208606796,0,0.0553,0,0,0.856110326,1.10658802,0.077,1.220985295,0.336462574,1
201,5,0.406247404,0,0.271662374,0,0,0.416632051,0,0.414555122,0.637617347,0.578217164,0.130015785,0,0.115892664,0,0.0307,0,0,0.475616848,0.614771122,0.0428,0.678325164,0.186923652,3
201,7,0.568746365,0,0.380327324,0,0,0.583284872,0,0.58037717,0.892664285,0.809504029,0.182022098,0,0.16224973,0,0.043,0,0,0.665863587,0.860679571,0.0599,0.94965523,0.261693113,1
201,7,0.568746365,0,0.380327324,0,0,0.583284872,0,0.58037717,0.892664285,0.809504029,0.182022098,0,0.16224973,0,0.043,0,0,0.665863587,0.860679571,0.0599,0.94965523,0.261693113,1
201,7,0.568746365,0,0.380327324,0,0,0.583284872,0,0.58037717,0.892664285,0.809504029,0.182022098,0,0.16224973,0,0.043,0,0,0.665863587,0.860679571,0.0599,0.94965523,0.261693113,1
201,6,0.487496885,0,0.325994849,0,0,0.499958461,0,0.497466146,0.765140816,0.693860597,0.156018942,0,0.139071197,0,0.0369,0,0,0.570740218,0.737725347,0.0513,0.813990197,0.224308383,3
201,5,0.406247404,0,0.271662374,0,0,0.416632051,0,0.414555122,0.637617347,0.578217164,0.130015785,0,0.115892664,0,0.0307,0,0,0.475616848,0.614771122,0.0428,0.678325164,0.186923652,3
201,8,0.649995846,0,0.434659799,0,0,0.666611282,0,0.663288195,1.020187755,0.925147462,0.208025255,0,0.185428263,0,0.0492,0,0,0.760986957,0.983633796,0.0685,1.085320263,0.299077843,1
201,8,0.649995846,0,0.434659799,0,0,0.666611282,0,0.663288195,1.020187755,0.925147462,0.208025255,0,0.185428263,0,0.0492,0,0,0.760986957,0.983633796,0.0685,1.085320263,0.299077843,1
201,9,0.731245327,0,0.488992274,0,0,0.749937692,0,0.746199219,1.147711224,1.040790895,0.234028412,0,0.208606796,0,0.0553,0,0,0.856110326,1.10658802,0.077,1.220985295,0.336462574,1
201,8,0.649995846,0,0.434659799,0,0,0.666611282,0,0.663288195,1.020187755,0.925147462,0.208025255,0,0.185428263,0,0.0492,0,0,0.760986957,0.983633796,0.0685,1.085320263,0.299077843,1
201,7,0.568746365,0,0.380327324,0,0,0.583284872,0,0.58037717,0.892664285,0.809504029,0.182022098,0,0.16224973,0,0.043,0,0,0.665863587,0.860679571,0.0599,0.94965523,0.261693113,1
201,9,0.731245327,0,0.488992274,0,0,0.749937692,0,0.746199219,1.147711224,1.040790895,0.234028412,0,0.208606796,0,0.0553,0,0,0.856110326,1.10658802,0.077,1.220985295,0.336462574,1
201,8,0.649995846,0,0.434659799,0,0,0.666611282,0,0.663288195,1.020187755,0.925147462,0.208025255,0,0.185428263,0,0.0492,0,0,0.760986957,0.983633796,0.0685,1.085320263,0.299077843,1
201,8,0.649995846,0,0.434659799,0,0,0.666611282,0,0.663288195,1.020187755,0.925147462,0.208025255,0,0.185428263,0,0.0492,0,0,0.760986957,0.983633796,0.0685,1.085320263,0.299077843,1
201,8,0.649995846,0,0.434659799,0,0,0.666611282,0,0.663288195,1.020187755,0.925147462,0.208025255,0,0.185428263,0,0.0492,0,0,0.760986957,0.983633796,0.0685,1.085320263,0.299077843,1
201,8,0.649995846,0,0.434659799,0,0,0.666611282,0,0.663288195,1.020187755,0.925147462,0.208025255,0,0.185428263,0,0.0492,0,0,0.760986957,0.983633796,0.0685,1.085320263,0.299077843,1
201,8,0.649995846,0,0.434659799,0,0,0.666611282,0,0.663288195,1.020187755,0.925147462,0.208025255,0,0.185428263,0,0.0492,0,0,0.760986957,0.983633796,0.0685,1.085320263,0.299077843,1
201,8,0.649995846,0,0.434659799,0,0,0.666611282,0,0.663288195,1.020187755,0.925147462,0.208025255,0,0.185428263,0,0.0492,0,0,0.760986957,0.983633796,0.0685,1.085320263,0.299077843,1
201,8,0.649995846,0,0.434659799,0,0,0.666611282,0,0.663288195,1.020187755,0.925147462,0.208025255,0,0.185428263,0,0.0492,0,0,0.760986957,0.983633796,0.0685,1.085320263,0.299077843,1
201,6,0.487496885,0,0.325994849,0,0,0.499958461,0,0.497466146,0.765140816,0.693860597,0.156018942,0,0.139071197,0,0.0369,0,0,0.570740218,0.737725347,0.0513,0.813990197,0.224308383,3
201,8,0.649995846,0,0.434659799,0,0,0.666611282,0,0.663288195,1.020187755,0.925147462,0.208025255,0,0.185428263,0,0.0492,0,0,0.760986957,0.983633796,0.0685,1.085320263,0.299077843,1
201,6,0.487496885,0,0.325994849,0,0,0.499958461,0,0.497466146,0.765140816,0.693860597,0.156018942,0,0.139071197,0,0.0369,0,0,0.570740218,0.737725347,0.0513,0.813990197,0.224308383,3
201,6,0.487496885,0,0.325994849,0,0,0.499958461,0,0.497466146,0.765140816,0.693860597,0.156018942,0,0.139071197,0,0.0369,0,0,0.570740218,0.737725347,0.0513,0.813990197,0.224308383,3
201,9,0.731245327,0,0.488992274,0,0,0.749937692,0,0.746199219,1.147711224,1.040790895,0.234028412,0,0.208606796,0,0.0553,0,0,0.856110326,1.10658802,0.077,1.220985295,0.336462574,1
201,8,0.649995846,0,0.434659799,0,0,0.666611282,0,0.663288195,1.020187755,0.925147462,0.208025255,0,0.185428263,0,0.0492,0,0,0.760986957,0.983633796,0.0685,1.085320263,0.299077843,1
201,5,0.406247404,0,0.271662374,0,0,0.416632051,0,0.414555122,0.637617347,0.578217164,0.130015785,0,0.115892664,0,0.0307,0,0,0.475616848,0.614771122,0.0428,0.678325164,0.186923652,3
201,8,0.649995846,0,0.434659799,0,0,0.666611282,0,0.663288195,1.020187755,0.925147462,0.208025255,0,0.185428263,0,0.0492,0,0,0.760986957,0.983633796,0.0685,1.085320263,0.299077843,1
201,7,0.568746365,0,0.380327324,0,0,0.583284872,0,0.58037717,0.892664285,0.809504029,0.182022098,0,0.16224973,0,0.043,0,0,0.665863587,0.860679571,0.0599,0.94965523,0.261693113,1
201,8,0.649995846,0,0.434659799,0,0,0.666611282,0,0.663288195,1.020187755,0.925147462,0.208025255,0,0.185428263,0,0.0492,0,0,0.760986957,0.983633796,0.0685,1.085320263,0.299077843,1
201,8,0.649995846,0,0.434659799,0,0,0.666611282,0,0.663288195,1.020187755,0.925147462,0.208025255,0,0.185428263,0,0.0492,0,0,0.760986957,0.983633796,0.0685,1.085320263,0.299077843,1
201,8,0.649995846,0,0.434659799,0,0,0.666611282,0,0.663288195,1.020187755,0.925147462,0.208025255,0,0.185428263,0,0.0492,0,0,0.760986957,0.983633796,0.0685,1.085320263,0.299077843,1
201,6,0.487496885,0,0.325994849,0,0,0.499958461,0,0.497466146,0.765140816,0.693860597,0.156018942,0,0.139071197,0,0.0369,0,0,0.570740218,0.737725347,0.0513,0.813990197,0.224308383,3
201,8,0.649995846,0,0.434659799,0,0,0.666611282,0,0.663288195,1.020187755,0.925147462,0.208025255,0,0.185428263,0,0.0492,0,0,0.760986957,0.983633796,0.0685,1.085320263,0.299077843,1
201,7,0.568746365,0,0.380327324,0,0,0.583284872,0,0.58037717,0.892664285,0.809504029,0.182022098,0,0.16224973,0,0.043,0,0,0.665863587,0.860679571,0.0599,0.94965523,0.261693113,1
201,8,0.649995846,0,0.434659799,0,0,0.666611282,0,0.663288195,1.020187755,0.925147462,0.208025255,0,0.185428263,0,0.0492,0,0,0.760986957,0.983633796,0.0685,1.085320263,0.299077843,1
201,7,0.568746365,0,0.380327324,0,0,0.583284872,0,0.58037717,0.892664285,0.809504029,0.182022098,0,0.16224973,0,0.043,0,0,0.665863587,0.860679571,0.0599,0.94965523,0.261693113,1
201,6,0.487496885,0,0.325994849,0,0,0.499958461,0,0.497466146,0.765140816,0.693860597,0.156018942,0,0.139071197,0,0.0369,0,0,0.570740218,0.737725347,0.0513,0.813990197,0.224308383,3
201,8,0.649995846,0,0.434659799,0,0,0.666611282,0,0.663288195,1.020187755,0.925147462,0.208025255,0,0.185428263,0,0.0492,0,0,0.760986957,0.983633796,0.0685,1.085320263,0.299077843,1
201,8,0.649995846,0,0.434659799,0,0,0.666611282,0,0.663288195,1.020187755,0.925147462,0.208025255,0,0.185428263,0,0.0492,0,0,0.760986957,0.983633796,0.0685,1.085320263,0.299077843,1
201,8,0.649995846,0,0.434659799,0,0,0.666611282,0,0.663288195,1.020187755,0.925147462,0.208025255,0,0.185428263,0,0.0492,0,0,0.760986957,0.983633796,0.0685,1.085320263,0.299077843,1
201,9,0.731245327,0,0.488992274,0,0,0.749937692,0,0.746199219,1.147711224,1.040790895,0.234028412,0,0.208606796,0,0.0553,0,0,0.856110326,1.10658802,0.077,1.220985295,0.336462574,1
201,2,0.162498962,0,0.10866495,0,0,0.16665282,0,0.165822049,0.255046939,0.231286866,0.052,0,0.0464,0,0.0123,0,0,0.190246739,0.245908449,0.0171,0.271330066,0.0748,3
201,6,0.487496885,0,0.325994849,0,0,0.499958461,0,0.497466146,0.765140816,0.693860597,0.156018942,0,0.139071197,0,0.0369,0,0,0.570740218,0.737725347,0.0513,0.813990197,0.224308383,3
201,7,0.568746365,0,0.380327324,0,0,0.583284872,0,0.58037717,0.892664285,0.809504029,0.182022098,0,0.16224973,0,0.043,0,0,0.665863587,0.860679571,0.0599,0.94965523,0.261693113,1
201,7,0.568746365,0,0.380327324,0,0,0.583284872,0,0.58037717,0.892664285,0.809504029,0.182022098,0,0.16224973,0,0.043,0,0,0.665863587,0.860679571,0.0599,0.94965523,0.261693113,1
201,9,0.731245327,0,0.488992274,0,0,0.749937692,0,0.746199219,1.147711224,1.040790895,0.234028412,0,0.208606796,0,0.0553,0,0,0.856110326,1.10658802,0.077,1.220985295,0.336462574,1
201,8,0.649995846,0,0.434659799,0,0,0.666611282,0,0.663288195,1.020187755,0.925147462,0.208025255,0,0.185428263,0,0.0492,0,0,0.760986957,0.983633796,0.0685,1.085320263,0.299077843,1
201,5,0.406247404,0,0.271662374,0,0,0.416632051,0,0.414555122,0.637617347,0.578217164,0.130015785,0,0.115892664,0,0.0307,0,0,0.475616848,0.614771122,0.0428,0.678325164,0.186923652,3
201,7,0.568746365,0,0.380327324,0,0,0.583284872,0,0.58037717,0.892664285,0.809504029,0.182022098,0,0.16224973,0,0.043,0,0,0.665863587,0.860679571,0.0599,0.94965523,0.261693113,1
201,2,0.162498962,0,0.10866495,0,0,0.16665282,0,0.165822049,0.255046939,0.231286866,0.052,0,0.0464,0,0.0123,0,0,0.190246739,0.245908449,0.0171,0.271330066,0.0748,3
201,8,0.649995846,0,0.434659799,0,0,0.666611282,0,0.663288195,1.020187755,0.925147462,0.208025255,0,0.185428263,0,0.0492,0,0,0.760986957,0.983633796,0.0685,1.085320263,0.299077843,1
201,7,0.568746365,0,0.380327324,0,0,0.583284872,0,0.58037717,0.892664285,0.809504029,0.182022098,0,0.16224973,0,0.043,0,0,0.665863587,0.860679571,0.0599,0.94965523,0.261693113,1
201,8,0.649995846,0,0.434659799,0,0,0.666611282,0,0.663288195,1.020187755,0.925147462,0.208025255,0,0.185428263,0,0.0492,0,0,0.760986957,0.983633796,0.0685,1.085320263,0.299077843,1
201,5,0.406247404,0,0.271662374,0,0,0.416632051,0,0.414555122,0.637617347,0.578217164,0.130015785,0,0.115892664,0,0.0307,0,0,0.475616848,0.614771122,0.0428,0.678325164,0.186923652,3
201,9,0.731245327,0,0.488992274,0,0,0.749937692,0,0.746199219,1.147711224,1.040790895,0.234028412,0,0.208606796,0,0.0553,0,0,0.856110326,1.10658802,0.077,1.220985295,0.336462574,1
201,7,0.568746365,0,0.380327324,0,0,0.583284872,0,0.58037717,0.892664285,0.809504029,0.182022098,0,0.16224973,0,0.043,0,0,0.665863587,0.860679571,0.0599,0.94965523,0.261693113,1
201,6,0.487496885,0,0.325994849,0,0,0.499958461,0,0.497466146,0.765140816,0.693860597,0.156018942,0,0.139071197,0,0.0369,0,0,0.570740218,0.737725347,0.0513,0.813990197,0.224308383,3
201,9,0.731245327,0,0.488992274,0,0,0.749937692,0,0.746199219,1.147711224,1.040790895,0.234028412,0,0.208606796,0,0.0553,0,0,0.856110326,1.10658802,0.077,1.220985295,0.336462574,1
201,9,0.731245327,0,0.488992274,0,0,0.749937692,0,0.746199219,1.147711224,1.040790895,0.234028412,0,0.208606796,0,0.0553,0,0,0.856110326,1.10658802,0.077,1.220985295,0.336462574,1
201,9,0.731245327,0,0.488992274,0,0,0.749937692,0,0.746199219,1.147711224,1.040790895,0.234028412,0,0.208606796,0,0.0553,0,0,0.856110326,1.10658802,0.077,1.220985295,0.336462574,1
201,9,0.731245327,0,0.488992274,0,0,0.749937692,0,0.746199219,1.147711224,1.040790895,0.234028412,0,0.208606796,0,0.0553,0,0,0.856110326,1.10658802,0.077,1.220985295,0.336462574,1
201,5,0.406247404,0,0.271662374,0,0,0.416632051,0,0.414555122,0.637617347,0.578217164,0.130015785,0,0.115892664,0,0.0307,0,0,0.475616848,0.614771122,0.0428,0.678325164,0.186923652,3
201,8,0.649995846,0,0.434659799,0,0,0.666611282,0,0.663288195,1.020187755,0.925147462,0.208025255,0,0.185428263,0,0.0492,0,0,0.760986957,0.983633796,0.0685,1.085320263,0.299077843,1
201,9,0.731245327,0,0.488992274,0,0,0.749937692,0,0.746199219,1.147711224,1.040790895,0.234028412,0,0.208606796,0,0.0553,0,0,0.856110326,1.10658802,0.077,1.220985295,0.336462574,1
201,6,0.487496885,0,0.325994849,0,0,0.499958461,0,0.497466146,0.765140816,0.693860597,0.156018942,0,0.139071197,0,0.0369,0,0,0.570740218,0.737725347,0.0513,0.813990197,0.224308383,3
201,8,0.649995846,0,0.434659799,0,0,0.666611282,0,0.663288195,1.020187755,0.925147462,0.208025255,0,0.185428263,0,0.0492,0,0,0.760986957,0.983633796,0.0685,1.085320263,0.299077843,1
201,4,0.324997923,0,0.217329899,0,0,0.333305641,0,0.331644097,0.510093877,0.462573731,0.104012628,0,0.0927,0,0.0246,0,0,0.380493478,0.491816898,0.0342,0.542660131,0.149538922,3
201,8,0.649995846,0,0.434659799,0,0,0.666611282,0,0.663288195,1.020187755,0.925147462,0.208025255,0,0.185428263,0,0.0492,0,0,0.760986957,0.983633796,0.0685,1.085320263,0.299077843,1
201,9,0.731245327,0,0.488992274,0,0,0.749937692,0,0.746199219,1.147711224,1.040790895,0.234028412,0,0.208606796,0,0.0553,0,0,0.856110326,1.10658802,0.077,1.220985295,0.336462574,1
201,4,0.324997923,0,0.217329899,0,0,0.333305641,0,0.331644097,0.510093877,0.462573731,0.104012628,0,0.0927,0,0.0246,0,0,0.380493478,0.491816898,0.0342,0.542660131,0.149538922,3
201,9,0.731245327,0,0.488992274,0,0,0.749937692,0,0.746199219,1.147711224,1.040790895,0.234028412,0,0.208606796,0,0.0553,0,0,0.856110326,1.10658802,0.077,1.220985295,0.336462574,1
201,7,0.568746365,0,0.380327324,0,0,0.583284872,0,0.58037717,0.892664285,0.809504029,0.182022098,0,0.16224973,0,0.043,0,0,0.665863587,0.860679571,0.0599,0.94965523,0.261693113,1
201,2,0.162498962,0,0.10866495,0,0,0.16665282,0,0.165822049,0.255046939,0.231286866,0.052,0,0.0464,0,0.0123,0,0,0.190246739,0.245908449,0.0171,0.271330066,0.0748,3
201,9,0.731245327,0,0.488992274,0,0,0.749937692,0,0.746199219,1.147711224,1.040790895,0.234028412,0,0.208606796,0,0.0553,0,0,0.856110326,1.10658802,0.077,1.220985295,0.336462574,1
201,6,0.487496885,0,0.325994849,0,0,0.499958461,0,0.497466146,0.765140816,0.693860597,0.156018942,0,0.139071197,0,0.0369,0,0,0.570740218,0.737725347,0.0513,0.813990197,0.224308383,3
201,7,0.568746365,0,0.380327324,0,0,0.583284872,0,0.58037717,0.892664285,0.809504029,0.182022098,0,0.16224973,0,0.043,0,0,0.665863587,0.860679571,0.0599,0.94965523,0.261693113,1
201,9,0.731245327,0,0.488992274,0,0,0.749937692,0,0.746199219,1.147711224,1.040790895,0.234028412,0,0.208606796,0,0.0553,0,0,0.856110326,1.10658802,0.077,1.220985295,0.336462574,1
201,2,0.162498962,0,0.10866495,0,0,0.16665282,0,0.165822049,0.255046939,0.231286866,0.052,0,0.0464,0,0.0123,0,0,0.190246739,0.245908449,0.0171,0.271330066,0.0748,3
201,7,0.568746365,0,0.380327324,0,0,0.583284872,0,0.58037717,0.892664285,0.809504029,0.182022098,0,0.16224973,0,0.043,0,0,0.665863587,0.860679571,0.0599,0.94965523,0.261693113,1
201,9,0.731245327,0,0.488992274,0,0,0.749937692,0,0.746199219,1.147711224,1.040790895,0.234028412,0,0.208606796,0,0.0553,0,0,0.856110326,1.10658802,0.077,1.220985295,0.336462574,1
201,5,0.406247404,0,0.271662374,0,0,0.416632051,0,0.414555122,0.637617347,0.578217164,0.130015785,0,0.115892664,0,0.0307,0,0,0.475616848,0.614771122,0.0428,0.678325164,0.186923652,3
201,9,0.731245327,0,0.488992274,0,0,0.749937692,0,0.746199219,1.147711224,1.040790895,0.234028412,0,0.208606796,0,0.0553,0,0,0.856110326,1.10658802,0.077,1.220985295,0.336462574,1
201,8,0.649995846,0,0.434659799,0,0,0.666611282,0,0.663288195,1.020187755,0.925147462,0.208025255,0,0.185428263,0,0.0492,0,0,0.760986957,0.983633796,0.0685,1.085320263,0.299077843,1
201,7,0.568746365,0,0.380327324,0,0,0.583284872,0,0.58037717,0.892664285,0.809504029,0.182022098,0,0.16224973,0,0.043,0,0,0.665863587,0.860679571,0.0599,0.94965523,0.261693113,1
201,9,0.731245327,0,0.488992274,0,0,0.749937692,0,0.746199219,1.147711224,1.040790895,0.234028412,0,0.208606796,0,0.0553,0,0,0.856110326,1.10658802,0.077,1.220985295,0.336462574,1
201,6,0.487496885,0,0.325994849,0,0,0.499958461,0,0.497466146,0.765140816,0.693860597,0.156018942,0,0.139071197,0,0.0369,0,0,0.570740218,0.737725347,0.0513,0.813990197,0.224308383,3
201,5,0.406247404,0,0.271662374,0,0,0.416632051,0,0.414555122,0.637617347,0.578217164,0.130015785,0,0.115892664,0,0.0307,0,0,0.475616848,0.614771122,0.0428,0.678325164,0.186923652,3
201,8,0.649995846,0,0.434659799,0,0,0.666611282,0,0.663288195,1.020187755,0.925147462,0.208025255,0,0.185428263,0,0.0492,0,0,0.760986957,0.983633796,0.0685,1.085320263,0.299077843,1
201,9,0.731245327,0,0.488992274,0,0,0.749937692,0,0.746199219,1.147711224,1.040790895,0.234028412,0,0.208606796,0,0.0553,0,0,0.856110326,1.10658802,0.077,1.220985295,0.336462574,1
201,5,0.406247404,0,0.271662374,0,0,0.416632051,0,0.414555122,0.637617347,0.578217164,0.130015785,0,0.115892664,0,0.0307,0,0,0.475616848,0.614771122,0.0428,0.678325164,0.186923652,3
201,9,0.731245327,0,0.488992274,0,0,0.749937692,0,0.746199219,1.147711224,1.040790895,0.234028412,0,0.208606796,0,0.0553,0,0,0.856110326,1.10658802,0.077,1.220985295,0.336462574,1
201,1,0.0812,0,0.0543,0,0,0.0833,0,0.0829,0.127523469,0.115643433,0.026,0,0.0232,0,0.00615,0,0,0.0951,0.122954224,0.00856,0.135665033,0.0374,3
201,9,0.731245327,0,0.488992274,0,0,0.749937692,0,0.746199219,1.147711224,1.040790895,0.234028412,0,0.208606796,0,0.0553,0,0,0.856110326,1.10658802,0.077,1.220985295,0.336462574,1
201,8,0.649995846,0,0.434659799,0,0,0.666611282,0,0.663288195,1.020187755,0.925147462,0.208025255,0,0.185428263,0,0.0492,0,0,0.760986957,0.983633796,0.0685,1.085320263,0.299077843,1
201,1,0.0812,0,0.0543,0,0,0.0833,0,0.0829,0.127523469,0.115643433,0.026,0,0.0232,0,0.00615,0,0,0.0951,0.122954224,0.00856,0.135665033,0.0374,3
201,5,0.406247404,0,0.271662374,0,0,0.416632051,0,0.414555122,0.637617347,0.578217164,0.130015785,0,0.115892664,0,0.0307,0,0,0.475616848,0.614771122,0.0428,0.678325164,0.186923652,3
201,7,0.568746365,0,0.380327324,0,0,0.583284872,0,0.58037717,0.892664285,0.809504029,0.182022098,0,0.16224973,0,0.043,0,0,0.665863587,0.860679571,0.0599,0.94965523,0.261693113,1
201,8,0.649995846,0,0.434659799,0,0,0.666611282,0,0.663288195,1.020187755,0.925147462,0.208025255,0,0.185428263,0,0.0492,0,0,0.760986957,0.983633796,0.0685,1.085320263,0.299077843,1
201,9,0.731245327,0,0.488992274,0,0,0.749937692,0,0.746199219,1.147711224,1.040790895,0.234028412,0,0.208606796,0,0.0553,0,0,0.856110326,1.10658802,0.077,1.220985295,0.336462574,1
201,8,0.649995846,0,0.434659799,0,0,0.666611282,0,0.663288195,1.020187755,0.925147462,0.208025255,0,0.185428263,0,0.0492,0,0,0.760986957,0.983633796,0.0685,1.085320263,0.299077843,1
201,7,0.568746365,0,0.380327324,0,0,0.583284872,0,0.58037717,0.892664285,0.809504029,0.182022098,0,0.16224973,0,0.043,0,0,0.665863587,0.860679571,0.0599,0.94965523,0.261693113,1
201,8,0.649995846,0,0.434659799,0,0,0.666611282,0,0.663288195,1.020187755,0.925147462,0.208025255,0,0.185428263,0,0.0492,0,0,0.760986957,0.983633796,0.0685,1.085320263,0.299077843,1
201,9,0.731245327,0,0.488992274,0,0,0.749937692,0,0.746199219,1.147711224,1.040790895,0.234028412,0,0.208606796,0,0.0553,0,0,0.856110326,1.10658802,0.077,1.220985295,0.336462574,1
201,7,0.568746365,0,0.380327324,0,0,0.583284872,0,0.58037717,0.892664285,0.809504029,0.182022098,0,0.16224973,0,0.043,0,0,0.665863587,0.860679571,0.0599,0.94965523,0.261693113,1
201,9,0.731245327,0,0.488992274,0,0,0.749937692,0,0.746199219,1.147711224,1.040790895,0.234028412,0,0.208606796,0,0.0553,0,0,0.856110326,1.10658802,0.077,1.220985295,0.336462574,1
201,3,0.243748442,0,0.162997425,0,0,0.249979231,0,0.248733073,0.382570408,0.346930298,0.078,0,0.0695,0,0.0184,0,0,0.285370109,0.368862673,0.0257,0.406995098,0.112154191,3
201,9,0.731245327,0,0.488992274,0,0,0.749937692,0,0.746199219,1.147711224,1.040790895,0.234028412,0,0.208606796,0,0.0553,0,0,0.856110326,1.10658802,0.077,1.220985295,0.336462574,1
201,5,0.406247404,0,0.271662374,0,0,0.416632051,0,0.414555122,0.637617347,0.578217164,0.130015785,0,0.115892664,0,0.0307,0,0,0.475616848,0.614771122,0.0428,0.678325164,0.186923652,3
201,7,0.568746365,0,0.380327324,0,0,0.583284872,0,0.58037717,0.892664285,0.809504029,0.182022098,0,0.16224973,0,0.043,0,0,0.665863587,0.860679571,0.0599,0.94965523,0.261693113,1
201,7,0.568746365,0,0.380327324,0,0,0.583284872,0,0.58037717,0.892664285,0.809504029,0.182022098,0,0.16224973,0,0.043,0,0,0.665863587,0.860679571,0.0599,0.94965523,0.261693113,1
201,5,0.406247404,0,0.271662374,0,0,0.416632051,0,0.414555122,0.637617347,0.578217164,0.130015785,0,0.115892664,0,0.0307,0,0,0.475616848,0.614771122,0.0428,0.678325164,0.186923652,3
201,9,0.731245327,0,0.488992274,0,0,0.749937692,0,0.746199219,1.147711224,1.040790895,0.234028412,0,0.208606796,0,0.0553,0,0,0.856110326,1.10658802,0.077,1.220985295,0.336462574,1
201,8,0.649995846,0,0.434659799,0,0,0.666611282,0,0.663288195,1.020187755,0.925147462,0.208025255,0,0.185428263,0,0.0492,0,0,0.760986957,0.983633796,0.0685,1.085320263,0.299077843,1
Signature Rare(582),8,0.909813769,0,0.583385646,0,0,0.678803097,0,0.374973844,0.157355095,0.791797447,0.208411802,0,0.172421009,0,0.190834903,0,0,0.960870475,1.180163214,0.0804,1.319104415,0.391713748,1
Signature Rare(582),1,0.113726721,0,0.0729,0,0,0.0849,0,0.0469,0.0197,0.099,0.0261,0,0.0216,0,0.0239,0,0,0.120108809,0.147520402,0.01,0.164888052,0.049,3
Signature Rare(582),7,0.796087047,0,0.51046244,0,0,0.59395271,0,0.328102113,0.137685708,0.692822766,0.182360326,0,0.150868383,0,0.16698054,0,0,0.840761666,1.032642812,0.070307596,1.154216363,0.342749529,1
Signature Rare(582),8,0.909813769,0,0.583385646,0,0,0.678803097,0,0.374973844,0.157355095,0.791797447,0.208411802,0,0.172421009,0,0.190834903,0,0,0.960870475,1.180163214,0.0804,1.319104415,0.391713748,1
Signature Rare(582),7,0.796087047,0,0.51046244,0,0,0.59395271,0,0.328102113,0.137685708,0.692822766,0.182360326,0,0.150868383,0,0.16698054,0,0,0.840761666,1.032642812,0.070307596,1.154216363,0.342749529,1
Signature Rare(582),7,0.796087047,0,0.51046244,0,0,0.59395271,0,0.328102113,0.137685708,0.692822766,0.182360326,0,0.150868383,0,0.16698054,0,0,0.840761666,1.032642812,0.070307596,1.154216363,0.342749529,1
Signature Rare(582),6,0.682360326,0,0.437539234,0,0,0.509102323,0,0.281230383,0.118016321,0.593848085,0.156308851,0,0.129315756,0,0.143126177,0,0,0.720652856,0.88512241,0.0603,0.989328311,0.293785311,1
Signature Rare(582),7,0.796087047,0,0.51046244,0,0,0.59395271,0,0.328102113,0.137685708,0.692822766,0.182360326,0,0.150868383,0,0.16698054,0,0,0.840761666,1.032642812,0.070307596,1.154216363,0.342749529,1
Signature Rare(582),8,0.909813769,0,0.583385646,0,0,0.678803097,0,0.374973844,0.157355095,0.791797447,0.208411802,0,0.172421009,0,0.190834903,0,0,0.960870475,1.180163214,0.0804,1.319104415,0.391713748,1
Signature Rare(582),9,1.02354049,0,0.656308851,0,0,0.763653484,0,0.421845574,0.177024482,0.890772128,0.234463277,0,0.193973635,0,0.214689266,0,0,1.080979284,1.327683616,0.0904,1.483992467,0.440677966,1
Signature Rare(582),8,0.909813769,0,0.583385646,0,0,0.678803097,0,0.374973844,0.157355095,0.791797447,0.208411802,0,0.172421009,0,0.190834903,0,0,0.960870475,1.180163214,0.0804,1.319104415,0.391713748,1
Signature Rare(582),7,0.796087047,0,0.51046244,0,0,0.59395271,0,0.328102113,0.137685708,0.692822766,0.182360326,0,0.150868383,0,0.16698054,0,0,0.840761666,1.032642812,0.070307596,1.154216363,0.342749529,1
Signature Rare(582),9,1.02354049,0,0.656308851,0,0,0.763653484,0,0.421845574,0.177024482,0.890772128,0.234463277,0,0.193973635,0,0.214689266,0,0,1.080979284,1.327683616,0.0904,1.483992467,0.440677966,1
Signature Rare(582),8,0.909813769,0,0.583385646,0,0,0.678803097,0,0.374973844,0.157355095,0.791797447,0.208411802,0,0.172421009,0,0.190834903,0,0,0.960870475,1.180163214,0.0804,1.319104415,0.391713748,1
Signature Rare(582),5,0.568633605,0,0.364616028,0,0,0.424251936,0,0.234358652,0.0983,0.494873404,0.130257376,0,0.10776313,0,0.119271814,0,0,0.600544047,0.737602009,0.0502,0.824440259,0.244821092,3
Signature Rare(582),8,0.909813769,0,0.583385646,0,0,0.678803097,0,0.374973844,0.157355095,0.791797447,0.208411802,0,0.172421009,0,0.190834903,0,0,0.960870475,1.180163214,0.0804,1.319104415,0.391713748,1
Signature Rare(582),7,0.796087047,0,0.51046244,0,0,0.59395271,0,0.328102113,0.137685708,0.692822766,0.182360326,0,0.150868383,0,0.16698054,0,0,0.840761666,1.032642812,0.070307596,1.154216363,0.342749529,1
Signature Rare(582),8,0.909813769,0,0.583385646,0,0,0.678803097,0,0.374973844,0.157355095,0.791797447,0.208411802,0,0.172421009,0,0.190834903,0,0,0.960870475,1.180163214,0.0804,1.319104415,0.391713748,1
Signature Rare(582),8,0.909813769,0,0.583385646,0,0,0.678803097,0,0.374973844,0.157355095,0.791797447,0.208411802,0,0.172421009,0,0.190834903,0,0,0.960870475,1.180163214,0.0804,1.319104415,0.391713748,1
Signature Rare(582),8,0.909813769,0,0.583385646,0,0,0.678803097,0,0.374973844,0.157355095,0.791797447,0.208411802,0,0.172421009,0,0.190834903,0,0,0.960870475,1.180163214,0.0804,1.319104415,0.391713748,1
Signature Rare(582),7,0.796087047,0,0.51046244,0,0,0.59395271,0,0.328102113,0.137685708,0.692822766,0.182360326,0,0.150868383,0,0.16698054,0,0,0.840761666,1.032642812,0.070307596,1.154216363,0.342749529,1
Signature Rare(582),8,0.909813769,0,0.583385646,0,0,0.678803097,0,0.374973844,0.157355095,0.791797447,0.208411802,0,0.172421009,0,0.190834903,0,0,0.960870475,1.180163214,0.0804,1.319104415,0.391713748,1
Signature Rare(582),7,0.796087047,0,0.51046244,0,0,0.59395271,0,0.328102113,0.137685708,0.692822766,0.182360326,0,0.150868383,0,0.16698054,0,0,0.840761666,1.032642812,0.070307596,1.154216363,0.342749529,1
Signature Rare(582),8,0.909813769,0,0.583385646,0,0,0.678803097,0,0.374973844,0.157355095,0.791797447,0.208411802,0,0.172421009,0,0.190834903,0,0,0.960870475,1.180163214,0.0804,1.319104415,0.391713748,1
Signature Rare(582),8,0.909813769,0,0.583385646,0,0,0.678803097,0,0.374973844,0.157355095,0.791797447,0.208411802,0,0.172421009,0,0.190834903,0,0,0.960870475,1.180163214,0.0804,1.319104415,0.391713748,1
Signature Rare(582),9,1.02354049,0,0.656308851,0,0,0.763653484,0,0.421845574,0.177024482,0.890772128,0.234463277,0,0.193973635,0,0.214689266,0,0,1.080979284,1.327683616,0.0904,1.483992467,0.440677966,1
Signature Rare(582),7,0.796087047,0,0.51046244,0,0,0.59395271,0,0.328102113,0.137685708,0.692822766,0.182360326,0,0.150868383,0,0.16698054,0,0,0.840761666,1.032642812,0.070307596,1.154216363,0.342749529,1
Signature Rare(582),9,1.02354049,0,0.656308851,0,0,0.763653484,0,0.421845574,0.177024482,0.890772128,0.234463277,0,0.193973635,0,0.214689266,0,0,1.080979284,1.327683616,0.0904,1.483992467,0.440677966,1
Signature Rare(582),8,0.909813769,0,0.583385646,0,0,0.678803097,0,0.374973844,0.157355095,0.791797447,0.208411802,0,0.172421009,0,0.190834903,0,0,0.960870475,1.180163214,0.0804,1.319104415,0.391713748,1
Signature Rare(582),8,0.909813769,0,0.583385646,0,0,0.678803097,0,0.374973844,0.157355095,0.791797447,0.208411802,0,0.172421009,0,0.190834903,0,0,0.960870475,1.180163214,0.0804,1.319104415,0.391713748,1
Signature Rare(582),6,0.682360326,0,0.437539234,0,0,0.509102323,0,0.281230383,0.118016321,0.593848085,0.156308851,0,0.129315756,0,0.143126177,0,0,0.720652856,0.88512241,0.0603,0.989328311,0.293785311,1
Signature Rare(582),8,0.909813769,0,0.583385646,0,0,0.678803097,0,0.374973844,0.157355095,0.791797447,0.208411802,0,0.172421009,0,0.190834903,0,0,0.960870475,1.180163214,0.0804,1.319104415,0.391713748,1
Signature Rare(582),8,0.909813769,0,0.583385646,0,0,0.678803097,0,0.374973844,0.157355095,0.791797447,0.208411802,0,0.172421009,0,0.190834903,0,0,0.960870475,1.180163214,0.0804,1.319104415,0.391713748,1
Signature Rare(582),6,0.682360326,0,0.437539234,0,0,0.509102323,0,0.281230383,0.118016321,0.593848085,0.156308851,0,0.129315756,0,0.143126177,0,0,0.720652856,0.88512241,0.0603,0.989328311,0.293785311,1
Signature Rare(582),7,0.796087047,0,0.51046244,0,0,0.59395271,0,0.328102113,0.137685708,0.692822766,0.182360326,0,0.150868383,0,0.16698054,0,0,0.840761666,1.032642812,0.070307596,1.154216363,0.342749529,1
Signature Rare(582),8,0.909813769,0,0.583385646,0,0,0.678803097,0,0.374973844,0.157355095,0.791797447,0.208411802,0,0.172421009,0,0.190834903,0,0,0.960870475,1.180163214,0.0804,1.319104415,0.391713748,1
Signature Rare(582),8,0.909813769,0,0.583385646,0,0,0.678803097,0,0.374973844,0.157355095,0.791797447,0.208411802,0,0.172421009,0,0.190834903,0,0,0.960870475,1.180163214,0.0804,1.319104415,0.391713748,1
Signature Rare(582),8,0.909813769,0,0.583385646,0,0,0.678803097,0,0.374973844,0.157355095,0.791797447,0.208411802,0,0.172421009,0,0.190834903,0,0,0.960870475,1.180163214,0.0804,1.319104415,0.391713748,1
Signature Rare(582),9,1.02354049,0,0.656308851,0,0,0.763653484,0,0.421845574,0.177024482,0.890772128,0.234463277,0,0.193973635,0,0.214689266,0,0,1.080979284,1.327683616,0.0904,1.483992467,0.440677966,1
Signature Rare(582),7,0.796087047,0,0.51046244,0,0,0.59395271,0,0.328102113,0.137685708,0.692822766,0.182360326,0,0.150868383,0,0.16698054,0,0,0.840761666,1.032642812,0.070307596,1.154216363,0.342749529,1
Signature Rare(582),8,0.909813769,0,0.583385646,0,0,0.678803097,0,0.374973844,0.157355095,0.791797447,0.208411802,0,0.172421009,0,0.190834903,0,0,0.960870475,1.180163214,0.0804,1.319104415,0.391713748,1
Signature Rare(582),8,0.909813769,0,0.583385646,0,0,0.678803097,0,0.374973844,0.157355095,0.791797447,0.208411802,0,0.172421009,0,0.190834903,0,0,0.960870475,1.180163214,0.0804,1.319104415,0.391713748,1
Signature Rare(582),9,1.02354049,0,0.656308851,0,0,0.763653484,0,0.421845574,0.177024482,0.890772128,0.234463277,0,0.193973635,0,0.214689266,0,0,1.080979284,1.327683616,0.0904,1.483992467,0.440677966,1
Signature Rare(582),6,0.682360326,0,0.437539234,0,0,0.509102323,0,0.281230383,0.118016321,0.593848085,0.156308851,0,0.129315756,0,0.143126177,0,0,0.720652856,0.88512241,0.0603,0.989328311,0.293785311,1
Signature Rare(582),6,0.682360326,0,0.437539234,0,0,0.509102323,0,0.281230383,0.118016321,0.593848085,0.156308851,0,0.129315756,0,0.143126177,0,0,0.720652856,0.88512241,0.0603,0.989328311,0.293785311,1
Signature Rare(582),8,0.909813769,0,0.583385646,0,0,0.678803097,0,0.374973844,0.157355095,0.791797447,0.208411802,0,0.172421009,0,0.190834903,0,0,0.960870475,1.180163214,0.0804,1.319104415,0.391713748,1
Signature Rare(582),8,0.909813769,0,0.583385646,0,0,0.678803097,0,0.374973844,0.157355095,0.791797447,0.208411802,0,0.172421009,0,0.190834903,0,0,0.960870475,1.180163214,0.0804,1.319104415,0.391713748,1
Signature Rare(582),9,1.02354049,0,0.656308851,0,0,0.763653484,0,0.421845574,0.177024482,0.890772128,0.234463277,0,0.193973635,0,0.214689266,0,0,1.080979284,1.327683616,0.0904,1.483992467,0.440677966,1
Signature Rare(582),9,1.02354049,0,0.656308851,0,0,0.763653484,0,0.421845574,0.177024482,0.890772128,0.234463277,0,0.193973635,0,0.214689266,0,0,1.080979284,1.327683616,0.0904,1.483992467,0.440677966,1
Signature Rare(582),7,0.796087047,0,0.51046244,0,0,0.59395271,0,0.328102113,0.137685708,0.692822766,0.182360326,0,0.150868383,0,0.16698054,0,0,0.840761666,1.032642812,0.070307596,1.154216363,0.342749529,1
Signature Rare(582),9,1.02354049,0,0.656308851,0,0,0.763653484,0,0.421845574,0.177024482,0.890772128,0.234463277,0,0.193973635,0,0.214689266,0,0,1.080979284,1.327683616,0.0904,1.483992467,0.440677966,1
Signature Rare(582),7,0.796087047,0,0.51046244,0,0,0.59395271,0,0.328102113,0.137685708,0.692822766,0.182360326,0,0.150868383,0,0.16698054,0,0,0.840761666,1.032642812,0.070307596,1.154216363,0.342749529,1
Signature Rare(582),8,0.909813769,0,0.583385646,0,0,0.678803097,0,0.374973844,0.157355095,0.791797447,0.208411802,0,0.172421009,0,0.190834903,0,0,0.960870475,1.180163214,0.0804,1.319104415,0.391713748,1
Signature Rare(582),5,0.568633605,0,0.364616028,0,0,0.424251936,0,0.234358652,0.0983,0.494873404,0.130257376,0,0.10776313,0,0.119271814,0,0,0.600544047,0.737602009,0.0502,0.824440259,0.244821092,3
Signature Rare(582),8,0.909813769,0,0.583385646,0,0,0.678803097,0,0.374973844,0.157355095,0.791797447,0.208411802,0,0.172421009,0,0.190834903,0,0,0.960870475,1.180163214,0.0804,1.319104415,0.391713748,1
Signature Rare(582),9,1.02354049,0,0.656308851,0,0,0.763653484,0,0.421845574,0.177024482,0.890772128,0.234463277,0,0.193973635,0,0.214689266,0,0,1.080979284,1.327683616,0.0904,1.483992467,0.440677966,1
Signature Rare(582),2,0.227453442,0,0.145846411,0,0,0.169700774,0,0.0937,0.0393,0.197949362,0.0521,0,0.0431,0,0.0477,0,0,0.240217619,0.295040803,0.0201,0.329776104,0.0979,3
Signature Rare(582),9,1.02354049,0,0.656308851,0,0,0.763653484,0,0.421845574,0.177024482,0.890772128,0.234463277,0,0.193973635,0,0.214689266,0,0,1.080979284,1.327683616,0.0904,1.483992467,0.440677966,1
Signature Rare(582),4,0.454906884,0,0.291692823,0,0,0.339401548,0,0.187486922,0.0787,0.395898724,0.104205901,0,0.0862,0,0.0954,0,0,0.480435238,0.590081607,0.0402,0.659552208,0.195856874,3
Signature Rare(582),9,1.02354049,0,0.656308851,0,0,0.763653484,0,0.421845574,0.177024482,0.890772128,0.234463277,0,0.193973635,0,0.214689266,0,0,1.080979284,1.327683616,0.0904,1.483992467,0.440677966,1
Signature Rare(582),9,1.02354049,0,0.656308851,0,0,0.763653484,0,0.421845574,0.177024482,0.890772128,0.234463277,0,0.193973635,0,0.214689266,0,0,1.080979284,1.327683616,0.0904,1.483992467,0.440677966,1
Signature Rare(582),9,1.02354049,0,0.656308851,0,0,0.763653484,0,0.421845574,0.177024482,0.890772128,0.234463277,0,0.193973635,0,0.214689266,0,0,1.080979284,1.327683616,0.0904,1.483992467,0.440677966,1
Signature Rare(582),9,1.02354049,0,0.656308851,0,0,0.763653484,0,0.421845574,0.177024482,0.890772128,0.234463277,0,0.193973635,0,0.214689266,0,0,1.080979284,1.327683616,0.0904,1.483992467,0.440677966,1
Signature Rare(582),5,0.568633605,0,0.364616028,0,0,0.424251936,0,0.234358652,0.0983,0.494873404,0.130257376,0,0.10776313,0,0.119271814,0,0,0.600544047,0.737602009,0.0502,0.824440259,0.244821092,3
Signature Rare(582),8,0.909813769,0,0.583385646,0,0,0.678803097,0,0.374973844,0.157355095,0.791797447,0.208411802,0,0.172421009,0,0.190834903,0,0,0.960870475,1.180163214,0.0804,1.319104415,0.391713748,1
Signature Rare(582),9,1.02354049,0,0.656308851,0,0,0.763653484,0,0.421845574,0.177024482,0.890772128,0.234463277,0,0.193973635,0,0.214689266,0,0,1.080979284,1.327683616,0.0904,1.483992467,0.440677966,1
Signature Rare(582),7,0.796087047,0,0.51046244,0,0,0.59395271,0,0.328102113,0.137685708,0.692822766,0.182360326,0,0.150868383,0,0.16698054,0,0,0.840761666,1.032642812,0.070307596,1.154216363,0.342749529,1
Signature Rare(582),9,1.02354049,0,0.656308851,0,0,0.763653484,0,0.421845574,0.177024482,0.890772128,0.234463277,0,0.193973635,0,0.214689266,0,0,1.080979284,1.327683616,0.0904,1.483992467,0.440677966,1
Signature Rare(582),6,0.682360326,0,0.437539234,0,0,0.509102323,0,0.281230383,0.118016321,0.593848085,0.156308851,0,0.129315756,0,0.143126177,0,0,0.720652856,0.88512241,0.0603,0.989328311,0.293785311,1
Signature Rare(582),5,0.568633605,0,0.364616028,0,0,0.424251936,0,0.234358652,0.0983,0.494873404,0.130257376,0,0.10776313,0,0.119271814,0,0,0.600544047,0.737602009,0.0502,0.824440259,0.244821092,3
Signature Rare(582),8,0.909813769,0,0.583385646,0,0,0.678803097,0,0.374973844,0.157355095,0.791797447,0.208411802,0,0.172421009,0,0.190834903,0,0,0.960870475,1.180163214,0.0804,1.319104415,0.391713748,1
Signature Rare(582),8,0.909813769,0,0.583385646,0,0,0.678803097,0,0.374973844,0.157355095,0.791797447,0.208411802,0,0.172421009,0,0.190834903,0,0,0.960870475,1.180163214,0.0804,1.319104415,0.391713748,1
Signature Rare(582),6,0.682360326,0,0.437539234,0,0,0.509102323,0,0.281230383,0.118016321,0.593848085,0.156308851,0,0.129315756,0,0.143126177,0,0,0.720652856,0.88512241,0.0603,0.989328311,0.293785311,1
Signature Rare(582),8,0.909813769,0,0.583385646,0,0,0.678803097,0,0.374973844,0.157355095,0.791797447,0.208411802,0,0.172421009,0,0.190834903,0,0,0.960870475,1.180163214,0.0804,1.319104415,0.391713748,1
Signature Rare(582),7,0.796087047,0,0.51046244,0,0,0.59395271,0,0.328102113,0.137685708,0.692822766,0.182360326,0,0.150868383,0,0.16698054,0,0,0.840761666,1.032642812,0.070307596,1.154216363,0.342749529,1
Signature Rare(582),6,0.682360326,0,0.437539234,0,0,0.509102323,0,0.281230383,0.118016321,0.593848085,0.156308851,0,0.129315756,0,0.143126177,0,0,0.720652856,0.88512241,0.0603,0.989328311,0.293785311,1
Signature Rare(582),8,0.909813769,0,0.583385646,0,0,0.678803097,0,0.374973844,0.157355095,0.791797447,0.208411802,0,0.172421009,0,0.190834903,0,0,0.960870475,1.180163214,0.0804,1.319104415,0.391713748,1
Signature Rare(582),9,1.02354049,0,0.656308851,0,0,0.763653484,0,0.421845574,0.177024482,0.890772128,0.234463277,0,0.193973635,0,0.214689266,0,0,1.080979284,1.327683616,0.0904,1.483992467,0.440677966,1
Signature Rare(582),8,0.909813769,0,0.583385646,0,0,0.678803097,0,0.374973844,0.157355095,0.791797447,0.208411802,0,0.172421009,0,0.190834903,0,0,0.960870475,1.180163214,0.0804,1.319104415,0.391713748,1
Signature Rare(582),8,0.909813769,0,0.583385646,0,0,0.678803097,0,0.374973844,0.157355095,0.791797447,0.208411802,0,0.172421009,0,0.190834903,0,0,0.960870475,1.180163214,0.0804,1.319104415,0.391713748,1
Signature Rare(582),5,0.568633605,0,0.364616028,0,0,0.424251936,0,0.234358652,0.0983,0.494873404,0.130257376,0,0.10776313,0,0.119271814,0,0,0.600544047,0.737602009,0.0502,0.824440259,0.244821092,3
Signature Rare(582),9,1.02354049,0,0.656308851,0,0,0.763653484,0,0.421845574,0.177024482,0.890772128,0.234463277,0,0.193973635,0,0.214689266,0,0,1.080979284,1.327683616,0.0904,1.483992467,0.440677966,1
Signature Rare(582),9,1.02354049,0,0.656308851,0,0,0.763653484,0,0.421845574,0.177024482,0.890772128,0.234463277,0,0.193973635,0,0.214689266,0,0,1.080979284,1.327683616,0.0904,1.483992467,0.440677966,1
Signature Rare(582),9,1.02354049,0,0.656308851,0,0,0.763653484,0,0.421845574,0.177024482,0.890772128,0.234463277,0,0.193973635,0,0.214689266,0,0,1.080979284,1.327683616,0.0904,1.483992467,0.440677966,1
Signature Rare(582),9,1.02354049,0,0.656308851,0,0,0.763653484,0,0.421845574,0.177024482,0.890772128,0.234463277,0,0.193973635,0,0.214689266,0,0,1.080979284,1.327683616,0.0904,1.483992467,0.440677966,1
Signature Rare(582),9,1.02354049,0,0.656308851,0,0,0.763653484,0,0.421845574,0.177024482,0.890772128,0.234463277,0,0.193973635,0,0.214689266,0,0,1.080979284,1.327683616,0.0904,1.483992467,0.440677966,1
Signature Rare(582),8,0.909813769,0,0.583385646,0,0,0.678803097,0,0.374973844,0.157355095,0.791797447,0.208411802,0,0.172421009,0,0.190834903,0,0,0.960870475,1.180163214,0.0804,1.319104415,0.391713748,1
Signature Rare(582),1,0.113726721,0,0.0729,0,0,0.0849,0,0.0469,0.0197,0.099,0.0261,0,0.0216,0,0.0239,0,0,0.120108809,0.147520402,0.01,0.164888052,0.049,3
Signature Rare(582),8,0.909813769,0,0.583385646,0,0,0.678803097,0,0.374973844,0.157355095,0.791797447,0.208411802,0,0.172421009,0,0.190834903,0,0,0.960870475,1.180163214,0.0804,1.319104415,0.391713748,1
Signature Rare(582),8,0.909813769,0,0.583385646,0,0,0.678803097,0,0.374973844,0.157355095,0.791797447,0.208411802,0,0.172421009,0,0.190834903,0,0,0.960870475,1.180163214,0.0804,1.319104415,0.391713748,1
Signature Rare(582),7,0.796087047,0,0.51046244,0,0,0.59395271,0,0.328102113,0.137685708,0.692822766,0.182360326,0,0.150868383,0,0.16698054,0,0,0.840761666,1.032642812,0.070307596,1.154216363,0.342749529,1
Signature Rare(582),8,0.909813769,0,0.583385646,0,0,0.678803097,0,0.374973844,0.157355095,0.791797447,0.208411802,0,0.172421009,0,0.190834903,0,0,0.960870475,1.180163214,0.0804,1.319104415,0.391713748,1
Signature Rare(582),9,1.02354049,0,0.656308851,0,0,0.763653484,0,0.421845574,0.177024482,0.890772128,0.234463277,0,0.193973635,0,0.214689266,0,0,1.080979284,1.327683616,0.0904,1.483992467,0.440677966,1
Signature Rare(582),5,0.568633605,0,0.364616028,0,0,0.424251936,0,0.234358652,0.0983,0.494873404,0.130257376,0,0.10776313,0,0.119271814,0,0,0.600544047,0.737602009,0.0502,0.824440259,0.244821092,3
Signature Rare(582),8,0.909813769,0,0.583385646,0,0,0.678803097,0,0.374973844,0.157355095,0.791797447,0.208411802,0,0.172421009,0,0.190834903,0,0,0.960870475,1.180163214,0.0804,1.319104415,0.391713748,1
Signature Rare(582),7,0.796087047,0,0.51046244,0,0,0.59395271,0,0.328102113,0.137685708,0.692822766,0.182360326,0,0.150868383,0,0.16698054,0,0,0.840761666,1.032642812,0.070307596,1.154216363,0.342749529,1
Signature Rare(582),8,0.909813769,0,0.583385646,0,0,0.678803097,0,0.374973844,0.157355095,0.791797447,0.208411802,0,0.172421009,0,0.190834903,0,0,0.960870475,1.180163214,0.0804,1.319104415,0.391713748,1
Signature Rare(582),8,0.909813769,0,0.583385646,0,0,0.678803097,0,0.374973844,0.157355095,0.791797447,0.208411802,0,0.172421009,0,0.190834903,0,0,0.960870475,1.180163214,0.0804,1.319104415,0.391713748,1
Signature Rare(582),8,0.909813769,0,0.583385646,0,0,0.678803097,0,0.374973844,0.157355095,0.791797447,0.208411802,0,0.172421009,0,0.190834903,0,0,0.960870475,1.180163214,0.0804,1.319104415,0.391713748,1
Signature Rare(582),6,0.682360326,0,0.437539234,0,0,0.509102323,0,0.281230383,0.118016321,0.593848085,0.156308851,0,0.129315756,0,0.143126177,0,0,0.720652856,0.88512241,0.0603,0.989328311,0.293785311,1
Signature Rare(582),6,0.682360326,0,0.437539234,0,0,0.509102323,0,0.281230383,0.118016321,0.593848085,0.156308851,0,0.129315756,0,0.143126177,0,0,0.720652856,0.88512241,0.0603,0.989328311,0.293785311,1
Signature Rare(582),6,0.682360326,0,0.437539234,0,0,0.509102323,0,0.281230383,0.118016321,0.593848085,0.156308851,0,0.129315756,0,0.143126177,0,0,0.720652856,0.88512241,0.0603,0.989328311,0.293785311,1
Signature Rare(582),6,0.682360326,0,0.437539234,0,0,0.509102323,0,0.281230383,0.118016321,0.593848085,0.156308851,0,0.129315756,0,0.143126177,0,0,0.720652856,0.88512241,0.0603,0.989328311,0.293785311,1
Signature Rare(582),3,0.341180163,0,0.218769617,0,0,0.254551161,0,0.140615191,0.059,0.296924043,0.0782,0,0.0647,0,0.0716,0,0,0.360326428,0.442561205,0.0301,0.494664156,0.146892655,3
Signature Rare(582),3,0.341180163,0,0.218769617,0,0,0.254551161,0,0.140615191,0.059,0.296924043,0.0782,0,0.0647,0,0.0716,0,0,0.360326428,0.442561205,0.0301,0.494664156,0.146892655,3
Signature Rare(582),9,1.02354049,0,0.656308851,0,0,0.763653484,0,0.421845574,0.177024482,0.890772128,0.234463277,0,0.193973635,0,0.214689266,0,0,1.080979284,1.327683616,0.0904,1.483992467,0.440677966,1
Signature Rare(582),5,0.568633605,0,0.364616028,0,0,0.424251936,0,0.234358652,0.0983,0.494873404,0.130257376,0,0.10776313,0,0.119271814,0,0,0.600544047,0.737602009,0.0502,0.824440259,0.244821092,3
Signature Rare(582),9,1.02354049,0,0.656308851,0,0,0.763653484,0,0.421845574,0.177024482,0.890772128,0.234463277,0,0.193973635,0,0.214689266,0,0,1.080979284,1.327683616,0.0904,1.483992467,0.440677966,1
Signature Rare(582),8,0.909813769,0,0.583385646,0,0,0.678803097,0,0.374973844,0.157355095,0.791797447,0.208411802,0,0.172421009,0,0.190834903,0,0,0.960870475,1.180163214,0.0804,1.319104415,0.391713748,1
Signature Rare(582),7,0.796087047,0,0.51046244,0,0,0.59395271,0,0.328102113,0.137685708,0.692822766,0.182360326,0,0.150868383,0,0.16698054,0,0,0.840761666,1.032642812,0.070307596,1.154216363,0.342749529,1
Signature Rare(582),7,0.796087047,0,0.51046244,0,0,0.59395271,0,0.328102113,0.137685708,0.692822766,0.182360326,0,0.150868383,0,0.16698054,0,0,0.840761666,1.032642812,0.070307596,1.154216363,0.342749529,1
Signature Rare(582),8,0.909813769,0,0.583385646,0,0,0.678803097,0,0.374973844,0.157355095,0.791797447,0.208411802,0,0.172421009,0,0.190834903,0,0,0.960870475,1.180163214,0.0804,1.319104415,0.391713748,1
Signature Rare(582),7,0.796087047,0,0.51046244,0,0,0.59395271,0,0.328102113,0.137685708,0.692822766,0.182360326,0,0.150868383,0,0.16698054,0,0,0.840761666,1.032642812,0.070307596,1.154216363,0.342749529,1
Signature Rare(582),8,0.909813769,0,0.583385646,0,0,0.678803097,0,0.374973844,0.157355095,0.791797447,0.208411802,0,0.172421009,0,0.190834903,0,0,0.960870475,1.180163214,0.0804,1.319104415,0.391713748,1
Signature Rare(582),8,0.909813769,0,0.583385646,0,0,0.678803097,0,0.374973844,0.157355095,0.791797447,0.208411802,0,0.172421009,0,0.190834903,0,0,0.960870475,1.180163214,0.0804,1.319104415,0.391713748,1
Signature Rare(582),9,1.02354049,0,0.656308851,0,0,0.763653484,0,0.421845574,0.177024482,0.890772128,0.234463277,0,0.193973635,0,0.214689266,0,0,1.080979284,1.327683616,0.0904,1.483992467,0.440677966,1
Signature Rare(582),8,0.909813769,0,0.583385646,0,0,0.678803097,0,0.374973844,0.157355095,0.791797447,0.208411802,0,0.172421009,0,0.190834903,0,0,0.960870475,1.180163214,0.0804,1.319104415,0.391713748,1
Signature Rare(582),8,0.909813769,0,0.583385646,0,0,0.678803097,0,0.374973844,0.157355095,0.791797447,0.208411802,0,0.172421009,0,0.190834903,0,0,0.960870475,1.180163214,0.0804,1.319104415,0.391713748,1
Signature Rare(582),7,0.796087047,0,0.51046244,0,0,0.59395271,0,0.328102113,0.137685708,0.692822766,0.182360326,0,0.150868383,0,0.16698054,0,0,0.840761666,1.032642812,0.070307596,1.154216363,0.342749529,1
Signature Rare(582),8,0.909813769,0,0.583385646,0,0,0.678803097,0,0.374973844,0.157355095,0.791797447,0.208411802,0,0.172421009,0,0.190834903,0,0,0.960870475,1.180163214,0.0804,1.319104415,0.391713748,1
Signature Rare(582),8,0.909813769,0,0.583385646,0,0,0.678803097,0,0.374973844,0.157355095,0.791797447,0.208411802,0,0.172421009,0,0.190834903,0,0,0.960870475,1.180163214,0.0804,1.319104415,0.391713748,1
Signature Rare(582),6,0.682360326,0,0.437539234,0,0,0.509102323,0,0.281230383,0.118016321,0.593848085,0.156308851,0,0.129315756,0,0.143126177,0,0,0.720652856,0.88512241,0.0603,0.989328311,0.293785311,1
Signature Rare(582),6,0.682360326,0,0.437539234,0,0,0.509102323,0,0.281230383,0.118016321,0.593848085,0.156308851,0,0.129315756,0,0.143126177,0,0,0.720652856,0.88512241,0.0603,0.989328311,0.293785311,1
Signature Rare(582),9,1.02354049,0,0.656308851,0,0,0.763653484,0,0.421845574,0.177024482,0.890772128,0.234463277,0,0.193973635,0,0.214689266,0,0,1.080979284,1.327683616,0.0904,1.483992467,0.440677966,1
Signature Rare(582),8,0.909813769,0,0.583385646,0,0,0.678803097,0,0.374973844,0.157355095,0.791797447,0.208411802,0,0.172421009,0,0.190834903,0,0,0.960870475,1.180163214,0.0804,1.319104415,0.391713748,1
Signature Rare(582),6,0.682360326,0,0.437539234,0,0,0.509102323,0,0.281230383,0.118016321,0.593848085,0.156308851,0,0.129315756,0,0.143126177,0,0,0.720652856,0.88512241,0.0603,0.989328311,0.293785311,1
Signature Rare(582),8,0.909813769,0,0.583385646,0,0,0.678803097,0,0.374973844,0.157355095,0.791797447,0.208411802,0,0.172421009,0,0.190834903,0,0,0.960870475,1.180163214,0.0804,1.319104415,0.391713748,1
Signature Rare(582),8,0.909813769,0,0.583385646,0,0,0.678803097,0,0.374973844,0.157355095,0.791797447,0.208411802,0,0.172421009,0,0.190834903,0,0,0.960870475,1.180163214,0.0804,1.319104415,0.391713748,1
Signature Rare(582),1,0.113726721,0,0.0729,0,0,0.0849,0,0.0469,0.0197,0.099,0.0261,0,0.0216,0,0.0239,0,0,0.120108809,0.147520402,0.01,0.164888052,0.049,3
Signature Rare(582),8,0.909813769,0,0.583385646,0,0,0.678803097,0,0.374973844,0.157355095,0.791797447,0.208411802,0,0.172421009,0,0.190834903,0,0,0.960870475,1.180163214,0.0804,1.319104415,0.391713748,1
Signature Rare(582),9,1.02354049,0,0.656308851,0,0,0.763653484,0,0.421845574,0.177024482,0.890772128,0.234463277,0,0.193973635,0,0.214689266,0,0,1.080979284,1.327683616,0.0904,1.483992467,0.440677966,1
Signature Rare(582),7,0.796087047,0,0.51046244,0,0,0.59395271,0,0.328102113,0.137685708,0.692822766,0.182360326,0,0.150868383,0,0.16698054,0,0,0.840761666,1.032642812,0.070307596,1.154216363,0.342749529,1
Signature Rare(582),8,0.909813769,0,0.583385646,0,0,0.678803097,0,0.374973844,0.157355095,0.791797447,0.208411802,0,0.172421009,0,0.190834903,0,0,0.960870475,1.180163214,0.0804,1.319104415,0.391713748,1
Signature Rare(582),8,0.909813769,0,0.583385646,0,0,0.678803097,0,0.374973844,0.157355095,0.791797447,0.208411802,0,0.172421009,0,0.190834903,0,0,0.960870475,1.180163214,0.0804,1.319104415,0.391713748,1
Signature Rare(582),9,1.02354049,0,0.656308851,0,0,0.763653484,0,0.421845574,0.177024482,0.890772128,0.234463277,0,0.193973635,0,0.214689266,0,0,1.080979284,1.327683616,0.0904,1.483992467,0.440677966,1
Signature Rare(582),9,1.02354049,0,0.656308851,0,0,0.763653484,0,0.421845574,0.177024482,0.890772128,0.234463277,0,0.193973635,0,0.214689266,0,0,1.080979284,1.327683616,0.0904,1.483992467,0.440677966,1
Signature Rare(582),7,0.796087047,0,0.51046244,0,0,0.59395271,0,0.328102113,0.137685708,0.692822766,0.182360326,0,0.150868383,0,0.16698054,0,0,0.840761666,1.032642812,0.070307596,1.154216363,0.342749529,1
Signature Rare(582),9,1.02354049,0,0.656308851,0,0,0.763653484,0,0.421845574,0.177024482,0.890772128,0.234463277,0,0.193973635,0,0.214689266,0,0,1.080979284,1.327683616,0.0904,1.483992467,0.440677966,1
Signature Rare(582),6,0.682360326,0,0.437539234,0,0,0.509102323,0,0.281230383,0.118016321,0.593848085,0.156308851,0,0.129315756,0,0.143126177,0,0,0.720652856,0.88512241,0.0603,0.989328311,0.293785311,1
Signature Rare(582),4,0.454906884,0,0.291692823,0,0,0.339401548,0,0.187486922,0.0787,0.395898724,0.104205901,0,0.0862,0,0.0954,0,0,0.480435238,0.590081607,0.0402,0.659552208,0.195856874,3
Signature Rare(582),9,1.02354049,0,0.656308851,0,0,0.763653484,0,0.421845574,0.177024482,0.890772128,0.234463277,0,0.193973635,0,0.214689266,0,0,1.080979284,1.327683616,0.0904,1.483992467,0.440677966,1
Signature Rare(582),8,0.909813769,0,0.583385646,0,0,0.678803097,0,0.374973844,0.157355095,0.791797447,0.208411802,0,0.172421009,0,0.190834903,0,0,0.960870475,1.180163214,0.0804,1.319104415,0.391713748,1
Signature Rare(582),9,1.02354049,0,0.656308851,0,0,0.763653484,0,0.421845574,0.177024482,0.890772128,0.234463277,0,0.193973635,0,0.214689266,0,0,1.080979284,1.327683616,0.0904,1.483992467,0.440677966,1
Signature Rare(582),9,1.02354049,0,0.656308851,0,0,0.763653484,0,0.421845574,0.177024482,0.890772128,0.234463277,0,0.193973635,0,0.214689266,0,0,1.080979284,1.327683616,0.0904,1.483992467,0.440677966,1
Signature Rare(582),5,0.568633605,0,0.364616028,0,0,0.424251936,0,0.234358652,0.0983,0.494873404,0.130257376,0,0.10776313,0,0.119271814,0,0,0.600544047,0.737602009,0.0502,0.824440259,0.244821092,3
Signature Rare(582),6,0.682360326,0,0.437539234,0,0,0.509102323,0,0.281230383,0.118016321,0.593848085,0.156308851,0,0.129315756,0,0.143126177,0,0,0.720652856,0.88512241,0.0603,0.989328311,0.293785311,1
Signature Rare(582),6,0.682360326,0,0.437539234,0,0,0.509102323,0,0.281230383,0.118016321,0.593848085,0.156308851,0,0.129315756,0,0.143126177,0,0,0.720652856,0.88512241,0.0603,0.989328311,0.293785311,1
Signature Rare(582),8,0.909813769,0,0.583385646,0,0,0.678803097,0,0.374973844,0.157355095,0.791797447,0.208411802,0,0.172421009,0,0.190834903,0,0,0.960870475,1.180163214,0.0804,1.319104415,0.391713748,1
Signature Rare(582),8,0.909813769,0,0.583385646,0,0,0.678803097,0,0.374973844,0.157355095,0.791797447,0.208411802,0,0.172421009,0,0.190834903,0,0,0.960870475,1.180163214,0.0804,1.319104415,0.391713748,1
Signature Rare(582),7,0.796087047,0,0.51046244,0,0,0.59395271,0,0.328102113,0.137685708,0.692822766,0.182360326,0,0.150868383,0,0.16698054,0,0,0.840761666,1.032642812,0.070307596,1.154216363,0.342749529,1
Signature Rare(582),8,0.909813769,0,0.583385646,0,0,0.678803097,0,0.374973844,0.157355095,0.791797447,0.208411802,0,0.172421009,0,0.190834903,0,0,0.960870475,1.180163214,0.0804,1.319104415,0.391713748,1
Signature Rare(582),9,1.02354049,0,0.656308851,0,0,0.763653484,0,0.421845574,0.177024482,0.890772128,0.234463277,0,0.193973635,0,0.214689266,0,0,1.080979284,1.327683616,0.0904,1.483992467,0.440677966,1
Signature Rare(582),4,0.454906884,0,0.291692823,0,0,0.339401548,0,0.187486922,0.0787,0.395898724,0.104205901,0,0.0862,0,0.0954,0,0,0.480435238,0.590081607,0.0402,0.659552208,0.195856874,3
Signature Rare(582),8,0.909813769,0,0.583385646,0,0,0.678803097,0,0.374973844,0.157355095,0.791797447,0.208411802,0,0.172421009,0,0.190834903,0,0,0.960870475,1.180163214,0.0804,1.319104415,0.391713748,1
Signature Rare(582),9,1.02354049,0,0.656308851,0,0,0.763653484,0,0.421845574,0.177024482,0.890772128,0.234463277,0,0.193973635,0,0.214689266,0,0,1.080979284,1.327683616,0.0904,1.483992467,0.440677966,1
Signature Rare(582),6,0.682360326,0,0.437539234,0,0,0.509102323,0,0.281230383,0.118016321,0.593848085,0.156308851,0,0.129315756,0,0.143126177,0,0,0.720652856,0.88512241,0.0603,0.989328311,0.293785311,1
Signature Rare(582),7,0.796087047,0,0.51046244,0,0,0.59395271,0,0.328102113,0.137685708,0.692822766,0.182360326,0,0.150868383,0,0.16698054,0,0,0.840761666,1.032642812,0.070307596,1.154216363,0.342749529,1
Signature Rare(582),6,0.682360326,0,0.437539234,0,0,0.509102323,0,0.281230383,0.118016321,0.593848085,0.156308851,0,0.129315756,0,0.143126177,0,0,0.720652856,0.88512241,0.0603,0.989328311,0.293785311,1
Signature Rare(582),6,0.682360326,0,0.437539234,0,0,0.509102323,0,0.281230383,0.118016321,0.593848085,0.156308851,0,0.129315756,0,0.143126177,0,0,0.720652856,0.88512241,0.0603,0.989328311,0.293785311,1
Signature Rare(582),9,1.02354049,0,0.656308851,0,0,0.763653484,0,0.421845574,0.177024482,0.890772128,0.234463277,0,0.193973635,0,0.214689266,0,0,1.080979284,1.327683616,0.0904,1.483992467,0.440677966,1
Signature Rare(582),9,1.02354049,0,0.656308851,0,0,0.763653484,0,0.421845574,0.177024482,0.890772128,0.234463277,0,0.193973635,0,0.214689266,0,0,1.080979284,1.327683616,0.0904,1.483992467,0.440677966,1
Signature Rare(582),4,0.454906884,0,0.291692823,0,0,0.339401548,0,0.187486922,0.0787,0.395898724,0.104205901,0,0.0862,0,0.0954,0,0,0.480435238,0.590081607,0.0402,0.659552208,0.195856874,3
Signature Rare(582),7,0.796087047,0,0.51046244,0,0,0.59395271,0,0.328102113,0.137685708,0.692822766,0.182360326,0,0.150868383,0,0.16698054,0,0,0.840761666,1.032642812,0.070307596,1.154216363,0.342749529,1
Signature Rare(582),7,0.796087047,0,0.51046244,0,0,0.59395271,0,0.328102113,0.137685708,0.692822766,0.182360326,0,0.150868383,0,0.16698054,0,0,0.840761666,1.032642812,0.070307596,1.154216363,0.342749529,1
Signature Rare(582),9,1.02354049,0,0.656308851,0,0,0.763653484,0,0.421845574,0.177024482,0.890772128,0.234463277,0,0.193973635,0,0.214689266,0,0,1.080979284,1.327683616,0.0904,1.483992467,0.440677966,1
Signature Rare(582),9,1.02354049,0,0.656308851,0,0,0.763653484,0,0.421845574,0.177024482,0.890772128,0.234463277,0,0.193973635,0,0.214689266,0,0,1.080979284,1.327683616,0.0904,1.483992467,0.440677966,1
Signature Rare(582),8,0.909813769,0,0.583385646,0,0,0.678803097,0,0.374973844,0.157355095,0.791797447,0.208411802,0,0.172421009,0,0.190834903,0,0,0.960870475,1.180163214,0.0804,1.319104415,0.391713748,1
Signature Rare(582),4,0.454906884,0,0.291692823,0,0,0.339401548,0,0.187486922,0.0787,0.395898724,0.104205901,0,0.0862,0,0.0954,0,0,0.480435238,0.590081607,0.0402,0.659552208,0.195856874,3
Signature Rare(582),9,1.02354049,0,0.656308851,0,0,0.763653484,0,0.421845574,0.177024482,0.890772128,0.234463277,0,0.193973635,0,0.214689266,0,0,1.080979284,1.327683616,0.0904,1.483992467,0.440677966,1
Signature Rare(582),8,0.909813769,0,0.583385646,0,0,0.678803097,0,0.374973844,0.157355095,0.791797447,0.208411802,0,0.172421009,0,0.190834903,0,0,0.960870475,1.180163214,0.0804,1.319104415,0.391713748,1
Signature Rare(582),5,0.568633605,0,0.364616028,0,0,0.424251936,0,0.234358652,0.0983,0.494873404,0.130257376,0,0.10776313,0,0.119271814,0,0,0.600544047,0.737602009,0.0502,0.824440259,0.244821092,3
Signature Rare(582),9,1.02354049,0,0.656308851,0,0,0.763653484,0,0.421845574,0.177024482,0.890772128,0.234463277,0,0.193973635,0,0.214689266,0,0,1.080979284,1.327683616,0.0904,1.483992467,0.440677966,1
Signature Rare(582),5,0.568633605,0,0.364616028,0,0,0.424251936,0,0.234358652,0.0983,0.494873404,0.130257376,0,0.10776313,0,0.119271814,0,0,0.600544047,0.737602009,0.0502,0.824440259,0.244821092,3
Signature Rare(582),8,0.909813769,0,0.583385646,0,0,0.678803097,0,0.374973844,0.157355095,0.791797447,0.208411802,0,0.172421009,0,0.190834903,0,0,0.960870475,1.180163214,0.0804,1.319104415,0.391713748,1
Signature Rare(582),6,0.682360326,0,0.437539234,0,0,0.509102323,0,0.281230383,0.118016321,0.593848085,0.156308851,0,0.129315756,0,0.143126177,0,0,0.720652856,0.88512241,0.0603,0.989328311,0.293785311,1
Signature Rare(582),9,1.02354049,0,0.656308851,0,0,0.763653484,0,0.421845574,0.177024482,0.890772128,0.234463277,0,0.193973635,0,0.214689266,0,0,1.080979284,1.327683616,0.0904,1.483992467,0.440677966,1
Signature Rare(582),7,0.796087047,0,0.51046244,0,0,0.59395271,0,0.328102113,0.137685708,0.692822766,0.182360326,0,0.150868383,0,0.16698054,0,0,0.840761666,1.032642812,0.070307596,1.154216363,0.342749529,1
Signature Rare(582),3,0.341180163,0,0.218769617,0,0,0.254551161,0,0.140615191,0.059,0.296924043,0.0782,0,0.0647,0,0.0716,0,0,0.360326428,0.442561205,0.0301,0.494664156,0.146892655,3
Signature Rare(582),7,0.796087047,0,0.51046244,0,0,0.59395271,0,0.328102113,0.137685708,0.692822766,0.182360326,0,0.150868383,0,0.16698054,0,0,0.840761666,1.032642812,0.070307596,1.154216363,0.342749529,1
Signature Rare(582),6,0.682360326,0,0.437539234,0,0,0.509102323,0,0.281230383,0.118016321,0.593848085,0.156308851,0,0.129315756,0,0.143126177,0,0,0.720652856,0.88512241,0.0603,0.989328311,0.293785311,1
Signature Rare(582),9,1.02354049,0,0.656308851,0,0,0.763653484,0,0.421845574,0.177024482,0.890772128,0.234463277,0,0.193973635,0,0.214689266,0,0,1.080979284,1.327683616,0.0904,1.483992467,0.440677966,1
Signature Rare(582),9,1.02354049,0,0.656308851,0,0,0.763653484,0,0.421845574,0.177024482,0.890772128,0.234463277,0,0.193973635,0,0.214689266,0,0,1.080979284,1.327683616,0.0904,1.483992467,0.440677966,1
Signature Rare(582),5,0.568633605,0,0.364616028,0,0,0.424251936,0,0.234358652,0.0983,0.494873404,0.130257376,0,0.10776313,0,0.119271814,0,0,0.600544047,0.737602009,0.0502,0.824440259,0.244821092,3
Signature Rare(582),7,0.796087047,0,0.51046244,0,0,0.59395271,0,0.328102113,0.137685708,0.692822766,0.182360326,0,0.150868383,0,0.16698054,0,0,0.840761666,1.032642812,0.070307596,1.154216363,0.342749529,1
Signature Rare(582),4,0.454906884,0,0.291692823,0,0,0.339401548,0,0.187486922,0.0787,0.395898724,0.104205901,0,0.0862,0,0.0954,0,0,0.480435238,0.590081607,0.0402,0.659552208,0.195856874,3
Signature Rare(582),9,1.02354049,0,0.656308851,0,0,0.763653484,0,0.421845574,0.177024482,0.890772128,0.234463277,0,0.193973635,0,0.214689266,0,0,1.080979284,1.327683616,0.0904,1.483992467,0.440677966,1
Signature Rare(582),7,0.796087047,0,0.51046244,0,0,0.59395271,0,0.328102113,0.137685708,0.692822766,0.182360326,0,0.150868383,0,0.16698054,0,0,0.840761666,1.032642812,0.070307596,1.154216363,0.342749529,1
Signature Rare(582),9,1.02354049,0,0.656308851,0,0,0.763653484,0,0.421845574,0.177024482,0.890772128,0.234463277,0,0.193973635,0,0.214689266,0,0,1.080979284,1.327683616,0.0904,1.483992467,0.440677966,1
Signature Rare(582),9,1.02354049,0,0.656308851,0,0,0.763653484,0,0.421845574,0.177024482,0.890772128,0.234463277,0,0.193973635,0,0.214689266,0,0,1.080979284,1.327683616,0.0904,1.483992467,0.440677966,1
Signature Rare(582),9,1.02354049,0,0.656308851,0,0,0.763653484,0,0.421845574,0.177024482,0.890772128,0.234463277,0,0.193973635,0,0.214689266,0,0,1.080979284,1.327683616,0.0904,1.483992467,0.440677966,1
Signature Rare(582),8,0.909813769,0,0.583385646,0,0,0.678803097,0,0.374973844,0.157355095,0.791797447,0.208411802,0,0.172421009,0,0.190834903,0,0,0.960870475,1.180163214,0.0804,1.319104415,0.391713748,1
Signature Rare(582),5,0.568633605,0,0.364616028,0,0,0.424251936,0,0.234358652,0.0983,0.494873404,0.130257376,0,0.10776313,0,0.119271814,0,0,0.600544047,0.737602009,0.0502,0.824440259,0.244821092,3
Signature Rare(582),9,1.02354049,0,0.656308851,0,0,0.763653484,0,0.421845574,0.177024482,0.890772128,0.234463277,0,0.193973635,0,0.214689266,0,0,1.080979284,1.327683616,0.0904,1.483992467,0.440677966,1
Signature Rare(582),7,0.796087047,0,0.51046244,0,0,0.59395271,0,0.328102113,0.137685708,0.692822766,0.182360326,0,0.150868383,0,0.16698054,0,0,0.840761666,1.032642812,0.070307596,1.154216363,0.342749529,1
Signature Rare(582),5,0.568633605,0,0.364616028,0,0,0.424251936,0,0.234358652,0.0983,0.494873404,0.130257376,0,0.10776313,0,0.119271814,0,0,0.600544047,0.737602009,0.0502,0.824440259,0.244821092,3
Signature Rare(582),9,1.02354049,0,0.656308851,0,0,0.763653484,0,0.421845574,0.177024482,0.890772128,0.234463277,0,0.193973635,0,0.214689266,0,0,1.080979284,1.327683616,0.0904,1.483992467,0.440677966,1
Signature Rare(582),6,0.682360326,0,0.437539234,0,0,0.509102323,0,0.281230383,0.118016321,0.593848085,0.156308851,0,0.129315756,0,0.143126177,0,0,0.720652856,0.88512241,0.0603,0.989328311,0.293785311,1
Signature Rare(582),6,0.682360326,0,0.437539234,0,0,0.509102323,0,0.281230383,0.118016321,0.593848085,0.156308851,0,0.129315756,0,0.143126177,0,0,0.720652856,0.88512241,0.0603,0.989328311,0.293785311,1
Signature Rare(582),1,0.113726721,0,0.0729,0,0,0.0849,0,0.0469,0.0197,0.099,0.0261,0,0.0216,0,0.0239,0,0,0.120108809,0.147520402,0.01,0.164888052,0.049,3
Signature Rare(582),8,0.909813769,0,0.583385646,0,0,0.678803097,0,0.374973844,0.157355095,0.791797447,0.208411802,0,0.172421009,0,0.190834903,0,0,0.960870475,1.180163214,0.0804,1.319104415,0.391713748,1
Signature Rare(582),8,0.909813769,0,0.583385646,0,0,0.678803097,0,0.374973844,0.157355095,0.791797447,0.208411802,0,0.172421009,0,0.190834903,0,0,0.960870475,1.180163214,0.0804,1.319104415,0.391713748,1
Signature Rare(582),8,0.909813769,0,0.583385646,0,0,0.678803097,0,0.374973844,0.157355095,0.791797447,0.208411802,0,0.172421009,0,0.190834903,0,0,0.960870475,1.180163214,0.0804,1.319104415,0.391713748,1
Signature Rare(582),8,0.909813769,0,0.583385646,0,0,0.678803097,0,0.374973844,0.157355095,0.791797447,0.208411802,0,0.172421009,0,0.190834903,0,0,0.960870475,1.180163214,0.0804,1.319104415,0.391713748,1
Signature Rare(582),9,1.02354049,0,0.656308851,0,0,0.763653484,0,0.421845574,0.177024482,0.890772128,0.234463277,0,0.193973635,0,0.214689266,0,0,1.080979284,1.327683616,0.0904,1.483992467,0.440677966,1
Signature Rare(582),1,0.113726721,0,0.0729,0,0,0.0849,0,0.0469,0.0197,0.099,0.0261,0,0.0216,0,0.0239,0,0,0.120108809,0.147520402,0.01,0.164888052,0.049,3
Signature Rare(582),5,0.568633605,0,0.364616028,0,0,0.424251936,0,0.234358652,0.0983,0.494873404,0.130257376,0,0.10776313,0,0.119271814,0,0,0.600544047,0.737602009,0.0502,0.824440259,0.244821092,3
Signature Rare(582),7,0.796087047,0,0.51046244,0,0,0.59395271,0,0.328102113,0.137685708,0.692822766,0.182360326,0,0.150868383,0,0.16698054,0,0,0.840761666,1.032642812,0.070307596,1.154216363,0.342749529,1
Signature Rare(582),9,1.02354049,0,0.656308851,0,0,0.763653484,0,0.421845574,0.177024482,0.890772128,0.234463277,0,0.193973635,0,0.214689266,0,0,1.080979284,1.327683616,0.0904,1.483992467,0.440677966,1
Signature Rare(582),7,0.796087047,0,0.51046244,0,0,0.59395271,0,0.328102113,0.137685708,0.692822766,0.182360326,0,0.150868383,0,0.16698054,0,0,0.840761666,1.032642812,0.070307596,1.154216363,0.342749529,1
Signature Rare(582),7,0.796087047,0,0.51046244,0,0,0.59395271,0,0.328102113,0.137685708,0.692822766,0.182360326,0,0.150868383,0,0.16698054,0,0,0.840761666,1.032642812,0.070307596,1.154216363,0.342749529,1
Signature Rare(582),8,0.909813769,0,0.583385646,0,0,0.678803097,0,0.374973844,0.157355095,0.791797447,0.208411802,0,0.172421009,0,0.190834903,0,0,0.960870475,1.180163214,0.0804,1.319104415,0.391713748,1
Signature Rare(582),8,0.909813769,0,0.583385646,0,0,0.678803097,0,0.374973844,0.157355095,0.791797447,0.208411802,0,0.172421009,0,0.190834903,0,0,0.960870475,1.180163214,0.0804,1.319104415,0.391713748,1
Signature Rare(582),8,0.909813769,0,0.583385646,0,0,0.678803097,0,0.374973844,0.157355095,0.791797447,0.208411802,0,0.172421009,0,0.190834903,0,0,0.960870475,1.180163214,0.0804,1.319104415,0.391713748,1
Signature Rare(582),7,0.796087047,0,0.51046244,0,0,0.59395271,0,0.328102113,0.137685708,0.692822766,0.182360326,0,0.150868383,0,0.16698054,0,0,0.840761666,1.032642812,0.070307596,1.154216363,0.342749529,1
Signature Rare(582),6,0.682360326,0,0.437539234,0,0,0.509102323,0,0.281230383,0.118016321,0.593848085,0.156308851,0,0.129315756,0,0.143126177,0,0,0.720652856,0.88512241,0.0603,0.989328311,0.293785311,1
Signature Rare(582),8,0.909813769,0,0.583385646,0,0,0.678803097,0,0.374973844,0.157355095,0.791797447,0.208411802,0,0.172421009,0,0.190834903,0,0,0.960870475,1.180163214,0.0804,1.319104415,0.391713748,1
Signature Rare(582),8,0.909813769,0,0.583385646,0,0,0.678803097,0,0.374973844,0.157355095,0.791797447,0.208411802,0,0.172421009,0,0.190834903,0,0,0.960870475,1.180163214,0.0804,1.319104415,0.391713748,1
Signature Rare(582),6,0.682360326,0,0.437539234,0,0,0.509102323,0,0.281230383,0.118016321,0.593848085,0.156308851,0,0.129315756,0,0.143126177,0,0,0.720652856,0.88512241,0.0603,0.989328311,0.293785311,1
Signature Rare(582),8,0.909813769,0,0.583385646,0,0,0.678803097,0,0.374973844,0.157355095,0.791797447,0.208411802,0,0.172421009,0,0.190834903,0,0,0.960870475,1.180163214,0.0804,1.319104415,0.391713748,1
Signature Rare(582),7,0.796087047,0,0.51046244,0,0,0.59395271,0,0.328102113,0.137685708,0.692822766,0.182360326,0,0.150868383,0,0.16698054,0,0,0.840761666,1.032642812,0.070307596,1.154216363,0.342749529,1
Signature Rare(582),3,0.341180163,0,0.218769617,0,0,0.254551161,0,0.140615191,0.059,0.296924043,0.0782,0,0.0647,0,0.0716,0,0,0.360326428,0.442561205,0.0301,0.494664156,0.146892655,3
Signature Rare(582),8,0.909813769,0,0.583385646,0,0,0.678803097,0,0.374973844,0.157355095,0.791797447,0.208411802,0,0.172421009,0,0.190834903,0,0,0.960870475,1.180163214,0.0804,1.319104415,0.391713748,1
Signature Rare(582),9,1.02354049,0,0.656308851,0,0,0.763653484,0,0.421845574,0.177024482,0.890772128,0.234463277,0,0.193973635,0,0.214689266,0,0,1.080979284,1.327683616,0.0904,1.483992467,0.440677966,1
Signature Rare(582),9,1.02354049,0,0.656308851,0,0,0.763653484,0,0.421845574,0.177024482,0.890772128,0.234463277,0,0.193973635,0,0.214689266,0,0,1.080979284,1.327683616,0.0904,1.483992467,0.440677966,1
Signature Rare(582),9,1.02354049,0,0.656308851,0,0,0.763653484,0,0.421845574,0.177024482,0.890772128,0.234463277,0,0.193973635,0,0.214689266,0,0,1.080979284,1.327683616,0.0904,1.483992467,0.440677966,1
Signature Rare(582),8,0.909813769,0,0.583385646,0,0,0.678803097,0,0.374973844,0.157355095,0.791797447,0.208411802,0,0.172421009,0,0.190834903,0,0,0.960870475,1.180163214,0.0804,1.319104415,0.391713748,1
Signature Rare(582),9,1.02354049,0,0.656308851,0,0,0.763653484,0,0.421845574,0.177024482,0.890772128,0.234463277,0,0.193973635,0,0.214689266,0,0,1.080979284,1.327683616,0.0904,1.483992467,0.440677966,1
Signature Rare(582),8,0.909813769,0,0.583385646,0,0,0.678803097,0,0.374973844,0.157355095,0.791797447,0.208411802,0,0.172421009,0,0.190834903,0,0,0.960870475,1.180163214,0.0804,1.319104415,0.391713748,1
Signature Rare(582),7,0.796087047,0,0.51046244,0,0,0.59395271,0,0.328102113,0.137685708,0.692822766,0.182360326,0,0.150868383,0,0.16698054,0,0,0.840761666,1.032642812,0.070307596,1.154216363,0.342749529,1
Signature Rare(582),1,0.113726721,0,0.0729,0,0,0.0849,0,0.0469,0.0197,0.099,0.0261,0,0.0216,0,0.0239,0,0,0.120108809,0.147520402,0.01,0.164888052,0.049,3
Signature Rare(582),8,0.909813769,0,0.583385646,0,0,0.678803097,0,0.374973844,0.157355095,0.791797447,0.208411802,0,0.172421009,0,0.190834903,0,0,0.960870475,1.180163214,0.0804,1.319104415,0.391713748,1
Signature Rare(582),9,1.02354049,0,0.656308851,0,0,0.763653484,0,0.421845574,0.177024482,0.890772128,0.234463277,0,0.193973635,0,0.214689266,0,0,1.080979284,1.327683616,0.0904,1.483992467,0.440677966,1
Signature Rare(582),7,0.796087047,0,0.51046244,0,0,0.59395271,0,0.328102113,0.137685708,0.692822766,0.182360326,0,0.150868383,0,0.16698054,0,0,0.840761666,1.032642812,0.070307596,1.154216363,0.342749529,1
Signature Rare(582),8,0.909813769,0,0.583385646,0,0,0.678803097,0,0.374973844,0.157355095,0.791797447,0.208411802,0,0.172421009,0,0.190834903,0,0,0.960870475,1.180163214,0.0804,1.319104415,0.391713748,1
Signature Rare(582),9,1.02354049,0,0.656308851,0,0,0.763653484,0,0.421845574,0.177024482,0.890772128,0.234463277,0,0.193973635,0,0.214689266,0,0,1.080979284,1.327683616,0.0904,1.483992467,0.440677966,1
Signature Rare(582),8,0.909813769,0,0.583385646,0,0,0.678803097,0,0.374973844,0.157355095,0.791797447,0.208411802,0,0.172421009,0,0.190834903,0,0,0.960870475,1.180163214,0.0804,1.319104415,0.391713748,1
Signature Rare(582),8,0.909813769,0,0.583385646,0,0,0.678803097,0,0.374973844,0.157355095,0.791797447,0.208411802,0,0.172421009,0,0.190834903,0,0,0.960870475,1.180163214,0.0804,1.319104415,0.391713748,1
Signature Rare(582),8,0.909813769,0,0.583385646,0,0,0.678803097,0,0.374973844,0.157355095,0.791797447,0.208411802,0,0.172421009,0,0.190834903,0,0,0.960870475,1.180163214,0.0804,1.319104415,0.391713748,1
Signature Rare(582),9,1.02354049,0,0.656308851,0,0,0.763653484,0,0.421845574,0.177024482,0.890772128,0.234463277,0,0.193973635,0,0.214689266,0,0,1.080979284,1.327683616,0.0904,1.483992467,0.440677966,1
Signature Rare(582),8,0.909813769,0,0.583385646,0,0,0.678803097,0,0.374973844,0.157355095,0.791797447,0.208411802,0,0.172421009,0,0.190834903,0,0,0.960870475,1.180163214,0.0804,1.319104415,0.391713748,1
Signature Rare(582),5,0.568633605,0,0.364616028,0,0,0.424251936,0,0.234358652,0.0983,0.494873404,0.130257376,0,0.10776313,0,0.119271814,0,0,0.600544047,0.737602009,0.0502,0.824440259,0.244821092,3
Signature Rare(582),8,0.909813769,0,0.583385646,0,0,0.678803097,0,0.374973844,0.157355095,0.791797447,0.208411802,0,0.172421009,0,0.190834903,0,0,0.960870475,1.180163214,0.0804,1.319104415,0.391713748,1
Signature Rare(582),4,0.454906884,0,0.291692823,0,0,0.339401548,0,0.187486922,0.0787,0.395898724,0.104205901,0,0.0862,0,0.0954,0,0,0.480435238,0.590081607,0.0402,0.659552208,0.195856874,3
Signature Rare(582),7,0.796087047,0,0.51046244,0,0,0.59395271,0,0.328102113,0.137685708,0.692822766,0.182360326,0,0.150868383,0,0.16698054,0,0,0.840761666,1.032642812,0.070307596,1.154216363,0.342749529,1
Signature Rare(582),7,0.796087047,0,0.51046244,0,0,0.59395271,0,0.328102113,0.137685708,0.692822766,0.182360326,0,0.150868383,0,0.16698054,0,0,0.840761666,1.032642812,0.070307596,1.154216363,0.342749529,1
Signature Rare(582),8,0.909813769,0,0.583385646,0,0,0.678803097,0,0.374973844,0.157355095,0.791797447,0.208411802,0,0.172421009,0,0.190834903,0,0,0.960870475,1.180163214,0.0804,1.319104415,0.391713748,1
Signature Rare(582),7,0.796087047,0,0.51046244,0,0,0.59395271,0,0.328102113,0.137685708,0.692822766,0.182360326,0,0.150868383,0,0.16698054,0,0,0.840761666,1.032642812,0.070307596,1.154216363,0.342749529,1
Signature Rare(582),7,0.796087047,0,0.51046244,0,0,0.59395271,0,0.328102113,0.137685708,0.692822766,0.182360326,0,0.150868383,0,0.16698054,0,0,0.840761666,1.032642812,0.070307596,1.154216363,0.342749529,1
Signature Rare(582),9,1.02354049,0,0.656308851,0,0,0.763653484,0,0.421845574,0.177024482,0.890772128,0.234463277,0,0.193973635,0,0.214689266,0,0,1.080979284,1.327683616,0.0904,1.483992467,0.440677966,1
Signature Rare(582),8,0.909813769,0,0.583385646,0,0,0.678803097,0,0.374973844,0.157355095,0.791797447,0.208411802,0,0.172421009,0,0.190834903,0,0,0.960870475,1.180163214,0.0804,1.319104415,0.391713748,1
Signature Rare(582),7,0.796087047,0,0.51046244,0,0,0.59395271,0,0.328102113,0.137685708,0.692822766,0.182360326,0,0.150868383,0,0.16698054,0,0,0.840761666,1.032642812,0.070307596,1.154216363,0.342749529,1
Signature Rare(582),8,0.909813769,0,0.583385646,0,0,0.678803097,0,0.374973844,0.157355095,0.791797447,0.208411802,0,0.172421009,0,0.190834903,0,0,0.960870475,1.180163214,0.0804,1.319104415,0.391713748,1
Signature Rare(582),7,0.796087047,0,0.51046244,0,0,0.59395271,0,0.328102113,0.137685708,0.692822766,0.182360326,0,0.150868383,0,0.16698054,0,0,0.840761666,1.032642812,0.070307596,1.154216363,0.342749529,1
Signature Rare(582),7,0.796087047,0,0.51046244,0,0,0.59395271,0,0.328102113,0.137685708,0.692822766,0.182360326,0,0.150868383,0,0.16698054,0,0,0.840761666,1.032642812,0.070307596,1.154216363,0.342749529,1
Signature Rare(582),9,1.02354049,0,0.656308851,0,0,0.763653484,0,0.421845574,0.177024482,0.890772128,0.234463277,0,0.193973635,0,0.214689266,0,0,1.080979284,1.327683616,0.0904,1.483992467,0.440677966,1
Signature Rare(582),8,0.909813769,0,0.583385646,0,0,0.678803097,0,0.374973844,0.157355095,0.791797447,0.208411802,0,0.172421009,0,0.190834903,0,0,0.960870475,1.180163214,0.0804,1.319104415,0.391713748,1
Signature Rare(582),6,0.682360326,0,0.437539234,0,0,0.509102323,0,0.281230383,0.118016321,0.593848085,0.156308851,0,0.129315756,0,0.143126177,0,0,0.720652856,0.88512241,0.0603,0.989328311,0.293785311,1
Signature Rare(582),6,0.682360326,0,0.437539234,0,0,0.509102323,0,0.281230383,0.118016321,0.593848085,0.156308851,0,0.129315756,0,0.143126177,0,0,0.720652856,0.88512241,0.0603,0.989328311,0.293785311,1
Signature Rare(582),8,0.909813769,0,0.583385646,0,0,0.678803097,0,0.374973844,0.157355095,0.791797447,0.208411802,0,0.172421009,0,0.190834903,0,0,0.960870475,1.180163214,0.0804,1.319104415,0.391713748,1
Signature Rare(582),5,0.568633605,0,0.364616028,0,0,0.424251936,0,0.234358652,0.0983,0.494873404,0.130257376,0,0.10776313,0,0.119271814,0,0,0.600544047,0.737602009,0.0502,0.824440259,0.244821092,3
Signature Rare(582),8,0.909813769,0,0.583385646,0,0,0.678803097,0,0.374973844,0.157355095,0.791797447,0.208411802,0,0.172421009,0,0.190834903,0,0,0.960870475,1.180163214,0.0804,1.319104415,0.391713748,1
Signature Rare(582),5,0.568633605,0,0.364616028,0,0,0.424251936,0,0.234358652,0.0983,0.494873404,0.130257376,0,0.10776313,0,0.119271814,0,0,0.600544047,0.737602009,0.0502,0.824440259,0.244821092,3
Signature Rare(582),7,0.796087047,0,0.51046244,0,0,0.59395271,0,0.328102113,0.137685708,0.692822766,0.182360326,0,0.150868383,0,0.16698054,0,0,0.840761666,1.032642812,0.070307596,1.154216363,0.342749529,1
Signature Rare(582),7,0.796087047,0,0.51046244,0,0,0.59395271,0,0.328102113,0.137685708,0.692822766,0.182360326,0,0.150868383,0,0.16698054,0,0,0.840761666,1.032642812,0.070307596,1.154216363,0.342749529,1
Signature Rare(582),6,0.682360326,0,0.437539234,0,0,0.509102323,0,0.281230383,0.118016321,0.593848085,0.156308851,0,0.129315756,0,0.143126177,0,0,0.720652856,0.88512241,0.0603,0.989328311,0.293785311,1
Signature Rare(582),7,0.796087047,0,0.51046244,0,0,0.59395271,0,0.328102113,0.137685708,0.692822766,0.182360326,0,0.150868383,0,0.16698054,0,0,0.840761666,1.032642812,0.070307596,1.154216363,0.342749529,1
Signature Rare(582),7,0.796087047,0,0.51046244,0,0,0.59395271,0,0.328102113,0.137685708,0.692822766,0.182360326,0,0.150868383,0,0.16698054,0,0,0.840761666,1.032642812,0.070307596,1.154216363,0.342749529,1
Signature Rare(582),8,0.909813769,0,0.583385646,0,0,0.678803097,0,0.374973844,0.157355095,0.791797447,0.208411802,0,0.172421009,0,0.190834903,0,0,0.960870475,1.180163214,0.0804,1.319104415,0.391713748,1
Signature Rare(582),8,0.909813769,0,0.583385646,0,0,0.678803097,0,0.374973844,0.157355095,0.791797447,0.208411802,0,0.172421009,0,0.190834903,0,0,0.960870475,1.180163214,0.0804,1.319104415,0.391713748,1
Signature Rare(582),7,0.796087047,0,0.51046244,0,0,0.59395271,0,0.328102113,0.137685708,0.692822766,0.182360326,0,0.150868383,0,0.16698054,0,0,0.840761666,1.032642812,0.070307596,1.154216363,0.342749529,1
Signature Rare(582),5,0.568633605,0,0.364616028,0,0,0.424251936,0,0.234358652,0.0983,0.494873404,0.130257376,0,0.10776313,0,0.119271814,0,0,0.600544047,0.737602009,0.0502,0.824440259,0.244821092,3
Signature Rare(582),4,0.454906884,0,0.291692823,0,0,0.339401548,0,0.187486922,0.0787,0.395898724,0.104205901,0,0.0862,0,0.0954,0,0,0.480435238,0.590081607,0.0402,0.659552208,0.195856874,3
Signature Rare(582),7,0.796087047,0,0.51046244,0,0,0.59395271,0,0.328102113,0.137685708,0.692822766,0.182360326,0,0.150868383,0,0.16698054,0,0,0.840761666,1.032642812,0.070307596,1.154216363,0.342749529,1
Signature Rare(582),7,0.796087047,0,0.51046244,0,0,0.59395271,0,0.328102113,0.137685708,0.692822766,0.182360326,0,0.150868383,0,0.16698054,0,0,0.840761666,1.032642812,0.070307596,1.154216363,0.342749529,1
Signature Rare(582),8,0.909813769,0,0.583385646,0,0,0.678803097,0,0.374973844,0.157355095,0.791797447,0.208411802,0,0.172421009,0,0.190834903,0,0,0.960870475,1.180163214,0.0804,1.319104415,0.391713748,1
Signature Rare(582),7,0.796087047,0,0.51046244,0,0,0.59395271,0,0.328102113,0.137685708,0.692822766,0.182360326,0,0.150868383,0,0.16698054,0,0,0.840761666,1.032642812,0.070307596,1.154216363,0.342749529,1
Signature Rare(582),9,1.02354049,0,0.656308851,0,0,0.763653484,0,0.421845574,0.177024482,0.890772128,0.234463277,0,0.193973635,0,0.214689266,0,0,1.080979284,1.327683616,0.0904,1.483992467,0.440677966,1
Signature Rare(582),9,1.02354049,0,0.656308851,0,0,0.763653484,0,0.421845574,0.177024482,0.890772128,0.234463277,0,0.193973635,0,0.214689266,0,0,1.080979284,1.327683616,0.0904,1.483992467,0.440677966,1
Signature Rare(582),9,1.02354049,0,0.656308851,0,0,0.763653484,0,0.421845574,0.177024482,0.890772128,0.234463277,0,0.193973635,0,0.214689266,0,0,1.080979284,1.327683616,0.0904,1.483992467,0.440677966,1
Signature Rare(582),2,0.227453442,0,0.145846411,0,0,0.169700774,0,0.0937,0.0393,0.197949362,0.0521,0,0.0431,0,0.0477,0,0,0.240217619,0.295040803,0.0201,0.329776104,0.0979,3
Signature Rare(582),7,0.796087047,0,0.51046244,0,0,0.59395271,0,0.328102113,0.137685708,0.692822766,0.182360326,0,0.150868383,0,0.16698054,0,0,0.840761666,1.032642812,0.070307596,1.154216363,0.342749529,1
Signature Rare(582),7,0.796087047,0,0.51046244,0,0,0.59395271,0,0.328102113,0.137685708,0.692822766,0.182360326,0,0.150868383,0,0.16698054,0,0,0.840761666,1.032642812,0.070307596,1.154216363,0.342749529,1
Signature Rare(582),7,0.796087047,0,0.51046244,0,0,0.59395271,0,0.328102113,0.137685708,0.692822766,0.182360326,0,0.150868383,0,0.16698054,0,0,0.840761666,1.032642812,0.070307596,1.154216363,0.342749529,1
Signature Rare(582),9,1.02354049,0,0.656308851,0,0,0.763653484,0,0.421845574,0.177024482,0.890772128,0.234463277,0,0.193973635,0,0.214689266,0,0,1.080979284,1.327683616,0.0904,1.483992467,0.440677966,1
Signature Rare(582),9,1.02354049,0,0.656308851,0,0,0.763653484,0,0.421845574,0.177024482,0.890772128,0.234463277,0,0.193973635,0,0.214689266,0,0,1.080979284,1.327683616,0.0904,1.483992467,0.440677966,1
Signature Rare(582),7,0.796087047,0,0.51046244,0,0,0.59395271,0,0.328102113,0.137685708,0.692822766,0.182360326,0,0.150868383,0,0.16698054,0,0,0.840761666,1.032642812,0.070307596,1.154216363,0.342749529,1
Signature Rare(582),2,0.227453442,0,0.145846411,0,0,0.169700774,0,0.0937,0.0393,0.197949362,0.0521,0,0.0431,0,0.0477,0,0,0.240217619,0.295040803,0.0201,0.329776104,0.0979,3
Signature Rare(582),9,1.02354049,0,0.656308851,0,0,0.763653484,0,0.421845574,0.177024482,0.890772128,0.234463277,0,0.193973635,0,0.214689266,0,0,1.080979284,1.327683616,0.0904,1.483992467,0.440677966,1
Signature Rare(582),7,0.796087047,0,0.51046244,0,0,0.59395271,0,0.328102113,0.137685708,0.692822766,0.182360326,0,0.150868383,0,0.16698054,0,0,0.840761666,1.032642812,0.070307596,1.154216363,0.342749529,1
Signature Rare(582),9,1.02354049,0,0.656308851,0,0,0.763653484,0,0.421845574,0.177024482,0.890772128,0.234463277,0,0.193973635,0,0.214689266,0,0,1.080979284,1.327683616,0.0904,1.483992467,0.440677966,1
Signature Rare(582),6,0.682360326,0,0.437539234,0,0,0.509102323,0,0.281230383,0.118016321,0.593848085,0.156308851,0,0.129315756,0,0.143126177,0,0,0.720652856,0.88512241,0.0603,0.989328311,0.293785311,1
Signature Rare(582),5,0.568633605,0,0.364616028,0,0,0.424251936,0,0.234358652,0.0983,0.494873404,0.130257376,0,0.10776313,0,0.119271814,0,0,0.600544047,0.737602009,0.0502,0.824440259,0.244821092,3
Signature Rare(582),9,1.02354049,0,0.656308851,0,0,0.763653484,0,0.421845574,0.177024482,0.890772128,0.234463277,0,0.193973635,0,0.214689266,0,0,1.080979284,1.327683616,0.0904,1.483992467,0.440677966,1
Signature Rare(582),5,0.568633605,0,0.364616028,0,0,0.424251936,0,0.234358652,0.0983,0.494873404,0.130257376,0,0.10776313,0,0.119271814,0,0,0.600544047,0.737602009,0.0502,0.824440259,0.244821092,3
Signature Rare(582),6,0.682360326,0,0.437539234,0,0,0.509102323,0,0.281230383,0.118016321,0.593848085,0.156308851,0,0.129315756,0,0.143126177,0,0,0.720652856,0.88512241,0.0603,0.989328311,0.293785311,1
Signature Rare(582),9,1.02354049,0,0.656308851,0,0,0.763653484,0,0.421845574,0.177024482,0.890772128,0.234463277,0,0.193973635,0,0.214689266,0,0,1.080979284,1.327683616,0.0904,1.483992467,0.440677966,1
Signature Rare(582),2,0.227453442,0,0.145846411,0,0,0.169700774,0,0.0937,0.0393,0.197949362,0.0521,0,0.0431,0,0.0477,0,0,0.240217619,0.295040803,0.0201,0.329776104,0.0979,3
Signature Rare(582),8,0.909813769,0,0.583385646,0,0,0.678803097,0,0.374973844,0.157355095,0.791797447,0.208411802,0,0.172421009,0,0.190834903,0,0,0.960870475,1.180163214,0.0804,1.319104415,0.391713748,1
Signature Rare(582),8,0.909813769,0,0.583385646,0,0,0.678803097,0,0.374973844,0.157355095,0.791797447,0.208411802,0,0.172421009,0,0.190834903,0,0,0.960870475,1.180163214,0.0804,1.319104415,0.391713748,1
Signature Rare(582),7,0.796087047,0,0.51046244,0,0,0.59395271,0,0.328102113,0.137685708,0.692822766,0.182360326,0,0.150868383,0,0.16698054,0,0,0.840761666,1.032642812,0.070307596,1.154216363,0.342749529,1
Signature Rare(582),4,0.454906884,0,0.291692823,0,0,0.339401548,0,0.187486922,0.0787,0.395898724,0.104205901,0,0.0862,0,0.0954,0,0,0.480435238,0.590081607,0.0402,0.659552208,0.195856874,3
Signature Rare(582),9,1.02354049,0,0.656308851,0,0,0.763653484,0,0.421845574,0.177024482,0.890772128,0.234463277,0,0.193973635,0,0.214689266,0,0,1.080979284,1.327683616,0.0904,1.483992467,0.440677966,1
Signature Rare(582),8,0.909813769,0,0.583385646,0,0,0.678803097,0,0.374973844,0.157355095,0.791797447,0.208411802,0,0.172421009,0,0.190834903,0,0,0.960870475,1.180163214,0.0804,1.319104415,0.391713748,1
Signature Rare(582),5,0.568633605,0,0.364616028,0,0,0.424251936,0,0.234358652,0.0983,0.494873404,0.130257376,0,0.10776313,0,0.119271814,0,0,0.600544047,0.737602009,0.0502,0.824440259,0.244821092,3
Signature Rare(582),9,1.02354049,0,0.656308851,0,0,0.763653484,0,0.421845574,0.177024482,0.890772128,0.234463277,0,0.193973635,0,0.214689266,0,0,1.080979284,1.327683616,0.0904,1.483992467,0.440677966,1
Signature Rare(582),9,1.02354049,0,0.656308851,0,0,0.763653484,0,0.421845574,0.177024482,0.890772128,0.234463277,0,0.193973635,0,0.214689266,0,0,1.080979284,1.327683616,0.0904,1.483992467,0.440677966,1
Signature Rare(582),5,0.568633605,0,0.364616028,0,0,0.424251936,0,0.234358652,0.0983,0.494873404,0.130257376,0,0.10776313,0,0.119271814,0,0,0.600544047,0.737602009,0.0502,0.824440259,0.244821092,3
Signature Rare(582),9,1.02354049,0,0.656308851,0,0,0.763653484,0,0.421845574,0.177024482,0.890772128,0.234463277,0,0.193973635,0,0.214689266,0,0,1.080979284,1.327683616,0.0904,1.483992467,0.440677966,1
388,7,0.837193867,0.821397757,0.0525,0,0,1.051370545,1.050905953,0,0,0.414880202,0.197451384,0,0.193734652,0,0,0.0372,0.0506,0.543107453,0.721510586,0.0418,0.764717595,0.221610141,2
388,9,1.076392115,1.05608283,0.0675,0,0,1.35176213,1.351164797,0,0,0.533417402,0.253866065,0,0.24908741,0,0,0.0478,0.0651,0.698281012,0.927656468,0.0538,0.983208336,0.284927325,2
388,9,1.076392115,1.05608283,0.0675,0,0,1.35176213,1.351164797,0,0,0.533417402,0.253866065,0,0.24908741,0,0,0.0478,0.0651,0.698281012,0.927656468,0.0538,0.983208336,0.284927325,2
388,9,1.076392115,1.05608283,0.0675,0,0,1.35176213,1.351164797,0,0,0.533417402,0.253866065,0,0.24908741,0,0,0.0478,0.0651,0.698281012,0.927656468,0.0538,0.983208336,0.284927325,2
388,8,0.956792991,0.938740293,0.06,0,0,1.201566337,1.201035375,0,0,0.474148802,0.225658724,0,0.221411031,0,0,0.0425,0.0579,0.620694232,0.824583527,0.0478,0.873962965,0.253268733,2
388,9,1.076392115,1.05608283,0.0675,0,0,1.35176213,1.351164797,0,0,0.533417402,0.253866065,0,0.24908741,0,0,0.0478,0.0651,0.698281012,0.927656468,0.0538,0.983208336,0.284927325,2
388,7,0.837193867,0.821397757,0.0525,0,0,1.051370545,1.050905953,0,0,0.414880202,0.197451384,0,0.193734652,0,0,0.0372,0.0506,0.543107453,0.721510586,0.0418,0.764717595,0.221610141,2
388,5,0.59799562,0.586712683,0.0375,0,0,0.750978961,0.750647109,0,0,0.296343001,0.141036703,0,0.138381894,0,0,0.0265,0.0362,0.387933895,0.515364704,0.0299,0.546226853,0.158292958,2
388,8,0.956792991,0.938740293,0.06,0,0,1.201566337,1.201035375,0,0,0.474148802,0.225658724,0,0.221411031,0,0,0.0425,0.0579,0.620694232,0.824583527,0.0478,0.873962965,0.253268733,2
388,9,1.076392115,1.05608283,0.0675,0,0,1.35176213,1.351164797,0,0,0.533417402,0.253866065,0,0.24908741,0,0,0.0478,0.0651,0.698281012,0.927656468,0.0538,0.983208336,0.284927325,2
388,8,0.956792991,0.938740293,0.06,0,0,1.201566337,1.201035375,0,0,0.474148802,0.225658724,0,0.221411031,0,0,0.0425,0.0579,0.620694232,0.824583527,0.0478,0.873962965,0.253268733,2
388,8,0.956792991,0.938740293,0.06,0,0,1.201566337,1.201035375,0,0,0.474148802,0.225658724,0,0.221411031,0,0,0.0425,0.0579,0.620694232,0.824583527,0.0478,0.873962965,0.253268733,2
388,6,0.717594743,0.70405522,0.045,0,0,0.901174753,0.900776531,0,0,0.355611601,0.169244043,0,0.166058273,0,0,0.0319,0.0434,0.465520674,0.618437645,0.0358,0.655472224,0.18995155,2
388,9,1.076392115,1.05608283,0.0675,0,0,1.35176213,1.351164797,0,0,0.533417402,0.253866065,0,0.24908741,0,0,0.0478,0.0651,0.698281012,0.927656468,0.0538,0.983208336,0.284927325,2
388,8,0.956792991,0.938740293,0.06,0,0,1.201566337,1.201035375,0,0,0.474148802,0.225658724,0,0.221411031,0,0,0.0425,0.0579,0.620694232,0.824583527,0.0478,0.873962965,0.253268733,2
388,9,1.076392115,1.05608283,0.0675,0,0,1.35176213,1.351164797,0,0,0.533417402,0.253866065,0,0.24908741,0,0,0.0478,0.0651,0.698281012,0.927656468,0.0538,0.983208336,0.284927325,2
388,8,0.956792991,0.938740293,0.06,0,0,1.201566337,1.201035375,0,0,0.474148802,0.225658724,0,0.221411031,0,0,0.0425,0.0579,0.620694232,0.824583527,0.0478,0.873962965,0.253268733,2
388,8,0.956792991,0.938740293,0.06,0,0,1.201566337,1.201035375,0,0,0.474148802,0.225658724,0,0.221411031,0,0,0.0425,0.0579,0.620694232,0.824583527,0.0478,0.873962965,0.253268733,2
388,7,0.837193867,0.821397757,0.0525,0,0,1.051370545,1.050905953,0,0,0.414880202,0.197451384,0,0.193734652,0,0,0.0372,0.0506,0.543107453,0.721510586,0.0418,0.764717595,0.221610141,2
388,7,0.837193867,0.821397757,0.0525,0,0,1.051370545,1.050905953,0,0,0.414880202,0.197451384,0,0.193734652,0,0,0.0372,0.0506,0.543107453,0.721510586,0.0418,0.764717595,0.221610141,2
388,6,0.717594743,0.70405522,0.045,0,0,0.901174753,0.900776531,0,0,0.355611601,0.169244043,0,0.166058273,0,0,0.0319,0.0434,0.465520674,0.618437645,0.0358,0.655472224,0.18995155,2
388,8,0.956792991,0.938740293,0.06,0,0,1.201566337,1.201035375,0,0,0.474148802,0.225658724,0,0.221411031,0,0,0.0425,0.0579,0.620694232,0.824583527,0.0478,0.873962965,0.253268733,2
388,7,0.837193867,0.821397757,0.0525,0,0,1.051370545,1.050905953,0,0,0.414880202,0.197451384,0,0.193734652,0,0,0.0372,0.0506,0.543107453,0.721510586,0.0418,0.764717595,0.221610141,2
388,8,0.956792991,0.938740293,0.06,0,0,1.201566337,1.201035375,0,0,0.474148802,0.225658724,0,0.221411031,0,0,0.0425,0.0579,0.620694232,0.824583527,0.0478,0.873962965,0.253268733,2
388,7,0.837193867,0.821397757,0.0525,0,0,1.051370545,1.050905953,0,0,0.414880202,0.197451384,0,0.193734652,0,0,0.0372,0.0506,0.543107453,0.721510586,0.0418,0.764717595,0.221610141,2
388,5,0.59799562,0.586712683,0.0375,0,0,0.750978961,0.750647109,0,0,0.296343001,0.141036703,0,0.138381894,0,0,0.0265,0.0362,0.387933895,0.515364704,0.0299,0.546226853,0.158292958,2
388,6,0.717594743,0.70405522,0.045,0,0,0.901174753,0.900776531,0,0,0.355611601,0.169244043,0,0.166058273,0,0,0.0319,0.0434,0.465520674,0.618437645,0.0358,0.655472224,0.18995155,2
388,7,0.837193867,0.821397757,0.0525,0,0,1.051370545,1.050905953,0,0,0.414880202,0.197451384,0,0.193734652,0,0,0.0372,0.0506,0.543107453,0.721510586,0.0418,0.764717595,0.221610141,2
388,6,0.717594743,0.70405522,0.045,0,0,0.901174753,0.900776531,0,0,0.355611601,0.169244043,0,0.166058273,0,0,0.0319,0.0434,0.465520674,0.618437645,0.0358,0.655472224,0.18995155,2
388,8,0.956792991,0.938740293,0.06,0,0,1.201566337,1.201035375,0,0,0.474148802,0.225658724,0,0.221411031,0,0,0.0425,0.0579,0.620694232,0.824583527,0.0478,0.873962965,0.253268733,2
388,9,1.076392115,1.05608283,0.0675,0,0,1.35176213,1.351164797,0,0,0.533417402,0.253866065,0,0.24908741,0,0,0.0478,0.0651,0.698281012,0.927656468,0.0538,0.983208336,0.284927325,2
388,8,0.956792991,0.938740293,0.06,0,0,1.201566337,1.201035375,0,0,0.474148802,0.225658724,0,0.221411031,0,0,0.0425,0.0579,0.620694232,0.824583527,0.0478,0.873962965,0.253268733,2
388,8,0.956792991,0.938740293,0.06,0,0,1.201566337,1.201035375,0,0,0.474148802,0.225658724,0,0.221411031,0,0,0.0425,0.0579,0.620694232,0.824583527,0.0478,0.873962965,0.253268733,2
388,9,1.076392115,1.05608283,0.0675,0,0,1.35176213,1.351164797,0,0,0.533417402,0.253866065,0,0.24908741,0,0,0.0478,0.0651,0.698281012,0.927656468,0.0538,0.983208336,0.284927325,2
388,5,0.59799562,0.586712683,0.0375,0,0,0.750978961,0.750647109,0,0,0.296343001,0.141036703,0,0.138381894,0,0,0.0265,0.0362,0.387933895,0.515364704,0.0299,0.546226853,0.158292958,2
388,9,1.076392115,1.05608283,0.0675,0,0,1.35176213,1.351164797,0,0,0.533417402,0.253866065,0,0.24908741,0,0,0.0478,0.0651,0.698281012,0.927656468,0.0538,0.983208336,0.284927325,2
388,9,1.076392115,1.05608283,0.0675,0,0,1.35176213,1.351164797,0,0,0.533417402,0.253866065,0,0.24908741,0,0,0.0478,0.0651,0.698281012,0.927656468,0.0538,0.983208336,0.284927325,2
388,8,0.956792991,0.938740293,0.06,0,0,1.201566337,1.201035375,0,0,0.474148802,0.225658724,0,0.221411031,0,0,0.0425,0.0579,0.620694232,0.824583527,0.0478,0.873962965,0.253268733,2
388,7,0.837193867,0.821397757,0.0525,0,0,1.051370545,1.050905953,0,0,0.414880202,0.197451384,0,0.193734652,0,0,0.0372,0.0506,0.543107453,0.721510586,0.0418,0.764717595,0.221610141,2
388,1,0.119599124,0.117342537,0.0075,0,0,0.150195792,0.150129422,0,0,0.0593,0.0282,0,0.0277,0,0,0.00531,0.00723,0.0776,0.103072941,0.00597,0.109245371,0.0317,3
388,8,0.956792991,0.938740293,0.06,0,0,1.201566337,1.201035375,0,0,0.474148802,0.225658724,0,0.221411031,0,0,0.0425,0.0579,0.620694232,0.824583527,0.0478,0.873962965,0.253268733,2
388,9,1.076392115,1.05608283,0.0675,0,0,1.35176213,1.351164797,0,0,0.533417402,0.253866065,0,0.24908741,0,0,0.0478,0.0651,0.698281012,0.927656468,0.0538,0.983208336,0.284927325,2
388,7,0.837193867,0.821397757,0.0525,0,0,1.051370545,1.050905953,0,0,0.414880202,0.197451384,0,0.193734652,0,0,0.0372,0.0506,0.543107453,0.721510586,0.0418,0.764717595,0.221610141,2
388,8,0.956792991,0.938740293,0.06,0,0,1.201566337,1.201035375,0,0,0.474148802,0.225658724,0,0.221411031,0,0,0.0425,0.0579,0.620694232,0.824583527,0.0478,0.873962965,0.253268733,2
388,7,0.837193867,0.821397757,0.0525,0,0,1.051370545,1.050905953,0,0,0.414880202,0.197451384,0,0.193734652,0,0,0.0372,0.0506,0.543107453,0.721510586,0.0418,0.764717595,0.221610141,2
388,7,0.837193867,0.821397757,0.0525,0,0,1.051370545,1.050905953,0,0,0.414880202,0.197451384,0,0.193734652,0,0,0.0372,0.0506,0.543107453,0.721510586,0.0418,0.764717595,0.221610141,2
388,8,0.956792991,0.938740293,0.06,0,0,1.201566337,1.201035375,0,0,0.474148802,0.225658724,0,0.221411031,0,0,0.0425,0.0579,0.620694232,0.824583527,0.0478,0.873962965,0.253268733,2
388,7,0.837193867,0.821397757,0.0525,0,0,1.051370545,1.050905953,0,0,0.414880202,0.197451384,0,0.193734652,0,0,0.0372,0.0506,0.543107453,0.721510586,0.0418,0.764717595,0.221610141,2
388,3,0.358797372,0.35202761,0.0225,0,0,0.450587377,0.450388266,0,0,0.177805801,0.0846,0,0.083,0,0,0.0159,0.0217,0.232760337,0.309218823,0.0179,0.327736112,0.095,3
388,8,0.956792991,0.938740293,0.06,0,0,1.201566337,1.201035375,0,0,0.474148802,0.225658724,0,0.221411031,0,0,0.0425,0.0579,0.620694232,0.824583527,0.0478,0.873962965,0.253268733,2
388,7,0.837193867,0.821397757,0.0525,0,0,1.051370545,1.050905953,0,0,0.414880202,0.197451384,0,0.193734652,0,0,0.0372,0.0506,0.543107453,0.721510586,0.0418,0.764717595,0.221610141,2
388,6,0.717594743,0.70405522,0.045,0,0,0.901174753,0.900776531,0,0,0.355611601,0.169244043,0,0.166058273,0,0,0.0319,0.0434,0.465520674,0.618437645,0.0358,0.655472224,0.18995155,2
388,9,1.076392115,1.05608283,0.0675,0,0,1.35176213,1.351164797,0,0,0.533417402,0.253866065,0,0.24908741,0,0,0.0478,0.0651,0.698281012,0.927656468,0.0538,0.983208336,0.284927325,2
388,9,1.076392115,1.05608283,0.0675,0,0,1.35176213,1.351164797,0,0,0.533417402,0.253866065,0,0.24908741,0,0,0.0478,0.0651,0.698281012,0.927656468,0.0538,0.983208336,0.284927325,2
388,9,1.076392115,1.05608283,0.0675,0,0,1.35176213,1.351164797,0,0,0.533417402,0.253866065,0,0.24908741,0,0,0.0478,0.0651,0.698281012,0.927656468,0.0538,0.983208336,0.284927325,2
388,9,1.076392115,1.05608283,0.0675,0,0,1.35176213,1.351164797,0,0,0.533417402,0.253866065,0,0.24908741,0,0,0.0478,0.0651,0.698281012,0.927656468,0.0538,0.983208336,0.284927325,2
388,8,0.956792991,0.938740293,0.06,0,0,1.201566337,1.201035375,0,0,0.474148802,0.225658724,0,0.221411031,0,0,0.0425,0.0579,0.620694232,0.824583527,0.0478,0.873962965,0.253268733,2
388,8,0.956792991,0.938740293,0.06,0,0,1.201566337,1.201035375,0,0,0.474148802,0.225658724,0,0.221411031,0,0,0.0425,0.0579,0.620694232,0.824583527,0.0478,0.873962965,0.253268733,2
388,8,0.956792991,0.938740293,0.06,0,0,1.201566337,1.201035375,0,0,0.474148802,0.225658724,0,0.221411031,0,0,0.0425,0.0579,0.620694232,0.824583527,0.0478,0.873962965,0.253268733,2
388,5,0.59799562,0.586712683,0.0375,0,0,0.750978961,0.750647109,0,0,0.296343001,0.141036703,0,0.138381894,0,0,0.0265,0.0362,0.387933895,0.515364704,0.0299,0.546226853,0.158292958,2
388,8,0.956792991,0.938740293,0.06,0,0,1.201566337,1.201035375,0,0,0.474148802,0.225658724,0,0.221411031,0,0,0.0425,0.0579,0.620694232,0.824583527,0.0478,0.873962965,0.253268733,2
388,8,0.956792991,0.938740293,0.06,0,0,1.201566337,1.201035375,0,0,0.474148802,0.225658724,0,0.221411031,0,0,0.0425,0.0579,0.620694232,0.824583527,0.0478,0.873962965,0.253268733,2
388,7,0.837193867,0.821397757,0.0525,0,0,1.051370545,1.050905953,0,0,0.414880202,0.197451384,0,0.193734652,0,0,0.0372,0.0506,0.543107453,0.721510586,0.0418,0.764717595,0.221610141,2
388,9,1.076392115,1.05608283,0.0675,0,0,1.35176213,1.351164797,0,0,0.533417402,0.253866065,0,0.24908741,0,0,0.0478,0.0651,0.698281012,0.927656468,0.0538,0.983208336,0.284927325,2
388,4,0.478396496,0.469370147,0.03,0,0,0.600783169,0.600517688,0,0,0.237074401,0.112829362,0,0.110705515,0,0,0.0212,0.0289,0.310347116,0.412291763,0.0239,0.436981483,0.126634366,3
388,6,0.717594743,0.70405522,0.045,0,0,0.901174753,0.900776531,0,0,0.355611601,0.169244043,0,0.166058273,0,0,0.0319,0.0434,0.465520674,0.618437645,0.0358,0.655472224,0.18995155,2
388,7,0.837193867,0.821397757,0.0525,0,0,1.051370545,1.050905953,0,0,0.414880202,0.197451384,0,0.193734652,0,0,0.0372,0.0506,0.543107453,0.721510586,0.0418,0.764717595,0.221610141,2
388,9,1.076392115,1.05608283,0.0675,0,0,1.35176213,1.351164797,0,0,0.533417402,0.253866065,0,0.24908741,0,0,0.0478,0.0651,0.698281012,0.927656468,0.0538,0.983208336,0.284927325,2
388,1,0.119599124,0.117342537,0.0075,0,0,0.150195792,0.150129422,0,0,0.0593,0.0282,0,0.0277,0,0,0.00531,0.00723,0.0776,0.103072941,0.00597,0.109245371,0.0317,3
388,7,0.837193867,0.821397757,0.0525,0,0,1.051370545,1.050905953,0,0,0.414880202,0.197451384,0,0.193734652,0,0,0.0372,0.0506,0.543107453,0.721510586,0.0418,0.764717595,0.221610141,2
388,5,0.59799562,0.586712683,0.0375,0,0,0.750978961,0.750647109,0,0,0.296343001,0.141036703,0,0.138381894,0,0,0.0265,0.0362,0.387933895,0.515364704,0.0299,0.546226853,0.158292958,2
388,8,0.956792991,0.938740293,0.06,0,0,1.201566337,1.201035375,0,0,0.474148802,0.225658724,0,0.221411031,0,0,0.0425,0.0579,0.620694232,0.824583527,0.0478,0.873962965,0.253268733,2
388,8,0.956792991,0.938740293,0.06,0,0,1.201566337,1.201035375,0,0,0.474148802,0.225658724,0,0.221411031,0,0,0.0425,0.0579,0.620694232,0.824583527,0.0478,0.873962965,0.253268733,2
388,9,1.076392115,1.05608283,0.0675,0,0,1.35176213,1.351164797,0,0,0.533417402,0.253866065,0,0.24908741,0,0,0.0478,0.0651,0.698281012,0.927656468,0.0538,0.983208336,0.284927325,2
388,8,0.956792991,0.938740293,0.06,0,0,1.201566337,1.201035375,0,0,0.474148802,0.225658724,0,0.221411031,0,0,0.0425,0.0579,0.620694232,0.824583527,0.0478,0.873962965,0.253268733,2
388,5,0.59799562,0.586712683,0.0375,0,0,0.750978961,0.750647109,0,0,0.296343001,0.141036703,0,0.138381894,0,0,0.0265,0.0362,0.387933895,0.515364704,0.0299,0.546226853,0.158292958,2
388,8,0.956792991,0.938740293,0.06,0,0,1.201566337,1.201035375,0,0,0.474148802,0.225658724,0,0.221411031,0,0,0.0425,0.0579,0.620694232,0.824583527,0.0478,0.873962965,0.253268733,2
388,9,1.076392115,1.05608283,0.0675,0,0,1.35176213,1.351164797,0,0,0.533417402,0.253866065,0,0.24908741,0,0,0.0478,0.0651,0.698281012,0.927656468,0.0538,0.983208336,0.284927325,2
388,8,0.956792991,0.938740293,0.06,0,0,1.201566337,1.201035375,0,0,0.474148802,0.225658724,0,0.221411031,0,0,0.0425,0.0579,0.620694232,0.824583527,0.0478,0.873962965,0.253268733,2
388,7,0.837193867,0.821397757,0.0525,0,0,1.051370545,1.050905953,0,0,0.414880202,0.197451384,0,0.193734652,0,0,0.0372,0.0506,0.543107453,0.721510586,0.0418,0.764717595,0.221610141,2
388,8,0.956792991,0.938740293,0.06,0,0,1.201566337,1.201035375,0,0,0.474148802,0.225658724,0,0.221411031,0,0,0.0425,0.0579,0.620694232,0.824583527,0.0478,0.873962965,0.253268733,2
388,8,0.956792991,0.938740293,0.06,0,0,1.201566337,1.201035375,0,0,0.474148802,0.225658724,0,0.221411031,0,0,0.0425,0.0579,0.620694232,0.824583527,0.0478,0.873962965,0.253268733,2
388,5,0.59799562,0.586712683,0.0375,0,0,0.750978961,0.750647109,0,0,0.296343001,0.141036703,0,0.138381894,0,0,0.0265,0.0362,0.387933895,0.515364704,0.0299,0.546226853,0.158292958,2
388,9,1.076392115,1.05608283,0.0675,0,0,1.35176213,1.351164797,0,0,0.533417402,0.253866065,0,0.24908741,0,0,0.0478,0.0651,0.698281012,0.927656468,0.0538,0.983208336,0.284927325,2
388,7,0.837193867,0.821397757,0.0525,0,0,1.051370545,1.050905953,0,0,0.414880202,0.197451384,0,0.193734652,0,0,0.0372,0.0506,0.543107453,0.721510586,0.0418,0.764717595,0.221610141,2
388,7,0.837193867,0.821397757,0.0525,0,0,1.051370545,1.050905953,0,0,0.414880202,0.197451384,0,0.193734652,0,0,0.0372,0.0506,0.543107453,0.721510586,0.0418,0.764717595,0.221610141,2
388,9,1.076392115,1.05608283,0.0675,0,0,1.35176213,1.351164797,0,0,0.533417402,0.253866065,0,0.24908741,0,0,0.0478,0.0651,0.698281012,0.927656468,0.0538,0.983208336,0.284927325,2
388,8,0.956792991,0.938740293,0.06,0,0,1.201566337,1.201035375,0,0,0.474148802,0.225658724,0,0.221411031,0,0,0.0425,0.0579,0.620694232,0.824583527,0.0478,0.873962965,0.253268733,2
388,5,0.59799562,0.586712683,0.0375,0,0,0.750978961,0.750647109,0,0,0.296343001,0.141036703,0,0.138381894,0,0,0.0265,0.0362,0.387933895,0.515364704,0.0299,0.546226853,0.158292958,2
388,5,0.59799562,0.586712683,0.0375,0,0,0.750978961,0.750647109,0,0,0.296343001,0.141036703,0,0.138381894,0,0,0.0265,0.0362,0.387933895,0.515364704,0.0299,0.546226853,0.158292958,2
388,7,0.837193867,0.821397757,0.0525,0,0,1.051370545,1.050905953,0,0,0.414880202,0.197451384,0,0.193734652,0,0,0.0372,0.0506,0.543107453,0.721510586,0.0418,0.764717595,0.221610141,2
388,9,1.076392115,1.05608283,0.0675,0,0,1.35176213,1.351164797,0,0,0.533417402,0.253866065,0,0.24908741,0,0,0.0478,0.0651,0.698281012,0.927656468,0.0538,0.983208336,0.284927325,2
388,9,1.076392115,1.05608283,0.0675,0,0,1.35176213,1.351164797,0,0,0.533417402,0.253866065,0,0.24908741,0,0,0.0478,0.0651,0.698281012,0.927656468,0.0538,0.983208336,0.284927325,2
388,9,1.076392115,1.05608283,0.0675,0,0,1.35176213,1.351164797,0,0,0.533417402,0.253866065,0,0.24908741,0,0,0.0478,0.0651,0.698281012,0.927656468,0.0538,0.983208336,0.284927325,2
388,5,0.59799562,0.586712683,0.0375,0,0,0.750978961,0.750647109,0,0,0.296343001,0.141036703,0,0.138381894,0,0,0.0265,0.0362,0.387933895,0.515364704,0.0299,0.546226853,0.158292958,2
388,6,0.717594743,0.70405522,0.045,0,0,0.901174753,0.900776531,0,0,0.355611601,0.169244043,0,0.166058273,0,0,0.0319,0.0434,0.465520674,0.618437645,0.0358,0.655472224,0.18995155,2
388,9,1.076392115,1.05608283,0.0675,0,0,1.35176213,1.351164797,0,0,0.533417402,0.253866065,0,0.24908741,0,0,0.0478,0.0651,0.698281012,0.927656468,0.0538,0.983208336,0.284927325,2
388,4,0.478396496,0.469370147,0.03,0,0,0.600783169,0.600517688,0,0,0.237074401,0.112829362,0,0.110705515,0,0,0.0212,0.0289,0.310347116,0.412291763,0.0239,0.436981483,0.126634366,3
388,9,1.076392115,1.05608283,0.0675,0,0,1.35176213,1.351164797,0,0,0.533417402,0.253866065,0,0.24908741,0,0,0.0478,0.0651,0.698281012,0.927656468,0.0538,0.983208336,0.284927325,2
388,9,1.076392115,1.05608283,0.0675,0,0,1.35176213,1.351164797,0,0,0.533417402,0.253866065,0,0.24908741,0,0,0.0478,0.0651,0.698281012,0.927656468,0.0538,0.983208336,0.284927325,2
388,7,0.837193867,0.821397757,0.0525,0,0,1.051370545,1.050905953,0,0,0.414880202,0.197451384,0,0.193734652,0,0,0.0372,0.0506,0.543107453,0.721510586,0.0418,0.764717595,0.221610141,2
388,9,1.076392115,1.05608283,0.0675,0,0,1.35176213,1.351164797,0,0,0.533417402,0.253866065,0,0.24908741,0,0,0.0478,0.0651,0.698281012,0.927656468,0.0538,0.983208336,0.284927325,2
388,9,1.076392115,1.05608283,0.0675,0,0,1.35176213,1.351164797,0,0,0.533417402,0.253866065,0,0.24908741,0,0,0.0478,0.0651,0.698281012,0.927656468,0.0538,0.983208336,0.284927325,2
388,6,0.717594743,0.70405522,0.045,0,0,0.901174753,0.900776531,0,0,0.355611601,0.169244043,0,0.166058273,0,0,0.0319,0.0434,0.465520674,0.618437645,0.0358,0.655472224,0.18995155,2
388,9,1.076392115,1.05608283,0.0675,0,0,1.35176213,1.351164797,0,0,0.533417402,0.253866065,0,0.24908741,0,0,0.0478,0.0651,0.698281012,0.927656468,0.0538,0.983208336,0.284927325,2
388,7,0.837193867,0.821397757,0.0525,0,0,1.051370545,1.050905953,0,0,0.414880202,0.197451384,0,0.193734652,0,0,0.0372,0.0506,0.543107453,0.721510586,0.0418,0.764717595,0.221610141,2
388,7,0.837193867,0.821397757,0.0525,0,0,1.051370545,1.050905953,0,0,0.414880202,0.197451384,0,0.193734652,0,0,0.0372,0.0506,0.543107453,0.721510586,0.0418,0.764717595,0.221610141,2
388,7,0.837193867,0.821397757,0.0525,0,0,1.051370545,1.050905953,0,0,0.414880202,0.197451384,0,0.193734652,0,0,0.0372,0.0506,0.543107453,0.721510586,0.0418,0.764717595,0.221610141,2
388,9,1.076392115,1.05608283,0.0675,0,0,1.35176213,1.351164797,0,0,0.533417402,0.253866065,0,0.24908741,0,0,0.0478,0.0651,0.698281012,0.927656468,0.0538,0.983208336,0.284927325,2
388,8,0.956792991,0.938740293,0.06,0,0,1.201566337,1.201035375,0,0,0.474148802,0.225658724,0,0.221411031,0,0,0.0425,0.0579,0.620694232,0.824583527,0.0478,0.873962965,0.253268733,2
388,8,0.956792991,0.938740293,0.06,0,0,1.201566337,1.201035375,0,0,0.474148802,0.225658724,0,0.221411031,0,0,0.0425,0.0579,0.620694232,0.824583527,0.0478,0.873962965,0.253268733,2
388,8,0.956792991,0.938740293,0.06,0,0,1.201566337,1.201035375,0,0,0.474148802,0.225658724,0,0.221411031,0,0,0.0425,0.0579,0.620694232,0.824583527,0.0478,0.873962965,0.253268733,2
388,7,0.837193867,0.821397757,0.0525,0,0,1.051370545,1.050905953,0,0,0.414880202,0.197451384,0,0.193734652,0,0,0.0372,0.0506,0.543107453,0.721510586,0.0418,0.764717595,0.221610141,2
388,8,0.956792991,0.938740293,0.06,0,0,1.201566337,1.201035375,0,0,0.474148802,0.225658724,0,0.221411031,0,0,0.0425,0.0579,0.620694232,0.824583527,0.0478,0.873962965,0.253268733,2
388,7,0.837193867,0.821397757,0.0525,0,0,1.051370545,1.050905953,0,0,0.414880202,0.197451384,0,0.193734652,0,0,0.0372,0.0506,0.543107453,0.721510586,0.0418,0.764717595,0.221610141,2
388,7,0.837193867,0.821397757,0.0525,0,0,1.051370545,1.050905953,0,0,0.414880202,0.197451384,0,0.193734652,0,0,0.0372,0.0506,0.543107453,0.721510586,0.0418,0.764717595,0.221610141,2
388,7,0.837193867,0.821397757,0.0525,0,0,1.051370545,1.050905953,0,0,0.414880202,0.197451384,0,0.193734652,0,0,0.0372,0.0506,0.543107453,0.721510586,0.0418,0.764717595,0.221610141,2
388,7,0.837193867,0.821397757,0.0525,0,0,1.051370545,1.050905953,0,0,0.414880202,0.197451384,0,0.193734652,0,0,0.0372,0.0506,0.543107453,0.721510586,0.0418,0.764717595,0.221610141,2
388,9,1.076392115,1.05608283,0.0675,0,0,1.35176213,1.351164797,0,0,0.533417402,0.253866065,0,0.24908741,0,0,0.0478,0.0651,0.698281012,0.927656468,0.0538,0.983208336,0.284927325,2
388,3,0.358797372,0.35202761,0.0225,0,0,0.450587377,0.450388266,0,0,0.177805801,0.0846,0,0.083,0,0,0.0159,0.0217,0.232760337,0.309218823,0.0179,0.327736112,0.095,3
388,8,0.956792991,0.938740293,0.06,0,0,1.201566337,1.201035375,0,0,0.474148802,0.225658724,0,0.221411031,0,0,0.0425,0.0579,0.620694232,0.824583527,0.0478,0.873962965,0.253268733,2
388,8,0.956792991,0.938740293,0.06,0,0,1.201566337,1.201035375,0,0,0.474148802,0.225658724,0,0.221411031,0,0,0.0425,0.0579,0.620694232,0.824583527,0.0478,0.873962965,0.253268733,2
388,6,0.717594743,0.70405522,0.045,0,0,0.901174753,0.900776531,0,0,0.355611601,0.169244043,0,0.166058273,0,0,0.0319,0.0434,0.465520674,0.618437645,0.0358,0.655472224,0.18995155,2
388,7,0.837193867,0.821397757,0.0525,0,0,1.051370545,1.050905953,0,0,0.414880202,0.197451384,0,0.193734652,0,0,0.0372,0.0506,0.543107453,0.721510586,0.0418,0.764717595,0.221610141,2
388,7,0.837193867,0.821397757,0.0525,0,0,1.051370545,1.050905953,0,0,0.414880202,0.197451384,0,0.193734652,0,0,0.0372,0.0506,0.543107453,0.721510586,0.0418,0.764717595,0.221610141,2
388,8,0.956792991,0.938740293,0.06,0,0,1.201566337,1.201035375,0,0,0.474148802,0.225658724,0,0.221411031,0,0,0.0425,0.0579,0.620694232,0.824583527,0.0478,0.873962965,0.253268733,2
388,6,0.717594743,0.70405522,0.045,0,0,0.901174753,0.900776531,0,0,0.355611601,0.169244043,0,0.166058273,0,0,0.0319,0.0434,0.465520674,0.618437645,0.0358,0.655472224,0.18995155,2
388,7,0.837193867,0.821397757,0.0525,0,0,1.051370545,1.050905953,0,0,0.414880202,0.197451384,0,0.193734652,0,0,0.0372,0.0506,0.543107453,0.721510586,0.0418,0.764717595,0.221610141,2
388,8,0.956792991,0.938740293,0.06,0,0,1.201566337,1.201035375,0,0,0.474148802,0.225658724,0,0.221411031,0,0,0.0425,0.0579,0.620694232,0.824583527,0.0478,0.873962965,0.253268733,2
388,3,0.358797372,0.35202761,0.0225,0,0,0.450587377,0.450388266,0,0,0.177805801,0.0846,0,0.083,0,0,0.0159,0.0217,0.232760337,0.309218823,0.0179,0.327736112,0.095,3
388,7,0.837193867,0.821397757,0.0525,0,0,1.051370545,1.050905953,0,0,0.414880202,0.197451384,0,0.193734652,0,0,0.0372,0.0506,0.543107453,0.721510586,0.0418,0.764717595,0.221610141,2
388,6,0.717594743,0.70405522,0.045,0,0,0.901174753,0.900776531,0,0,0.355611601,0.169244043,0,0.166058273,0,0,0.0319,0.0434,0.465520674,0.618437645,0.0358,0.655472224,0.18995155,2
388,8,0.956792991,0.938740293,0.06,0,0,1.201566337,1.201035375,0,0,0.474148802,0.225658724,0,0.221411031,0,0,0.0425,0.0579,0.620694232,0.824583527,0.0478,0.873962965,0.253268733,2
388,8,0.956792991,0.938740293,0.06,0,0,1.201566337,1.201035375,0,0,0.474148802,0.225658724,0,0.221411031,0,0,0.0425,0.0579,0.620694232,0.824583527,0.0478,0.873962965,0.253268733,2
388,6,0.717594743,0.70405522,0.045,0,0,0.901174753,0.900776531,0,0,0.355611601,0.169244043,0,0.166058273,0,0,0.0319,0.0434,0.465520674,0.618437645,0.0358,0.655472224,0.18995155,2
388,3,0.358797372,0.35202761,0.0225,0,0,0.450587377,0.450388266,0,0,0.177805801,0.0846,0,0.083,0,0,0.0159,0.0217,0.232760337,0.309218823,0.0179,0.327736112,0.095,3
388,8,0.956792991,0.938740293,0.06,0,0,1.201566337,1.201035375,0,0,0.474148802,0.225658724,0,0.221411031,0,0,0.0425,0.0579,0.620694232,0.824583527,0.0478,0.873962965,0.253268733,2
388,8,0.956792991,0.938740293,0.06,0,0,1.201566337,1.201035375,0,0,0.474148802,0.225658724,0,0.221411031,0,0,0.0425,0.0579,0.620694232,0.824583527,0.0478,0.873962965,0.253268733,2
388,9,1.076392115,1.05608283,0.0675,0,0,1.35176213,1.351164797,0,0,0.533417402,0.253866065,0,0.24908741,0,0,0.0478,0.0651,0.698281012,0.927656468,0.0538,0.983208336,0.284927325,2
388,7,0.837193867,0.821397757,0.0525,0,0,1.051370545,1.050905953,0,0,0.414880202,0.197451384,0,0.193734652,0,0,0.0372,0.0506,0.543107453,0.721510586,0.0418,0.764717595,0.221610141,2
388,8,0.956792991,0.938740293,0.06,0,0,1.201566337,1.201035375,0,0,0.474148802,0.225658724,0,0.221411031,0,0,0.0425,0.0579,0.620694232,0.824583527,0.0478,0.873962965,0.253268733,2
388,8,0.956792991,0.938740293,0.06,0,0,1.201566337,1.201035375,0,0,0.474148802,0.225658724,0,0.221411031,0,0,0.0425,0.0579,0.620694232,0.824583527,0.0478,0.873962965,0.253268733,2
388,7,0.837193867,0.821397757,0.0525,0,0,1.051370545,1.050905953,0,0,0.414880202,0.197451384,0,0.193734652,0,0,0.0372,0.0506,0.543107453,0.721510586,0.0418,0.764717595,0.221610141,2
388,5,0.59799562,0.586712683,0.0375,0,0,0.750978961,0.750647109,0,0,0.296343001,0.141036703,0,0.138381894,0,0,0.0265,0.0362,0.387933895,0.515364704,0.0299,0.546226853,0.158292958,2
388,7,0.837193867,0.821397757,0.0525,0,0,1.051370545,1.050905953,0,0,0.414880202,0.197451384,0,0.193734652,0,0,0.0372,0.0506,0.543107453,0.721510586,0.0418,0.764717595,0.221610141,2
388,7,0.837193867,0.821397757,0.0525,0,0,1.051370545,1.050905953,0,0,0.414880202,0.197451384,0,0.193734652,0,0,0.0372,0.0506,0.543107453,0.721510586,0.0418,0.764717595,0.221610141,2
388,6,0.717594743,0.70405522,0.045,0,0,0.901174753,0.900776531,0,0,0.355611601,0.169244043,0,0.166058273,0,0,0.0319,0.0434,0.465520674,0.618437645,0.0358,0.655472224,0.18995155,2
388,7,0.837193867,0.821397757,0.0525,0,0,1.051370545,1.050905953,0,0,0.414880202,0.197451384,0,0.193734652,0,0,0.0372,0.0506,0.543107453,0.721510586,0.0418,0.764717595,0.221610141,2
388,8,0.956792991,0.938740293,0.06,0,0,1.201566337,1.201035375,0,0,0.474148802,0.225658724,0,0.221411031,0,0,0.0425,0.0579,0.620694232,0.824583527,0.0478,0.873962965,0.253268733,2
388,8,0.956792991,0.938740293,0.06,0,0,1.201566337,1.201035375,0,0,0.474148802,0.225658724,0,0.221411031,0,0,0.0425,0.0579,0.620694232,0.824583527,0.0478,0.873962965,0.253268733,2
388,8,0.956792991,0.938740293,0.06,0,0,1.201566337,1.201035375,0,0,0.474148802,0.225658724,0,0.221411031,0,0,0.0425,0.0579,0.620694232,0.824583527,0.0478,0.873962965,0.253268733,2
388,8,0.956792991,0.938740293,0.06,0,0,1.201566337,1.201035375,0,0,0.474148802,0.225658724,0,0.221411031,0,0,0.0425,0.0579,0.620694232,0.824583527,0.0478,0.873962965,0.253268733,2
388,8,0.956792991,0.938740293,0.06,0,0,1.201566337,1.201035375,0,0,0.474148802,0.225658724,0,0.221411031,0,0,0.0425,0.0579,0.620694232,0.824583527,0.0478,0.873962965,0.253268733,2
388,6,0.717594743,0.70405522,0.045,0,0,0.901174753,0.900776531,0,0,0.355611601,0.169244043,0,0.166058273,0,0,0.0319,0.0434,0.465520674,0.618437645,0.0358,0.655472224,0.18995155,2
388,9,1.076392115,1.05608283,0.0675,0,0,1.35176213,1.351164797,0,0,0.533417402,0.253866065,0,0.24908741,0,0,0.0478,0.0651,0.698281012,0.927656468,0.0538,0.983208336,0.284927325,2
388,6,0.717594743,0.70405522,0.045,0,0,0.901174753,0.900776531,0,0,0.355611601,0.169244043,0,0.166058273,0,0,0.0319,0.0434,0.465520674,0.618437645,0.0358,0.655472224,0.18995155,2
388,8,0.956792991,0.938740293,0.06,0,0,1.201566337,1.201035375,0,0,0.474148802,0.225658724,0,0.221411031,0,0,0.0425,0.0579,0.620694232,0.824583527,0.0478,0.873962965,0.253268733,2
388,7,0.837193867,0.821397757,0.0525,0,0,1.051370545,1.050905953,0,0,0.414880202,0.197451384,0,0.193734652,0,0,0.0372,0.0506,0.543107453,0.721510586,0.0418,0.764717595,0.221610141,2
388,5,0.59799562,0.586712683,0.0375,0,0,0.750978961,0.750647109,0,0,0.296343001,0.141036703,0,0.138381894,0,0,0.0265,0.0362,0.387933895,0.515364704,0.0299,0.546226853,0.158292958,2
388,8,0.956792991,0.938740293,0.06,0,0,1.201566337,1.201035375,0,0,0.474148802,0.225658724,0,0.221411031,0,0,0.0425,0.0579,0.620694232,0.824583527,0.0478,0.873962965,0.253268733,2
388,6,0.717594743,0.70405522,0.045,0,0,0.901174753,0.900776531,0,0,0.355611601,0.169244043,0,0.166058273,0,0,0.0319,0.0434,0.465520674,0.618437645,0.0358,0.655472224,0.18995155,2
388,9,1.076392115,1.05608283,0.0675,0,0,1.35176213,1.351164797,0,0,0.533417402,0.253866065,0,0.24908741,0,0,0.0478,0.0651,0.698281012,0.927656468,0.0538,0.983208336,0.284927325,2
388,5,0.59799562,0.586712683,0.0375,0,0,0.750978961,0.750647109,0,0,0.296343001,0.141036703,0,0.138381894,0,0,0.0265,0.0362,0.387933895,0.515364704,0.0299,0.546226853,0.158292958,2
388,8,0.956792991,0.938740293,0.06,0,0,1.201566337,1.201035375,0,0,0.474148802,0.225658724,0,0.221411031,0,0,0.0425,0.0579,0.620694232,0.824583527,0.0478,0.873962965,0.253268733,2
388,9,1.076392115,1.05608283,0.0675,0,0,1.35176213,1.351164797,0,0,0.533417402,0.253866065,0,0.24908741,0,0,0.0478,0.0651,0.698281012,0.927656468,0.0538,0.983208336,0.284927325,2
388,6,0.717594743,0.70405522,0.045,0,0,0.901174753,0.900776531,0,0,0.355611601,0.169244043,0,0.166058273,0,0,0.0319,0.0434,0.465520674,0.618437645,0.0358,0.655472224,0.18995155,2
388,5,0.59799562,0.586712683,0.0375,0,0,0.750978961,0.750647109,0,0,0.296343001,0.141036703,0,0.138381894,0,0,0.0265,0.0362,0.387933895,0.515364704,0.0299,0.546226853,0.158292958,2
388,9,1.076392115,1.05608283,0.0675,0,0,1.35176213,1.351164797,0,0,0.533417402,0.253866065,0,0.24908741,0,0,0.0478,0.0651,0.698281012,0.927656468,0.0538,0.983208336,0.284927325,2
388,7,0.837193867,0.821397757,0.0525,0,0,1.051370545,1.050905953,0,0,0.414880202,0.197451384,0,0.193734652,0,0,0.0372,0.0506,0.543107453,0.721510586,0.0418,0.764717595,0.221610141,2
388,7,0.837193867,0.821397757,0.0525,0,0,1.051370545,1.050905953,0,0,0.414880202,0.197451384,0,0.193734652,0,0,0.0372,0.0506,0.543107453,0.721510586,0.0418,0.764717595,0.221610141,2
388,9,1.076392115,1.05608283,0.0675,0,0,1.35176213,1.351164797,0,0,0.533417402,0.253866065,0,0.24908741,0,0,0.0478,0.0651,0.698281012,0.927656468,0.0538,0.983208336,0.284927325,2
388,1,0.119599124,0.117342537,0.0075,0,0,0.150195792,0.150129422,0,0,0.0593,0.0282,0,0.0277,0,0,0.00531,0.00723,0.0776,0.103072941,0.00597,0.109245371,0.0317,3
388,8,0.956792991,0.938740293,0.06,0,0,1.201566337,1.201035375,0,0,0.474148802,0.225658724,0,0.221411031,0,0,0.0425,0.0579,0.620694232,0.824583527,0.0478,0.873962965,0.253268733,2
388,6,0.717594743,0.70405522,0.045,0,0,0.901174753,0.900776531,0,0,0.355611601,0.169244043,0,0.166058273,0,0,0.0319,0.0434,0.465520674,0.618437645,0.0358,0.655472224,0.18995155,2
388,9,1.076392115,1.05608283,0.0675,0,0,1.35176213,1.351164797,0,0,0.533417402,0.253866065,0,0.24908741,0,0,0.0478,0.0651,0.698281012,0.927656468,0.0538,0.983208336,0.284927325,2
388,7,0.837193867,0.821397757,0.0525,0,0,1.051370545,1.050905953,0,0,0.414880202,0.197451384,0,0.193734652,0,0,0.0372,0.0506,0.543107453,0.721510586,0.0418,0.764717595,0.221610141,2
388,7,0.837193867,0.821397757,0.0525,0,0,1.051370545,1.050905953,0,0,0.414880202,0.197451384,0,0.193734652,0,0,0.0372,0.0506,0.543107453,0.721510586,0.0418,0.764717595,0.221610141,2
388,9,1.076392115,1.05608283,0.0675,0,0,1.35176213,1.351164797,0,0,0.533417402,0.253866065,0,0.24908741,0,0,0.0478,0.0651,0.698281012,0.927656468,0.0538,0.983208336,0.284927325,2
388,7,0.837193867,0.821397757,0.0525,0,0,1.051370545,1.050905953,0,0,0.414880202,0.197451384,0,0.193734652,0,0,0.0372,0.0506,0.543107453,0.721510586,0.0418,0.764717595,0.221610141,2
388,6,0.717594743,0.70405522,0.045,0,0,0.901174753,0.900776531,0,0,0.355611601,0.169244043,0,0.166058273,0,0,0.0319,0.0434,0.465520674,0.618437645,0.0358,0.655472224,0.18995155,2
388,4,0.478396496,0.469370147,0.03,0,0,0.600783169,0.600517688,0,0,0.237074401,0.112829362,0,0.110705515,0,0,0.0212,0.0289,0.310347116,0.412291763,0.0239,0.436981483,0.126634366,3
388,8,0.956792991,0.938740293,0.06,0,0,1.201566337,1.201035375,0,0,0.474148802,0.225658724,0,0.221411031,0,0,0.0425,0.0579,0.620694232,0.824583527,0.0478,0.873962965,0.253268733,2
388,5,0.59799562,0.586712683,0.0375,0,0,0.750978961,0.750647109,0,0,0.296343001,0.141036703,0,0.138381894,0,0,0.0265,0.0362,0.387933895,0.515364704,0.0299,0.546226853,0.158292958,2
388,5,0.59799562,0.586712683,0.0375,0,0,0.750978961,0.750647109,0,0,0.296343001,0.141036703,0,0.138381894,0,0,0.0265,0.0362,0.387933895,0.515364704,0.0299,0.546226853,0.158292958,2
388,9,1.076392115,1.05608283,0.0675,0,0,1.35176213,1.351164797,0,0,0.533417402,0.253866065,0,0.24908741,0,0,0.0478,0.0651,0.698281012,0.927656468,0.0538,0.983208336,0.284927325,2
388,6,0.717594743,0.70405522,0.045,0,0,0.901174753,0.900776531,0,0,0.355611601,0.169244043,0,0.166058273,0,0,0.0319,0.0434,0.465520674,0.618437645,0.0358,0.655472224,0.18995155,2
388,5,0.59799562,0.586712683,0.0375,0,0,0.750978961,0.750647109,0,0,0.296343001,0.141036703,0,0.138381894,0,0,0.0265,0.0362,0.387933895,0.515364704,0.0299,0.546226853,0.158292958,2
388,9,1.076392115,1.05608283,0.0675,0,0,1.35176213,1.351164797,0,0,0.533417402,0.253866065,0,0.24908741,0,0,0.0478,0.0651,0.698281012,0.927656468,0.0538,0.983208336,0.284927325,2
388,8,0.956792991,0.938740293,0.06,0,0,1.201566337,1.201035375,0,0,0.474148802,0.225658724,0,0.221411031,0,0,0.0425,0.0579,0.620694232,0.824583527,0.0478,0.873962965,0.253268733,2
388,9,1.076392115,1.05608283,0.0675,0,0,1.35176213,1.351164797,0,0,0.533417402,0.253866065,0,0.24908741,0,0,0.0478,0.0651,0.698281012,0.927656468,0.0538,0.983208336,0.284927325,2
388,5,0.59799562,0.586712683,0.0375,0,0,0.750978961,0.750647109,0,0,0.296343001,0.141036703,0,0.138381894,0,0,0.0265,0.0362,0.387933895,0.515364704,0.0299,0.546226853,0.158292958,2
388,9,1.076392115,1.05608283,0.0675,0,0,1.35176213,1.351164797,0,0,0.533417402,0.253866065,0,0.24908741,0,0,0.0478,0.0651,0.698281012,0.927656468,0.0538,0.983208336,0.284927325,2
388,5,0.59799562,0.586712683,0.0375,0,0,0.750978961,0.750647109,0,0,0.296343001,0.141036703,0,0.138381894,0,0,0.0265,0.0362,0.387933895,0.515364704,0.0299,0.546226853,0.158292958,2
388,4,0.478396496,0.469370147,0.03,0,0,0.600783169,0.600517688,0,0,0.237074401,0.112829362,0,0.110705515,0,0,0.0212,0.0289,0.310347116,0.412291763,0.0239,0.436981483,0.126634366,3
388,5,0.59799562,0.586712683,0.0375,0,0,0.750978961,0.750647109,0,0,0.296343001,0.141036703,0,0.138381894,0,0,0.0265,0.0362,0.387933895,0.515364704,0.0299,0.546226853,0.158292958,2
388,6,0.717594743,0.70405522,0.045,0,0,0.901174753,0.900776531,0,0,0.355611601,0.169244043,0,0.166058273,0,0,0.0319,0.0434,0.465520674,0.618437645,0.0358,0.655472224,0.18995155,2
388,7,0.837193867,0.821397757,0.0525,0,0,1.051370545,1.050905953,0,0,0.414880202,0.197451384,0,0.193734652,0,0,0.0372,0.0506,0.543107453,0.721510586,0.0418,0.764717595,0.221610141,2
388,9,1.076392115,1.05608283,0.0675,0,0,1.35176213,1.351164797,0,0,0.533417402,0.253866065,0,0.24908741,0,0,0.0478,0.0651,0.698281012,0.927656468,0.0538,0.983208336,0.284927325,2
388,8,0.956792991,0.938740293,0.06,0,0,1.201566337,1.201035375,0,0,0.474148802,0.225658724,0,0.221411031,0,0,0.0425,0.0579,0.620694232,0.824583527,0.0478,0.873962965,0.253268733,2
388,8,0.956792991,0.938740293,0.06,0,0,1.201566337,1.201035375,0,0,0.474148802,0.225658724,0,0.221411031,0,0,0.0425,0.0579,0.620694232,0.824583527,0.0478,0.873962965,0.253268733,2
388,6,0.717594743,0.70405522,0.045,0,0,0.901174753,0.900776531,0,0,0.355611601,0.169244043,0,0.166058273,0,0,0.0319,0.0434,0.465520674,0.618437645,0.0358,0.655472224,0.18995155,2
388,9,1.076392115,1.05608283,0.0675,0,0,1.35176213,1.351164797,0,0,0.533417402,0.253866065,0,0.24908741,0,0,0.0478,0.0651,0.698281012,0.927656468,0.0538,0.983208336,0.284927325,2
388,5,0.59799562,0.586712683,0.0375,0,0,0.750978961,0.750647109,0,0,0.296343001,0.141036703,0,0.138381894,0,0,0.0265,0.0362,0.387933895,0.515364704,0.0299,0.546226853,0.158292958,2
388,5,0.59799562,0.586712683,0.0375,0,0,0.750978961,0.750647109,0,0,0.296343001,0.141036703,0,0.138381894,0,0,0.0265,0.0362,0.387933895,0.515364704,0.0299,0.546226853,0.158292958,2
388,6,0.717594743,0.70405522,0.045,0,0,0.901174753,0.900776531,0,0,0.355611601,0.169244043,0,0.166058273,0,0,0.0319,0.0434,0.465520674,0.618437645,0.0358,0.655472224,0.18995155,2
388,8,0.956792991,0.938740293,0.06,0,0,1.201566337,1.201035375,0,0,0.474148802,0.225658724,0,0.221411031,0,0,0.0425,0.0579,0.620694232,0.824583527,0.0478,0.873962965,0.253268733,2
388,9,1.076392115,1.05608283,0.0675,0,0,1.35176213,1.351164797,0,0,0.533417402,0.253866065,0,0.24908741,0,0,0.0478,0.0651,0.698281012,0.927656468,0.0538,0.983208336,0.284927325,2
388,5,0.59799562,0.586712683,0.0375,0,0,0.750978961,0.750647109,0,0,0.296343001,0.141036703,0,0.138381894,0,0,0.0265,0.0362,0.387933895,0.515364704,0.0299,0.546226853,0.158292958,2
388,7,0.837193867,0.821397757,0.0525,0,0,1.051370545,1.050905953,0,0,0.414880202,0.197451384,0,0.193734652,0,0,0.0372,0.0506,0.543107453,0.721510586,0.0418,0.764717595,0.221610141,2
388,1,0.119599124,0.117342537,0.0075,0,0,0.150195792,0.150129422,0,0,0.0593,0.0282,0,0.0277,0,0,0.00531,0.00723,0.0776,0.103072941,0.00597,0.109245371,0.0317,3
388,9,1.076392115,1.05608283,0.0675,0,0,1.35176213,1.351164797,0,0,0.533417402,0.253866065,0,0.24908741,0,0,0.0478,0.0651,0.698281012,0.927656468,0.0538,0.983208336,0.284927325,2
388,7,0.837193867,0.821397757,0.0525,0,0,1.051370545,1.050905953,0,0,0.414880202,0.197451384,0,0.193734652,0,0,0.0372,0.0506,0.543107453,0.721510586,0.0418,0.764717595,0.221610141,2
388,5,0.59799562,0.586712683,0.0375,0,0,0.750978961,0.750647109,0,0,0.296343001,0.141036703,0,0.138381894,0,0,0.0265,0.0362,0.387933895,0.515364704,0.0299,0.546226853,0.158292958,2
388,9,1.076392115,1.05608283,0.0675,0,0,1.35176213,1.351164797,0,0,0.533417402,0.253866065,0,0.24908741,0,0,0.0478,0.0651,0.698281012,0.927656468,0.0538,0.983208336,0.284927325,2
388,8,0.956792991,0.938740293,0.06,0,0,1.201566337,1.201035375,0,0,0.474148802,0.225658724,0,0.221411031,0,0,0.0425,0.0579,0.620694232,0.824583527,0.0478,0.873962965,0.253268733,2
388,6,0.717594743,0.70405522,0.045,0,0,0.901174753,0.900776531,0,0,0.355611601,0.169244043,0,0.166058273,0,0,0.0319,0.0434,0.465520674,0.618437645,0.0358,0.655472224,0.18995155,2
388,7,0.837193867,0.821397757,0.0525,0,0,1.051370545,1.050905953,0,0,0.414880202,0.197451384,0,0.193734652,0,0,0.0372,0.0506,0.543107453,0.721510586,0.0418,0.764717595,0.221610141,2
388,8,0.956792991,0.938740293,0.06,0,0,1.201566337,1.201035375,0,0,0.474148802,0.225658724,0,0.221411031,0,0,0.0425,0.0579,0.620694232,0.824583527,0.0478,0.873962965,0.253268733,2
388,7,0.837193867,0.821397757,0.0525,0,0,1.051370545,1.050905953,0,0,0.414880202,0.197451384,0,0.193734652,0,0,0.0372,0.0506,0.543107453,0.721510586,0.0418,0.764717595,0.221610141,2
388,8,0.956792991,0.938740293,0.06,0,0,1.201566337,1.201035375,0,0,0.474148802,0.225658724,0,0.221411031,0,0,0.0425,0.0579,0.620694232,0.824583527,0.0478,0.873962965,0.253268733,2
388,9,1.076392115,1.05608283,0.0675,0,0,1.35176213,1.351164797,0,0,0.533417402,0.253866065,0,0.24908741,0,0,0.0478,0.0651,0.698281012,0.927656468,0.0538,0.983208336,0.284927325,2
388,7,0.837193867,0.821397757,0.0525,0,0,1.051370545,1.050905953,0,0,0.414880202,0.197451384,0,0.193734652,0,0,0.0372,0.0506,0.543107453,0.721510586,0.0418,0.764717595,0.221610141,2
388,8,0.956792991,0.938740293,0.06,0,0,1.201566337,1.201035375,0,0,0.474148802,0.225658724,0,0.221411031,0,0,0.0425,0.0579,0.620694232,0.824583527,0.0478,0.873962965,0.253268733,2
388,8,0.956792991,0.938740293,0.06,0,0,1.201566337,1.201035375,0,0,0.474148802,0.225658724,0,0.221411031,0,0,0.0425,0.0579,0.620694232,0.824583527,0.0478,0.873962965,0.253268733,2
388,8,0.956792991,0.938740293,0.06,0,0,1.201566337,1.201035375,0,0,0.474148802,0.225658724,0,0.221411031,0,0,0.0425,0.0579,0.620694232,0.824583527,0.0478,0.873962965,0.253268733,2
388,7,0.837193867,0.821397757,0.0525,0,0,1.051370545,1.050905953,0,0,0.414880202,0.197451384,0,0.193734652,0,0,0.0372,0.0506,0.543107453,0.721510586,0.0418,0.764717595,0.221610141,2
388,8,0.956792991,0.938740293,0.06,0,0,1.201566337,1.201035375,0,0,0.474148802,0.225658724,0,0.221411031,0,0,0.0425,0.0579,0.620694232,0.824583527,0.0478,0.873962965,0.253268733,2
388,8,0.956792991,0.938740293,0.06,0,0,1.201566337,1.201035375,0,0,0.474148802,0.225658724,0,0.221411031,0,0,0.0425,0.0579,0.620694232,0.824583527,0.0478,0.873962965,0.253268733,2
388,9,1.076392115,1.05608283,0.0675,0,0,1.35176213,1.351164797,0,0,0.533417402,0.253866065,0,0.24908741,0,0,0.0478,0.0651,0.698281012,0.927656468,0.0538,0.983208336,0.284927325,2
388,8,0.956792991,0.938740293,0.06,0,0,1.201566337,1.201035375,0,0,0.474148802,0.225658724,0,0.221411031,0,0,0.0425,0.0579,0.620694232,0.824583527,0.0478,0.873962965,0.253268733,2
388,7,0.837193867,0.821397757,0.0525,0,0,1.051370545,1.050905953,0,0,0.414880202,0.197451384,0,0.193734652,0,0,0.0372,0.0506,0.543107453,0.721510586,0.0418,0.764717595,0.221610141,2
388,9,1.076392115,1.05608283,0.0675,0,0,1.35176213,1.351164797,0,0,0.533417402,0.253866065,0,0.24908741,0,0,0.0478,0.0651,0.698281012,0.927656468,0.0538,0.983208336,0.284927325,2
388,6,0.717594743,0.70405522,0.045,0,0,0.901174753,0.900776531,0,0,0.355611601,0.169244043,0,0.166058273,0,0,0.0319,0.0434,0.465520674,0.618437645,0.0358,0.655472224,0.18995155,2
388,8,0.956792991,0.938740293,0.06,0,0,1.201566337,1.201035375,0,0,0.474148802,0.225658724,0,0.221411031,0,0,0.0425,0.0579,0.620694232,0.824583527,0.0478,0.873962965,0.253268733,2
388,1,0.119599124,0.117342537,0.0075,0,0,0.150195792,0.150129422,0,0,0.0593,0.0282,0,0.0277,0,0,0.00531,0.00723,0.0776,0.103072941,0.00597,0.109245371,0.0317,3
388,5,0.59799562,0.586712683,0.0375,0,0,0.750978961,0.750647109,0,0,0.296343001,0.141036703,0,0.138381894,0,0,0.0265,0.0362,0.387933895,0.515364704,0.0299,0.546226853,0.158292958,2
388,8,0.956792991,0.938740293,0.06,0,0,1.201566337,1.201035375,0,0,0.474148802,0.225658724,0,0.221411031,0,0,0.0425,0.0579,0.620694232,0.824583527,0.0478,0.873962965,0.253268733,2
388,7,0.837193867,0.821397757,0.0525,0,0,1.051370545,1.050905953,0,0,0.414880202,0.197451384,0,0.193734652,0,0,0.0372,0.0506,0.543107453,0.721510586,0.0418,0.764717595,0.221610141,2
388,8,0.956792991,0.938740293,0.06,0,0,1.201566337,1.201035375,0,0,0.474148802,0.225658724,0,0.221411031,0,0,0.0425,0.0579,0.620694232,0.824583527,0.0478,0.873962965,0.253268733,2
388,7,0.837193867,0.821397757,0.0525,0,0,1.051370545,1.050905953,0,0,0.414880202,0.197451384,0,0.193734652,0,0,0.0372,0.0506,0.543107453,0.721510586,0.0418,0.764717595,0.221610141,2
388,9,1.076392115,1.05608283,0.0675,0,0,1.35176213,1.351164797,0,0,0.533417402,0.253866065,0,0.24908741,0,0,0.0478,0.0651,0.698281012,0.927656468,0.0538,0.983208336,0.284927325,2
388,9,1.076392115,1.05608283,0.0675,0,0,1.35176213,1.351164797,0,0,0.533417402,0.253866065,0,0.24908741,0,0,0.0478,0.0651,0.698281012,0.927656468,0.0538,0.983208336,0.284927325,2
388,9,1.076392115,1.05608283,0.0675,0,0,1.35176213,1.351164797,0,0,0.533417402,0.253866065,0,0.24908741,0,0,0.0478,0.0651,0.698281012,0.927656468,0.0538,0.983208336,0.284927325,2
388,7,0.837193867,0.821397757,0.0525,0,0,1.051370545,1.050905953,0,0,0.414880202,0.197451384,0,0.193734652,0,0,0.0372,0.0506,0.543107453,0.721510586,0.0418,0.764717595,0.221610141,2
388,7,0.837193867,0.821397757,0.0525,0,0,1.051370545,1.050905953,0,0,0.414880202,0.197451384,0,0.193734652,0,0,0.0372,0.0506,0.543107453,0.721510586,0.0418,0.764717595,0.221610141,2
388,9,1.076392115,1.05608283,0.0675,0,0,1.35176213,1.351164797,0,0,0.533417402,0.253866065,0,0.24908741,0,0,0.0478,0.0651,0.698281012,0.927656468,0.0538,0.983208336,0.284927325,2
388,9,1.076392115,1.05608283,0.0675,0,0,1.35176213,1.351164797,0,0,0.533417402,0.253866065,0,0.24908741,0,0,0.0478,0.0651,0.698281012,0.927656468,0.0538,0.983208336,0.284927325,2
388,6,0.717594743,0.70405522,0.045,0,0,0.901174753,0.900776531,0,0,0.355611601,0.169244043,0,0.166058273,0,0,0.0319,0.0434,0.465520674,0.618437645,0.0358,0.655472224,0.18995155,2
388,8,0.956792991,0.938740293,0.06,0,0,1.201566337,1.201035375,0,0,0.474148802,0.225658724,0,0.221411031,0,0,0.0425,0.0579,0.620694232,0.824583527,0.0478,0.873962965,0.253268733,2
388,9,1.076392115,1.05608283,0.0675,0,0,1.35176213,1.351164797,0,0,0.533417402,0.253866065,0,0.24908741,0,0,0.0478,0.0651,0.698281012,0.927656468,0.0538,0.983208336,0.284927325,2
388,7,0.837193867,0.821397757,0.0525,0,0,1.051370545,1.050905953,0,0,0.414880202,0.197451384,0,0.193734652,0,0,0.0372,0.0506,0.543107453,0.721510586,0.0418,0.764717595,0.221610141,2
388,9,1.076392115,1.05608283,0.0675,0,0,1.35176213,1.351164797,0,0,0.533417402,0.253866065,0,0.24908741,0,0,0.0478,0.0651,0.698281012,0.927656468,0.0538,0.983208336,0.284927325,2
388,5,0.59799562,0.586712683,0.0375,0,0,0.750978961,0.750647109,0,0,0.296343001,0.141036703,0,0.138381894,0,0,0.0265,0.0362,0.387933895,0.515364704,0.0299,0.546226853,0.158292958,2
388,8,0.956792991,0.938740293,0.06,0,0,1.201566337,1.201035375,0,0,0.474148802,0.225658724,0,0.221411031,0,0,0.0425,0.0579,0.620694232,0.824583527,0.0478,0.873962965,0.253268733,2
388,8,0.956792991,0.938740293,0.06,0,0,1.201566337,1.201035375,0,0,0.474148802,0.225658724,0,0.221411031,0,0,0.0425,0.0579,0.620694232,0.824583527,0.0478,0.873962965,0.253268733,2
388,8,0.956792991,0.938740293,0.06,0,0,1.201566337,1.201035375,0,0,0.474148802,0.225658724,0,0.221411031,0,0,0.0425,0.0579,0.620694232,0.824583527,0.0478,0.873962965,0.253268733,2
388,7,0.837193867,0.821397757,0.0525,0,0,1.051370545,1.050905953,0,0,0.414880202,0.197451384,0,0.193734652,0,0,0.0372,0.0506,0.543107453,0.721510586,0.0418,0.764717595,0.221610141,2
388,9,1.076392115,1.05608283,0.0675,0,0,1.35176213,1.351164797,0,0,0.533417402,0.253866065,0,0.24908741,0,0,0.0478,0.0651,0.698281012,0.927656468,0.0538,0.983208336,0.284927325,2
388,7,0.837193867,0.821397757,0.0525,0,0,1.051370545,1.050905953,0,0,0.414880202,0.197451384,0,0.193734652,0,0,0.0372,0.0506,0.543107453,0.721510586,0.0418,0.764717595,0.221610141,2
388,6,0.717594743,0.70405522,0.045,0,0,0.901174753,0.900776531,0,0,0.355611601,0.169244043,0,0.166058273,0,0,0.0319,0.0434,0.465520674,0.618437645,0.0358,0.655472224,0.18995155,2
388,6,0.717594743,0.70405522,0.045,0,0,0.901174753,0.900776531,0,0,0.355611601,0.169244043,0,0.166058273,0,0,0.0319,0.0434,0.465520674,0.618437645,0.0358,0.655472224,0.18995155,2
388,8,0.956792991,0.938740293,0.06,0,0,1.201566337,1.201035375,0,0,0.474148802,0.225658724,0,0.221411031,0,0,0.0425,0.0579,0.620694232,0.824583527,0.0478,0.873962965,0.253268733,2
388,9,1.076392115,1.05608283,0.0675,0,0,1.35176213,1.351164797,0,0,0.533417402,0.253866065,0,0.24908741,0,0,0.0478,0.0651,0.698281012,0.927656468,0.0538,0.983208336,0.284927325,2
388,6,0.717594743,0.70405522,0.045,0,0,0.901174753,0.900776531,0,0,0.355611601,0.169244043,0,0.166058273,0,0,0.0319,0.0434,0.465520674,0.618437645,0.0358,0.655472224,0.18995155,2
388,4,0.478396496,0.469370147,0.03,0,0,0.600783169,0.600517688,0,0,0.237074401,0.112829362,0,0.110705515,0,0,0.0212,0.0289,0.310347116,0.412291763,0.0239,0.436981483,0.126634366,3
388,9,1.076392115,1.05608283,0.0675,0,0,1.35176213,1.351164797,0,0,0.533417402,0.253866065,0,0.24908741,0,0,0.0478,0.0651,0.698281012,0.927656468,0.0538,0.983208336,0.284927325,2
388,8,0.956792991,0.938740293,0.06,0,0,1.201566337,1.201035375,0,0,0.474148802,0.225658724,0,0.221411031,0,0,0.0425,0.0579,0.620694232,0.824583527,0.0478,0.873962965,0.253268733,2
388,9,1.076392115,1.05608283,0.0675,0,0,1.35176213,1.351164797,0,0,0.533417402,0.253866065,0,0.24908741,0,0,0.0478,0.0651,0.698281012,0.927656468,0.0538,0.983208336,0.284927325,2
388,5,0.59799562,0.586712683,0.0375,0,0,0.750978961,0.750647109,0,0,0.296343001,0.141036703,0,0.138381894,0,0,0.0265,0.0362,0.387933895,0.515364704,0.0299,0.546226853,0.158292958,2
388,8,0.956792991,0.938740293,0.06,0,0,1.201566337,1.201035375,0,0,0.474148802,0.225658724,0,0.221411031,0,0,0.0425,0.0579,0.620694232,0.824583527,0.0478,0.873962965,0.253268733,2
388,9,1.076392115,1.05608283,0.0675,0,0,1.35176213,1.351164797,0,0,0.533417402,0.253866065,0,0.24908741,0,0,0.0478,0.0651,0.698281012,0.927656468,0.0538,0.983208336,0.284927325,2
388,9,1.076392115,1.05608283,0.0675,0,0,1.35176213,1.351164797,0,0,0.533417402,0.253866065,0,0.24908741,0,0,0.0478,0.0651,0.698281012,0.927656468,0.0538,0.983208336,0.284927325,2
388,8,0.956792991,0.938740293,0.06,0,0,1.201566337,1.201035375,0,0,0.474148802,0.225658724,0,0.221411031,0,0,0.0425,0.0579,0.620694232,0.824583527,0.0478,0.873962965,0.253268733,2
388,9,1.076392115,1.05608283,0.0675,0,0,1.35176213,1.351164797,0,0,0.533417402,0.253866065,0,0.24908741,0,0,0.0478,0.0651,0.698281012,0.927656468,0.0538,0.983208336,0.284927325,2
388,6,0.717594743,0.70405522,0.045,0,0,0.901174753,0.900776531,0,0,0.355611601,0.169244043,0,0.166058273,0,0,0.0319,0.0434,0.465520674,0.618437645,0.0358,0.655472224,0.18995155,2
388,9,1.076392115,1.05608283,0.0675,0,0,1.35176213,1.351164797,0,0,0.533417402,0.253866065,0,0.24908741,0,0,0.0478,0.0651,0.698281012,0.927656468,0.0538,0.983208336,0.284927325,2
388,8,0.956792991,0.938740293,0.06,0,0,1.201566337,1.201035375,0,0,0.474148802,0.225658724,0,0.221411031,0,0,0.0425,0.0579,0.620694232,0.824583527,0.0478,0.873962965,0.253268733,2
388,5,0.59799562,0.586712683,0.0375,0,0,0.750978961,0.750647109,0,0,0.296343001,0.141036703,0,0.138381894,0,0,0.0265,0.0362,0.387933895,0.515364704,0.0299,0.546226853,0.158292958,2
388,9,1.076392115,1.05608283,0.0675,0,0,1.35176213,1.351164797,0,0,0.533417402,0.253866065,0,0.24908741,0,0,0.0478,0.0651,0.698281012,0.927656468,0.0538,0.983208336,0.284927325,2
388,5,0.59799562,0.586712683,0.0375,0,0,0.750978961,0.750647109,0,0,0.296343001,0.141036703,0,0.138381894,0,0,0.0265,0.0362,0.387933895,0.515364704,0.0299,0.546226853,0.158292958,2
388,6,0.717594743,0.70405522,0.045,0,0,0.901174753,0.900776531,0,0,0.355611601,0.169244043,0,0.166058273,0,0,0.0319,0.0434,0.465520674,0.618437645,0.0358,0.655472224,0.18995155,2
388,9,1.076392115,1.05608283,0.0675,0,0,1.35176213,1.351164797,0,0,0.533417402,0.253866065,0,0.24908741,0,0,0.0478,0.0651,0.698281012,0.927656468,0.0538,0.983208336,0.284927325,2
388,9,1.076392115,1.05608283,0.0675,0,0,1.35176213,1.351164797,0,0,0.533417402,0.253866065,0,0.24908741,0,0,0.0478,0.0651,0.698281012,0.927656468,0.0538,0.983208336,0.284927325,2
388,9,1.076392115,1.05608283,0.0675,0,0,1.35176213,1.351164797,0,0,0.533417402,0.253866065,0,0.24908741,0,0,0.0478,0.0651,0.698281012,0.927656468,0.0538,0.983208336,0.284927325,2
388,7,0.837193867,0.821397757,0.0525,0,0,1.051370545,1.050905953,0,0,0.414880202,0.197451384,0,0.193734652,0,0,0.0372,0.0506,0.543107453,0.721510586,0.0418,0.764717595,0.221610141,2
388,9,1.076392115,1.05608283,0.0675,0,0,1.35176213,1.351164797,0,0,0.533417402,0.253866065,0,0.24908741,0,0,0.0478,0.0651,0.698281012,0.927656468,0.0538,0.983208336,0.284927325,2
388,8,0.956792991,0.938740293,0.06,0,0,1.201566337,1.201035375,0,0,0.474148802,0.225658724,0,0.221411031,0,0,0.0425,0.0579,0.620694232,0.824583527,0.0478,0.873962965,0.253268733,2
388,7,0.837193867,0.821397757,0.0525,0,0,1.051370545,1.050905953,0,0,0.414880202,0.197451384,0,0.193734652,0,0,0.0372,0.0506,0.543107453,0.721510586,0.0418,0.764717595,0.221610141,2
388,9,1.076392115,1.05608283,0.0675,0,0,1.35176213,1.351164797,0,0,0.533417402,0.253866065,0,0.24908741,0,0,0.0478,0.0651,0.698281012,0.927656468,0.0538,0.983208336,0.284927325,2
388,8,0.956792991,0.938740293,0.06,0,0,1.201566337,1.201035375,0,0,0.474148802,0.225658724,0,0.221411031,0,0,0.0425,0.0579,0.620694232,0.824583527,0.0478,0.873962965,0.253268733,2
388,9,1.076392115,1.05608283,0.0675,0,0,1.35176213,1.351164797,0,0,0.533417402,0.253866065,0,0.24908741,0,0,0.0478,0.0651,0.698281012,0.927656468,0.0538,0.983208336,0.284927325,2
388,7,0.837193867,0.821397757,0.0525,0,0,1.051370545,1.050905953,0,0,0.414880202,0.197451384,0,0.193734652,0,0,0.0372,0.0506,0.543107453,0.721510586,0.0418,0.764717595,0.221610141,2
388,7,0.837193867,0.821397757,0.0525,0,0,1.051370545,1.050905953,0,0,0.414880202,0.197451384,0,0.193734652,0,0,0.0372,0.0506,0.543107453,0.721510586,0.0418,0.764717595,0.221610141,2
388,7,0.837193867,0.821397757,0.0525,0,0,1.051370545,1.050905953,0,0,0.414880202,0.197451384,0,0.193734652,0,0,0.0372,0.0506,0.543107453,0.721510586,0.0418,0.764717595,0.221610141,2
388,9,1.076392115,1.05608283,0.0675,0,0,1.35176213,1.351164797,0,0,0.533417402,0.253866065,0,0.24908741,0,0,0.0478,0.0651,0.698281012,0.927656468,0.0538,0.983208336,0.284927325,2
388,5,0.59799562,0.586712683,0.0375,0,0,0.750978961,0.750647109,0,0,0.296343001,0.141036703,0,0.138381894,0,0,0.0265,0.0362,0.387933895,0.515364704,0.0299,0.546226853,0.158292958,2
388,5,0.59799562,0.586712683,0.0375,0,0,0.750978961,0.750647109,0,0,0.296343001,0.141036703,0,0.138381894,0,0,0.0265,0.0362,0.387933895,0.515364704,0.0299,0.546226853,0.158292958,2
388,8,0.956792991,0.938740293,0.06,0,0,1.201566337,1.201035375,0,0,0.474148802,0.225658724,0,0.221411031,0,0,0.0425,0.0579,0.620694232,0.824583527,0.0478,0.873962965,0.253268733,2
388,3,0.358797372,0.35202761,0.0225,0,0,0.450587377,0.450388266,0,0,0.177805801,0.0846,0,0.083,0,0,0.0159,0.0217,0.232760337,0.309218823,0.0179,0.327736112,0.095,3
388,4,0.478396496,0.469370147,0.03,0,0,0.600783169,0.600517688,0,0,0.237074401,0.112829362,0,0.110705515,0,0,0.0212,0.0289,0.310347116,0.412291763,0.0239,0.436981483,0.126634366,3
388,8,0.956792991,0.938740293,0.06,0,0,1.201566337,1.201035375,0,0,0.474148802,0.225658724,0,0.221411031,0,0,0.0425,0.0579,0.620694232,0.824583527,0.0478,0.873962965,0.253268733,2
388,7,0.837193867,0.821397757,0.0525,0,0,1.051370545,1.050905953,0,0,0.414880202,0.197451384,0,0.193734652,0,0,0.0372,0.0506,0.543107453,0.721510586,0.0418,0.764717595,0.221610141,2
388,8,0.956792991,0.938740293,0.06,0,0,1.201566337,1.201035375,0,0,0.474148802,0.225658724,0,0.221411031,0,0,0.0425,0.0579,0.620694232,0.824583527,0.0478,0.873962965,0.253268733,2
388,6,0.717594743,0.70405522,0.045,0,0,0.901174753,0.900776531,0,0,0.355611601,0.169244043,0,0.166058273,0,0,0.0319,0.0434,0.465520674,0.618437645,0.0358,0.655472224,0.18995155,2
388,7,0.837193867,0.821397757,0.0525,0,0,1.051370545,1.050905953,0,0,0.414880202,0.197451384,0,0.193734652,0,0,0.0372,0.0506,0.543107453,0.721510586,0.0418,0.764717595,0.221610141,2
388,9,1.076392115,1.05608283,0.0675,0,0,1.35176213,1.351164797,0,0,0.533417402,0.253866065,0,0.24908741,0,0,0.0478,0.0651,0.698281012,0.927656468,0.0538,0.983208336,0.284927325,2
388,9,1.076392115,1.05608283,0.0675,0,0,1.35176213,1.351164797,0,0,0.533417402,0.253866065,0,0.24908741,0,0,0.0478,0.0651,0.698281012,0.927656468,0.0538,0.983208336,0.284927325,2
388,4,0.478396496,0.469370147,0.03,0,0,0.600783169,0.600517688,0,0,0.237074401,0.112829362,0,0.110705515,0,0,0.0212,0.0289,0.310347116,0.412291763,0.0239,0.436981483,0.126634366,3
293,8,0.390274808,0,0.216678546,0,1.352023442,0.231250495,0,0,0,0,1.174625802,1.370396769,0.189435337,0,0,0,0,0.802090758,0.881286133,0.0507,1.002296666,0.338956205,3
293,5,0.243921755,0,0.135424091,0,0.845014651,0.144531559,0,0,0,0,0.734141126,0.856497981,0.118397086,0,0,0,0,0.501306724,0.550803833,0.0317,0.626435416,0.211847628,3
293,7,0.341490457,0,0.189593728,0,1.183020511,0.202344183,0,0,0,0,1.027797577,1.199097173,0.16575592,0,0,0,0,0.701829413,0.771125366,0.0443,0.877009583,0.296586679,3
293,8,0.390274808,0,0.216678546,0,1.352023442,0.231250495,0,0,0,0,1.174625802,1.370396769,0.189435337,0,0,0,0,0.802090758,0.881286133,0.0507,1.002296666,0.338956205,3
293,7,0.341490457,0,0.189593728,0,1.183020511,0.202344183,0,0,0,0,1.027797577,1.199097173,0.16575592,0,0,0,0,0.701829413,0.771125366,0.0443,0.877009583,0.296586679,3
293,9,0.439059159,0,0.243763364,0,1.521026372,0.260156807,0,0,0,0,1.321454027,1.541696365,0.213114754,0,0,0,0,0.902352103,0.9914469,0.057,1.127583749,0.381325731,3
293,6,0.292706106,0,0.16250891,0,1.014017581,0.173437871,0,0,0,0,0.880969351,1.027797577,0.142076503,0,0,0,0,0.601568068,0.6609646,0.038,0.751722499,0.254217154,3
293,8,0.390274808,0,0.216678546,0,1.352023442,0.231250495,0,0,0,0,1.174625802,1.370396769,0.189435337,0,0,0,0,0.802090758,0.881286133,0.0507,1.002296666,0.338956205,3
293,9,0.439059159,0,0.243763364,0,1.521026372,0.260156807,0,0,0,0,1.321454027,1.541696365,0.213114754,0,0,0,0,0.902352103,0.9914469,0.057,1.127583749,0.381325731,3
293,5,0.243921755,0,0.135424091,0,0.845014651,0.144531559,0,0,0,0,0.734141126,0.856497981,0.118397086,0,0,0,0,0.501306724,0.550803833,0.0317,0.626435416,0.211847628,3
293,7,0.341490457,0,0.189593728,0,1.183020511,0.202344183,0,0,0,0,1.027797577,1.199097173,0.16575592,0,0,0,0,0.701829413,0.771125366,0.0443,0.877009583,0.296586679,3
293,8,0.390274808,0,0.216678546,0,1.352023442,0.231250495,0,0,0,0,1.174625802,1.370396769,0.189435337,0,0,0,0,0.802090758,0.881286133,0.0507,1.002296666,0.338956205,3
293,7,0.341490457,0,0.189593728,0,1.183020511,0.202344183,0,0,0,0,1.027797577,1.199097173,0.16575592,0,0,0,0,0.701829413,0.771125366,0.0443,0.877009583,0.296586679,3
293,8,0.390274808,0,0.216678546,0,1.352023442,0.231250495,0,0,0,0,1.174625802,1.370396769,0.189435337,0,0,0,0,0.802090758,0.881286133,0.0507,1.002296666,0.338956205,3
293,7,0.341490457,0,0.189593728,0,1.183020511,0.202344183,0,0,0,0,1.027797577,1.199097173,0.16575592,0,0,0,0,0.701829413,0.771125366,0.0443,0.877009583,0.296586679,3
293,8,0.390274808,0,0.216678546,0,1.352023442,0.231250495,0,0,0,0,1.174625802,1.370396769,0.189435337,0,0,0,0,0.802090758,0.881286133,0.0507,1.002296666,0.338956205,3
293,6,0.292706106,0,0.16250891,0,1.014017581,0.173437871,0,0,0,0,0.880969351,1.027797577,0.142076503,0,0,0,0,0.601568068,0.6609646,0.038,0.751722499,0.254217154,3
293,8,0.390274808,0,0.216678546,0,1.352023442,0.231250495,0,0,0,0,1.174625802,1.370396769,0.189435337,0,0,0,0,0.802090758,0.881286133,0.0507,1.002296666,0.338956205,3
293,7,0.341490457,0,0.189593728,0,1.183020511,0.202344183,0,0,0,0,1.027797577,1.199097173,0.16575592,0,0,0,0,0.701829413,0.771125366,0.0443,0.877009583,0.296586679,3
293,7,0.341490457,0,0.189593728,0,1.183020511,0.202344183,0,0,0,0,1.027797577,1.199097173,0.16575592,0,0,0,0,0.701829413,0.771125366,0.0443,0.877009583,0.296586679,3
293,9,0.439059159,0,0.243763364,0,1.521026372,0.260156807,0,0,0,0,1.321454027,1.541696365,0.213114754,0,0,0,0,0.902352103,0.9914469,0.057,1.127583749,0.381325731,3
293,5,0.243921755,0,0.135424091,0,0.845014651,0.144531559,0,0,0,0,0.734141126,0.856497981,0.118397086,0,0,0,0,0.501306724,0.550803833,0.0317,0.626435416,0.211847628,3
293,8,0.390274808,0,0.216678546,0,1.352023442,0.231250495,0,0,0,0,1.174625802,1.370396769,0.189435337,0,0,0,0,0.802090758,0.881286133,0.0507,1.002296666,0.338956205,3
293,9,0.439059159,0,0.243763364,0,1.521026372,0.260156807,0,0,0,0,1.321454027,1.541696365,0.213114754,0,0,0,0,0.902352103,0.9914469,0.057,1.127583749,0.381325731,3
293,9,0.439059159,0,0.243763364,0,1.521026372,0.260156807,0,0,0,0,1.321454027,1.541696365,0.213114754,0,0,0,0,0.902352103,0.9914469,0.057,1.127583749,0.381325731,3
293,7,0.341490457,0,0.189593728,0,1.183020511,0.202344183,0,0,0,0,1.027797577,1.199097173,0.16575592,0,0,0,0,0.701829413,0.771125366,0.0443,0.877009583,0.296586679,3
293,8,0.390274808,0,0.216678546,0,1.352023442,0.231250495,0,0,0,0,1.174625802,1.370396769,0.189435337,0,0,0,0,0.802090758,0.881286133,0.0507,1.002296666,0.338956205,3
293,8,0.390274808,0,0.216678546,0,1.352023442,0.231250495,0,0,0,0,1.174625802,1.370396769,0.189435337,0,0,0,0,0.802090758,0.881286133,0.0507,1.002296666,0.338956205,3
293,6,0.292706106,0,0.16250891,0,1.014017581,0.173437871,0,0,0,0,0.880969351,1.027797577,0.142076503,0,0,0,0,0.601568068,0.6609646,0.038,0.751722499,0.254217154,3
293,9,0.439059159,0,0.243763364,0,1.521026372,0.260156807,0,0,0,0,1.321454027,1.541696365,0.213114754,0,0,0,0,0.902352103,0.9914469,0.057,1.127583749,0.381325731,3
293,8,0.390274808,0,0.216678546,0,1.352023442,0.231250495,0,0,0,0,1.174625802,1.370396769,0.189435337,0,0,0,0,0.802090758,0.881286133,0.0507,1.002296666,0.338956205,3
293,7,0.341490457,0,0.189593728,0,1.183020511,0.202344183,0,0,0,0,1.027797577,1.199097173,0.16575592,0,0,0,0,0.701829413,0.771125366,0.0443,0.877009583,0.296586679,3
293,6,0.292706106,0,0.16250891,0,1.014017581,0.173437871,0,0,0,0,0.880969351,1.027797577,0.142076503,0,0,0,0,0.601568068,0.6609646,0.038,0.751722499,0.254217154,3
293,9,0.439059159,0,0.243763364,0,1.521026372,0.260156807,0,0,0,0,1.321454027,1.541696365,0.213114754,0,0,0,0,0.902352103,0.9914469,0.057,1.127583749,0.381325731,3
293,9,0.439059159,0,0.243763364,0,1.521026372,0.260156807,0,0,0,0,1.321454027,1.541696365,0.213114754,0,0,0,0,0.902352103,0.9914469,0.057,1.127583749,0.381325731,3
293,8,0.390274808,0,0.216678546,0,1.352023442,0.231250495,0,0,0,0,1.174625802,1.370396769,0.189435337,0,0,0,0,0.802090758,0.881286133,0.0507,1.002296666,0.338956205,3
293,9,0.439059159,0,0.243763364,0,1.521026372,0.260156807,0,0,0,0,1.321454027,1.541696365,0.213114754,0,0,0,0,0.902352103,0.9914469,0.057,1.127583749,0.381325731,3
293,9,0.439059159,0,0.243763364,0,1.521026372,0.260156807,0,0,0,0,1.321454027,1.541696365,0.213114754,0,0,0,0,0.902352103,0.9914469,0.057,1.127583749,0.381325731,3
293,8,0.390274808,0,0.216678546,0,1.352023442,0.231250495,0,0,0,0,1.174625802,1.370396769,0.189435337,0,0,0,0,0.802090758,0.881286133,0.0507,1.002296666,0.338956205,3
293,7,0.341490457,0,0.189593728,0,1.183020511,0.202344183,0,0,0,0,1.027797577,1.199097173,0.16575592,0,0,0,0,0.701829413,0.771125366,0.0443,0.877009583,0.296586679,3
293,7,0.341490457,0,0.189593728,0,1.183020511,0.202344183,0,0,0,0,1.027797577,1.199097173,0.16575592,0,0,0,0,0.701829413,0.771125366,0.0443,0.877009583,0.296586679,3
293,9,0.439059159,0,0.243763364,0,1.521026372,0.260156807,0,0,0,0,1.321454027,1.541696365,0.213114754,0,0,0,0,0.902352103,0.9914469,0.057,1.127583749,0.381325731,3
293,9,0.439059159,0,0.243763364,0,1.521026372,0.260156807,0,0,0,0,1.321454027,1.541696365,0.213114754,0,0,0,0,0.902352103,0.9914469,0.057,1.127583749,0.381325731,3
293,9,0.439059159,0,0.243763364,0,1.521026372,0.260156807,0,0,0,0,1.321454027,1.541696365,0.213114754,0,0,0,0,0.902352103,0.9914469,0.057,1.127583749,0.381325731,3
293,6,0.292706106,0,0.16250891,0,1.014017581,0.173437871,0,0,0,0,0.880969351,1.027797577,0.142076503,0,0,0,0,0.601568068,0.6609646,0.038,0.751722499,0.254217154,3
293,9,0.439059159,0,0.243763364,0,1.521026372,0.260156807,0,0,0,0,1.321454027,1.541696365,0.213114754,0,0,0,0,0.902352103,0.9914469,0.057,1.127583749,0.381325731,3
293,7,0.341490457,0,0.189593728,0,1.183020511,0.202344183,0,0,0,0,1.027797577,1.199097173,0.16575592,0,0,0,0,0.701829413,0.771125366,0.0443,0.877009583,0.296586679,3
293,8,0.390274808,0,0.216678546,0,1.352023442,0.231250495,0,0,0,0,1.174625802,1.370396769,0.189435337,0,0,0,0,0.802090758,0.881286133,0.0507,1.002296666,0.338956205,3
293,7,0.341490457,0,0.189593728,0,1.183020511,0.202344183,0,0,0,0,1.027797577,1.199097173,0.16575592,0,0,0,0,0.701829413,0.771125366,0.0443,0.877009583,0.296586679,3
293,7,0.341490457,0,0.189593728,0,1.183020511,0.202344183,0,0,0,0,1.027797577,1.199097173,0.16575592,0,0,0,0,0.701829413,0.771125366,0.0443,0.877009583,0.296586679,3
293,9,0.439059159,0,0.243763364,0,1.521026372,0.260156807,0,0,0,0,1.321454027,1.541696365,0.213114754,0,0,0,0,0.902352103,0.9914469,0.057,1.127583749,0.381325731,3
293,9,0.439059159,0,0.243763364,0,1.521026372,0.260156807,0,0,0,0,1.321454027,1.541696365,0.213114754,0,0,0,0,0.902352103,0.9914469,0.057,1.127583749,0.381325731,3
293,8,0.390274808,0,0.216678546,0,1.352023442,0.231250495,0,0,0,0,1.174625802,1.370396769,0.189435337,0,0,0,0,0.802090758,0.881286133,0.0507,1.002296666,0.338956205,3
293,8,0.390274808,0,0.216678546,0,1.352023442,0.231250495,0,0,0,0,1.174625802,1.370396769,0.189435337,0,0,0,0,0.802090758,0.881286133,0.0507,1.002296666,0.338956205,3
293,5,0.243921755,0,0.135424091,0,0.845014651,0.144531559,0,0,0,0,0.734141126,0.856497981,0.118397086,0,0,0,0,0.501306724,0.550803833,0.0317,0.626435416,0.211847628,3
293,4,0.195137404,0,0.108339273,0,0.676011721,0.115625247,0,0,0,0,0.587312901,0.685198384,0.0947,0,0,0,0,0.401045379,0.440643066,0.0253,0.501148333,0.169478103,3
293,9,0.439059159,0,0.243763364,0,1.521026372,0.260156807,0,0,0,0,1.321454027,1.541696365,0.213114754,0,0,0,0,0.902352103,0.9914469,0.057,1.127583749,0.381325731,3
293,9,0.439059159,0,0.243763364,0,1.521026372,0.260156807,0,0,0,0,1.321454027,1.541696365,0.213114754,0,0,0,0,0.902352103,0.9914469,0.057,1.127583749,0.381325731,3
293,9,0.439059159,0,0.243763364,0,1.521026372,0.260156807,0,0,0,0,1.321454027,1.541696365,0.213114754,0,0,0,0,0.902352103,0.9914469,0.057,1.127583749,0.381325731,3
293,6,0.292706106,0,0.16250891,0,1.014017581,0.173437871,0,0,0,0,0.880969351,1.027797577,0.142076503,0,0,0,0,0.601568068,0.6609646,0.038,0.751722499,0.254217154,3
293,9,0.439059159,0,0.243763364,0,1.521026372,0.260156807,0,0,0,0,1.321454027,1.541696365,0.213114754,0,0,0,0,0.902352103,0.9914469,0.057,1.127583749,0.381325731,3
293,9,0.439059159,0,0.243763364,0,1.521026372,0.260156807,0,0,0,0,1.321454027,1.541696365,0.213114754,0,0,0,0,0.902352103,0.9914469,0.057,1.127583749,0.381325731,3
293,8,0.390274808,0,0.216678546,0,1.352023442,0.231250495,0,0,0,0,1.174625802,1.370396769,0.189435337,0,0,0,0,0.802090758,0.881286133,0.0507,1.002296666,0.338956205,3
293,6,0.292706106,0,0.16250891,0,1.014017581,0.173437871,0,0,0,0,0.880969351,1.027797577,0.142076503,0,0,0,0,0.601568068,0.6609646,0.038,0.751722499,0.254217154,3
293,5,0.243921755,0,0.135424091,0,0.845014651,0.144531559,0,0,0,0,0.734141126,0.856497981,0.118397086,0,0,0,0,0.501306724,0.550803833,0.0317,0.626435416,0.211847628,3
293,9,0.439059159,0,0.243763364,0,1.521026372,0.260156807,0,0,0,0,1.321454027,1.541696365,0.213114754,0,0,0,0,0.902352103,0.9914469,0.057,1.127583749,0.381325731,3
293,9,0.439059159,0,0.243763364,0,1.521026372,0.260156807,0,0,0,0,1.321454027,1.541696365,0.213114754,0,0,0,0,0.902352103,0.9914469,0.057,1.127583749,0.381325731,3
293,4,0.195137404,0,0.108339273,0,0.676011721,0.115625247,0,0,0,0,0.587312901,0.685198384,0.0947,0,0,0,0,0.401045379,0.440643066,0.0253,0.501148333,0.169478103,3
293,9,0.439059159,0,0.243763364,0,1.521026372,0.260156807,0,0,0,0,1.321454027,1.541696365,0.213114754,0,0,0,0,0.902352103,0.9914469,0.057,1.127583749,0.381325731,3
293,9,0.439059159,0,0.243763364,0,1.521026372,0.260156807,0,0,0,0,1.321454027,1.541696365,0.213114754,0,0,0,0,0.902352103,0.9914469,0.057,1.127583749,0.381325731,3
293,9,0.439059159,0,0.243763364,0,1.521026372,0.260156807,0,0,0,0,1.321454027,1.541696365,0.213114754,0,0,0,0,0.902352103,0.9914469,0.057,1.127583749,0.381325731,3
293,5,0.243921755,0,0.135424091,0,0.845014651,0.144531559,0,0,0,0,0.734141126,0.856497981,0.118397086,0,0,0,0,0.501306724,0.550803833,0.0317,0.626435416,0.211847628,3
293,8,0.390274808,0,0.216678546,0,1.352023442,0.231250495,0,0,0,0,1.174625802,1.370396769,0.189435337,0,0,0,0,0.802090758,0.881286133,0.0507,1.002296666,0.338956205,3
293,9,0.439059159,0,0.243763364,0,1.521026372,0.260156807,0,0,0,0,1.321454027,1.541696365,0.213114754,0,0,0,0,0.902352103,0.9914469,0.057,1.127583749,0.381325731,3
293,9,0.439059159,0,0.243763364,0,1.521026372,0.260156807,0,0,0,0,1.321454027,1.541696365,0.213114754,0,0,0,0,0.902352103,0.9914469,0.057,1.127583749,0.381325731,3
293,9,0.439059159,0,0.243763364,0,1.521026372,0.260156807,0,0,0,0,1.321454027,1.541696365,0.213114754,0,0,0,0,0.902352103,0.9914469,0.057,1.127583749,0.381325731,3
293,8,0.390274808,0,0.216678546,0,1.352023442,0.231250495,0,0,0,0,1.174625802,1.370396769,0.189435337,0,0,0,0,0.802090758,0.881286133,0.0507,1.002296666,0.338956205,3
293,9,0.439059159,0,0.243763364,0,1.521026372,0.260156807,0,0,0,0,1.321454027,1.541696365,0.213114754,0,0,0,0,0.902352103,0.9914469,0.057,1.127583749,0.381325731,3
293,8,0.390274808,0,0.216678546,0,1.352023442,0.231250495,0,0,0,0,1.174625802,1.370396769,0.189435337,0,0,0,0,0.802090758,0.881286133,0.0507,1.002296666,0.338956205,3
293,9,0.439059159,0,0.243763364,0,1.521026372,0.260156807,0,0,0,0,1.321454027,1.541696365,0.213114754,0,0,0,0,0.902352103,0.9914469,0.057,1.127583749,0.381325731,3
293,6,0.292706106,0,0.16250891,0,1.014017581,0.173437871,0,0,0,0,0.880969351,1.027797577,0.142076503,0,0,0,0,0.601568068,0.6609646,0.038,0.751722499,0.254217154,3
293,9,0.439059159,0,0.243763364,0,1.521026372,0.260156807,0,0,0,0,1.321454027,1.541696365,0.213114754,0,0,0,0,0.902352103,0.9914469,0.057,1.127583749,0.381325731,3
293,9,0.439059159,0,0.243763364,0,1.521026372,0.260156807,0,0,0,0,1.321454027,1.541696365,0.213114754,0,0,0,0,0.902352103,0.9914469,0.057,1.127583749,0.381325731,3
293,7,0.341490457,0,0.189593728,0,1.183020511,0.202344183,0,0,0,0,1.027797577,1.199097173,0.16575592,0,0,0,0,0.701829413,0.771125366,0.0443,0.877009583,0.296586679,3
293,8,0.390274808,0,0.216678546,0,1.352023442,0.231250495,0,0,0,0,1.174625802,1.370396769,0.189435337,0,0,0,0,0.802090758,0.881286133,0.0507,1.002296666,0.338956205,3
293,5,0.243921755,0,0.135424091,0,0.845014651,0.144531559,0,0,0,0,0.734141126,0.856497981,0.118397086,0,0,0,0,0.501306724,0.550803833,0.0317,0.626435416,0.211847628,3
293,9,0.439059159,0,0.243763364,0,1.521026372,0.260156807,0,0,0,0,1.321454027,1.541696365,0.213114754,0,0,0,0,0.902352103,0.9914469,0.057,1.127583749,0.381325731,3
293,9,0.439059159,0,0.243763364,0,1.521026372,0.260156807,0,0,0,0,1.321454027,1.541696365,0.213114754,0,0,0,0,0.902352103,0.9914469,0.057,1.127583749,0.381325731,3
293,5,0.243921755,0,0.135424091,0,0.845014651,0.144531559,0,0,0,0,0.734141126,0.856497981,0.118397086,0,0,0,0,0.501306724,0.550803833,0.0317,0.626435416,0.211847628,3
293,4,0.195137404,0,0.108339273,0,0.676011721,0.115625247,0,0,0,0,0.587312901,0.685198384,0.0947,0,0,0,0,0.401045379,0.440643066,0.0253,0.501148333,0.169478103,3
293,7,0.341490457,0,0.189593728,0,1.183020511,0.202344183,0,0,0,0,1.027797577,1.199097173,0.16575592,0,0,0,0,0.701829413,0.771125366,0.0443,0.877009583,0.296586679,3
293,5,0.243921755,0,0.135424091,0,0.845014651,0.144531559,0,0,0,0,0.734141126,0.856497981,0.118397086,0,0,0,0,0.501306724,0.550803833,0.0317,0.626435416,0.211847628,3
293,8,0.390274808,0,0.216678546,0,1.352023442,0.231250495,0,0,0,0,1.174625802,1.370396769,0.189435337,0,0,0,0,0.802090758,0.881286133,0.0507,1.002296666,0.338956205,3
293,7,0.341490457,0,0.189593728,0,1.183020511,0.202344183,0,0,0,0,1.027797577,1.199097173,0.16575592,0,0,0,0,0.701829413,0.771125366,0.0443,0.877009583,0.296586679,3
293,9,0.439059159,0,0.243763364,0,1.521026372,0.260156807,0,0,0,0,1.321454027,1.541696365,0.213114754,0,0,0,0,0.902352103,0.9914469,0.057,1.127583749,0.381325731,3
293,9,0.439059159,0,0.243763364,0,1.521026372,0.260156807,0,0,0,0,1.321454027,1.541696365,0.213114754,0,0,0,0,0.902352103,0.9914469,0.057,1.127583749,0.381325731,3
293,1,0.0488,0,0.0271,0,0.16900293,0.0289,0,0,0,0,0.146828225,0.171299596,0.0237,0,0,0,0,0.100261345,0.110160767,0.00634,0.125287083,0.0424,3
293,9,0.439059159,0,0.243763364,0,1.521026372,0.260156807,0,0,0,0,1.321454027,1.541696365,0.213114754,0,0,0,0,0.902352103,0.9914469,0.057,1.127583749,0.381325731,3
293,8,0.390274808,0,0.216678546,0,1.352023442,0.231250495,0,0,0,0,1.174625802,1.370396769,0.189435337,0,0,0,0,0.802090758,0.881286133,0.0507,1.002296666,0.338956205,3
293,7,0.341490457,0,0.189593728,0,1.183020511,0.202344183,0,0,0,0,1.027797577,1.199097173,0.16575592,0,0,0,0,0.701829413,0.771125366,0.0443,0.877009583,0.296586679,3
293,8,0.390274808,0,0.216678546,0,1.352023442,0.231250495,0,0,0,0,1.174625802,1.370396769,0.189435337,0,0,0,0,0.802090758,0.881286133,0.0507,1.002296666,0.338956205,3
293,7,0.341490457,0,0.189593728,0,1.183020511,0.202344183,0,0,0,0,1.027797577,1.199097173,0.16575592,0,0,0,0,0.701829413,0.771125366,0.0443,0.877009583,0.296586679,3
293,7,0.341490457,0,0.189593728,0,1.183020511,0.202344183,0,0,0,0,1.027797577,1.199097173,0.16575592,0,0,0,0,0.701829413,0.771125366,0.0443,0.877009583,0.296586679,3
293,9,0.439059159,0,0.243763364,0,1.521026372,0.260156807,0,0,0,0,1.321454027,1.541696365,0.213114754,0,0,0,0,0.902352103,0.9914469,0.057,1.127583749,0.381325731,3
293,7,0.341490457,0,0.189593728,0,1.183020511,0.202344183,0,0,0,0,1.027797577,1.199097173,0.16575592,0,0,0,0,0.701829413,0.771125366,0.0443,0.877009583,0.296586679,3
293,8,0.390274808,0,0.216678546,0,1.352023442,0.231250495,0,0,0,0,1.174625802,1.370396769,0.189435337,0,0,0,0,0.802090758,0.881286133,0.0507,1.002296666,0.338956205,3
293,7,0.341490457,0,0.189593728,0,1.183020511,0.202344183,0,0,0,0,1.027797577,1.199097173,0.16575592,0,0,0,0,0.701829413,0.771125366,0.0443,0.877009583,0.296586679,3
293,8,0.390274808,0,0.216678546,0,1.352023442,0.231250495,0,0,0,0,1.174625802,1.370396769,0.189435337,0,0,0,0,0.802090758,0.881286133,0.0507,1.002296666,0.338956205,3
293,8,0.390274808,0,0.216678546,0,1.352023442,0.231250495,0,0,0,0,1.174625802,1.370396769,0.189435337,0,0,0,0,0.802090758,0.881286133,0.0507,1.002296666,0.338956205,3
293,7,0.341490457,0,0.189593728,0,1.183020511,0.202344183,0,0,0,0,1.027797577,1.199097173,0.16575592,0,0,0,0,0.701829413,0.771125366,0.0443,0.877009583,0.296586679,3
293,7,0.341490457,0,0.189593728,0,1.183020511,0.202344183,0,0,0,0,1.027797577,1.199097173,0.16575592,0,0,0,0,0.701829413,0.771125366,0.0443,0.877009583,0.296586679,3
293,8,0.390274808,0,0.216678546,0,1.352023442,0.231250495,0,0,0,0,1.174625802,1.370396769,0.189435337,0,0,0,0,0.802090758,0.881286133,0.0507,1.002296666,0.338956205,3
293,6,0.292706106,0,0.16250891,0,1.014017581,0.173437871,0,0,0,0,0.880969351,1.027797577,0.142076503,0,0,0,0,0.601568068,0.6609646,0.038,0.751722499,0.254217154,3
293,9,0.439059159,0,0.243763364,0,1.521026372,0.260156807,0,0,0,0,1.321454027,1.541696365,0.213114754,0,0,0,0,0.902352103,0.9914469,0.057,1.127583749,0.381325731,3
293,8,0.390274808,0,0.216678546,0,1.352023442,0.231250495,0,0,0,0,1.174625802,1.370396769,0.189435337,0,0,0,0,0.802090758,0.881286133,0.0507,1.002296666,0.338956205,3
293,5,0.243921755,0,0.135424091,0,0.845014651,0.144531559,0,0,0,0,0.734141126,0.856497981,0.118397086,0,0,0,0,0.501306724,0.550803833,0.0317,0.626435416,0.211847628,3
293,9,0.439059159,0,0.243763364,0,1.521026372,0.260156807,0,0,0,0,1.321454027,1.541696365,0.213114754,0,0,0,0,0.902352103,0.9914469,0.057,1.127583749,0.381325731,3
293,9,0.439059159,0,0.243763364,0,1.521026372,0.260156807,0,0,0,0,1.321454027,1.541696365,0.213114754,0,0,0,0,0.902352103,0.9914469,0.057,1.127583749,0.381325731,3
293,9,0.439059159,0,0.243763364,0,1.521026372,0.260156807,0,0,0,0,1.321454027,1.541696365,0.213114754,0,0,0,0,0.902352103,0.9914469,0.057,1.127583749,0.381325731,3
293,6,0.292706106,0,0.16250891,0,1.014017581,0.173437871,0,0,0,0,0.880969351,1.027797577,0.142076503,0,0,0,0,0.601568068,0.6609646,0.038,0.751722499,0.254217154,3
293,3,0.146353053,0,0.0813,0,0.507008791,0.0867,0,0,0,0,0.440484676,0.513898788,0.071,0,0,0,0,0.300784034,0.3304823,0.019,0.37586125,0.127108577,3
293,8,0.390274808,0,0.216678546,0,1.352023442,0.231250495,0,0,0,0,1.174625802,1.370396769,0.189435337,0,0,0,0,0.802090758,0.881286133,0.0507,1.002296666,0.338956205,3
293,8,0.390274808,0,0.216678546,0,1.352023442,0.231250495,0,0,0,0,1.174625802,1.370396769,0.189435337,0,0,0,0,0.802090758,0.881286133,0.0507,1.002296666,0.338956205,3
293,7,0.341490457,0,0.189593728,0,1.183020511,0.202344183,0,0,0,0,1.027797577,1.199097173,0.16575592,0,0,0,0,0.701829413,0.771125366,0.0443,0.877009583,0.296586679,3
293,7,0.341490457,0,0.189593728,0,1.183020511,0.202344183,0,0,0,0,1.027797577,1.199097173,0.16575592,0,0,0,0,0.701829413,0.771125366,0.0443,0.877009583,0.296586679,3
293,8,0.390274808,0,0.216678546,0,1.352023442,0.231250495,0,0,0,0,1.174625802,1.370396769,0.189435337,0,0,0,0,0.802090758,0.881286133,0.0507,1.002296666,0.338956205,3
293,9,0.439059159,0,0.243763364,0,1.521026372,0.260156807,0,0,0,0,1.321454027,1.541696365,0.213114754,0,0,0,0,0.902352103,0.9914469,0.057,1.127583749,0.381325731,3
293,8,0.390274808,0,0.216678546,0,1.352023442,0.231250495,0,0,0,0,1.174625802,1.370396769,0.189435337,0,0,0,0,0.802090758,0.881286133,0.0507,1.002296666,0.338956205,3
293,7,0.341490457,0,0.189593728,0,1.183020511,0.202344183,0,0,0,0,1.027797577,1.199097173,0.16575592,0,0,0,0,0.701829413,0.771125366,0.0443,0.877009583,0.296586679,3
293,7,0.341490457,0,0.189593728,0,1.183020511,0.202344183,0,0,0,0,1.027797577,1.199097173,0.16575592,0,0,0,0,0.701829413,0.771125366,0.0443,0.877009583,0.296586679,3
293,2,0.0976,0,0.0542,0,0.33800586,0.0578,0,0,0,0,0.29365645,0.342599192,0.0474,0,0,0,0,0.200522689,0.220321533,0.0127,0.250574166,0.0847,3
293,9,0.439059159,0,0.243763364,0,1.521026372,0.260156807,0,0,0,0,1.321454027,1.541696365,0.213114754,0,0,0,0,0.902352103,0.9914469,0.057,1.127583749,0.381325731,3
293,9,0.439059159,0,0.243763364,0,1.521026372,0.260156807,0,0,0,0,1.321454027,1.541696365,0.213114754,0,0,0,0,0.902352103,0.9914469,0.057,1.127583749,0.381325731,3
293,7,0.341490457,0,0.189593728,0,1.183020511,0.202344183,0,0,0,0,1.027797577,1.199097173,0.16575592,0,0,0,0,0.701829413,0.771125366,0.0443,0.877009583,0.296586679,3
293,9,0.439059159,0,0.243763364,0,1.521026372,0.260156807,0,0,0,0,1.321454027,1.541696365,0.213114754,0,0,0,0,0.902352103,0.9914469,0.057,1.127583749,0.381325731,3
293,6,0.292706106,0,0.16250891,0,1.014017581,0.173437871,0,0,0,0,0.880969351,1.027797577,0.142076503,0,0,0,0,0.601568068,0.6609646,0.038,0.751722499,0.254217154,3
293,8,0.390274808,0,0.216678546,0,1.352023442,0.231250495,0,0,0,0,1.174625802,1.370396769,0.189435337,0,0,0,0,0.802090758,0.881286133,0.0507,1.002296666,0.338956205,3
293,8,0.390274808,0,0.216678546,0,1.352023442,0.231250495,0,0,0,0,1.174625802,1.370396769,0.189435337,0,0,0,0,0.802090758,0.881286133,0.0507,1.002296666,0.338956205,3
293,7,0.341490457,0,0.189593728,0,1.183020511,0.202344183,0,0,0,0,1.027797577,1.199097173,0.16575592,0,0,0,0,0.701829413,0.771125366,0.0443,0.877009583,0.296586679,3
293,5,0.243921755,0,0.135424091,0,0.845014651,0.144531559,0,0,0,0,0.734141126,0.856497981,0.118397086,0,0,0,0,0.501306724,0.550803833,0.0317,0.626435416,0.211847628,3
293,8,0.390274808,0,0.216678546,0,1.352023442,0.231250495,0,0,0,0,1.174625802,1.370396769,0.189435337,0,0,0,0,0.802090758,0.881286133,0.0507,1.002296666,0.338956205,3
293,8,0.390274808,0,0.216678546,0,1.352023442,0.231250495,0,0,0,0,1.174625802,1.370396769,0.189435337,0,0,0,0,0.802090758,0.881286133,0.0507,1.002296666,0.338956205,3
293,8,0.390274808,0,0.216678546,0,1.352023442,0.231250495,0,0,0,0,1.174625802,1.370396769,0.189435337,0,0,0,0,0.802090758,0.881286133,0.0507,1.002296666,0.338956205,3
293,8,0.390274808,0,0.216678546,0,1.352023442,0.231250495,0,0,0,0,1.174625802,1.370396769,0.189435337,0,0,0,0,0.802090758,0.881286133,0.0507,1.002296666,0.338956205,3
293,8,0.390274808,0,0.216678546,0,1.352023442,0.231250495,0,0,0,0,1.174625802,1.370396769,0.189435337,0,0,0,0,0.802090758,0.881286133,0.0507,1.002296666,0.338956205,3
293,6,0.292706106,0,0.16250891,0,1.014017581,0.173437871,0,0,0,0,0.880969351,1.027797577,0.142076503,0,0,0,0,0.601568068,0.6609646,0.038,0.751722499,0.254217154,3
293,7,0.341490457,0,0.189593728,0,1.183020511,0.202344183,0,0,0,0,1.027797577,1.199097173,0.16575592,0,0,0,0,0.701829413,0.771125366,0.0443,0.877009583,0.296586679,3
293,7,0.341490457,0,0.189593728,0,1.183020511,0.202344183,0,0,0,0,1.027797577,1.199097173,0.16575592,0,0,0,0,0.701829413,0.771125366,0.0443,0.877009583,0.296586679,3
293,4,0.195137404,0,0.108339273,0,0.676011721,0.115625247,0,0,0,0,0.587312901,0.685198384,0.0947,0,0,0,0,0.401045379,0.440643066,0.0253,0.501148333,0.169478103,3
293,6,0.292706106,0,0.16250891,0,1.014017581,0.173437871,0,0,0,0,0.880969351,1.027797577,0.142076503,0,0,0,0,0.601568068,0.6609646,0.038,0.751722499,0.254217154,3
293,7,0.341490457,0,0.189593728,0,1.183020511,0.202344183,0,0,0,0,1.027797577,1.199097173,0.16575592,0,0,0,0,0.701829413,0.771125366,0.0443,0.877009583,0.296586679,3
293,8,0.390274808,0,0.216678546,0,1.352023442,0.231250495,0,0,0,0,1.174625802,1.370396769,0.189435337,0,0,0,0,0.802090758,0.881286133,0.0507,1.002296666,0.338956205,3
293,9,0.439059159,0,0.243763364,0,1.521026372,0.260156807,0,0,0,0,1.321454027,1.541696365,0.213114754,0,0,0,0,0.902352103,0.9914469,0.057,1.127583749,0.381325731,3
293,9,0.439059159,0,0.243763364,0,1.521026372,0.260156807,0,0,0,0,1.321454027,1.541696365,0.213114754,0,0,0,0,0.902352103,0.9914469,0.057,1.127583749,0.381325731,3
293,9,0.439059159,0,0.243763364,0,1.521026372,0.260156807,0,0,0,0,1.321454027,1.541696365,0.213114754,0,0,0,0,0.902352103,0.9914469,0.057,1.127583749,0.381325731,3
293,8,0.390274808,0,0.216678546,0,1.352023442,0.231250495,0,0,0,0,1.174625802,1.370396769,0.189435337,0,0,0,0,0.802090758,0.881286133,0.0507,1.002296666,0.338956205,3
293,7,0.341490457,0,0.189593728,0,1.183020511,0.202344183,0,0,0,0,1.027797577,1.199097173,0.16575592,0,0,0,0,0.701829413,0.771125366,0.0443,0.877009583,0.296586679,3
293,5,0.243921755,0,0.135424091,0,0.845014651,0.144531559,0,0,0,0,0.734141126,0.856497981,0.118397086,0,0,0,0,0.501306724,0.550803833,0.0317,0.626435416,0.211847628,3
293,4,0.195137404,0,0.108339273,0,0.676011721,0.115625247,0,0,0,0,0.587312901,0.685198384,0.0947,0,0,0,0,0.401045379,0.440643066,0.0253,0.501148333,0.169478103,3
293,9,0.439059159,0,0.243763364,0,1.521026372,0.260156807,0,0,0,0,1.321454027,1.541696365,0.213114754,0,0,0,0,0.902352103,0.9914469,0.057,1.127583749,0.381325731,3
293,8,0.390274808,0,0.216678546,0,1.352023442,0.231250495,0,0,0,0,1.174625802,1.370396769,0.189435337,0,0,0,0,0.802090758,0.881286133,0.0507,1.002296666,0.338956205,3
293,5,0.243921755,0,0.135424091,0,0.845014651,0.144531559,0,0,0,0,0.734141126,0.856497981,0.118397086,0,0,0,0,0.501306724,0.550803833,0.0317,0.626435416,0.211847628,3
293,9,0.439059159,0,0.243763364,0,1.521026372,0.260156807,0,0,0,0,1.321454027,1.541696365,0.213114754,0,0,0,0,0.902352103,0.9914469,0.057,1.127583749,0.381325731,3
293,9,0.439059159,0,0.243763364,0,1.521026372,0.260156807,0,0,0,0,1.321454027,1.541696365,0.213114754,0,0,0,0,0.902352103,0.9914469,0.057,1.127583749,0.381325731,3
293,7,0.341490457,0,0.189593728,0,1.183020511,0.202344183,0,0,0,0,1.027797577,1.199097173,0.16575592,0,0,0,0,0.701829413,0.771125366,0.0443,0.877009583,0.296586679,3
293,7,0.341490457,0,0.189593728,0,1.183020511,0.202344183,0,0,0,0,1.027797577,1.199097173,0.16575592,0,0,0,0,0.701829413,0.771125366,0.0443,0.877009583,0.296586679,3
293,9,0.439059159,0,0.243763364,0,1.521026372,0.260156807,0,0,0,0,1.321454027,1.541696365,0.213114754,0,0,0,0,0.902352103,0.9914469,0.057,1.127583749,0.381325731,3
293,9,0.439059159,0,0.243763364,0,1.521026372,0.260156807,0,0,0,0,1.321454027,1.541696365,0.213114754,0,0,0,0,0.902352103,0.9914469,0.057,1.127583749,0.381325731,3
293,9,0.439059159,0,0.243763364,0,1.521026372,0.260156807,0,0,0,0,1.321454027,1.541696365,0.213114754,0,0,0,0,0.902352103,0.9914469,0.057,1.127583749,0.381325731,3
293,9,0.439059159,0,0.243763364,0,1.521026372,0.260156807,0,0,0,0,1.321454027,1.541696365,0.213114754,0,0,0,0,0.902352103,0.9914469,0.057,1.127583749,0.381325731,3
293,7,0.341490457,0,0.189593728,0,1.183020511,0.202344183,0,0,0,0,1.027797577,1.199097173,0.16575592,0,0,0,0,0.701829413,0.771125366,0.0443,0.877009583,0.296586679,3
293,8,0.390274808,0,0.216678546,0,1.352023442,0.231250495,0,0,0,0,1.174625802,1.370396769,0.189435337,0,0,0,0,0.802090758,0.881286133,0.0507,1.002296666,0.338956205,3
293,9,0.439059159,0,0.243763364,0,1.521026372,0.260156807,0,0,0,0,1.321454027,1.541696365,0.213114754,0,0,0,0,0.902352103,0.9914469,0.057,1.127583749,0.381325731,3
293,5,0.243921755,0,0.135424091,0,0.845014651,0.144531559,0,0,0,0,0.734141126,0.856497981,0.118397086,0,0,0,0,0.501306724,0.550803833,0.0317,0.626435416,0.211847628,3
293,9,0.439059159,0,0.243763364,0,1.521026372,0.260156807,0,0,0,0,1.321454027,1.541696365,0.213114754,0,0,0,0,0.902352103,0.9914469,0.057,1.127583749,0.381325731,3
293,9,0.439059159,0,0.243763364,0,1.521026372,0.260156807,0,0,0,0,1.321454027,1.541696365,0.213114754,0,0,0,0,0.902352103,0.9914469,0.057,1.127583749,0.381325731,3
293,9,0.439059159,0,0.243763364,0,1.521026372,0.260156807,0,0,0,0,1.321454027,1.541696365,0.213114754,0,0,0,0,0.902352103,0.9914469,0.057,1.127583749,0.381325731,3
293,7,0.341490457,0,0.189593728,0,1.183020511,0.202344183,0,0,0,0,1.027797577,1.199097173,0.16575592,0,0,0,0,0.701829413,0.771125366,0.0443,0.877009583,0.296586679,3
293,8,0.390274808,0,0.216678546,0,1.352023442,0.231250495,0,0,0,0,1.174625802,1.370396769,0.189435337,0,0,0,0,0.802090758,0.881286133,0.0507,1.002296666,0.338956205,3
293,9,0.439059159,0,0.243763364,0,1.521026372,0.260156807,0,0,0,0,1.321454027,1.541696365,0.213114754,0,0,0,0,0.902352103,0.9914469,0.057,1.127583749,0.381325731,3
293,4,0.195137404,0,0.108339273,0,0.676011721,0.115625247,0,0,0,0,0.587312901,0.685198384,0.0947,0,0,0,0,0.401045379,0.440643066,0.0253,0.501148333,0.169478103,3
293,9,0.439059159,0,0.243763364,0,1.521026372,0.260156807,0,0,0,0,1.321454027,1.541696365,0.213114754,0,0,0,0,0.902352103,0.9914469,0.057,1.127583749,0.381325731,3
293,9,0.439059159,0,0.243763364,0,1.521026372,0.260156807,0,0,0,0,1.321454027,1.541696365,0.213114754,0,0,0,0,0.902352103,0.9914469,0.057,1.127583749,0.381325731,3
293,9,0.439059159,0,0.243763364,0,1.521026372,0.260156807,0,0,0,0,1.321454027,1.541696365,0.213114754,0,0,0,0,0.902352103,0.9914469,0.057,1.127583749,0.381325731,3
293,9,0.439059159,0,0.243763364,0,1.521026372,0.260156807,0,0,0,0,1.321454027,1.541696365,0.213114754,0,0,0,0,0.902352103,0.9914469,0.057,1.127583749,0.381325731,3
293,5,0.243921755,0,0.135424091,0,0.845014651,0.144531559,0,0,0,0,0.734141126,0.856497981,0.118397086,0,0,0,0,0.501306724,0.550803833,0.0317,0.626435416,0.211847628,3
293,5,0.243921755,0,0.135424091,0,0.845014651,0.144531559,0,0,0,0,0.734141126,0.856497981,0.118397086,0,0,0,0,0.501306724,0.550803833,0.0317,0.626435416,0.211847628,3
293,9,0.439059159,0,0.243763364,0,1.521026372,0.260156807,0,0,0,0,1.321454027,1.541696365,0.213114754,0,0,0,0,0.902352103,0.9914469,0.057,1.127583749,0.381325731,3
293,5,0.243921755,0,0.135424091,0,0.845014651,0.144531559,0,0,0,0,0.734141126,0.856497981,0.118397086,0,0,0,0,0.501306724,0.550803833,0.0317,0.626435416,0.211847628,3
293,9,0.439059159,0,0.243763364,0,1.521026372,0.260156807,0,0,0,0,1.321454027,1.541696365,0.213114754,0,0,0,0,0.902352103,0.9914469,0.057,1.127583749,0.381325731,3
293,6,0.292706106,0,0.16250891,0,1.014017581,0.173437871,0,0,0,0,0.880969351,1.027797577,0.142076503,0,0,0,0,0.601568068,0.6609646,0.038,0.751722499,0.254217154,3
293,7,0.341490457,0,0.189593728,0,1.183020511,0.202344183,0,0,0,0,1.027797577,1.199097173,0.16575592,0,0,0,0,0.701829413,0.771125366,0.0443,0.877009583,0.296586679,3
293,9,0.439059159,0,0.243763364,0,1.521026372,0.260156807,0,0,0,0,1.321454027,1.541696365,0.213114754,0,0,0,0,0.902352103,0.9914469,0.057,1.127583749,0.381325731,3
293,5,0.243921755,0,0.135424091,0,0.845014651,0.144531559,0,0,0,0,0.734141126,0.856497981,0.118397086,0,0,0,0,0.501306724,0.550803833,0.0317,0.626435416,0.211847628,3
293,9,0.439059159,0,0.243763364,0,1.521026372,0.260156807,0,0,0,0,1.321454027,1.541696365,0.213114754,0,0,0,0,0.902352103,0.9914469,0.057,1.127583749,0.381325731,3
293,7,0.341490457,0,0.189593728,0,1.183020511,0.202344183,0,0,0,0,1.027797577,1.199097173,0.16575592,0,0,0,0,0.701829413,0.771125366,0.0443,0.877009583,0.296586679,3
293,9,0.439059159,0,0.243763364,0,1.521026372,0.260156807,0,0,0,0,1.321454027,1.541696365,0.213114754,0,0,0,0,0.902352103,0.9914469,0.057,1.127583749,0.381325731,3
293,7,0.341490457,0,0.189593728,0,1.183020511,0.202344183,0,0,0,0,1.027797577,1.199097173,0.16575592,0,0,0,0,0.701829413,0.771125366,0.0443,0.877009583,0.296586679,3
293,4,0.195137404,0,0.108339273,0,0.676011721,0.115625247,0,0,0,0,0.587312901,0.685198384,0.0947,0,0,0,0,0.401045379,0.440643066,0.0253,0.501148333,0.169478103,3
293,4,0.195137404,0,0.108339273,0,0.676011721,0.115625247,0,0,0,0,0.587312901,0.685198384,0.0947,0,0,0,0,0.401045379,0.440643066,0.0253,0.501148333,0.169478103,3
293,8,0.390274808,0,0.216678546,0,1.352023442,0.231250495,0,0,0,0,1.174625802,1.370396769,0.189435337,0,0,0,0,0.802090758,0.881286133,0.0507,1.002296666,0.338956205,3
293,9,0.439059159,0,0.243763364,0,1.521026372,0.260156807,0,0,0,0,1.321454027,1.541696365,0.213114754,0,0,0,0,0.902352103,0.9914469,0.057,1.127583749,0.381325731,3
293,9,0.439059159,0,0.243763364,0,1.521026372,0.260156807,0,0,0,0,1.321454027,1.541696365,0.213114754,0,0,0,0,0.902352103,0.9914469,0.057,1.127583749,0.381325731,3
293,8,0.390274808,0,0.216678546,0,1.352023442,0.231250495,0,0,0,0,1.174625802,1.370396769,0.189435337,0,0,0,0,0.802090758,0.881286133,0.0507,1.002296666,0.338956205,3
293,9,0.439059159,0,0.243763364,0,1.521026372,0.260156807,0,0,0,0,1.321454027,1.541696365,0.213114754,0,0,0,0,0.902352103,0.9914469,0.057,1.127583749,0.381325731,3
293,7,0.341490457,0,0.189593728,0,1.183020511,0.202344183,0,0,0,0,1.027797577,1.199097173,0.16575592,0,0,0,0,0.701829413,0.771125366,0.0443,0.877009583,0.296586679,3
293,9,0.439059159,0,0.243763364,0,1.521026372,0.260156807,0,0,0,0,1.321454027,1.541696365,0.213114754,0,0,0,0,0.902352103,0.9914469,0.057,1.127583749,0.381325731,3
293,8,0.390274808,0,0.216678546,0,1.352023442,0.231250495,0,0,0,0,1.174625802,1.370396769,0.189435337,0,0,0,0,0.802090758,0.881286133,0.0507,1.002296666,0.338956205,3
293,9,0.439059159,0,0.243763364,0,1.521026372,0.260156807,0,0,0,0,1.321454027,1.541696365,0.213114754,0,0,0,0,0.902352103,0.9914469,0.057,1.127583749,0.381325731,3
293,7,0.341490457,0,0.189593728,0,1.183020511,0.202344183,0,0,0,0,1.027797577,1.199097173,0.16575592,0,0,0,0,0.701829413,0.771125366,0.0443,0.877009583,0.296586679,3
293,7,0.341490457,0,0.189593728,0,1.183020511,0.202344183,0,0,0,0,1.027797577,1.199097173,0.16575592,0,0,0,0,0.701829413,0.771125366,0.0443,0.877009583,0.296586679,3
293,8,0.390274808,0,0.216678546,0,1.352023442,0.231250495,0,0,0,0,1.174625802,1.370396769,0.189435337,0,0,0,0,0.802090758,0.881286133,0.0507,1.002296666,0.338956205,3
293,7,0.341490457,0,0.189593728,0,1.183020511,0.202344183,0,0,0,0,1.027797577,1.199097173,0.16575592,0,0,0,0,0.701829413,0.771125366,0.0443,0.877009583,0.296586679,3
293,9,0.439059159,0,0.243763364,0,1.521026372,0.260156807,0,0,0,0,1.321454027,1.541696365,0.213114754,0,0,0,0,0.902352103,0.9914469,0.057,1.127583749,0.381325731,3
293,7,0.341490457,0,0.189593728,0,1.183020511,0.202344183,0,0,0,0,1.027797577,1.199097173,0.16575592,0,0,0,0,0.701829413,0.771125366,0.0443,0.877009583,0.296586679,3
293,7,0.341490457,0,0.189593728,0,1.183020511,0.202344183,0,0,0,0,1.027797577,1.199097173,0.16575592,0,0,0,0,0.701829413,0.771125366,0.0443,0.877009583,0.296586679,3
293,7,0.341490457,0,0.189593728,0,1.183020511,0.202344183,0,0,0,0,1.027797577,1.199097173,0.16575592,0,0,0,0,0.701829413,0.771125366,0.0443,0.877009583,0.296586679,3
293,4,0.195137404,0,0.108339273,0,0.676011721,0.115625247,0,0,0,0,0.587312901,0.685198384,0.0947,0,0,0,0,0.401045379,0.440643066,0.0253,0.501148333,0.169478103,3
293,7,0.341490457,0,0.189593728,0,1.183020511,0.202344183,0,0,0,0,1.027797577,1.199097173,0.16575592,0,0,0,0,0.701829413,0.771125366,0.0443,0.877009583,0.296586679,3
293,9,0.439059159,0,0.243763364,0,1.521026372,0.260156807,0,0,0,0,1.321454027,1.541696365,0.213114754,0,0,0,0,0.902352103,0.9914469,0.057,1.127583749,0.381325731,3
293,6,0.292706106,0,0.16250891,0,1.014017581,0.173437871,0,0,0,0,0.880969351,1.027797577,0.142076503,0,0,0,0,0.601568068,0.6609646,0.038,0.751722499,0.254217154,3
293,8,0.390274808,0,0.216678546,0,1.352023442,0.231250495,0,0,0,0,1.174625802,1.370396769,0.189435337,0,0,0,0,0.802090758,0.881286133,0.0507,1.002296666,0.338956205,3
293,9,0.439059159,0,0.243763364,0,1.521026372,0.260156807,0,0,0,0,1.321454027,1.541696365,0.213114754,0,0,0,0,0.902352103,0.9914469,0.057,1.127583749,0.381325731,3
293,8,0.390274808,0,0.216678546,0,1.352023442,0.231250495,0,0,0,0,1.174625802,1.370396769,0.189435337,0,0,0,0,0.802090758,0.881286133,0.0507,1.002296666,0.338956205,3
293,8,0.390274808,0,0.216678546,0,1.352023442,0.231250495,0,0,0,0,1.174625802,1.370396769,0.189435337,0,0,0,0,0.802090758,0.881286133,0.0507,1.002296666,0.338956205,3
293,1,0.0488,0,0.0271,0,0.16900293,0.0289,0,0,0,0,0.146828225,0.171299596,0.0237,0,0,0,0,0.100261345,0.110160767,0.00634,0.125287083,0.0424,3
293,7,0.341490457,0,0.189593728,0,1.183020511,0.202344183,0,0,0,0,1.027797577,1.199097173,0.16575592,0,0,0,0,0.701829413,0.771125366,0.0443,0.877009583,0.296586679,3
293,6,0.292706106,0,0.16250891,0,1.014017581,0.173437871,0,0,0,0,0.880969351,1.027797577,0.142076503,0,0,0,0,0.601568068,0.6609646,0.038,0.751722499,0.254217154,3
293,7,0.341490457,0,0.189593728,0,1.183020511,0.202344183,0,0,0,0,1.027797577,1.199097173,0.16575592,0,0,0,0,0.701829413,0.771125366,0.0443,0.877009583,0.296586679,3
293,9,0.439059159,0,0.243763364,0,1.521026372,0.260156807,0,0,0,0,1.321454027,1.541696365,0.213114754,0,0,0,0,0.902352103,0.9914469,0.057,1.127583749,0.381325731,3
293,9,0.439059159,0,0.243763364,0,1.521026372,0.260156807,0,0,0,0,1.321454027,1.541696365,0.213114754,0,0,0,0,0.902352103,0.9914469,0.057,1.127583749,0.381325731,3
293,8,0.390274808,0,0.216678546,0,1.352023442,0.231250495,0,0,0,0,1.174625802,1.370396769,0.189435337,0,0,0,0,0.802090758,0.881286133,0.0507,1.002296666,0.338956205,3
293,8,0.390274808,0,0.216678546,0,1.352023442,0.231250495,0,0,0,0,1.174625802,1.370396769,0.189435337,0,0,0,0,0.802090758,0.881286133,0.0507,1.002296666,0.338956205,3
293,9,0.439059159,0,0.243763364,0,1.521026372,0.260156807,0,0,0,0,1.321454027,1.541696365,0.213114754,0,0,0,0,0.902352103,0.9914469,0.057,1.127583749,0.381325731,3
293,7,0.341490457,0,0.189593728,0,1.183020511,0.202344183,0,0,0,0,1.027797577,1.199097173,0.16575592,0,0,0,0,0.701829413,0.771125366,0.0443,0.877009583,0.296586679,3
293,8,0.390274808,0,0.216678546,0,1.352023442,0.231250495,0,0,0,0,1.174625802,1.370396769,0.189435337,0,0,0,0,0.802090758,0.881286133,0.0507,1.002296666,0.338956205,3
293,6,0.292706106,0,0.16250891,0,1.014017581,0.173437871,0,0,0,0,0.880969351,1.027797577,0.142076503,0,0,0,0,0.601568068,0.6609646,0.038,0.751722499,0.254217154,3
293,9,0.439059159,0,0.243763364,0,1.521026372,0.260156807,0,0,0,0,1.321454027,1.541696365,0.213114754,0,0,0,0,0.902352103,0.9914469,0.057,1.127583749,0.381325731,3
293,8,0.390274808,0,0.216678546,0,1.352023442,0.231250495,0,0,0,0,1.174625802,1.370396769,0.189435337,0,0,0,0,0.802090758,0.881286133,0.0507,1.002296666,0.338956205,3
293,8,0.390274808,0,0.216678546,0,1.352023442,0.231250495,0,0,0,0,1.174625802,1.370396769,0.189435337,0,0,0,0,0.802090758,0.881286133,0.0507,1.002296666,0.338956205,3
293,9,0.439059159,0,0.243763364,0,1.521026372,0.260156807,0,0,0,0,1.321454027,1.541696365,0.213114754,0,0,0,0,0.902352103,0.9914469,0.057,1.127583749,0.381325731,3
293,7,0.341490457,0,0.189593728,0,1.183020511,0.202344183,0,0,0,0,1.027797577,1.199097173,0.16575592,0,0,0,0,0.701829413,0.771125366,0.0443,0.877009583,0.296586679,3
293,9,0.439059159,0,0.243763364,0,1.521026372,0.260156807,0,0,0,0,1.321454027,1.541696365,0.213114754,0,0,0,0,0.902352103,0.9914469,0.057,1.127583749,0.381325731,3
293,6,0.292706106,0,0.16250891,0,1.014017581,0.173437871,0,0,0,0,0.880969351,1.027797577,0.142076503,0,0,0,0,0.601568068,0.6609646,0.038,0.751722499,0.254217154,3
293,7,0.341490457,0,0.189593728,0,1.183020511,0.202344183,0,0,0,0,1.027797577,1.199097173,0.16575592,0,0,0,0,0.701829413,0.771125366,0.0443,0.877009583,0.296586679,3
293,8,0.390274808,0,0.216678546,0,1.352023442,0.231250495,0,0,0,0,1.174625802,1.370396769,0.189435337,0,0,0,0,0.802090758,0.881286133,0.0507,1.002296666,0.338956205,3
293,9,0.439059159,0,0.243763364,0,1.521026372,0.260156807,0,0,0,0,1.321454027,1.541696365,0.213114754,0,0,0,0,0.902352103,0.9914469,0.057,1.127583749,0.381325731,3
293,3,0.146353053,0,0.0813,0,0.507008791,0.0867,0,0,0,0,0.440484676,0.513898788,0.071,0,0,0,0,0.300784034,0.3304823,0.019,0.37586125,0.127108577,3
293,6,0.292706106,0,0.16250891,0,1.014017581,0.173437871,0,0,0,0,0.880969351,1.027797577,0.142076503,0,0,0,0,0.601568068,0.6609646,0.038,0.751722499,0.254217154,3
293,7,0.341490457,0,0.189593728,0,1.183020511,0.202344183,0,0,0,0,1.027797577,1.199097173,0.16575592,0,0,0,0,0.701829413,0.771125366,0.0443,0.877009583,0.296586679,3
293,4,0.195137404,0,0.108339273,0,0.676011721,0.115625247,0,0,0,0,0.587312901,0.685198384,0.0947,0,0,0,0,0.401045379,0.440643066,0.0253,0.501148333,0.169478103,3
293,8,0.390274808,0,0.216678546,0,1.352023442,0.231250495,0,0,0,0,1.174625802,1.370396769,0.189435337,0,0,0,0,0.802090758,0.881286133,0.0507,1.002296666,0.338956205,3
293,5,0.243921755,0,0.135424091,0,0.845014651,0.144531559,0,0,0,0,0.734141126,0.856497981,0.118397086,0,0,0,0,0.501306724,0.550803833,0.0317,0.626435416,0.211847628,3
293,8,0.390274808,0,0.216678546,0,1.352023442,0.231250495,0,0,0,0,1.174625802,1.370396769,0.189435337,0,0,0,0,0.802090758,0.881286133,0.0507,1.002296666,0.338956205,3
293,2,0.0976,0,0.0542,0,0.33800586,0.0578,0,0,0,0,0.29365645,0.342599192,0.0474,0,0,0,0,0.200522689,0.220321533,0.0127,0.250574166,0.0847,3
293,9,0.439059159,0,0.243763364,0,1.521026372,0.260156807,0,0,0,0,1.321454027,1.541696365,0.213114754,0,0,0,0,0.902352103,0.9914469,0.057,1.127583749,0.381325731,3
293,9,0.439059159,0,0.243763364,0,1.521026372,0.260156807,0,0,0,0,1.321454027,1.541696365,0.213114754,0,0,0,0,0.902352103,0.9914469,0.057,1.127583749,0.381325731,3
293,9,0.439059159,0,0.243763364,0,1.521026372,0.260156807,0,0,0,0,1.321454027,1.541696365,0.213114754,0,0,0,0,0.902352103,0.9914469,0.057,1.127583749,0.381325731,3
293,1,0.0488,0,0.0271,0,0.16900293,0.0289,0,0,0,0,0.146828225,0.171299596,0.0237,0,0,0,0,0.100261345,0.110160767,0.00634,0.125287083,0.0424,3
293,9,0.439059159,0,0.243763364,0,1.521026372,0.260156807,0,0,0,0,1.321454027,1.541696365,0.213114754,0,0,0,0,0.902352103,0.9914469,0.057,1.127583749,0.381325731,3
293,9,0.439059159,0,0.243763364,0,1.521026372,0.260156807,0,0,0,0,1.321454027,1.541696365,0.213114754,0,0,0,0,0.902352103,0.9914469,0.057,1.127583749,0.381325731,3
293,5,0.243921755,0,0.135424091,0,0.845014651,0.144531559,0,0,0,0,0.734141126,0.856497981,0.118397086,0,0,0,0,0.501306724,0.550803833,0.0317,0.626435416,0.211847628,3
293,8,0.390274808,0,0.216678546,0,1.352023442,0.231250495,0,0,0,0,1.174625802,1.370396769,0.189435337,0,0,0,0,0.802090758,0.881286133,0.0507,1.002296666,0.338956205,3
293,9,0.439059159,0,0.243763364,0,1.521026372,0.260156807,0,0,0,0,1.321454027,1.541696365,0.213114754,0,0,0,0,0.902352103,0.9914469,0.057,1.127583749,0.381325731,3
293,8,0.390274808,0,0.216678546,0,1.352023442,0.231250495,0,0,0,0,1.174625802,1.370396769,0.189435337,0,0,0,0,0.802090758,0.881286133,0.0507,1.002296666,0.338956205,3
293,9,0.439059159,0,0.243763364,0,1.521026372,0.260156807,0,0,0,0,1.321454027,1.541696365,0.213114754,0,0,0,0,0.902352103,0.9914469,0.057,1.127583749,0.381325731,3
293,9,0.439059159,0,0.243763364,0,1.521026372,0.260156807,0,0,0,0,1.321454027,1.541696365,0.213114754,0,0,0,0,0.902352103,0.9914469,0.057,1.127583749,0.381325731,3
293,5,0.243921755,0,0.135424091,0,0.845014651,0.144531559,0,0,0,0,0.734141126,0.856497981,0.118397086,0,0,0,0,0.501306724,0.550803833,0.0317,0.626435416,0.211847628,3
293,7,0.341490457,0,0.189593728,0,1.183020511,0.202344183,0,0,0,0,1.027797577,1.199097173,0.16575592,0,0,0,0,0.701829413,0.771125366,0.0443,0.877009583,0.296586679,3
293,1,0.0488,0,0.0271,0,0.16900293,0.0289,0,0,0,0,0.146828225,0.171299596,0.0237,0,0,0,0,0.100261345,0.110160767,0.00634,0.125287083,0.0424,3
293,8,0.390274808,0,0.216678546,0,1.352023442,0.231250495,0,0,0,0,1.174625802,1.370396769,0.189435337,0,0,0,0,0.802090758,0.881286133,0.0507,1.002296666,0.338956205,3
293,9,0.439059159,0,0.243763364,0,1.521026372,0.260156807,0,0,0,0,1.321454027,1.541696365,0.213114754,0,0,0,0,0.902352103,0.9914469,0.057,1.127583749,0.381325731,3
293,8,0.390274808,0,0.216678546,0,1.352023442,0.231250495,0,0,0,0,1.174625802,1.370396769,0.189435337,0,0,0,0,0.802090758,0.881286133,0.0507,1.002296666,0.338956205,3
293,9,0.439059159,0,0.243763364,0,1.521026372,0.260156807,0,0,0,0,1.321454027,1.541696365,0.213114754,0,0,0,0,0.902352103,0.9914469,0.057,1.127583749,0.381325731,3
293,9,0.439059159,0,0.243763364,0,1.521026372,0.260156807,0,0,0,0,1.321454027,1.541696365,0.213114754,0,0,0,0,0.902352103,0.9914469,0.057,1.127583749,0.381325731,3
293,9,0.439059159,0,0.243763364,0,1.521026372,0.260156807,0,0,0,0,1.321454027,1.541696365,0.213114754,0,0,0,0,0.902352103,0.9914469,0.057,1.127583749,0.381325731,3
293,9,0.439059159,0,0.243763364,0,1.521026372,0.260156807,0,0,0,0,1.321454027,1.541696365,0.213114754,0,0,0,0,0.902352103,0.9914469,0.057,1.127583749,0.381325731,3
293,9,0.439059159,0,0.243763364,0,1.521026372,0.260156807,0,0,0,0,1.321454027,1.541696365,0.213114754,0,0,0,0,0.902352103,0.9914469,0.057,1.127583749,0.381325731,3
293,9,0.439059159,0,0.243763364,0,1.521026372,0.260156807,0,0,0,0,1.321454027,1.541696365,0.213114754,0,0,0,0,0.902352103,0.9914469,0.057,1.127583749,0.381325731,3
293,7,0.341490457,0,0.189593728,0,1.183020511,0.202344183,0,0,0,0,1.027797577,1.199097173,0.16575592,0,0,0,0,0.701829413,0.771125366,0.0443,0.877009583,0.296586679,3
293,8,0.390274808,0,0.216678546,0,1.352023442,0.231250495,0,0,0,0,1.174625802,1.370396769,0.189435337,0,0,0,0,0.802090758,0.881286133,0.0507,1.002296666,0.338956205,3
293,9,0.439059159,0,0.243763364,0,1.521026372,0.260156807,0,0,0,0,1.321454027,1.541696365,0.213114754,0,0,0,0,0.902352103,0.9914469,0.057,1.127583749,0.381325731,3
293,9,0.439059159,0,0.243763364,0,1.521026372,0.260156807,0,0,0,0,1.321454027,1.541696365,0.213114754,0,0,0,0,0.902352103,0.9914469,0.057,1.127583749,0.381325731,3
293,1,0.0488,0,0.0271,0,0.16900293,0.0289,0,0,0,0,0.146828225,0.171299596,0.0237,0,0,0,0,0.100261345,0.110160767,0.00634,0.125287083,0.0424,3
293,9,0.439059159,0,0.243763364,0,1.521026372,0.260156807,0,0,0,0,1.321454027,1.541696365,0.213114754,0,0,0,0,0.902352103,0.9914469,0.057,1.127583749,0.381325731,3
293,9,0.439059159,0,0.243763364,0,1.521026372,0.260156807,0,0,0,0,1.321454027,1.541696365,0.213114754,0,0,0,0,0.902352103,0.9914469,0.057,1.127583749,0.381325731,3
293,7,0.341490457,0,0.189593728,0,1.183020511,0.202344183,0,0,0,0,1.027797577,1.199097173,0.16575592,0,0,0,0,0.701829413,0.771125366,0.0443,0.877009583,0.296586679,3
293,1,0.0488,0,0.0271,0,0.16900293,0.0289,0,0,0,0,0.146828225,0.171299596,0.0237,0,0,0,0,0.100261345,0.110160767,0.00634,0.125287083,0.0424,3
293,9,0.439059159,0,0.243763364,0,1.521026372,0.260156807,0,0,0,0,1.321454027,1.541696365,0.213114754,0,0,0,0,0.902352103,0.9914469,0.057,1.127583749,0.381325731,3
293,9,0.439059159,0,0.243763364,0,1.521026372,0.260156807,0,0,0,0,1.321454027,1.541696365,0.213114754,0,0,0,0,0.902352103,0.9914469,0.057,1.127583749,0.381325731,3
293,8,0.390274808,0,0.216678546,0,1.352023442,0.231250495,0,0,0,0,1.174625802,1.370396769,0.189435337,0,0,0,0,0.802090758,0.881286133,0.0507,1.002296666,0.338956205,3
293,9,0.439059159,0,0.243763364,0,1.521026372,0.260156807,0,0,0,0,1.321454027,1.541696365,0.213114754,0,0,0,0,0.902352103,0.9914469,0.057,1.127583749,0.381325731,3
293,9,0.439059159,0,0.243763364,0,1.521026372,0.260156807,0,0,0,0,1.321454027,1.541696365,0.213114754,0,0,0,0,0.902352103,0.9914469,0.057,1.127583749,0.381325731,3
293,6,0.292706106,0,0.16250891,0,1.014017581,0.173437871,0,0,0,0,0.880969351,1.027797577,0.142076503,0,0,0,0,0.601568068,0.6609646,0.038,0.751722499,0.254217154,3
293,8,0.390274808,0,0.216678546,0,1.352023442,0.231250495,0,0,0,0,1.174625802,1.370396769,0.189435337,0,0,0,0,0.802090758,0.881286133,0.0507,1.002296666,0.338956205,3
293,8,0.390274808,0,0.216678546,0,1.352023442,0.231250495,0,0,0,0,1.174625802,1.370396769,0.189435337,0,0,0,0,0.802090758,0.881286133,0.0507,1.002296666,0.338956205,3
293,2,0.0976,0,0.0542,0,0.33800586,0.0578,0,0,0,0,0.29365645,0.342599192,0.0474,0,0,0,0,0.200522689,0.220321533,0.0127,0.250574166,0.0847,3
293,4,0.195137404,0,0.108339273,0,0.676011721,0.115625247,0,0,0,0,0.587312901,0.685198384,0.0947,0,0,0,0,0.401045379,0.440643066,0.0253,0.501148333,0.169478103,3
293,6,0.292706106,0,0.16250891,0,1.014017581,0.173437871,0,0,0,0,0.880969351,1.027797577,0.142076503,0,0,0,0,0.601568068,0.6609646,0.038,0.751722499,0.254217154,3
293,9,0.439059159,0,0.243763364,0,1.521026372,0.260156807,0,0,0,0,1.321454027,1.541696365,0.213114754,0,0,0,0,0.902352103,0.9914469,0.057,1.127583749,0.381325731,3
293,7,0.341490457,0,0.189593728,0,1.183020511,0.202344183,0,0,0,0,1.027797577,1.199097173,0.16575592,0,0,0,0,0.701829413,0.771125366,0.0443,0.877009583,0.296586679,3
293,9,0.439059159,0,0.243763364,0,1.521026372,0.260156807,0,0,0,0,1.321454027,1.541696365,0.213114754,0,0,0,0,0.902352103,0.9914469,0.057,1.127583749,0.381325731,3
293,8,0.390274808,0,0.216678546,0,1.352023442,0.231250495,0,0,0,0,1.174625802,1.370396769,0.189435337,0,0,0,0,0.802090758,0.881286133,0.0507,1.002296666,0.338956205,3
293,7,0.341490457,0,0.189593728,0,1.183020511,0.202344183,0,0,0,0,1.027797577,1.199097173,0.16575592,0,0,0,0,0.701829413,0.771125366,0.0443,0.877009583,0.296586679,3
293,9,0.439059159,0,0.243763364,0,1.521026372,0.260156807,0,0,0,0,1.321454027,1.541696365,0.213114754,0,0,0,0,0.902352103,0.9914469,0.057,1.127583749,0.381325731,3
293,9,0.439059159,0,0.243763364,0,1.521026372,0.260156807,0,0,0,0,1.321454027,1.541696365,0.213114754,0,0,0,0,0.902352103,0.9914469,0.057,1.127583749,0.381325731,3
293,1,0.0488,0,0.0271,0,0.16900293,0.0289,0,0,0,0,0.146828225,0.171299596,0.0237,0,0,0,0,0.100261345,0.110160767,0.00634,0.125287083,0.0424,3
293,5,0.243921755,0,0.135424091,0,0.845014651,0.144531559,0,0,0,0,0.734141126,0.856497981,0.118397086,0,0,0,0,0.501306724,0.550803833,0.0317,0.626435416,0.211847628,3
Blenders Pride (565),7,0.854428558,0,0.388254486,0,0,0.5716342,0,0.509164188,0.210920257,0.66701852,0.218980904,0,0.177334229,0,0.186066596,0,0,0.76240284,0.937721908,0.134344113,1.073409462,0.308319739,1
Blenders Pride (565),8,0.97648978,0,0.443719413,0,0,0.653296229,0,0.581901929,0.241051722,0.76230688,0.25026389,0,0.20266769,0,0.212647539,0,0,0.871317532,1.07168218,0.153536129,1.226753671,0.352365416,1
Blenders Pride (565),8,0.97648978,0,0.443719413,0,0,0.653296229,0,0.581901929,0.241051722,0.76230688,0.25026389,0,0.20266769,0,0.212647539,0,0,0.871317532,1.07168218,0.153536129,1.226753671,0.352365416,1
Blenders Pride (565),9,1.098551003,0,0.499184339,0,0,0.734958257,0,0.65463967,0.271183188,0.85759524,0.281546876,0,0.228001151,0,0.239228481,0,0,0.980232223,1.205642453,0.172728145,1.380097879,0.396411093,1
Blenders Pride (565),7,0.854428558,0,0.388254486,0,0,0.5716342,0,0.509164188,0.210920257,0.66701852,0.218980904,0,0.177334229,0,0.186066596,0,0,0.76240284,0.937721908,0.134344113,1.073409462,0.308319739,1
Blenders Pride (565),8,0.97648978,0,0.443719413,0,0,0.653296229,0,0.581901929,0.241051722,0.76230688,0.25026389,0,0.20266769,0,0.212647539,0,0,0.871317532,1.07168218,0.153536129,1.226753671,0.352365416,1
Blenders Pride (565),6,0.732367335,0,0.332789559,0,0,0.489972172,0,0.436426447,0.180788792,0.57173016,0.187697918,0,0.152000768,0,0.159485654,0,0,0.653488149,0.803761635,0.115152097,0.920065253,0.264274062,1
Blenders Pride (565),8,0.97648978,0,0.443719413,0,0,0.653296229,0,0.581901929,0.241051722,0.76230688,0.25026389,0,0.20266769,0,0.212647539,0,0,0.871317532,1.07168218,0.153536129,1.226753671,0.352365416,1
Blenders Pride (565),8,0.97648978,0,0.443719413,0,0,0.653296229,0,0.581901929,0.241051722,0.76230688,0.25026389,0,0.20266769,0,0.212647539,0,0,0.871317532,1.07168218,0.153536129,1.226753671,0.352365416,1
Blenders Pride (565),8,0.97648978,0,0.443719413,0,0,0.653296229,0,0.581901929,0.241051722,0.76230688,0.25026389,0,0.20266769,0,0.212647539,0,0,0.871317532,1.07168218,0.153536129,1.226753671,0.352365416,1
Blenders Pride (565),8,0.97648978,0,0.443719413,0,0,0.653296229,0,0.581901929,0.241051722,0.76230688,0.25026389,0,0.20266769,0,0.212647539,0,0,0.871317532,1.07168218,0.153536129,1.226753671,0.352365416,1
Blenders Pride (565),8,0.97648978,0,0.443719413,0,0,0.653296229,0,0.581901929,0.241051722,0.76230688,0.25026389,0,0.20266769,0,0.212647539,0,0,0.871317532,1.07168218,0.153536129,1.226753671,0.352365416,1
Blenders Pride (565),8,0.97648978,0,0.443719413,0,0,0.653296229,0,0.581901929,0.241051722,0.76230688,0.25026389,0,0.20266769,0,0.212647539,0,0,0.871317532,1.07168218,0.153536129,1.226753671,0.352365416,1
Blenders Pride (565),8,0.97648978,0,0.443719413,0,0,0.653296229,0,0.581901929,0.241051722,0.76230688,0.25026389,0,0.20266769,0,0.212647539,0,0,0.871317532,1.07168218,0.153536129,1.226753671,0.352365416,1
Blenders Pride (565),9,1.098551003,0,0.499184339,0,0,0.734958257,0,0.65463967,0.271183188,0.85759524,0.281546876,0,0.228001151,0,0.239228481,0,0,0.980232223,1.205642453,0.172728145,1.380097879,0.396411093,1
Blenders Pride (565),5,0.610306113,0,0.277324633,0,0,0.408310143,0,0.363688706,0.150657327,0.4764418,0.156414931,0,0.126667306,0,0.132904712,0,0,0.544573457,0.669801363,0.096,0.766721044,0.220228385,3
Blenders Pride (565),9,1.098551003,0,0.499184339,0,0,0.734958257,0,0.65463967,0.271183188,0.85759524,0.281546876,0,0.228001151,0,0.239228481,0,0,0.980232223,1.205642453,0.172728145,1.380097879,0.396411093,1
Blenders Pride (565),8,0.97648978,0,0.443719413,0,0,0.653296229,0,0.581901929,0.241051722,0.76230688,0.25026389,0,0.20266769,0,0.212647539,0,0,0.871317532,1.07168218,0.153536129,1.226753671,0.352365416,1
Blenders Pride (565),8,0.97648978,0,0.443719413,0,0,0.653296229,0,0.581901929,0.241051722,0.76230688,0.25026389,0,0.20266769,0,0.212647539,0,0,0.871317532,1.07168218,0.153536129,1.226753671,0.352365416,1
Blenders Pride (565),6,0.732367335,0,0.332789559,0,0,0.489972172,0,0.436426447,0.180788792,0.57173016,0.187697918,0,0.152000768,0,0.159485654,0,0,0.653488149,0.803761635,0.115152097,0.920065253,0.264274062,1
Blenders Pride (565),6,0.732367335,0,0.332789559,0,0,0.489972172,0,0.436426447,0.180788792,0.57173016,0.187697918,0,0.152000768,0,0.159485654,0,0,0.653488149,0.803761635,0.115152097,0.920065253,0.264274062,1
Blenders Pride (565),9,1.098551003,0,0.499184339,0,0,0.734958257,0,0.65463967,0.271183188,0.85759524,0.281546876,0,0.228001151,0,0.239228481,0,0,0.980232223,1.205642453,0.172728145,1.380097879,0.396411093,1
Blenders Pride (565),9,1.098551003,0,0.499184339,0,0,0.734958257,0,0.65463967,0.271183188,0.85759524,0.281546876,0,0.228001151,0,0.239228481,0,0,0.980232223,1.205642453,0.172728145,1.380097879,0.396411093,1
Blenders Pride (565),8,0.97648978,0,0.443719413,0,0,0.653296229,0,0.581901929,0.241051722,0.76230688,0.25026389,0,0.20266769,0,0.212647539,0,0,0.871317532,1.07168218,0.153536129,1.226753671,0.352365416,1
Blenders Pride (565),8,0.97648978,0,0.443719413,0,0,0.653296229,0,0.581901929,0.241051722,0.76230688,0.25026389,0,0.20266769,0,0.212647539,0,0,0.871317532,1.07168218,0.153536129,1.226753671,0.352365416,1
Blenders Pride (565),8,0.97648978,0,0.443719413,0,0,0.653296229,0,0.581901929,0.241051722,0.76230688,0.25026389,0,0.20266769,0,0.212647539,0,0,0.871317532,1.07168218,0.153536129,1.226753671,0.352365416,1
Blenders Pride (565),7,0.854428558,0,0.388254486,0,0,0.5716342,0,0.509164188,0.210920257,0.66701852,0.218980904,0,0.177334229,0,0.186066596,0,0,0.76240284,0.937721908,0.134344113,1.073409462,0.308319739,1
Blenders Pride (565),9,1.098551003,0,0.499184339,0,0,0.734958257,0,0.65463967,0.271183188,0.85759524,0.281546876,0,0.228001151,0,0.239228481,0,0,0.980232223,1.205642453,0.172728145,1.380097879,0.396411093,1
Blenders Pride (565),7,0.854428558,0,0.388254486,0,0,0.5716342,0,0.509164188,0.210920257,0.66701852,0.218980904,0,0.177334229,0,0.186066596,0,0,0.76240284,0.937721908,0.134344113,1.073409462,0.308319739,1
Blenders Pride (565),6,0.732367335,0,0.332789559,0,0,0.489972172,0,0.436426447,0.180788792,0.57173016,0.187697918,0,0.152000768,0,0.159485654,0,0,0.653488149,0.803761635,0.115152097,0.920065253,0.264274062,1
Blenders Pride (565),8,0.97648978,0,0.443719413,0,0,0.653296229,0,0.581901929,0.241051722,0.76230688,0.25026389,0,0.20266769,0,0.212647539,0,0,0.871317532,1.07168218,0.153536129,1.226753671,0.352365416,1
Blenders Pride (565),7,0.854428558,0,0.388254486,0,0,0.5716342,0,0.509164188,0.210920257,0.66701852,0.218980904,0,0.177334229,0,0.186066596,0,0,0.76240284,0.937721908,0.134344113,1.073409462,0.308319739,1
Blenders Pride (565),8,0.97648978,0,0.443719413,0,0,0.653296229,0,0.581901929,0.241051722,0.76230688,0.25026389,0,0.20266769,0,0.212647539,0,0,0.871317532,1.07168218,0.153536129,1.226753671,0.352365416,1
Blenders Pride (565),6,0.732367335,0,0.332789559,0,0,0.489972172,0,0.436426447,0.180788792,0.57173016,0.187697918,0,0.152000768,0,0.159485654,0,0,0.653488149,0.803761635,0.115152097,0.920065253,0.264274062,1
Blenders Pride (565),9,1.098551003,0,0.499184339,0,0,0.734958257,0,0.65463967,0.271183188,0.85759524,0.281546876,0,0.228001151,0,0.239228481,0,0,0.980232223,1.205642453,0.172728145,1.380097879,0.396411093,1
Blenders Pride (565),7,0.854428558,0,0.388254486,0,0,0.5716342,0,0.509164188,0.210920257,0.66701852,0.218980904,0,0.177334229,0,0.186066596,0,0,0.76240284,0.937721908,0.134344113,1.073409462,0.308319739,1
Blenders Pride (565),5,0.610306113,0,0.277324633,0,0,0.408310143,0,0.363688706,0.150657327,0.4764418,0.156414931,0,0.126667306,0,0.132904712,0,0,0.544573457,0.669801363,0.096,0.766721044,0.220228385,3
Blenders Pride (565),9,1.098551003,0,0.499184339,0,0,0.734958257,0,0.65463967,0.271183188,0.85759524,0.281546876,0,0.228001151,0,0.239228481,0,0,0.980232223,1.205642453,0.172728145,1.380097879,0.396411093,1
Blenders Pride (565),6,0.732367335,0,0.332789559,0,0,0.489972172,0,0.436426447,0.180788792,0.57173016,0.187697918,0,0.152000768,0,0.159485654,0,0,0.653488149,0.803761635,0.115152097,0.920065253,0.264274062,1
Blenders Pride (565),3,0.366183668,0,0.16639478,0,0,0.244986086,0,0.218213223,0.0904,0.28586508,0.0938,0,0.076,0,0.0797,0,0,0.326744074,0.401880818,0.0576,0.460032626,0.132137031,3
Blenders Pride (565),9,1.098551003,0,0.499184339,0,0,0.734958257,0,0.65463967,0.271183188,0.85759524,0.281546876,0,0.228001151,0,0.239228481,0,0,0.980232223,1.205642453,0.172728145,1.380097879,0.396411093,1
Blenders Pride (565),7,0.854428558,0,0.388254486,0,0,0.5716342,0,0.509164188,0.210920257,0.66701852,0.218980904,0,0.177334229,0,0.186066596,0,0,0.76240284,0.937721908,0.134344113,1.073409462,0.308319739,1
Blenders Pride (565),8,0.97648978,0,0.443719413,0,0,0.653296229,0,0.581901929,0.241051722,0.76230688,0.25026389,0,0.20266769,0,0.212647539,0,0,0.871317532,1.07168218,0.153536129,1.226753671,0.352365416,1
Blenders Pride (565),8,0.97648978,0,0.443719413,0,0,0.653296229,0,0.581901929,0.241051722,0.76230688,0.25026389,0,0.20266769,0,0.212647539,0,0,0.871317532,1.07168218,0.153536129,1.226753671,0.352365416,1
Blenders Pride (565),7,0.854428558,0,0.388254486,0,0,0.5716342,0,0.509164188,0.210920257,0.66701852,0.218980904,0,0.177334229,0,0.186066596,0,0,0.76240284,0.937721908,0.134344113,1.073409462,0.308319739,1
Blenders Pride (565),4,0.48824489,0,0.221859706,0,0,0.326648114,0,0.290950964,0.120525861,0.38115344,0.125131945,0,0.101333845,0,0.106323769,0,0,0.435658766,0.53584109,0.0768,0.613376835,0.176182708,3
Blenders Pride (565),7,0.854428558,0,0.388254486,0,0,0.5716342,0,0.509164188,0.210920257,0.66701852,0.218980904,0,0.177334229,0,0.186066596,0,0,0.76240284,0.937721908,0.134344113,1.073409462,0.308319739,1
Blenders Pride (565),7,0.854428558,0,0.388254486,0,0,0.5716342,0,0.509164188,0.210920257,0.66701852,0.218980904,0,0.177334229,0,0.186066596,0,0,0.76240284,0.937721908,0.134344113,1.073409462,0.308319739,1
Blenders Pride (565),7,0.854428558,0,0.388254486,0,0,0.5716342,0,0.509164188,0.210920257,0.66701852,0.218980904,0,0.177334229,0,0.186066596,0,0,0.76240284,0.937721908,0.134344113,1.073409462,0.308319739,1
Blenders Pride (565),7,0.854428558,0,0.388254486,0,0,0.5716342,0,0.509164188,0.210920257,0.66701852,0.218980904,0,0.177334229,0,0.186066596,0,0,0.76240284,0.937721908,0.134344113,1.073409462,0.308319739,1
Blenders Pride (565),7,0.854428558,0,0.388254486,0,0,0.5716342,0,0.509164188,0.210920257,0.66701852,0.218980904,0,0.177334229,0,0.186066596,0,0,0.76240284,0.937721908,0.134344113,1.073409462,0.308319739,1
Blenders Pride (565),7,0.854428558,0,0.388254486,0,0,0.5716342,0,0.509164188,0.210920257,0.66701852,0.218980904,0,0.177334229,0,0.186066596,0,0,0.76240284,0.937721908,0.134344113,1.073409462,0.308319739,1
Blenders Pride (565),6,0.732367335,0,0.332789559,0,0,0.489972172,0,0.436426447,0.180788792,0.57173016,0.187697918,0,0.152000768,0,0.159485654,0,0,0.653488149,0.803761635,0.115152097,0.920065253,0.264274062,1
Blenders Pride (565),9,1.098551003,0,0.499184339,0,0,0.734958257,0,0.65463967,0.271183188,0.85759524,0.281546876,0,0.228001151,0,0.239228481,0,0,0.980232223,1.205642453,0.172728145,1.380097879,0.396411093,1
Blenders Pride (565),2,0.244122445,0,0.110929853,0,0,0.163324057,0,0.145475482,0.0603,0.19057672,0.0626,0,0.0507,0,0.0532,0,0,0.217829383,0.267920545,0.0384,0.306688418,0.0881,3
Blenders Pride (565),5,0.610306113,0,0.277324633,0,0,0.408310143,0,0.363688706,0.150657327,0.4764418,0.156414931,0,0.126667306,0,0.132904712,0,0,0.544573457,0.669801363,0.096,0.766721044,0.220228385,3
Blenders Pride (565),9,1.098551003,0,0.499184339,0,0,0.734958257,0,0.65463967,0.271183188,0.85759524,0.281546876,0,0.228001151,0,0.239228481,0,0,0.980232223,1.205642453,0.172728145,1.380097879,0.396411093,1
Blenders Pride (565),7,0.854428558,0,0.388254486,0,0,0.5716342,0,0.509164188,0.210920257,0.66701852,0.218980904,0,0.177334229,0,0.186066596,0,0,0.76240284,0.937721908,0.134344113,1.073409462,0.308319739,1
Blenders Pride (565),7,0.854428558,0,0.388254486,0,0,0.5716342,0,0.509164188,0.210920257,0.66701852,0.218980904,0,0.177334229,0,0.186066596,0,0,0.76240284,0.937721908,0.134344113,1.073409462,0.308319739,1
Blenders Pride (565),8,0.97648978,0,0.443719413,0,0,0.653296229,0,0.581901929,0.241051722,0.76230688,0.25026389,0,0.20266769,0,0.212647539,0,0,0.871317532,1.07168218,0.153536129,1.226753671,0.352365416,1
Blenders Pride (565),6,0.732367335,0,0.332789559,0,0,0.489972172,0,0.436426447,0.180788792,0.57173016,0.187697918,0,0.152000768,0,0.159485654,0,0,0.653488149,0.803761635,0.115152097,0.920065253,0.264274062,1
Blenders Pride (565),5,0.610306113,0,0.277324633,0,0,0.408310143,0,0.363688706,0.150657327,0.4764418,0.156414931,0,0.126667306,0,0.132904712,0,0,0.544573457,0.669801363,0.096,0.766721044,0.220228385,3
Blenders Pride (565),8,0.97648978,0,0.443719413,0,0,0.653296229,0,0.581901929,0.241051722,0.76230688,0.25026389,0,0.20266769,0,0.212647539,0,0,0.871317532,1.07168218,0.153536129,1.226753671,0.352365416,1
Blenders Pride (565),9,1.098551003,0,0.499184339,0,0,0.734958257,0,0.65463967,0.271183188,0.85759524,0.281546876,0,0.228001151,0,0.239228481,0,0,0.980232223,1.205642453,0.172728145,1.380097879,0.396411093,1
Blenders Pride (565),6,0.732367335,0,0.332789559,0,0,0.489972172,0,0.436426447,0.180788792,0.57173016,0.187697918,0,0.152000768,0,0.159485654,0,0,0.653488149,0.803761635,0.115152097,0.920065253,0.264274062,1
Blenders Pride (565),9,1.098551003,0,0.499184339,0,0,0.734958257,0,0.65463967,0.271183188,0.85759524,0.281546876,0,0.228001151,0,0.239228481,0,0,0.980232223,1.205642453,0.172728145,1.380097879,0.396411093,1
Blenders Pride (565),7,0.854428558,0,0.388254486,0,0,0.5716342,0,0.509164188,0.210920257,0.66701852,0.218980904,0,0.177334229,0,0.186066596,0,0,0.76240284,0.937721908,0.134344113,1.073409462,0.308319739,1
Blenders Pride (565),5,0.610306113,0,0.277324633,0,0,0.408310143,0,0.363688706,0.150657327,0.4764418,0.156414931,0,0.126667306,0,0.132904712,0,0,0.544573457,0.669801363,0.096,0.766721044,0.220228385,3
Blenders Pride (565),9,1.098551003,0,0.499184339,0,0,0.734958257,0,0.65463967,0.271183188,0.85759524,0.281546876,0,0.228001151,0,0.239228481,0,0,0.980232223,1.205642453,0.172728145,1.380097879,0.396411093,1
Blenders Pride (565),9,1.098551003,0,0.499184339,0,0,0.734958257,0,0.65463967,0.271183188,0.85759524,0.281546876,0,0.228001151,0,0.239228481,0,0,0.980232223,1.205642453,0.172728145,1.380097879,0.396411093,1
Blenders Pride (565),8,0.97648978,0,0.443719413,0,0,0.653296229,0,0.581901929,0.241051722,0.76230688,0.25026389,0,0.20266769,0,0.212647539,0,0,0.871317532,1.07168218,0.153536129,1.226753671,0.352365416,1
Blenders Pride (565),4,0.48824489,0,0.221859706,0,0,0.326648114,0,0.290950964,0.120525861,0.38115344,0.125131945,0,0.101333845,0,0.106323769,0,0,0.435658766,0.53584109,0.0768,0.613376835,0.176182708,3
Blenders Pride (565),8,0.97648978,0,0.443719413,0,0,0.653296229,0,0.581901929,0.241051722,0.76230688,0.25026389,0,0.20266769,0,0.212647539,0,0,0.871317532,1.07168218,0.153536129,1.226753671,0.352365416,1
Blenders Pride (565),9,1.098551003,0,0.499184339,0,0,0.734958257,0,0.65463967,0.271183188,0.85759524,0.281546876,0,0.228001151,0,0.239228481,0,0,0.980232223,1.205642453,0.172728145,1.380097879,0.396411093,1
Blenders Pride (565),8,0.97648978,0,0.443719413,0,0,0.653296229,0,0.581901929,0.241051722,0.76230688,0.25026389,0,0.20266769,0,0.212647539,0,0,0.871317532,1.07168218,0.153536129,1.226753671,0.352365416,1
Blenders Pride (565),5,0.610306113,0,0.277324633,0,0,0.408310143,0,0.363688706,0.150657327,0.4764418,0.156414931,0,0.126667306,0,0.132904712,0,0,0.544573457,0.669801363,0.096,0.766721044,0.220228385,3
Blenders Pride (565),5,0.610306113,0,0.277324633,0,0,0.408310143,0,0.363688706,0.150657327,0.4764418,0.156414931,0,0.126667306,0,0.132904712,0,0,0.544573457,0.669801363,0.096,0.766721044,0.220228385,3
Blenders Pride (565),7,0.854428558,0,0.388254486,0,0,0.5716342,0,0.509164188,0.210920257,0.66701852,0.218980904,0,0.177334229,0,0.186066596,0,0,0.76240284,0.937721908,0.134344113,1.073409462,0.308319739,1
Blenders Pride (565),9,1.098551003,0,0.499184339,0,0,0.734958257,0,0.65463967,0.271183188,0.85759524,0.281546876,0,0.228001151,0,0.239228481,0,0,0.980232223,1.205642453,0.172728145,1.380097879,0.396411093,1
Blenders Pride (565),9,1.098551003,0,0.499184339,0,0,0.734958257,0,0.65463967,0.271183188,0.85759524,0.281546876,0,0.228001151,0,0.239228481,0,0,0.980232223,1.205642453,0.172728145,1.380097879,0.396411093,1
Blenders Pride (565),6,0.732367335,0,0.332789559,0,0,0.489972172,0,0.436426447,0.180788792,0.57173016,0.187697918,0,0.152000768,0,0.159485654,0,0,0.653488149,0.803761635,0.115152097,0.920065253,0.264274062,1
Blenders Pride (565),9,1.098551003,0,0.499184339,0,0,0.734958257,0,0.65463967,0.271183188,0.85759524,0.281546876,0,0.228001151,0,0.239228481,0,0,0.980232223,1.205642453,0.172728145,1.380097879,0.396411093,1
Blenders Pride (565),9,1.098551003,0,0.499184339,0,0,0.734958257,0,0.65463967,0.271183188,0.85759524,0.281546876,0,0.228001151,0,0.239228481,0,0,0.980232223,1.205642453,0.172728145,1.380097879,0.396411093,1
Blenders Pride (565),9,1.098551003,0,0.499184339,0,0,0.734958257,0,0.65463967,0.271183188,0.85759524,0.281546876,0,0.228001151,0,0.239228481,0,0,0.980232223,1.205642453,0.172728145,1.380097879,0.396411093,1
Blenders Pride (565),9,1.098551003,0,0.499184339,0,0,0.734958257,0,0.65463967,0.271183188,0.85759524,0.281546876,0,0.228001151,0,0.239228481,0,0,0.980232223,1.205642453,0.172728145,1.380097879,0.396411093,1
Blenders Pride (565),7,0.854428558,0,0.388254486,0,0,0.5716342,0,0.509164188,0.210920257,0.66701852,0.218980904,0,0.177334229,0,0.186066596,0,0,0.76240284,0.937721908,0.134344113,1.073409462,0.308319739,1
Blenders Pride (565),9,1.098551003,0,0.499184339,0,0,0.734958257,0,0.65463967,0.271183188,0.85759524,0.281546876,0,0.228001151,0,0.239228481,0,0,0.980232223,1.205642453,0.172728145,1.380097879,0.396411093,1
Blenders Pride (565),7,0.854428558,0,0.388254486,0,0,0.5716342,0,0.509164188,0.210920257,0.66701852,0.218980904,0,0.177334229,0,0.186066596,0,0,0.76240284,0.937721908,0.134344113,1.073409462,0.308319739,1
Blenders Pride (565),9,1.098551003,0,0.499184339,0,0,0.734958257,0,0.65463967,0.271183188,0.85759524,0.281546876,0,0.228001151,0,0.239228481,0,0,0.980232223,1.205642453,0.172728145,1.380097879,0.396411093,1
Blenders Pride (565),9,1.098551003,0,0.499184339,0,0,0.734958257,0,0.65463967,0.271183188,0.85759524,0.281546876,0,0.228001151,0,0.239228481,0,0,0.980232223,1.205642453,0.172728145,1.380097879,0.396411093,1
Blenders Pride (565),8,0.97648978,0,0.443719413,0,0,0.653296229,0,0.581901929,0.241051722,0.76230688,0.25026389,0,0.20266769,0,0.212647539,0,0,0.871317532,1.07168218,0.153536129,1.226753671,0.352365416,1
Blenders Pride (565),7,0.854428558,0,0.388254486,0,0,0.5716342,0,0.509164188,0.210920257,0.66701852,0.218980904,0,0.177334229,0,0.186066596,0,0,0.76240284,0.937721908,0.134344113,1.073409462,0.308319739,1
Blenders Pride (565),8,0.97648978,0,0.443719413,0,0,0.653296229,0,0.581901929,0.241051722,0.76230688,0.25026389,0,0.20266769,0,0.212647539,0,0,0.871317532,1.07168218,0.153536129,1.226753671,0.352365416,1
Blenders Pride (565),8,0.97648978,0,0.443719413,0,0,0.653296229,0,0.581901929,0.241051722,0.76230688,0.25026389,0,0.20266769,0,0.212647539,0,0,0.871317532,1.07168218,0.153536129,1.226753671,0.352365416,1
Blenders Pride (565),7,0.854428558,0,0.388254486,0,0,0.5716342,0,0.509164188,0.210920257,0.66701852,0.218980904,0,0.177334229,0,0.186066596,0,0,0.76240284,0.937721908,0.134344113,1.073409462,0.308319739,1
Blenders Pride (565),2,0.244122445,0,0.110929853,0,0,0.163324057,0,0.145475482,0.0603,0.19057672,0.0626,0,0.0507,0,0.0532,0,0,0.217829383,0.267920545,0.0384,0.306688418,0.0881,3
Blenders Pride (565),8,0.97648978,0,0.443719413,0,0,0.653296229,0,0.581901929,0.241051722,0.76230688,0.25026389,0,0.20266769,0,0.212647539,0,0,0.871317532,1.07168218,0.153536129,1.226753671,0.352365416,1
Blenders Pride (565),5,0.610306113,0,0.277324633,0,0,0.408310143,0,0.363688706,0.150657327,0.4764418,0.156414931,0,0.126667306,0,0.132904712,0,0,0.544573457,0.669801363,0.096,0.766721044,0.220228385,3
Blenders Pride (565),7,0.854428558,0,0.388254486,0,0,0.5716342,0,0.509164188,0.210920257,0.66701852,0.218980904,0,0.177334229,0,0.186066596,0,0,0.76240284,0.937721908,0.134344113,1.073409462,0.308319739,1
Blenders Pride (565),9,1.098551003,0,0.499184339,0,0,0.734958257,0,0.65463967,0.271183188,0.85759524,0.281546876,0,0.228001151,0,0.239228481,0,0,0.980232223,1.205642453,0.172728145,1.380097879,0.396411093,1
Blenders Pride (565),7,0.854428558,0,0.388254486,0,0,0.5716342,0,0.509164188,0.210920257,0.66701852,0.218980904,0,0.177334229,0,0.186066596,0,0,0.76240284,0.937721908,0.134344113,1.073409462,0.308319739,1
Blenders Pride (565),8,0.97648978,0,0.443719413,0,0,0.653296229,0,0.581901929,0.241051722,0.76230688,0.25026389,0,0.20266769,0,0.212647539,0,0,0.871317532,1.07168218,0.153536129,1.226753671,0.352365416,1
Blenders Pride (565),6,0.732367335,0,0.332789559,0,0,0.489972172,0,0.436426447,0.180788792,0.57173016,0.187697918,0,0.152000768,0,0.159485654,0,0,0.653488149,0.803761635,0.115152097,0.920065253,0.264274062,1
Blenders Pride (565),8,0.97648978,0,0.443719413,0,0,0.653296229,0,0.581901929,0.241051722,0.76230688,0.25026389,0,0.20266769,0,0.212647539,0,0,0.871317532,1.07168218,0.153536129,1.226753671,0.352365416,1
Blenders Pride (565),9,1.098551003,0,0.499184339,0,0,0.734958257,0,0.65463967,0.271183188,0.85759524,0.281546876,0,0.228001151,0,0.239228481,0,0,0.980232223,1.205642453,0.172728145,1.380097879,0.396411093,1
Blenders Pride (565),9,1.098551003,0,0.499184339,0,0,0.734958257,0,0.65463967,0.271183188,0.85759524,0.281546876,0,0.228001151,0,0.239228481,0,0,0.980232223,1.205642453,0.172728145,1.380097879,0.396411093,1
Blenders Pride (565),9,1.098551003,0,0.499184339,0,0,0.734958257,0,0.65463967,0.271183188,0.85759524,0.281546876,0,0.228001151,0,0.239228481,0,0,0.980232223,1.205642453,0.172728145,1.380097879,0.396411093,1
Blenders Pride (565),9,1.098551003,0,0.499184339,0,0,0.734958257,0,0.65463967,0.271183188,0.85759524,0.281546876,0,0.228001151,0,0.239228481,0,0,0.980232223,1.205642453,0.172728145,1.380097879,0.396411093,1
Blenders Pride (565),8,0.97648978,0,0.443719413,0,0,0.653296229,0,0.581901929,0.241051722,0.76230688,0.25026389,0,0.20266769,0,0.212647539,0,0,0.871317532,1.07168218,0.153536129,1.226753671,0.352365416,1
Blenders Pride (565),9,1.098551003,0,0.499184339,0,0,0.734958257,0,0.65463967,0.271183188,0.85759524,0.281546876,0,0.228001151,0,0.239228481,0,0,0.980232223,1.205642453,0.172728145,1.380097879,0.396411093,1
Blenders Pride (565),9,1.098551003,0,0.499184339,0,0,0.734958257,0,0.65463967,0.271183188,0.85759524,0.281546876,0,0.228001151,0,0.239228481,0,0,0.980232223,1.205642453,0.172728145,1.380097879,0.396411093,1
Blenders Pride (565),7,0.854428558,0,0.388254486,0,0,0.5716342,0,0.509164188,0.210920257,0.66701852,0.218980904,0,0.177334229,0,0.186066596,0,0,0.76240284,0.937721908,0.134344113,1.073409462,0.308319739,1
Blenders Pride (565),7,0.854428558,0,0.388254486,0,0,0.5716342,0,0.509164188,0.210920257,0.66701852,0.218980904,0,0.177334229,0,0.186066596,0,0,0.76240284,0.937721908,0.134344113,1.073409462,0.308319739,1
Blenders Pride (565),9,1.098551003,0,0.499184339,0,0,0.734958257,0,0.65463967,0.271183188,0.85759524,0.281546876,0,0.228001151,0,0.239228481,0,0,0.980232223,1.205642453,0.172728145,1.380097879,0.396411093,1
Blenders Pride (565),5,0.610306113,0,0.277324633,0,0,0.408310143,0,0.363688706,0.150657327,0.4764418,0.156414931,0,0.126667306,0,0.132904712,0,0,0.544573457,0.669801363,0.096,0.766721044,0.220228385,3
Blenders Pride (565),7,0.854428558,0,0.388254486,0,0,0.5716342,0,0.509164188,0.210920257,0.66701852,0.218980904,0,0.177334229,0,0.186066596,0,0,0.76240284,0.937721908,0.134344113,1.073409462,0.308319739,1
Blenders Pride (565),7,0.854428558,0,0.388254486,0,0,0.5716342,0,0.509164188,0.210920257,0.66701852,0.218980904,0,0.177334229,0,0.186066596,0,0,0.76240284,0.937721908,0.134344113,1.073409462,0.308319739,1
Blenders Pride (565),9,1.098551003,0,0.499184339,0,0,0.734958257,0,0.65463967,0.271183188,0.85759524,0.281546876,0,0.228001151,0,0.239228481,0,0,0.980232223,1.205642453,0.172728145,1.380097879,0.396411093,1
Blenders Pride (565),9,1.098551003,0,0.499184339,0,0,0.734958257,0,0.65463967,0.271183188,0.85759524,0.281546876,0,0.228001151,0,0.239228481,0,0,0.980232223,1.205642453,0.172728145,1.380097879,0.396411093,1
Blenders Pride (565),8,0.97648978,0,0.443719413,0,0,0.653296229,0,0.581901929,0.241051722,0.76230688,0.25026389,0,0.20266769,0,0.212647539,0,0,0.871317532,1.07168218,0.153536129,1.226753671,0.352365416,1
Blenders Pride (565),8,0.97648978,0,0.443719413,0,0,0.653296229,0,0.581901929,0.241051722,0.76230688,0.25026389,0,0.20266769,0,0.212647539,0,0,0.871317532,1.07168218,0.153536129,1.226753671,0.352365416,1
Blenders Pride (565),8,0.97648978,0,0.443719413,0,0,0.653296229,0,0.581901929,0.241051722,0.76230688,0.25026389,0,0.20266769,0,0.212647539,0,0,0.871317532,1.07168218,0.153536129,1.226753671,0.352365416,1
Blenders Pride (565),9,1.098551003,0,0.499184339,0,0,0.734958257,0,0.65463967,0.271183188,0.85759524,0.281546876,0,0.228001151,0,0.239228481,0,0,0.980232223,1.205642453,0.172728145,1.380097879,0.396411093,1
Blenders Pride (565),3,0.366183668,0,0.16639478,0,0,0.244986086,0,0.218213223,0.0904,0.28586508,0.0938,0,0.076,0,0.0797,0,0,0.326744074,0.401880818,0.0576,0.460032626,0.132137031,3
Blenders Pride (565),7,0.854428558,0,0.388254486,0,0,0.5716342,0,0.509164188,0.210920257,0.66701852,0.218980904,0,0.177334229,0,0.186066596,0,0,0.76240284,0.937721908,0.134344113,1.073409462,0.308319739,1
Blenders Pride (565),7,0.854428558,0,0.388254486,0,0,0.5716342,0,0.509164188,0.210920257,0.66701852,0.218980904,0,0.177334229,0,0.186066596,0,0,0.76240284,0.937721908,0.134344113,1.073409462,0.308319739,1
Blenders Pride (565),8,0.97648978,0,0.443719413,0,0,0.653296229,0,0.581901929,0.241051722,0.76230688,0.25026389,0,0.20266769,0,0.212647539,0,0,0.871317532,1.07168218,0.153536129,1.226753671,0.352365416,1
Blenders Pride (565),7,0.854428558,0,0.388254486,0,0,0.5716342,0,0.509164188,0.210920257,0.66701852,0.218980904,0,0.177334229,0,0.186066596,0,0,0.76240284,0.937721908,0.134344113,1.073409462,0.308319739,1
Blenders Pride (565),8,0.97648978,0,0.443719413,0,0,0.653296229,0,0.581901929,0.241051722,0.76230688,0.25026389,0,0.20266769,0,0.212647539,0,0,0.871317532,1.07168218,0.153536129,1.226753671,0.352365416,1
Blenders Pride (565),7,0.854428558,0,0.388254486,0,0,0.5716342,0,0.509164188,0.210920257,0.66701852,0.218980904,0,0.177334229,0,0.186066596,0,0,0.76240284,0.937721908,0.134344113,1.073409462,0.308319739,1
Blenders Pride (565),6,0.732367335,0,0.332789559,0,0,0.489972172,0,0.436426447,0.180788792,0.57173016,0.187697918,0,0.152000768,0,0.159485654,0,0,0.653488149,0.803761635,0.115152097,0.920065253,0.264274062,1
Blenders Pride (565),7,0.854428558,0,0.388254486,0,0,0.5716342,0,0.509164188,0.210920257,0.66701852,0.218980904,0,0.177334229,0,0.186066596,0,0,0.76240284,0.937721908,0.134344113,1.073409462,0.308319739,1
Blenders Pride (565),7,0.854428558,0,0.388254486,0,0,0.5716342,0,0.509164188,0.210920257,0.66701852,0.218980904,0,0.177334229,0,0.186066596,0,0,0.76240284,0.937721908,0.134344113,1.073409462,0.308319739,1
Blenders Pride (565),9,1.098551003,0,0.499184339,0,0,0.734958257,0,0.65463967,0.271183188,0.85759524,0.281546876,0,0.228001151,0,0.239228481,0,0,0.980232223,1.205642453,0.172728145,1.380097879,0.396411093,1
Blenders Pride (565),5,0.610306113,0,0.277324633,0,0,0.408310143,0,0.363688706,0.150657327,0.4764418,0.156414931,0,0.126667306,0,0.132904712,0,0,0.544573457,0.669801363,0.096,0.766721044,0.220228385,3
Blenders Pride (565),7,0.854428558,0,0.388254486,0,0,0.5716342,0,0.509164188,0.210920257,0.66701852,0.218980904,0,0.177334229,0,0.186066596,0,0,0.76240284,0.937721908,0.134344113,1.073409462,0.308319739,1
Blenders Pride (565),7,0.854428558,0,0.388254486,0,0,0.5716342,0,0.509164188,0.210920257,0.66701852,0.218980904,0,0.177334229,0,0.186066596,0,0,0.76240284,0.937721908,0.134344113,1.073409462,0.308319739,1
Blenders Pride (565),6,0.732367335,0,0.332789559,0,0,0.489972172,0,0.436426447,0.180788792,0.57173016,0.187697918,0,0.152000768,0,0.159485654,0,0,0.653488149,0.803761635,0.115152097,0.920065253,0.264274062,1
Blenders Pride (565),8,0.97648978,0,0.443719413,0,0,0.653296229,0,0.581901929,0.241051722,0.76230688,0.25026389,0,0.20266769,0,0.212647539,0,0,0.871317532,1.07168218,0.153536129,1.226753671,0.352365416,1
Blenders Pride (565),8,0.97648978,0,0.443719413,0,0,0.653296229,0,0.581901929,0.241051722,0.76230688,0.25026389,0,0.20266769,0,0.212647539,0,0,0.871317532,1.07168218,0.153536129,1.226753671,0.352365416,1
Blenders Pride (565),8,0.97648978,0,0.443719413,0,0,0.653296229,0,0.581901929,0.241051722,0.76230688,0.25026389,0,0.20266769,0,0.212647539,0,0,0.871317532,1.07168218,0.153536129,1.226753671,0.352365416,1
Blenders Pride (565),2,0.244122445,0,0.110929853,0,0,0.163324057,0,0.145475482,0.0603,0.19057672,0.0626,0,0.0507,0,0.0532,0,0,0.217829383,0.267920545,0.0384,0.306688418,0.0881,3
Blenders Pride (565),9,1.098551003,0,0.499184339,0,0,0.734958257,0,0.65463967,0.271183188,0.85759524,0.281546876,0,0.228001151,0,0.239228481,0,0,0.980232223,1.205642453,0.172728145,1.380097879,0.396411093,1
Blenders Pride (565),6,0.732367335,0,0.332789559,0,0,0.489972172,0,0.436426447,0.180788792,0.57173016,0.187697918,0,0.152000768,0,0.159485654,0,0,0.653488149,0.803761635,0.115152097,0.920065253,0.264274062,1
Blenders Pride (565),8,0.97648978,0,0.443719413,0,0,0.653296229,0,0.581901929,0.241051722,0.76230688,0.25026389,0,0.20266769,0,0.212647539,0,0,0.871317532,1.07168218,0.153536129,1.226753671,0.352365416,1
Blenders Pride (565),8,0.97648978,0,0.443719413,0,0,0.653296229,0,0.581901929,0.241051722,0.76230688,0.25026389,0,0.20266769,0,0.212647539,0,0,0.871317532,1.07168218,0.153536129,1.226753671,0.352365416,1
Blenders Pride (565),9,1.098551003,0,0.499184339,0,0,0.734958257,0,0.65463967,0.271183188,0.85759524,0.281546876,0,0.228001151,0,0.239228481,0,0,0.980232223,1.205642453,0.172728145,1.380097879,0.396411093,1
Blenders Pride (565),7,0.854428558,0,0.388254486,0,0,0.5716342,0,0.509164188,0.210920257,0.66701852,0.218980904,0,0.177334229,0,0.186066596,0,0,0.76240284,0.937721908,0.134344113,1.073409462,0.308319739,1
Blenders Pride (565),9,1.098551003,0,0.499184339,0,0,0.734958257,0,0.65463967,0.271183188,0.85759524,0.281546876,0,0.228001151,0,0.239228481,0,0,0.980232223,1.205642453,0.172728145,1.380097879,0.396411093,1
Blenders Pride (565),8,0.97648978,0,0.443719413,0,0,0.653296229,0,0.581901929,0.241051722,0.76230688,0.25026389,0,0.20266769,0,0.212647539,0,0,0.871317532,1.07168218,0.153536129,1.226753671,0.352365416,1
Blenders Pride (565),3,0.366183668,0,0.16639478,0,0,0.244986086,0,0.218213223,0.0904,0.28586508,0.0938,0,0.076,0,0.0797,0,0,0.326744074,0.401880818,0.0576,0.460032626,0.132137031,3
Blenders Pride (565),7,0.854428558,0,0.388254486,0,0,0.5716342,0,0.509164188,0.210920257,0.66701852,0.218980904,0,0.177334229,0,0.186066596,0,0,0.76240284,0.937721908,0.134344113,1.073409462,0.308319739,1
Blenders Pride (565),8,0.97648978,0,0.443719413,0,0,0.653296229,0,0.581901929,0.241051722,0.76230688,0.25026389,0,0.20266769,0,0.212647539,0,0,0.871317532,1.07168218,0.153536129,1.226753671,0.352365416,1
Blenders Pride (565),7,0.854428558,0,0.388254486,0,0,0.5716342,0,0.509164188,0.210920257,0.66701852,0.218980904,0,0.177334229,0,0.186066596,0,0,0.76240284,0.937721908,0.134344113,1.073409462,0.308319739,1
Blenders Pride (565),5,0.610306113,0,0.277324633,0,0,0.408310143,0,0.363688706,0.150657327,0.4764418,0.156414931,0,0.126667306,0,0.132904712,0,0,0.544573457,0.669801363,0.096,0.766721044,0.220228385,3
Blenders Pride (565),7,0.854428558,0,0.388254486,0,0,0.5716342,0,0.509164188,0.210920257,0.66701852,0.218980904,0,0.177334229,0,0.186066596,0,0,0.76240284,0.937721908,0.134344113,1.073409462,0.308319739,1
Blenders Pride (565),7,0.854428558,0,0.388254486,0,0,0.5716342,0,0.509164188,0.210920257,0.66701852,0.218980904,0,0.177334229,0,0.186066596,0,0,0.76240284,0.937721908,0.134344113,1.073409462,0.308319739,1
Blenders Pride (565),9,1.098551003,0,0.499184339,0,0,0.734958257,0,0.65463967,0.271183188,0.85759524,0.281546876,0,0.228001151,0,0.239228481,0,0,0.980232223,1.205642453,0.172728145,1.380097879,0.396411093,1
Blenders Pride (565),7,0.854428558,0,0.388254486,0,0,0.5716342,0,0.509164188,0.210920257,0.66701852,0.218980904,0,0.177334229,0,0.186066596,0,0,0.76240284,0.937721908,0.134344113,1.073409462,0.308319739,1
Blenders Pride (565),7,0.854428558,0,0.388254486,0,0,0.5716342,0,0.509164188,0.210920257,0.66701852,0.218980904,0,0.177334229,0,0.186066596,0,0,0.76240284,0.937721908,0.134344113,1.073409462,0.308319739,1
Blenders Pride (565),6,0.732367335,0,0.332789559,0,0,0.489972172,0,0.436426447,0.180788792,0.57173016,0.187697918,0,0.152000768,0,0.159485654,0,0,0.653488149,0.803761635,0.115152097,0.920065253,0.264274062,1
Blenders Pride (565),9,1.098551003,0,0.499184339,0,0,0.734958257,0,0.65463967,0.271183188,0.85759524,0.281546876,0,0.228001151,0,0.239228481,0,0,0.980232223,1.205642453,0.172728145,1.380097879,0.396411093,1
Blenders Pride (565),7,0.854428558,0,0.388254486,0,0,0.5716342,0,0.509164188,0.210920257,0.66701852,0.218980904,0,0.177334229,0,0.186066596,0,0,0.76240284,0.937721908,0.134344113,1.073409462,0.308319739,1
Blenders Pride (565),1,0.122061223,0,0.0555,0,0,0.0817,0,0.0727,0.0301,0.0953,0.0313,0,0.0253,0,0.0266,0,0,0.108914691,0.133960273,0.0192,0.153344209,0.044,3
Blenders Pride (565),5,0.610306113,0,0.277324633,0,0,0.408310143,0,0.363688706,0.150657327,0.4764418,0.156414931,0,0.126667306,0,0.132904712,0,0,0.544573457,0.669801363,0.096,0.766721044,0.220228385,3
Blenders Pride (565),9,1.098551003,0,0.499184339,0,0,0.734958257,0,0.65463967,0.271183188,0.85759524,0.281546876,0,0.228001151,0,0.239228481,0,0,0.980232223,1.205642453,0.172728145,1.380097879,0.396411093,1
Blenders Pride (565),5,0.610306113,0,0.277324633,0,0,0.408310143,0,0.363688706,0.150657327,0.4764418,0.156414931,0,0.126667306,0,0.132904712,0,0,0.544573457,0.669801363,0.096,0.766721044,0.220228385,3
Blenders Pride (565),7,0.854428558,0,0.388254486,0,0,0.5716342,0,0.509164188,0.210920257,0.66701852,0.218980904,0,0.177334229,0,0.186066596,0,0,0.76240284,0.937721908,0.134344113,1.073409462,0.308319739,1
Blenders Pride (565),9,1.098551003,0,0.499184339,0,0,0.734958257,0,0.65463967,0.271183188,0.85759524,0.281546876,0,0.228001151,0,0.239228481,0,0,0.980232223,1.205642453,0.172728145,1.380097879,0.396411093,1
Blenders Pride (565),9,1.098551003,0,0.499184339,0,0,0.734958257,0,0.65463967,0.271183188,0.85759524,0.281546876,0,0.228001151,0,0.239228481,0,0,0.980232223,1.205642453,0.172728145,1.380097879,0.396411093,1
Blenders Pride (565),9,1.098551003,0,0.499184339,0,0,0.734958257,0,0.65463967,0.271183188,0.85759524,0.281546876,0,0.228001151,0,0.239228481,0,0,0.980232223,1.205642453,0.172728145,1.380097879,0.396411093,1
Blenders Pride (565),8,0.97648978,0,0.443719413,0,0,0.653296229,0,0.581901929,0.241051722,0.76230688,0.25026389,0,0.20266769,0,0.212647539,0,0,0.871317532,1.07168218,0.153536129,1.226753671,0.352365416,1
Blenders Pride (565),8,0.97648978,0,0.443719413,0,0,0.653296229,0,0.581901929,0.241051722,0.76230688,0.25026389,0,0.20266769,0,0.212647539,0,0,0.871317532,1.07168218,0.153536129,1.226753671,0.352365416,1
Blenders Pride (565),1,0.122061223,0,0.0555,0,0,0.0817,0,0.0727,0.0301,0.0953,0.0313,0,0.0253,0,0.0266,0,0,0.108914691,0.133960273,0.0192,0.153344209,0.044,3
Blenders Pride (565),7,0.854428558,0,0.388254486,0,0,0.5716342,0,0.509164188,0.210920257,0.66701852,0.218980904,0,0.177334229,0,0.186066596,0,0,0.76240284,0.937721908,0.134344113,1.073409462,0.308319739,1
Blenders Pride (565),9,1.098551003,0,0.499184339,0,0,0.734958257,0,0.65463967,0.271183188,0.85759524,0.281546876,0,0.228001151,0,0.239228481,0,0,0.980232223,1.205642453,0.172728145,1.380097879,0.396411093,1
Blenders Pride (565),7,0.854428558,0,0.388254486,0,0,0.5716342,0,0.509164188,0.210920257,0.66701852,0.218980904,0,0.177334229,0,0.186066596,0,0,0.76240284,0.937721908,0.134344113,1.073409462,0.308319739,1
Blenders Pride (565),9,1.098551003,0,0.499184339,0,0,0.734958257,0,0.65463967,0.271183188,0.85759524,0.281546876,0,0.228001151,0,0.239228481,0,0,0.980232223,1.205642453,0.172728145,1.380097879,0.396411093,1
Blenders Pride (565),9,1.098551003,0,0.499184339,0,0,0.734958257,0,0.65463967,0.271183188,0.85759524,0.281546876,0,0.228001151,0,0.239228481,0,0,0.980232223,1.205642453,0.172728145,1.380097879,0.396411093,1
Blenders Pride (565),8,0.97648978,0,0.443719413,0,0,0.653296229,0,0.581901929,0.241051722,0.76230688,0.25026389,0,0.20266769,0,0.212647539,0,0,0.871317532,1.07168218,0.153536129,1.226753671,0.352365416,1
Blenders Pride (565),4,0.48824489,0,0.221859706,0,0,0.326648114,0,0.290950964,0.120525861,0.38115344,0.125131945,0,0.101333845,0,0.106323769,0,0,0.435658766,0.53584109,0.0768,0.613376835,0.176182708,3
Blenders Pride (565),9,1.098551003,0,0.499184339,0,0,0.734958257,0,0.65463967,0.271183188,0.85759524,0.281546876,0,0.228001151,0,0.239228481,0,0,0.980232223,1.205642453,0.172728145,1.380097879,0.396411093,1
Blenders Pride (565),9,1.098551003,0,0.499184339,0,0,0.734958257,0,0.65463967,0.271183188,0.85759524,0.281546876,0,0.228001151,0,0.239228481,0,0,0.980232223,1.205642453,0.172728145,1.380097879,0.396411093,1
Blenders Pride (565),9,1.098551003,0,0.499184339,0,0,0.734958257,0,0.65463967,0.271183188,0.85759524,0.281546876,0,0.228001151,0,0.239228481,0,0,0.980232223,1.205642453,0.172728145,1.380097879,0.396411093,1
Blenders Pride (565),2,0.244122445,0,0.110929853,0,0,0.163324057,0,0.145475482,0.0603,0.19057672,0.0626,0,0.0507,0,0.0532,0,0,0.217829383,0.267920545,0.0384,0.306688418,0.0881,3
Blenders Pride (565),5,0.610306113,0,0.277324633,0,0,0.408310143,0,0.363688706,0.150657327,0.4764418,0.156414931,0,0.126667306,0,0.132904712,0,0,0.544573457,0.669801363,0.096,0.766721044,0.220228385,3
Blenders Pride (565),6,0.732367335,0,0.332789559,0,0,0.489972172,0,0.436426447,0.180788792,0.57173016,0.187697918,0,0.152000768,0,0.159485654,0,0,0.653488149,0.803761635,0.115152097,0.920065253,0.264274062,1
Blenders Pride (565),8,0.97648978,0,0.443719413,0,0,0.653296229,0,0.581901929,0.241051722,0.76230688,0.25026389,0,0.20266769,0,0.212647539,0,0,0.871317532,1.07168218,0.153536129,1.226753671,0.352365416,1
Blenders Pride (565),5,0.610306113,0,0.277324633,0,0,0.408310143,0,0.363688706,0.150657327,0.4764418,0.156414931,0,0.126667306,0,0.132904712,0,0,0.544573457,0.669801363,0.096,0.766721044,0.220228385,3
Blenders Pride (565),8,0.97648978,0,0.443719413,0,0,0.653296229,0,0.581901929,0.241051722,0.76230688,0.25026389,0,0.20266769,0,0.212647539,0,0,0.871317532,1.07168218,0.153536129,1.226753671,0.352365416,1
Blenders Pride (565),8,0.97648978,0,0.443719413,0,0,0.653296229,0,0.581901929,0.241051722,0.76230688,0.25026389,0,0.20266769,0,0.212647539,0,0,0.871317532,1.07168218,0.153536129,1.226753671,0.352365416,1
Blenders Pride (565),4,0.48824489,0,0.221859706,0,0,0.326648114,0,0.290950964,0.120525861,0.38115344,0.125131945,0,0.101333845,0,0.106323769,0,0,0.435658766,0.53584109,0.0768,0.613376835,0.176182708,3
Blenders Pride (565),5,0.610306113,0,0.277324633,0,0,0.408310143,0,0.363688706,0.150657327,0.4764418,0.156414931,0,0.126667306,0,0.132904712,0,0,0.544573457,0.669801363,0.096,0.766721044,0.220228385,3
Blenders Pride (565),5,0.610306113,0,0.277324633,0,0,0.408310143,0,0.363688706,0.150657327,0.4764418,0.156414931,0,0.126667306,0,0.132904712,0,0,0.544573457,0.669801363,0.096,0.766721044,0.220228385,3
Blenders Pride (565),7,0.854428558,0,0.388254486,0,0,0.5716342,0,0.509164188,0.210920257,0.66701852,0.218980904,0,0.177334229,0,0.186066596,0,0,0.76240284,0.937721908,0.134344113,1.073409462,0.308319739,1
Blenders Pride (565),9,1.098551003,0,0.499184339,0,0,0.734958257,0,0.65463967,0.271183188,0.85759524,0.281546876,0,0.228001151,0,0.239228481,0,0,0.980232223,1.205642453,0.172728145,1.380097879,0.396411093,1
Blenders Pride (565),8,0.97648978,0,0.443719413,0,0,0.653296229,0,0.581901929,0.241051722,0.76230688,0.25026389,0,0.20266769,0,0.212647539,0,0,0.871317532,1.07168218,0.153536129,1.226753671,0.352365416,1
Blenders Pride (565),8,0.97648978,0,0.443719413,0,0,0.653296229,0,0.581901929,0.241051722,0.76230688,0.25026389,0,0.20266769,0,0.212647539,0,0,0.871317532,1.07168218,0.153536129,1.226753671,0.352365416,1
Blenders Pride (565),8,0.97648978,0,0.443719413,0,0,0.653296229,0,0.581901929,0.241051722,0.76230688,0.25026389,0,0.20266769,0,0.212647539,0,0,0.871317532,1.07168218,0.153536129,1.226753671,0.352365416,1
Blenders Pride (565),8,0.97648978,0,0.443719413,0,0,0.653296229,0,0.581901929,0.241051722,0.76230688,0.25026389,0,0.20266769,0,0.212647539,0,0,0.871317532,1.07168218,0.153536129,1.226753671,0.352365416,1
Blenders Pride (565),9,1.098551003,0,0.499184339,0,0,0.734958257,0,0.65463967,0.271183188,0.85759524,0.281546876,0,0.228001151,0,0.239228481,0,0,0.980232223,1.205642453,0.172728145,1.380097879,0.396411093,1
Blenders Pride (565),5,0.610306113,0,0.277324633,0,0,0.408310143,0,0.363688706,0.150657327,0.4764418,0.156414931,0,0.126667306,0,0.132904712,0,0,0.544573457,0.669801363,0.096,0.766721044,0.220228385,3
Blenders Pride (565),5,0.610306113,0,0.277324633,0,0,0.408310143,0,0.363688706,0.150657327,0.4764418,0.156414931,0,0.126667306,0,0.132904712,0,0,0.544573457,0.669801363,0.096,0.766721044,0.220228385,3
Blenders Pride (565),9,1.098551003,0,0.499184339,0,0,0.734958257,0,0.65463967,0.271183188,0.85759524,0.281546876,0,0.228001151,0,0.239228481,0,0,0.980232223,1.205642453,0.172728145,1.380097879,0.396411093,1
Blenders Pride (565),6,0.732367335,0,0.332789559,0,0,0.489972172,0,0.436426447,0.180788792,0.57173016,0.187697918,0,0.152000768,0,0.159485654,0,0,0.653488149,0.803761635,0.115152097,0.920065253,0.264274062,1
Blenders Pride (565),9,1.098551003,0,0.499184339,0,0,0.734958257,0,0.65463967,0.271183188,0.85759524,0.281546876,0,0.228001151,0,0.239228481,0,0,0.980232223,1.205642453,0.172728145,1.380097879,0.396411093,1
Blenders Pride (565),9,1.098551003,0,0.499184339,0,0,0.734958257,0,0.65463967,0.271183188,0.85759524,0.281546876,0,0.228001151,0,0.239228481,0,0,0.980232223,1.205642453,0.172728145,1.380097879,0.396411093,1
Blenders Pride (565),9,1.098551003,0,0.499184339,0,0,0.734958257,0,0.65463967,0.271183188,0.85759524,0.281546876,0,0.228001151,0,0.239228481,0,0,0.980232223,1.205642453,0.172728145,1.380097879,0.396411093,1
Blenders Pride (565),8,0.97648978,0,0.443719413,0,0,0.653296229,0,0.581901929,0.241051722,0.76230688,0.25026389,0,0.20266769,0,0.212647539,0,0,0.871317532,1.07168218,0.153536129,1.226753671,0.352365416,1
Blenders Pride (565),9,1.098551003,0,0.499184339,0,0,0.734958257,0,0.65463967,0.271183188,0.85759524,0.281546876,0,0.228001151,0,0.239228481,0,0,0.980232223,1.205642453,0.172728145,1.380097879,0.396411093,1
Blenders Pride (565),7,0.854428558,0,0.388254486,0,0,0.5716342,0,0.509164188,0.210920257,0.66701852,0.218980904,0,0.177334229,0,0.186066596,0,0,0.76240284,0.937721908,0.134344113,1.073409462,0.308319739,1
Blenders Pride (565),7,0.854428558,0,0.388254486,0,0,0.5716342,0,0.509164188,0.210920257,0.66701852,0.218980904,0,0.177334229,0,0.186066596,0,0,0.76240284,0.937721908,0.134344113,1.073409462,0.308319739,1
Blenders Pride (565),6,0.732367335,0,0.332789559,0,0,0.489972172,0,0.436426447,0.180788792,0.57173016,0.187697918,0,0.152000768,0,0.159485654,0,0,0.653488149,0.803761635,0.115152097,0.920065253,0.264274062,1
Blenders Pride (565),8,0.97648978,0,0.443719413,0,0,0.653296229,0,0.581901929,0.241051722,0.76230688,0.25026389,0,0.20266769,0,0.212647539,0,0,0.871317532,1.07168218,0.153536129,1.226753671,0.352365416,1
Blenders Pride (565),7,0.854428558,0,0.388254486,0,0,0.5716342,0,0.509164188,0.210920257,0.66701852,0.218980904,0,0.177334229,0,0.186066596,0,0,0.76240284,0.937721908,0.134344113,1.073409462,0.308319739,1
Blenders Pride (565),9,1.098551003,0,0.499184339,0,0,0.734958257,0,0.65463967,0.271183188,0.85759524,0.281546876,0,0.228001151,0,0.239228481,0,0,0.980232223,1.205642453,0.172728145,1.380097879,0.396411093,1
Blenders Pride (565),8,0.97648978,0,0.443719413,0,0,0.653296229,0,0.581901929,0.241051722,0.76230688,0.25026389,0,0.20266769,0,0.212647539,0,0,0.871317532,1.07168218,0.153536129,1.226753671,0.352365416,1
Blenders Pride (565),5,0.610306113,0,0.277324633,0,0,0.408310143,0,0.363688706,0.150657327,0.4764418,0.156414931,0,0.126667306,0,0.132904712,0,0,0.544573457,0.669801363,0.096,0.766721044,0.220228385,3
Blenders Pride (565),7,0.854428558,0,0.388254486,0,0,0.5716342,0,0.509164188,0.210920257,0.66701852,0.218980904,0,0.177334229,0,0.186066596,0,0,0.76240284,0.937721908,0.134344113,1.073409462,0.308319739,1
Blenders Pride (565),9,1.098551003,0,0.499184339,0,0,0.734958257,0,0.65463967,0.271183188,0.85759524,0.281546876,0,0.228001151,0,0.239228481,0,0,0.980232223,1.205642453,0.172728145,1.380097879,0.396411093,1
Blenders Pride (565),5,0.610306113,0,0.277324633,0,0,0.408310143,0,0.363688706,0.150657327,0.4764418,0.156414931,0,0.126667306,0,0.132904712,0,0,0.544573457,0.669801363,0.096,0.766721044,0.220228385,3
Blenders Pride (565),9,1.098551003,0,0.499184339,0,0,0.734958257,0,0.65463967,0.271183188,0.85759524,0.281546876,0,0.228001151,0,0.239228481,0,0,0.980232223,1.205642453,0.172728145,1.380097879,0.396411093,1
Blenders Pride (565),8,0.97648978,0,0.443719413,0,0,0.653296229,0,0.581901929,0.241051722,0.76230688,0.25026389,0,0.20266769,0,0.212647539,0,0,0.871317532,1.07168218,0.153536129,1.226753671,0.352365416,1
Blenders Pride (565),8,0.97648978,0,0.443719413,0,0,0.653296229,0,0.581901929,0.241051722,0.76230688,0.25026389,0,0.20266769,0,0.212647539,0,0,0.871317532,1.07168218,0.153536129,1.226753671,0.352365416,1
Blenders Pride (565),6,0.732367335,0,0.332789559,0,0,0.489972172,0,0.436426447,0.180788792,0.57173016,0.187697918,0,0.152000768,0,0.159485654,0,0,0.653488149,0.803761635,0.115152097,0.920065253,0.264274062,1
Blenders Pride (565),6,0.732367335,0,0.332789559,0,0,0.489972172,0,0.436426447,0.180788792,0.57173016,0.187697918,0,0.152000768,0,0.159485654,0,0,0.653488149,0.803761635,0.115152097,0.920065253,0.264274062,1
Blenders Pride (565),7,0.854428558,0,0.388254486,0,0,0.5716342,0,0.509164188,0.210920257,0.66701852,0.218980904,0,0.177334229,0,0.186066596,0,0,0.76240284,0.937721908,0.134344113,1.073409462,0.308319739,1
Blenders Pride (565),8,0.97648978,0,0.443719413,0,0,0.653296229,0,0.581901929,0.241051722,0.76230688,0.25026389,0,0.20266769,0,0.212647539,0,0,0.871317532,1.07168218,0.153536129,1.226753671,0.352365416,1
Blenders Pride (565),9,1.098551003,0,0.499184339,0,0,0.734958257,0,0.65463967,0.271183188,0.85759524,0.281546876,0,0.228001151,0,0.239228481,0,0,0.980232223,1.205642453,0.172728145,1.380097879,0.396411093,1
Blenders Pride (565),7,0.854428558,0,0.388254486,0,0,0.5716342,0,0.509164188,0.210920257,0.66701852,0.218980904,0,0.177334229,0,0.186066596,0,0,0.76240284,0.937721908,0.134344113,1.073409462,0.308319739,1
Blenders Pride (565),7,0.854428558,0,0.388254486,0,0,0.5716342,0,0.509164188,0.210920257,0.66701852,0.218980904,0,0.177334229,0,0.186066596,0,0,0.76240284,0.937721908,0.134344113,1.073409462,0.308319739,1
Blenders Pride (565),4,0.48824489,0,0.221859706,0,0,0.326648114,0,0.290950964,0.120525861,0.38115344,0.125131945,0,0.101333845,0,0.106323769,0,0,0.435658766,0.53584109,0.0768,0.613376835,0.176182708,3
Blenders Pride (565),7,0.854428558,0,0.388254486,0,0,0.5716342,0,0.509164188,0.210920257,0.66701852,0.218980904,0,0.177334229,0,0.186066596,0,0,0.76240284,0.937721908,0.134344113,1.073409462,0.308319739,1
Blenders Pride (565),6,0.732367335,0,0.332789559,0,0,0.489972172,0,0.436426447,0.180788792,0.57173016,0.187697918,0,0.152000768,0,0.159485654,0,0,0.653488149,0.803761635,0.115152097,0.920065253,0.264274062,1
Blenders Pride (565),8,0.97648978,0,0.443719413,0,0,0.653296229,0,0.581901929,0.241051722,0.76230688,0.25026389,0,0.20266769,0,0.212647539,0,0,0.871317532,1.07168218,0.153536129,1.226753671,0.352365416,1
Blenders Pride (565),8,0.97648978,0,0.443719413,0,0,0.653296229,0,0.581901929,0.241051722,0.76230688,0.25026389,0,0.20266769,0,0.212647539,0,0,0.871317532,1.07168218,0.153536129,1.226753671,0.352365416,1
Blenders Pride (565),8,0.97648978,0,0.443719413,0,0,0.653296229,0,0.581901929,0.241051722,0.76230688,0.25026389,0,0.20266769,0,0.212647539,0,0,0.871317532,1.07168218,0.153536129,1.226753671,0.352365416,1
Blenders Pride (565),8,0.97648978,0,0.443719413,0,0,0.653296229,0,0.581901929,0.241051722,0.76230688,0.25026389,0,0.20266769,0,0.212647539,0,0,0.871317532,1.07168218,0.153536129,1.226753671,0.352365416,1
Blenders Pride (565),8,0.97648978,0,0.443719413,0,0,0.653296229,0,0.581901929,0.241051722,0.76230688,0.25026389,0,0.20266769,0,0.212647539,0,0,0.871317532,1.07168218,0.153536129,1.226753671,0.352365416,1
Blenders Pride (565),6,0.732367335,0,0.332789559,0,0,0.489972172,0,0.436426447,0.180788792,0.57173016,0.187697918,0,0.152000768,0,0.159485654,0,0,0.653488149,0.803761635,0.115152097,0.920065253,0.264274062,1
Blenders Pride (565),7,0.854428558,0,0.388254486,0,0,0.5716342,0,0.509164188,0.210920257,0.66701852,0.218980904,0,0.177334229,0,0.186066596,0,0,0.76240284,0.937721908,0.134344113,1.073409462,0.308319739,1
Blenders Pride (565),8,0.97648978,0,0.443719413,0,0,0.653296229,0,0.581901929,0.241051722,0.76230688,0.25026389,0,0.20266769,0,0.212647539,0,0,0.871317532,1.07168218,0.153536129,1.226753671,0.352365416,1
Blenders Pride (565),7,0.854428558,0,0.388254486,0,0,0.5716342,0,0.509164188,0.210920257,0.66701852,0.218980904,0,0.177334229,0,0.186066596,0,0,0.76240284,0.937721908,0.134344113,1.073409462,0.308319739,1
Blenders Pride (565),7,0.854428558,0,0.388254486,0,0,0.5716342,0,0.509164188,0.210920257,0.66701852,0.218980904,0,0.177334229,0,0.186066596,0,0,0.76240284,0.937721908,0.134344113,1.073409462,0.308319739,1
Blenders Pride (565),7,0.854428558,0,0.388254486,0,0,0.5716342,0,0.509164188,0.210920257,0.66701852,0.218980904,0,0.177334229,0,0.186066596,0,0,0.76240284,0.937721908,0.134344113,1.073409462,0.308319739,1
Blenders Pride (565),7,0.854428558,0,0.388254486,0,0,0.5716342,0,0.509164188,0.210920257,0.66701852,0.218980904,0,0.177334229,0,0.186066596,0,0,0.76240284,0.937721908,0.134344113,1.073409462,0.308319739,1
Blenders Pride (565),9,1.098551003,0,0.499184339,0,0,0.734958257,0,0.65463967,0.271183188,0.85759524,0.281546876,0,0.228001151,0,0.239228481,0,0,0.980232223,1.205642453,0.172728145,1.380097879,0.396411093,1
Blenders Pride (565),8,0.97648978,0,0.443719413,0,0,0.653296229,0,0.581901929,0.241051722,0.76230688,0.25026389,0,0.20266769,0,0.212647539,0,0,0.871317532,1.07168218,0.153536129,1.226753671,0.352365416,1
Blenders Pride (565),5,0.610306113,0,0.277324633,0,0,0.408310143,0,0.363688706,0.150657327,0.4764418,0.156414931,0,0.126667306,0,0.132904712,0,0,0.544573457,0.669801363,0.096,0.766721044,0.220228385,3
Blenders Pride (565),7,0.854428558,0,0.388254486,0,0,0.5716342,0,0.509164188,0.210920257,0.66701852,0.218980904,0,0.177334229,0,0.186066596,0,0,0.76240284,0.937721908,0.134344113,1.073409462,0.308319739,1
Blenders Pride (565),7,0.854428558,0,0.388254486,0,0,0.5716342,0,0.509164188,0.210920257,0.66701852,0.218980904,0,0.177334229,0,0.186066596,0,0,0.76240284,0.937721908,0.134344113,1.073409462,0.308319739,1
Blenders Pride (565),8,0.97648978,0,0.443719413,0,0,0.653296229,0,0.581901929,0.241051722,0.76230688,0.25026389,0,0.20266769,0,0.212647539,0,0,0.871317532,1.07168218,0.153536129,1.226753671,0.352365416,1
Blenders Pride (565),8,0.97648978,0,0.443719413,0,0,0.653296229,0,0.581901929,0.241051722,0.76230688,0.25026389,0,0.20266769,0,0.212647539,0,0,0.871317532,1.07168218,0.153536129,1.226753671,0.352365416,1
Blenders Pride (565),7,0.854428558,0,0.388254486,0,0,0.5716342,0,0.509164188,0.210920257,0.66701852,0.218980904,0,0.177334229,0,0.186066596,0,0,0.76240284,0.937721908,0.134344113,1.073409462,0.308319739,1
Blenders Pride (565),8,0.97648978,0,0.443719413,0,0,0.653296229,0,0.581901929,0.241051722,0.76230688,0.25026389,0,0.20266769,0,0.212647539,0,0,0.871317532,1.07168218,0.153536129,1.226753671,0.352365416,1
Blenders Pride (565),7,0.854428558,0,0.388254486,0,0,0.5716342,0,0.509164188,0.210920257,0.66701852,0.218980904,0,0.177334229,0,0.186066596,0,0,0.76240284,0.937721908,0.134344113,1.073409462,0.308319739,1
Blenders Pride (565),8,0.97648978,0,0.443719413,0,0,0.653296229,0,0.581901929,0.241051722,0.76230688,0.25026389,0,0.20266769,0,0.212647539,0,0,0.871317532,1.07168218,0.153536129,1.226753671,0.352365416,1
Blenders Pride (565),9,1.098551003,0,0.499184339,0,0,0.734958257,0,0.65463967,0.271183188,0.85759524,0.281546876,0,0.228001151,0,0.239228481,0,0,0.980232223,1.205642453,0.172728145,1.380097879,0.396411093,1
Blenders Pride (565),5,0.610306113,0,0.277324633,0,0,0.408310143,0,0.363688706,0.150657327,0.4764418,0.156414931,0,0.126667306,0,0.132904712,0,0,0.544573457,0.669801363,0.096,0.766721044,0.220228385,3
Blenders Pride (565),9,1.098551003,0,0.499184339,0,0,0.734958257,0,0.65463967,0.271183188,0.85759524,0.281546876,0,0.228001151,0,0.239228481,0,0,0.980232223,1.205642453,0.172728145,1.380097879,0.396411093,1
Blenders Pride (565),9,1.098551003,0,0.499184339,0,0,0.734958257,0,0.65463967,0.271183188,0.85759524,0.281546876,0,0.228001151,0,0.239228481,0,0,0.980232223,1.205642453,0.172728145,1.380097879,0.396411093,1
Blenders Pride (565),8,0.97648978,0,0.443719413,0,0,0.653296229,0,0.581901929,0.241051722,0.76230688,0.25026389,0,0.20266769,0,0.212647539,0,0,0.871317532,1.07168218,0.153536129,1.226753671,0.352365416,1
Blenders Pride (565),8,0.97648978,0,0.443719413,0,0,0.653296229,0,0.581901929,0.241051722,0.76230688,0.25026389,0,0.20266769,0,0.212647539,0,0,0.871317532,1.07168218,0.153536129,1.226753671,0.352365416,1
Blenders Pride (565),8,0.97648978,0,0.443719413,0,0,0.653296229,0,0.581901929,0.241051722,0.76230688,0.25026389,0,0.20266769,0,0.212647539,0,0,0.871317532,1.07168218,0.153536129,1.226753671,0.352365416,1
Blenders Pride (565),8,0.97648978,0,0.443719413,0,0,0.653296229,0,0.581901929,0.241051722,0.76230688,0.25026389,0,0.20266769,0,0.212647539,0,0,0.871317532,1.07168218,0.153536129,1.226753671,0.352365416,1
Blenders Pride (565),7,0.854428558,0,0.388254486,0,0,0.5716342,0,0.509164188,0.210920257,0.66701852,0.218980904,0,0.177334229,0,0.186066596,0,0,0.76240284,0.937721908,0.134344113,1.073409462,0.308319739,1
Blenders Pride (565),5,0.610306113,0,0.277324633,0,0,0.408310143,0,0.363688706,0.150657327,0.4764418,0.156414931,0,0.126667306,0,0.132904712,0,0,0.544573457,0.669801363,0.096,0.766721044,0.220228385,3
Blenders Pride (565),6,0.732367335,0,0.332789559,0,0,0.489972172,0,0.436426447,0.180788792,0.57173016,0.187697918,0,0.152000768,0,0.159485654,0,0,0.653488149,0.803761635,0.115152097,0.920065253,0.264274062,1
Blenders Pride (565),7,0.854428558,0,0.388254486,0,0,0.5716342,0,0.509164188,0.210920257,0.66701852,0.218980904,0,0.177334229,0,0.186066596,0,0,0.76240284,0.937721908,0.134344113,1.073409462,0.308319739,1
Blenders Pride (565),7,0.854428558,0,0.388254486,0,0,0.5716342,0,0.509164188,0.210920257,0.66701852,0.218980904,0,0.177334229,0,0.186066596,0,0,0.76240284,0.937721908,0.134344113,1.073409462,0.308319739,1
Blenders Pride (565),6,0.732367335,0,0.332789559,0,0,0.489972172,0,0.436426447,0.180788792,0.57173016,0.187697918,0,0.152000768,0,0.159485654,0,0,0.653488149,0.803761635,0.115152097,0.920065253,0.264274062,1
Blenders Pride (565),8,0.97648978,0,0.443719413,0,0,0.653296229,0,0.581901929,0.241051722,0.76230688,0.25026389,0,0.20266769,0,0.212647539,0,0,0.871317532,1.07168218,0.153536129,1.226753671,0.352365416,1
Blenders Pride (565),9,1.098551003,0,0.499184339,0,0,0.734958257,0,0.65463967,0.271183188,0.85759524,0.281546876,0,0.228001151,0,0.239228481,0,0,0.980232223,1.205642453,0.172728145,1.380097879,0.396411093,1
Blenders Pride (565),8,0.97648978,0,0.443719413,0,0,0.653296229,0,0.581901929,0.241051722,0.76230688,0.25026389,0,0.20266769,0,0.212647539,0,0,0.871317532,1.07168218,0.153536129,1.226753671,0.352365416,1
Blenders Pride (565),8,0.97648978,0,0.443719413,0,0,0.653296229,0,0.581901929,0.241051722,0.76230688,0.25026389,0,0.20266769,0,0.212647539,0,0,0.871317532,1.07168218,0.153536129,1.226753671,0.352365416,1
Blenders Pride (565),9,1.098551003,0,0.499184339,0,0,0.734958257,0,0.65463967,0.271183188,0.85759524,0.281546876,0,0.228001151,0,0.239228481,0,0,0.980232223,1.205642453,0.172728145,1.380097879,0.396411093,1
Blenders Pride (565),7,0.854428558,0,0.388254486,0,0,0.5716342,0,0.509164188,0.210920257,0.66701852,0.218980904,0,0.177334229,0,0.186066596,0,0,0.76240284,0.937721908,0.134344113,1.073409462,0.308319739,1
Blenders Pride (565),9,1.098551003,0,0.499184339,0,0,0.734958257,0,0.65463967,0.271183188,0.85759524,0.281546876,0,0.228001151,0,0.239228481,0,0,0.980232223,1.205642453,0.172728145,1.380097879,0.396411093,1
Blenders Pride (565),7,0.854428558,0,0.388254486,0,0,0.5716342,0,0.509164188,0.210920257,0.66701852,0.218980904,0,0.177334229,0,0.186066596,0,0,0.76240284,0.937721908,0.134344113,1.073409462,0.308319739,1
Blenders Pride (565),9,1.098551003,0,0.499184339,0,0,0.734958257,0,0.65463967,0.271183188,0.85759524,0.281546876,0,0.228001151,0,0.239228481,0,0,0.980232223,1.205642453,0.172728145,1.380097879,0.396411093,1
Blenders Pride (565),9,1.098551003,0,0.499184339,0,0,0.734958257,0,0.65463967,0.271183188,0.85759524,0.281546876,0,0.228001151,0,0.239228481,0,0,0.980232223,1.205642453,0.172728145,1.380097879,0.396411093,1
Blenders Pride (565),7,0.854428558,0,0.388254486,0,0,0.5716342,0,0.509164188,0.210920257,0.66701852,0.218980904,0,0.177334229,0,0.186066596,0,0,0.76240284,0.937721908,0.134344113,1.073409462,0.308319739,1
Blenders Pride (565),9,1.098551003,0,0.499184339,0,0,0.734958257,0,0.65463967,0.271183188,0.85759524,0.281546876,0,0.228001151,0,0.239228481,0,0,0.980232223,1.205642453,0.172728145,1.380097879,0.396411093,1
Blenders Pride (565),8,0.97648978,0,0.443719413,0,0,0.653296229,0,0.581901929,0.241051722,0.76230688,0.25026389,0,0.20266769,0,0.212647539,0,0,0.871317532,1.07168218,0.153536129,1.226753671,0.352365416,1
Blenders Pride (565),5,0.610306113,0,0.277324633,0,0,0.408310143,0,0.363688706,0.150657327,0.4764418,0.156414931,0,0.126667306,0,0.132904712,0,0,0.544573457,0.669801363,0.096,0.766721044,0.220228385,3
Blenders Pride (565),9,1.098551003,0,0.499184339,0,0,0.734958257,0,0.65463967,0.271183188,0.85759524,0.281546876,0,0.228001151,0,0.239228481,0,0,0.980232223,1.205642453,0.172728145,1.380097879,0.396411093,1
Blenders Pride (565),3,0.366183668,0,0.16639478,0,0,0.244986086,0,0.218213223,0.0904,0.28586508,0.0938,0,0.076,0,0.0797,0,0,0.326744074,0.401880818,0.0576,0.460032626,0.132137031,3
Blenders Pride (565),7,0.854428558,0,0.388254486,0,0,0.5716342,0,0.509164188,0.210920257,0.66701852,0.218980904,0,0.177334229,0,0.186066596,0,0,0.76240284,0.937721908,0.134344113,1.073409462,0.308319739,1
Blenders Pride (565),8,0.97648978,0,0.443719413,0,0,0.653296229,0,0.581901929,0.241051722,0.76230688,0.25026389,0,0.20266769,0,0.212647539,0,0,0.871317532,1.07168218,0.153536129,1.226753671,0.352365416,1
Blenders Pride (565),5,0.610306113,0,0.277324633,0,0,0.408310143,0,0.363688706,0.150657327,0.4764418,0.156414931,0,0.126667306,0,0.132904712,0,0,0.544573457,0.669801363,0.096,0.766721044,0.220228385,3
Blenders Pride (565),1,0.122061223,0,0.0555,0,0,0.0817,0,0.0727,0.0301,0.0953,0.0313,0,0.0253,0,0.0266,0,0,0.108914691,0.133960273,0.0192,0.153344209,0.044,3
Blenders Pride (565),9,1.098551003,0,0.499184339,0,0,0.734958257,0,0.65463967,0.271183188,0.85759524,0.281546876,0,0.228001151,0,0.239228481,0,0,0.980232223,1.205642453,0.172728145,1.380097879,0.396411093,1
Blenders Pride (565),9,1.098551003,0,0.499184339,0,0,0.734958257,0,0.65463967,0.271183188,0.85759524,0.281546876,0,0.228001151,0,0.239228481,0,0,0.980232223,1.205642453,0.172728145,1.380097879,0.396411093,1
Blenders Pride (565),1,0.122061223,0,0.0555,0,0,0.0817,0,0.0727,0.0301,0.0953,0.0313,0,0.0253,0,0.0266,0,0,0.108914691,0.133960273,0.0192,0.153344209,0.044,3
Blenders Pride (565),3,0.366183668,0,0.16639478,0,0,0.244986086,0,0.218213223,0.0904,0.28586508,0.0938,0,0.076,0,0.0797,0,0,0.326744074,0.401880818,0.0576,0.460032626,0.132137031,3
Blenders Pride (565),4,0.48824489,0,0.221859706,0,0,0.326648114,0,0.290950964,0.120525861,0.38115344,0.125131945,0,0.101333845,0,0.106323769,0,0,0.435658766,0.53584109,0.0768,0.613376835,0.176182708,3
Blenders Pride (565),7,0.854428558,0,0.388254486,0,0,0.5716342,0,0.509164188,0.210920257,0.66701852,0.218980904,0,0.177334229,0,0.186066596,0,0,0.76240284,0.937721908,0.134344113,1.073409462,0.308319739,1
Blenders Pride (565),7,0.854428558,0,0.388254486,0,0,0.5716342,0,0.509164188,0.210920257,0.66701852,0.218980904,0,0.177334229,0,0.186066596,0,0,0.76240284,0.937721908,0.134344113,1.073409462,0.308319739,1
Blenders Pride (565),9,1.098551003,0,0.499184339,0,0,0.734958257,0,0.65463967,0.271183188,0.85759524,0.281546876,0,0.228001151,0,0.239228481,0,0,0.980232223,1.205642453,0.172728145,1.380097879,0.396411093,1
Blenders Pride (565),9,1.098551003,0,0.499184339,0,0,0.734958257,0,0.65463967,0.271183188,0.85759524,0.281546876,0,0.228001151,0,0.239228481,0,0,0.980232223,1.205642453,0.172728145,1.380097879,0.396411093,1
Blenders Pride (565),9,1.098551003,0,0.499184339,0,0,0.734958257,0,0.65463967,0.271183188,0.85759524,0.281546876,0,0.228001151,0,0.239228481,0,0,0.980232223,1.205642453,0.172728145,1.380097879,0.396411093,1
Blenders Pride (565),7,0.854428558,0,0.388254486,0,0,0.5716342,0,0.509164188,0.210920257,0.66701852,0.218980904,0,0.177334229,0,0.186066596,0,0,0.76240284,0.937721908,0.134344113,1.073409462,0.308319739,1
Blenders Pride (565),7,0.854428558,0,0.388254486,0,0,0.5716342,0,0.509164188,0.210920257,0.66701852,0.218980904,0,0.177334229,0,0.186066596,0,0,0.76240284,0.937721908,0.134344113,1.073409462,0.308319739,1
Blenders Pride (565),1,0.122061223,0,0.0555,0,0,0.0817,0,0.0727,0.0301,0.0953,0.0313,0,0.0253,0,0.0266,0,0,0.108914691,0.133960273,0.0192,0.153344209,0.044,3
Blenders Pride (565),4,0.48824489,0,0.221859706,0,0,0.326648114,0,0.290950964,0.120525861,0.38115344,0.125131945,0,0.101333845,0,0.106323769,0,0,0.435658766,0.53584109,0.0768,0.613376835,0.176182708,3
Blenders Pride (565),5,0.610306113,0,0.277324633,0,0,0.408310143,0,0.363688706,0.150657327,0.4764418,0.156414931,0,0.126667306,0,0.132904712,0,0,0.544573457,0.669801363,0.096,0.766721044,0.220228385,3
Blenders Pride (565),1,0.122061223,0,0.0555,0,0,0.0817,0,0.0727,0.0301,0.0953,0.0313,0,0.0253,0,0.0266,0,0,0.108914691,0.133960273,0.0192,0.153344209,0.044,3
Blenders Pride (565),9,1.098551003,0,0.499184339,0,0,0.734958257,0,0.65463967,0.271183188,0.85759524,0.281546876,0,0.228001151,0,0.239228481,0,0,0.980232223,1.205642453,0.172728145,1.380097879,0.396411093,1
434,8,0.812858999,0,0.654218772,0,0,0.550420234,0.0209,0.357848278,0.00463,0.321913199,0.266069836,0,0.222246568,0.182054372,0.188815676,0.847291566,0.743993865,0.646455793,0.835271469,0,1.11912103,0.225877639,0
434,8,0.812858999,0,0.654218772,0,0,0.550420234,0.0209,0.357848278,0.00463,0.321913199,0.266069836,0,0.222246568,0.182054372,0.188815676,0.847291566,0.743993865,0.646455793,0.835271469,0,1.11912103,0.225877639,0
434,1,0.101607375,0,0.0818,0,0,0.0688,0.00261,0.0447,0.000579,0.0402,0.0333,0,0.027780821,0.0228,0.0236,0.105911446,0.093,0.0808,0.104408934,0,0.139890129,0.0282,3
434,8,0.812858999,0,0.654218772,0,0,0.550420234,0.0209,0.357848278,0.00463,0.321913199,0.266069836,0,0.222246568,0.182054372,0.188815676,0.847291566,0.743993865,0.646455793,0.835271469,0,1.11912103,0.225877639,0
434,8,0.812858999,0,0.654218772,0,0,0.550420234,0.0209,0.357848278,0.00463,0.321913199,0.266069836,0,0.222246568,0.182054372,0.188815676,0.847291566,0.743993865,0.646455793,0.835271469,0,1.11912103,0.225877639,0
434,9,0.914466373,0,0.735996119,0,0,0.619222763,0.0235,0.402579312,0.00521,0.362152348,0.299328565,0,0.25002739,0.204811169,0.212417636,0.953203011,0.836993098,0.727262767,0.939680403,0,1.259011159,0.254112344,0
434,7,0.711251624,0,0.572441426,0,0,0.481617705,0.0183,0.313117243,0.00405,0.281674049,0.232811106,0,0.194465747,0.159297576,0.165213717,0.74138012,0.650994632,0.565648819,0.730862536,0,0.979230902,0.197642934,0
434,7,0.711251624,0,0.572441426,0,0,0.481617705,0.0183,0.313117243,0.00405,0.281674049,0.232811106,0,0.194465747,0.159297576,0.165213717,0.74138012,0.650994632,0.565648819,0.730862536,0,0.979230902,0.197642934,0
434,8,0.812858999,0,0.654218772,0,0,0.550420234,0.0209,0.357848278,0.00463,0.321913199,0.266069836,0,0.222246568,0.182054372,0.188815676,0.847291566,0.743993865,0.646455793,0.835271469,0,1.11912103,0.225877639,0
434,8,0.812858999,0,0.654218772,0,0,0.550420234,0.0209,0.357848278,0.00463,0.321913199,0.266069836,0,0.222246568,0.182054372,0.188815676,0.847291566,0.743993865,0.646455793,0.835271469,0,1.11912103,0.225877639,0
434,8,0.812858999,0,0.654218772,0,0,0.550420234,0.0209,0.357848278,0.00463,0.321913199,0.266069836,0,0.222246568,0.182054372,0.188815676,0.847291566,0.743993865,0.646455793,0.835271469,0,1.11912103,0.225877639,0
434,8,0.812858999,0,0.654218772,0,0,0.550420234,0.0209,0.357848278,0.00463,0.321913199,0.266069836,0,0.222246568,0.182054372,0.188815676,0.847291566,0.743993865,0.646455793,0.835271469,0,1.11912103,0.225877639,0
434,8,0.812858999,0,0.654218772,0,0,0.550420234,0.0209,0.357848278,0.00463,0.321913199,0.266069836,0,0.222246568,0.182054372,0.188815676,0.847291566,0.743993865,0.646455793,0.835271469,0,1.11912103,0.225877639,0
434,9,0.914466373,0,0.735996119,0,0,0.619222763,0.0235,0.402579312,0.00521,0.362152348,0.299328565,0,0.25002739,0.204811169,0.212417636,0.953203011,0.836993098,0.727262767,0.939680403,0,1.259011159,0.254112344,0
434,6,0.609644249,0,0.490664079,0,0,0.412815175,0.0157,0.268386208,0.00347,0.241434899,0.199552377,0,0.166684926,0.136540779,0.141611757,0.635468674,0.557995399,0.484841845,0.626453602,0,0.839340773,0.169408229,0
434,9,0.914466373,0,0.735996119,0,0,0.619222763,0.0235,0.402579312,0.00521,0.362152348,0.299328565,0,0.25002739,0.204811169,0.212417636,0.953203011,0.836993098,0.727262767,0.939680403,0,1.259011159,0.254112344,0
434,9,0.914466373,0,0.735996119,0,0,0.619222763,0.0235,0.402579312,0.00521,0.362152348,0.299328565,0,0.25002739,0.204811169,0.212417636,0.953203011,0.836993098,0.727262767,0.939680403,0,1.259011159,0.254112344,0
434,8,0.812858999,0,0.654218772,0,0,0.550420234,0.0209,0.357848278,0.00463,0.321913199,0.266069836,0,0.222246568,0.182054372,0.188815676,0.847291566,0.743993865,0.646455793,0.835271469,0,1.11912103,0.225877639,0
434,8,0.812858999,0,0.654218772,0,0,0.550420234,0.0209,0.357848278,0.00463,0.321913199,0.266069836,0,0.222246568,0.182054372,0.188815676,0.847291566,0.743993865,0.646455793,0.835271469,0,1.11912103,0.225877639,0
434,6,0.609644249,0,0.490664079,0,0,0.412815175,0.0157,0.268386208,0.00347,0.241434899,0.199552377,0,0.166684926,0.136540779,0.141611757,0.635468674,0.557995399,0.484841845,0.626453602,0,0.839340773,0.169408229,0
434,7,0.711251624,0,0.572441426,0,0,0.481617705,0.0183,0.313117243,0.00405,0.281674049,0.232811106,0,0.194465747,0.159297576,0.165213717,0.74138012,0.650994632,0.565648819,0.730862536,0,0.979230902,0.197642934,0
434,8,0.812858999,0,0.654218772,0,0,0.550420234,0.0209,0.357848278,0.00463,0.321913199,0.266069836,0,0.222246568,0.182054372,0.188815676,0.847291566,0.743993865,0.646455793,0.835271469,0,1.11912103,0.225877639,0
434,8,0.812858999,0,0.654218772,0,0,0.550420234,0.0209,0.357848278,0.00463,0.321913199,0.266069836,0,0.222246568,0.182054372,0.188815676,0.847291566,0.743993865,0.646455793,0.835271469,0,1.11912103,0.225877639,0
434,8,0.812858999,0,0.654218772,0,0,0.550420234,0.0209,0.357848278,0.00463,0.321913199,0.266069836,0,0.222246568,0.182054372,0.188815676,0.847291566,0.743993865,0.646455793,0.835271469,0,1.11912103,0.225877639,0
434,9,0.914466373,0,0.735996119,0,0,0.619222763,0.0235,0.402579312,0.00521,0.362152348,0.299328565,0,0.25002739,0.204811169,0.212417636,0.953203011,0.836993098,0.727262767,0.939680403,0,1.259011159,0.254112344,0
434,9,0.914466373,0,0.735996119,0,0,0.619222763,0.0235,0.402579312,0.00521,0.362152348,0.299328565,0,0.25002739,0.204811169,0.212417636,0.953203011,0.836993098,0.727262767,0.939680403,0,1.259011159,0.254112344,0
434,8,0.812858999,0,0.654218772,0,0,0.550420234,0.0209,0.357848278,0.00463,0.321913199,0.266069836,0,0.222246568,0.182054372,0.188815676,0.847291566,0.743993865,0.646455793,0.835271469,0,1.11912103,0.225877639,0
434,5,0.508036874,0,0.408886733,0,0,0.344012646,0.0131,0.223655173,0.0029,0.201195749,0.166293647,0,0.138904105,0.113783983,0.118009798,0.529557228,0.464996165,0.404034871,0.522044668,0,0.699450644,0.141173524,0
434,8,0.812858999,0,0.654218772,0,0,0.550420234,0.0209,0.357848278,0.00463,0.321913199,0.266069836,0,0.222246568,0.182054372,0.188815676,0.847291566,0.743993865,0.646455793,0.835271469,0,1.11912103,0.225877639,0
434,6,0.609644249,0,0.490664079,0,0,0.412815175,0.0157,0.268386208,0.00347,0.241434899,0.199552377,0,0.166684926,0.136540779,0.141611757,0.635468674,0.557995399,0.484841845,0.626453602,0,0.839340773,0.169408229,0
434,8,0.812858999,0,0.654218772,0,0,0.550420234,0.0209,0.357848278,0.00463,0.321913199,0.266069836,0,0.222246568,0.182054372,0.188815676,0.847291566,0.743993865,0.646455793,0.835271469,0,1.11912103,0.225877639,0
434,7,0.711251624,0,0.572441426,0,0,0.481617705,0.0183,0.313117243,0.00405,0.281674049,0.232811106,0,0.194465747,0.159297576,0.165213717,0.74138012,0.650994632,0.565648819,0.730862536,0,0.979230902,0.197642934,0
434,7,0.711251624,0,0.572441426,0,0,0.481617705,0.0183,0.313117243,0.00405,0.281674049,0.232811106,0,0.194465747,0.159297576,0.165213717,0.74138012,0.650994632,0.565648819,0.730862536,0,0.979230902,0.197642934,0
434,9,0.914466373,0,0.735996119,0,0,0.619222763,0.0235,0.402579312,0.00521,0.362152348,0.299328565,0,0.25002739,0.204811169,0.212417636,0.953203011,0.836993098,0.727262767,0.939680403,0,1.259011159,0.254112344,0
434,8,0.812858999,0,0.654218772,0,0,0.550420234,0.0209,0.357848278,0.00463,0.321913199,0.266069836,0,0.222246568,0.182054372,0.188815676,0.847291566,0.743993865,0.646455793,0.835271469,0,1.11912103,0.225877639,0
434,8,0.812858999,0,0.654218772,0,0,0.550420234,0.0209,0.357848278,0.00463,0.321913199,0.266069836,0,0.222246568,0.182054372,0.188815676,0.847291566,0.743993865,0.646455793,0.835271469,0,1.11912103,0.225877639,0
434,7,0.711251624,0,0.572441426,0,0,0.481617705,0.0183,0.313117243,0.00405,0.281674049,0.232811106,0,0.194465747,0.159297576,0.165213717,0.74138012,0.650994632,0.565648819,0.730862536,0,0.979230902,0.197642934,0
434,9,0.914466373,0,0.735996119,0,0,0.619222763,0.0235,0.402579312,0.00521,0.362152348,0.299328565,0,0.25002739,0.204811169,0.212417636,0.953203011,0.836993098,0.727262767,0.939680403,0,1.259011159,0.254112344,0
434,9,0.914466373,0,0.735996119,0,0,0.619222763,0.0235,0.402579312,0.00521,0.362152348,0.299328565,0,0.25002739,0.204811169,0.212417636,0.953203011,0.836993098,0.727262767,0.939680403,0,1.259011159,0.254112344,0
434,8,0.812858999,0,0.654218772,0,0,0.550420234,0.0209,0.357848278,0.00463,0.321913199,0.266069836,0,0.222246568,0.182054372,0.188815676,0.847291566,0.743993865,0.646455793,0.835271469,0,1.11912103,0.225877639,0
434,7,0.711251624,0,0.572441426,0,0,0.481617705,0.0183,0.313117243,0.00405,0.281674049,0.232811106,0,0.194465747,0.159297576,0.165213717,0.74138012,0.650994632,0.565648819,0.730862536,0,0.979230902,0.197642934,0
434,6,0.609644249,0,0.490664079,0,0,0.412815175,0.0157,0.268386208,0.00347,0.241434899,0.199552377,0,0.166684926,0.136540779,0.141611757,0.635468674,0.557995399,0.484841845,0.626453602,0,0.839340773,0.169408229,0
434,9,0.914466373,0,0.735996119,0,0,0.619222763,0.0235,0.402579312,0.00521,0.362152348,0.299328565,0,0.25002739,0.204811169,0.212417636,0.953203011,0.836993098,0.727262767,0.939680403,0,1.259011159,0.254112344,0
434,9,0.914466373,0,0.735996119,0,0,0.619222763,0.0235,0.402579312,0.00521,0.362152348,0.299328565,0,0.25002739,0.204811169,0.212417636,0.953203011,0.836993098,0.727262767,0.939680403,0,1.259011159,0.254112344,0
434,8,0.812858999,0,0.654218772,0,0,0.550420234,0.0209,0.357848278,0.00463,0.321913199,0.266069836,0,0.222246568,0.182054372,0.188815676,0.847291566,0.743993865,0.646455793,0.835271469,0,1.11912103,0.225877639,0
434,8,0.812858999,0,0.654218772,0,0,0.550420234,0.0209,0.357848278,0.00463,0.321913199,0.266069836,0,0.222246568,0.182054372,0.188815676,0.847291566,0.743993865,0.646455793,0.835271469,0,1.11912103,0.225877639,0
434,5,0.508036874,0,0.408886733,0,0,0.344012646,0.0131,0.223655173,0.0029,0.201195749,0.166293647,0,0.138904105,0.113783983,0.118009798,0.529557228,0.464996165,0.404034871,0.522044668,0,0.699450644,0.141173524,0
434,8,0.812858999,0,0.654218772,0,0,0.550420234,0.0209,0.357848278,0.00463,0.321913199,0.266069836,0,0.222246568,0.182054372,0.188815676,0.847291566,0.743993865,0.646455793,0.835271469,0,1.11912103,0.225877639,0
434,9,0.914466373,0,0.735996119,0,0,0.619222763,0.0235,0.402579312,0.00521,0.362152348,0.299328565,0,0.25002739,0.204811169,0.212417636,0.953203011,0.836993098,0.727262767,0.939680403,0,1.259011159,0.254112344,0
434,6,0.609644249,0,0.490664079,0,0,0.412815175,0.0157,0.268386208,0.00347,0.241434899,0.199552377,0,0.166684926,0.136540779,0.141611757,0.635468674,0.557995399,0.484841845,0.626453602,0,0.839340773,0.169408229,0
434,8,0.812858999,0,0.654218772,0,0,0.550420234,0.0209,0.357848278,0.00463,0.321913199,0.266069836,0,0.222246568,0.182054372,0.188815676,0.847291566,0.743993865,0.646455793,0.835271469,0,1.11912103,0.225877639,0
434,9,0.914466373,0,0.735996119,0,0,0.619222763,0.0235,0.402579312,0.00521,0.362152348,0.299328565,0,0.25002739,0.204811169,0.212417636,0.953203011,0.836993098,0.727262767,0.939680403,0,1.259011159,0.254112344,0
434,8,0.812858999,0,0.654218772,0,0,0.550420234,0.0209,0.357848278,0.00463,0.321913199,0.266069836,0,0.222246568,0.182054372,0.188815676,0.847291566,0.743993865,0.646455793,0.835271469,0,1.11912103,0.225877639,0
434,9,0.914466373,0,0.735996119,0,0,0.619222763,0.0235,0.402579312,0.00521,0.362152348,0.299328565,0,0.25002739,0.204811169,0.212417636,0.953203011,0.836993098,0.727262767,0.939680403,0,1.259011159,0.254112344,0
434,9,0.914466373,0,0.735996119,0,0,0.619222763,0.0235,0.402579312,0.00521,0.362152348,0.299328565,0,0.25002739,0.204811169,0.212417636,0.953203011,0.836993098,0.727262767,0.939680403,0,1.259011159,0.254112344,0
434,7,0.711251624,0,0.572441426,0,0,0.481617705,0.0183,0.313117243,0.00405,0.281674049,0.232811106,0,0.194465747,0.159297576,0.165213717,0.74138012,0.650994632,0.565648819,0.730862536,0,0.979230902,0.197642934,0
434,9,0.914466373,0,0.735996119,0,0,0.619222763,0.0235,0.402579312,0.00521,0.362152348,0.299328565,0,0.25002739,0.204811169,0.212417636,0.953203011,0.836993098,0.727262767,0.939680403,0,1.259011159,0.254112344,0
434,5,0.508036874,0,0.408886733,0,0,0.344012646,0.0131,0.223655173,0.0029,0.201195749,0.166293647,0,0.138904105,0.113783983,0.118009798,0.529557228,0.464996165,0.404034871,0.522044668,0,0.699450644,0.141173524,0
434,8,0.812858999,0,0.654218772,0,0,0.550420234,0.0209,0.357848278,0.00463,0.321913199,0.266069836,0,0.222246568,0.182054372,0.188815676,0.847291566,0.743993865,0.646455793,0.835271469,0,1.11912103,0.225877639,0
434,7,0.711251624,0,0.572441426,0,0,0.481617705,0.0183,0.313117243,0.00405,0.281674049,0.232811106,0,0.194465747,0.159297576,0.165213717,0.74138012,0.650994632,0.565648819,0.730862536,0,0.979230902,0.197642934,0
434,5,0.508036874,0,0.408886733,0,0,0.344012646,0.0131,0.223655173,0.0029,0.201195749,0.166293647,0,0.138904105,0.113783983,0.118009798,0.529557228,0.464996165,0.404034871,0.522044668,0,0.699450644,0.141173524,0
434,9,0.914466373,0,0.735996119,0,0,0.619222763,0.0235,0.402579312,0.00521,0.362152348,0.299328565,0,0.25002739,0.204811169,0.212417636,0.953203011,0.836993098,0.727262767,0.939680403,0,1.259011159,0.254112344,0
434,5,0.508036874,0,0.408886733,0,0,0.344012646,0.0131,0.223655173,0.0029,0.201195749,0.166293647,0,0.138904105,0.113783983,0.118009798,0.529557228,0.464996165,0.404034871,0.522044668,0,0.699450644,0.141173524,0
434,6,0.609644249,0,0.490664079,0,0,0.412815175,0.0157,0.268386208,0.00347,0.241434899,0.199552377,0,0.166684926,0.136540779,0.141611757,0.635468674,0.557995399,0.484841845,0.626453602,0,0.839340773,0.169408229,0
434,9,0.914466373,0,0.735996119,0,0,0.619222763,0.0235,0.402579312,0.00521,0.362152348,0.299328565,0,0.25002739,0.204811169,0.212417636,0.953203011,0.836993098,0.727262767,0.939680403,0,1.259011159,0.254112344,0
434,7,0.711251624,0,0.572441426,0,0,0.481617705,0.0183,0.313117243,0.00405,0.281674049,0.232811106,0,0.194465747,0.159297576,0.165213717,0.74138012,0.650994632,0.565648819,0.730862536,0,0.979230902,0.197642934,0
434,5,0.508036874,0,0.408886733,0,0,0.344012646,0.0131,0.223655173,0.0029,0.201195749,0.166293647,0,0.138904105,0.113783983,0.118009798,0.529557228,0.464996165,0.404034871,0.522044668,0,0.699450644,0.141173524,0
434,9,0.914466373,0,0.735996119,0,0,0.619222763,0.0235,0.402579312,0.00521,0.362152348,0.299328565,0,0.25002739,0.204811169,0.212417636,0.953203011,0.836993098,0.727262767,0.939680403,0,1.259011159,0.254112344,0
434,7,0.711251624,0,0.572441426,0,0,0.481617705,0.0183,0.313117243,0.00405,0.281674049,0.232811106,0,0.194465747,0.159297576,0.165213717,0.74138012,0.650994632,0.565648819,0.730862536,0,0.979230902,0.197642934,0
434,8,0.812858999,0,0.654218772,0,0,0.550420234,0.0209,0.357848278,0.00463,0.321913199,0.266069836,0,0.222246568,0.182054372,0.188815676,0.847291566,0.743993865,0.646455793,0.835271469,0,1.11912103,0.225877639,0
434,5,0.508036874,0,0.408886733,0,0,0.344012646,0.0131,0.223655173,0.0029,0.201195749,0.166293647,0,0.138904105,0.113783983,0.118009798,0.529557228,0.464996165,0.404034871,0.522044668,0,0.699450644,0.141173524,0
434,7,0.711251624,0,0.572441426,0,0,0.481617705,0.0183,0.313117243,0.00405,0.281674049,0.232811106,0,0.194465747,0.159297576,0.165213717,0.74138012,0.650994632,0.565648819,0.730862536,0,0.979230902,0.197642934,0
434,9,0.914466373,0,0.735996119,0,0,0.619222763,0.0235,0.402579312,0.00521,0.362152348,0.299328565,0,0.25002739,0.204811169,0.212417636,0.953203011,0.836993098,0.727262767,0.939680403,0,1.259011159,0.254112344,0
434,6,0.609644249,0,0.490664079,0,0,0.412815175,0.0157,0.268386208,0.00347,0.241434899,0.199552377,0,0.166684926,0.136540779,0.141611757,0.635468674,0.557995399,0.484841845,0.626453602,0,0.839340773,0.169408229,0
434,9,0.914466373,0,0.735996119,0,0,0.619222763,0.0235,0.402579312,0.00521,0.362152348,0.299328565,0,0.25002739,0.204811169,0.212417636,0.953203011,0.836993098,0.727262767,0.939680403,0,1.259011159,0.254112344,0
434,9,0.914466373,0,0.735996119,0,0,0.619222763,0.0235,0.402579312,0.00521,0.362152348,0.299328565,0,0.25002739,0.204811169,0.212417636,0.953203011,0.836993098,0.727262767,0.939680403,0,1.259011159,0.254112344,0
434,9,0.914466373,0,0.735996119,0,0,0.619222763,0.0235,0.402579312,0.00521,0.362152348,0.299328565,0,0.25002739,0.204811169,0.212417636,0.953203011,0.836993098,0.727262767,0.939680403,0,1.259011159,0.254112344,0
434,7,0.711251624,0,0.572441426,0,0,0.481617705,0.0183,0.313117243,0.00405,0.281674049,0.232811106,0,0.194465747,0.159297576,0.165213717,0.74138012,0.650994632,0.565648819,0.730862536,0,0.979230902,0.197642934,0
434,9,0.914466373,0,0.735996119,0,0,0.619222763,0.0235,0.402579312,0.00521,0.362152348,0.299328565,0,0.25002739,0.204811169,0.212417636,0.953203011,0.836993098,0.727262767,0.939680403,0,1.259011159,0.254112344,0
434,8,0.812858999,0,0.654218772,0,0,0.550420234,0.0209,0.357848278,0.00463,0.321913199,0.266069836,0,0.222246568,0.182054372,0.188815676,0.847291566,0.743993865,0.646455793,0.835271469,0,1.11912103,0.225877639,0
434,7,0.711251624,0,0.572441426,0,0,0.481617705,0.0183,0.313117243,0.00405,0.281674049,0.232811106,0,0.194465747,0.159297576,0.165213717,0.74138012,0.650994632,0.565648819,0.730862536,0,0.979230902,0.197642934,0
434,9,0.914466373,0,0.735996119,0,0,0.619222763,0.0235,0.402579312,0.00521,0.362152348,0.299328565,0,0.25002739,0.204811169,0.212417636,0.953203011,0.836993098,0.727262767,0.939680403,0,1.259011159,0.254112344,0
434,5,0.508036874,0,0.408886733,0,0,0.344012646,0.0131,0.223655173,0.0029,0.201195749,0.166293647,0,0.138904105,0.113783983,0.118009798,0.529557228,0.464996165,0.404034871,0.522044668,0,0.699450644,0.141173524,0
434,7,0.711251624,0,0.572441426,0,0,0.481617705,0.0183,0.313117243,0.00405,0.281674049,0.232811106,0,0.194465747,0.159297576,0.165213717,0.74138012,0.650994632,0.565648819,0.730862536,0,0.979230902,0.197642934,0
434,9,0.914466373,0,0.735996119,0,0,0.619222763,0.0235,0.402579312,0.00521,0.362152348,0.299328565,0,0.25002739,0.204811169,0.212417636,0.953203011,0.836993098,0.727262767,0.939680403,0,1.259011159,0.254112344,0
434,9,0.914466373,0,0.735996119,0,0,0.619222763,0.0235,0.402579312,0.00521,0.362152348,0.299328565,0,0.25002739,0.204811169,0.212417636,0.953203011,0.836993098,0.727262767,0.939680403,0,1.259011159,0.254112344,0
434,6,0.609644249,0,0.490664079,0,0,0.412815175,0.0157,0.268386208,0.00347,0.241434899,0.199552377,0,0.166684926,0.136540779,0.141611757,0.635468674,0.557995399,0.484841845,0.626453602,0,0.839340773,0.169408229,0
434,2,0.20321475,0,0.163554693,0,0,0.137605058,0.00523,0.0895,0.00116,0.0805,0.0665,0,0.0556,0.0455,0.0472,0.211822891,0.185998466,0.161613948,0.208817867,0,0.279780258,0.0565,3
434,5,0.508036874,0,0.408886733,0,0,0.344012646,0.0131,0.223655173,0.0029,0.201195749,0.166293647,0,0.138904105,0.113783983,0.118009798,0.529557228,0.464996165,0.404034871,0.522044668,0,0.699450644,0.141173524,0
434,1,0.101607375,0,0.0818,0,0,0.0688,0.00261,0.0447,0.000579,0.0402,0.0333,0,0.027780821,0.0228,0.0236,0.105911446,0.093,0.0808,0.104408934,0,0.139890129,0.0282,3
434,9,0.914466373,0,0.735996119,0,0,0.619222763,0.0235,0.402579312,0.00521,0.362152348,0.299328565,0,0.25002739,0.204811169,0.212417636,0.953203011,0.836993098,0.727262767,0.939680403,0,1.259011159,0.254112344,0
434,6,0.609644249,0,0.490664079,0,0,0.412815175,0.0157,0.268386208,0.00347,0.241434899,0.199552377,0,0.166684926,0.136540779,0.141611757,0.635468674,0.557995399,0.484841845,0.626453602,0,0.839340773,0.169408229,0
434,9,0.914466373,0,0.735996119,0,0,0.619222763,0.0235,0.402579312,0.00521,0.362152348,0.299328565,0,0.25002739,0.204811169,0.212417636,0.953203011,0.836993098,0.727262767,0.939680403,0,1.259011159,0.254112344,0
434,7,0.711251624,0,0.572441426,0,0,0.481617705,0.0183,0.313117243,0.00405,0.281674049,0.232811106,0,0.194465747,0.159297576,0.165213717,0.74138012,0.650994632,0.565648819,0.730862536,0,0.979230902,0.197642934,0
434,6,0.609644249,0,0.490664079,0,0,0.412815175,0.0157,0.268386208,0.00347,0.241434899,0.199552377,0,0.166684926,0.136540779,0.141611757,0.635468674,0.557995399,0.484841845,0.626453602,0,0.839340773,0.169408229,0
434,5,0.508036874,0,0.408886733,0,0,0.344012646,0.0131,0.223655173,0.0029,0.201195749,0.166293647,0,0.138904105,0.113783983,0.118009798,0.529557228,0.464996165,0.404034871,0.522044668,0,0.699450644,0.141173524,0
434,7,0.711251624,0,0.572441426,0,0,0.481617705,0.0183,0.313117243,0.00405,0.281674049,0.232811106,0,0.194465747,0.159297576,0.165213717,0.74138012,0.650994632,0.565648819,0.730862536,0,0.979230902,0.197642934,0
434,9,0.914466373,0,0.735996119,0,0,0.619222763,0.0235,0.402579312,0.00521,0.362152348,0.299328565,0,0.25002739,0.204811169,0.212417636,0.953203011,0.836993098,0.727262767,0.939680403,0,1.259011159,0.254112344,0
434,8,0.812858999,0,0.654218772,0,0,0.550420234,0.0209,0.357848278,0.00463,0.321913199,0.266069836,0,0.222246568,0.182054372,0.188815676,0.847291566,0.743993865,0.646455793,0.835271469,0,1.11912103,0.225877639,0
434,8,0.812858999,0,0.654218772,0,0,0.550420234,0.0209,0.357848278,0.00463,0.321913199,0.266069836,0,0.222246568,0.182054372,0.188815676,0.847291566,0.743993865,0.646455793,0.835271469,0,1.11912103,0.225877639,0
434,7,0.711251624,0,0.572441426,0,0,0.481617705,0.0183,0.313117243,0.00405,0.281674049,0.232811106,0,0.194465747,0.159297576,0.165213717,0.74138012,0.650994632,0.565648819,0.730862536,0,0.979230902,0.197642934,0
434,8,0.812858999,0,0.654218772,0,0,0.550420234,0.0209,0.357848278,0.00463,0.321913199,0.266069836,0,0.222246568,0.182054372,0.188815676,0.847291566,0.743993865,0.646455793,0.835271469,0,1.11912103,0.225877639,0
434,6,0.609644249,0,0.490664079,0,0,0.412815175,0.0157,0.268386208,0.00347,0.241434899,0.199552377,0,0.166684926,0.136540779,0.141611757,0.635468674,0.557995399,0.484841845,0.626453602,0,0.839340773,0.169408229,0
434,7,0.711251624,0,0.572441426,0,0,0.481617705,0.0183,0.313117243,0.00405,0.281674049,0.232811106,0,0.194465747,0.159297576,0.165213717,0.74138012,0.650994632,0.565648819,0.730862536,0,0.979230902,0.197642934,0
434,8,0.812858999,0,0.654218772,0,0,0.550420234,0.0209,0.357848278,0.00463,0.321913199,0.266069836,0,0.222246568,0.182054372,0.188815676,0.847291566,0.743993865,0.646455793,0.835271469,0,1.11912103,0.225877639,0
434,8,0.812858999,0,0.654218772,0,0,0.550420234,0.0209,0.357848278,0.00463,0.321913199,0.266069836,0,0.222246568,0.182054372,0.188815676,0.847291566,0.743993865,0.646455793,0.835271469,0,1.11912103,0.225877639,0
434,7,0.711251624,0,0.572441426,0,0,0.481617705,0.0183,0.313117243,0.00405,0.281674049,0.232811106,0,0.194465747,0.159297576,0.165213717,0.74138012,0.650994632,0.565648819,0.730862536,0,0.979230902,0.197642934,0
434,9,0.914466373,0,0.735996119,0,0,0.619222763,0.0235,0.402579312,0.00521,0.362152348,0.299328565,0,0.25002739,0.204811169,0.212417636,0.953203011,0.836993098,0.727262767,0.939680403,0,1.259011159,0.254112344,0
434,8,0.812858999,0,0.654218772,0,0,0.550420234,0.0209,0.357848278,0.00463,0.321913199,0.266069836,0,0.222246568,0.182054372,0.188815676,0.847291566,0.743993865,0.646455793,0.835271469,0,1.11912103,0.225877639,0
434,4,0.406429499,0,0.327109386,0,0,0.275210117,0.0105,0.178924139,0.00232,0.160956599,0.133034918,0,0.111123284,0.091,0.0944,0.423645783,0.371996932,0.323227897,0.417635735,0,0.559560515,0.11293882,3
434,6,0.609644249,0,0.490664079,0,0,0.412815175,0.0157,0.268386208,0.00347,0.241434899,0.199552377,0,0.166684926,0.136540779,0.141611757,0.635468674,0.557995399,0.484841845,0.626453602,0,0.839340773,0.169408229,0
434,6,0.609644249,0,0.490664079,0,0,0.412815175,0.0157,0.268386208,0.00347,0.241434899,0.199552377,0,0.166684926,0.136540779,0.141611757,0.635468674,0.557995399,0.484841845,0.626453602,0,0.839340773,0.169408229,0
434,7,0.711251624,0,0.572441426,0,0,0.481617705,0.0183,0.313117243,0.00405,0.281674049,0.232811106,0,0.194465747,0.159297576,0.165213717,0.74138012,0.650994632,0.565648819,0.730862536,0,0.979230902,0.197642934,0
434,7,0.711251624,0,0.572441426,0,0,0.481617705,0.0183,0.313117243,0.00405,0.281674049,0.232811106,0,0.194465747,0.159297576,0.165213717,0.74138012,0.650994632,0.565648819,0.730862536,0,0.979230902,0.197642934,0
434,9,0.914466373,0,0.735996119,0,0,0.619222763,0.0235,0.402579312,0.00521,0.362152348,0.299328565,0,0.25002739,0.204811169,0.212417636,0.953203011,0.836993098,0.727262767,0.939680403,0,1.259011159,0.254112344,0
434,5,0.508036874,0,0.408886733,0,0,0.344012646,0.0131,0.223655173,0.0029,0.201195749,0.166293647,0,0.138904105,0.113783983,0.118009798,0.529557228,0.464996165,0.404034871,0.522044668,0,0.699450644,0.141173524,0
434,3,0.304822124,0,0.24533204,0,0,0.206407588,0.00784,0.134193104,0.00174,0.120717449,0.0998,0,0.0833,0.0683,0.0708,0.317734337,0.278997699,0.242420922,0.313226801,0,0.419670386,0.0847,3
434,8,0.812858999,0,0.654218772,0,0,0.550420234,0.0209,0.357848278,0.00463,0.321913199,0.266069836,0,0.222246568,0.182054372,0.188815676,0.847291566,0.743993865,0.646455793,0.835271469,0,1.11912103,0.225877639,0
434,8,0.812858999,0,0.654218772,0,0,0.550420234,0.0209,0.357848278,0.00463,0.321913199,0.266069836,0,0.222246568,0.182054372,0.188815676,0.847291566,0.743993865,0.646455793,0.835271469,0,1.11912103,0.225877639,0
434,7,0.711251624,0,0.572441426,0,0,0.481617705,0.0183,0.313117243,0.00405,0.281674049,0.232811106,0,0.194465747,0.159297576,0.165213717,0.74138012,0.650994632,0.565648819,0.730862536,0,0.979230902,0.197642934,0
434,9,0.914466373,0,0.735996119,0,0,0.619222763,0.0235,0.402579312,0.00521,0.362152348,0.299328565,0,0.25002739,0.204811169,0.212417636,0.953203011,0.836993098,0.727262767,0.939680403,0,1.259011159,0.254112344,0
434,5,0.508036874,0,0.408886733,0,0,0.344012646,0.0131,0.223655173,0.0029,0.201195749,0.166293647,0,0.138904105,0.113783983,0.118009798,0.529557228,0.464996165,0.404034871,0.522044668,0,0.699450644,0.141173524,0
434,2,0.20321475,0,0.163554693,0,0,0.137605058,0.00523,0.0895,0.00116,0.0805,0.0665,0,0.0556,0.0455,0.0472,0.211822891,0.185998466,0.161613948,0.208817867,0,0.279780258,0.0565,3
434,9,0.914466373,0,0.735996119,0,0,0.619222763,0.0235,0.402579312,0.00521,0.362152348,0.299328565,0,0.25002739,0.204811169,0.212417636,0.953203011,0.836993098,0.727262767,0.939680403,0,1.259011159,0.254112344,0
434,8,0.812858999,0,0.654218772,0,0,0.550420234,0.0209,0.357848278,0.00463,0.321913199,0.266069836,0,0.222246568,0.182054372,0.188815676,0.847291566,0.743993865,0.646455793,0.835271469,0,1.11912103,0.225877639,0
434,6,0.609644249,0,0.490664079,0,0,0.412815175,0.0157,0.268386208,0.00347,0.241434899,0.199552377,0,0.166684926,0.136540779,0.141611757,0.635468674,0.557995399,0.484841845,0.626453602,0,0.839340773,0.169408229,0
434,6,0.609644249,0,0.490664079,0,0,0.412815175,0.0157,0.268386208,0.00347,0.241434899,0.199552377,0,0.166684926,0.136540779,0.141611757,0.635468674,0.557995399,0.484841845,0.626453602,0,0.839340773,0.169408229,0
434,7,0.711251624,0,0.572441426,0,0,0.481617705,0.0183,0.313117243,0.00405,0.281674049,0.232811106,0,0.194465747,0.159297576,0.165213717,0.74138012,0.650994632,0.565648819,0.730862536,0,0.979230902,0.197642934,0
434,6,0.609644249,0,0.490664079,0,0,0.412815175,0.0157,0.268386208,0.00347,0.241434899,0.199552377,0,0.166684926,0.136540779,0.141611757,0.635468674,0.557995399,0.484841845,0.626453602,0,0.839340773,0.169408229,0
434,7,0.711251624,0,0.572441426,0,0,0.481617705,0.0183,0.313117243,0.00405,0.281674049,0.232811106,0,0.194465747,0.159297576,0.165213717,0.74138012,0.650994632,0.565648819,0.730862536,0,0.979230902,0.197642934,0
434,9,0.914466373,0,0.735996119,0,0,0.619222763,0.0235,0.402579312,0.00521,0.362152348,0.299328565,0,0.25002739,0.204811169,0.212417636,0.953203011,0.836993098,0.727262767,0.939680403,0,1.259011159,0.254112344,0
434,6,0.609644249,0,0.490664079,0,0,0.412815175,0.0157,0.268386208,0.00347,0.241434899,0.199552377,0,0.166684926,0.136540779,0.141611757,0.635468674,0.557995399,0.484841845,0.626453602,0,0.839340773,0.169408229,0
434,7,0.711251624,0,0.572441426,0,0,0.481617705,0.0183,0.313117243,0.00405,0.281674049,0.232811106,0,0.194465747,0.159297576,0.165213717,0.74138012,0.650994632,0.565648819,0.730862536,0,0.979230902,0.197642934,0
434,7,0.711251624,0,0.572441426,0,0,0.481617705,0.0183,0.313117243,0.00405,0.281674049,0.232811106,0,0.194465747,0.159297576,0.165213717,0.74138012,0.650994632,0.565648819,0.730862536,0,0.979230902,0.197642934,0
434,6,0.609644249,0,0.490664079,0,0,0.412815175,0.0157,0.268386208,0.00347,0.241434899,0.199552377,0,0.166684926,0.136540779,0.141611757,0.635468674,0.557995399,0.484841845,0.626453602,0,0.839340773,0.169408229,0
434,9,0.914466373,0,0.735996119,0,0,0.619222763,0.0235,0.402579312,0.00521,0.362152348,0.299328565,0,0.25002739,0.204811169,0.212417636,0.953203011,0.836993098,0.727262767,0.939680403,0,1.259011159,0.254112344,0
434,7,0.711251624,0,0.572441426,0,0,0.481617705,0.0183,0.313117243,0.00405,0.281674049,0.232811106,0,0.194465747,0.159297576,0.165213717,0.74138012,0.650994632,0.565648819,0.730862536,0,0.979230902,0.197642934,0
434,5,0.508036874,0,0.408886733,0,0,0.344012646,0.0131,0.223655173,0.0029,0.201195749,0.166293647,0,0.138904105,0.113783983,0.118009798,0.529557228,0.464996165,0.404034871,0.522044668,0,0.699450644,0.141173524,0
434,3,0.304822124,0,0.24533204,0,0,0.206407588,0.00784,0.134193104,0.00174,0.120717449,0.0998,0,0.0833,0.0683,0.0708,0.317734337,0.278997699,0.242420922,0.313226801,0,0.419670386,0.0847,3
434,7,0.711251624,0,0.572441426,0,0,0.481617705,0.0183,0.313117243,0.00405,0.281674049,0.232811106,0,0.194465747,0.159297576,0.165213717,0.74138012,0.650994632,0.565648819,0.730862536,0,0.979230902,0.197642934,0
434,5,0.508036874,0,0.408886733,0,0,0.344012646,0.0131,0.223655173,0.0029,0.201195749,0.166293647,0,0.138904105,0.113783983,0.118009798,0.529557228,0.464996165,0.404034871,0.522044668,0,0.699450644,0.141173524,0
434,5,0.508036874,0,0.408886733,0,0,0.344012646,0.0131,0.223655173,0.0029,0.201195749,0.166293647,0,0.138904105,0.113783983,0.118009798,0.529557228,0.464996165,0.404034871,0.522044668,0,0.699450644,0.141173524,0
434,8,0.812858999,0,0.654218772,0,0,0.550420234,0.0209,0.357848278,0.00463,0.321913199,0.266069836,0,0.222246568,0.182054372,0.188815676,0.847291566,0.743993865,0.646455793,0.835271469,0,1.11912103,0.225877639,0
434,4,0.406429499,0,0.327109386,0,0,0.275210117,0.0105,0.178924139,0.00232,0.160956599,0.133034918,0,0.111123284,0.091,0.0944,0.423645783,0.371996932,0.323227897,0.417635735,0,0.559560515,0.11293882,3
434,7,0.711251624,0,0.572441426,0,0,0.481617705,0.0183,0.313117243,0.00405,0.281674049,0.232811106,0,0.194465747,0.159297576,0.165213717,0.74138012,0.650994632,0.565648819,0.730862536,0,0.979230902,0.197642934,0
434,5,0.508036874,0,0.408886733,0,0,0.344012646,0.0131,0.223655173,0.0029,0.201195749,0.166293647,0,0.138904105,0.113783983,0.118009798,0.529557228,0.464996165,0.404034871,0.522044668,0,0.699450644,0.141173524,0
434,7,0.711251624,0,0.572441426,0,0,0.481617705,0.0183,0.313117243,0.00405,0.281674049,0.232811106,0,0.194465747,0.159297576,0.165213717,0.74138012,0.650994632,0.565648819,0.730862536,0,0.979230902,0.197642934,0
434,5,0.508036874,0,0.408886733,0,0,0.344012646,0.0131,0.223655173,0.0029,0.201195749,0.166293647,0,0.138904105,0.113783983,0.118009798,0.529557228,0.464996165,0.404034871,0.522044668,0,0.699450644,0.141173524,0
434,8,0.812858999,0,0.654218772,0,0,0.550420234,0.0209,0.357848278,0.00463,0.321913199,0.266069836,0,0.222246568,0.182054372,0.188815676,0.847291566,0.743993865,0.646455793,0.835271469,0,1.11912103,0.225877639,0
434,5,0.508036874,0,0.408886733,0,0,0.344012646,0.0131,0.223655173,0.0029,0.201195749,0.166293647,0,0.138904105,0.113783983,0.118009798,0.529557228,0.464996165,0.404034871,0.522044668,0,0.699450644,0.141173524,0
434,5,0.508036874,0,0.408886733,0,0,0.344012646,0.0131,0.223655173,0.0029,0.201195749,0.166293647,0,0.138904105,0.113783983,0.118009798,0.529557228,0.464996165,0.404034871,0.522044668,0,0.699450644,0.141173524,0
434,8,0.812858999,0,0.654218772,0,0,0.550420234,0.0209,0.357848278,0.00463,0.321913199,0.266069836,0,0.222246568,0.182054372,0.188815676,0.847291566,0.743993865,0.646455793,0.835271469,0,1.11912103,0.225877639,0
434,9,0.914466373,0,0.735996119,0,0,0.619222763,0.0235,0.402579312,0.00521,0.362152348,0.299328565,0,0.25002739,0.204811169,0.212417636,0.953203011,0.836993098,0.727262767,0.939680403,0,1.259011159,0.254112344,0
434,7,0.711251624,0,0.572441426,0,0,0.481617705,0.0183,0.313117243,0.00405,0.281674049,0.232811106,0,0.194465747,0.159297576,0.165213717,0.74138012,0.650994632,0.565648819,0.730862536,0,0.979230902,0.197642934,0
434,4,0.406429499,0,0.327109386,0,0,0.275210117,0.0105,0.178924139,0.00232,0.160956599,0.133034918,0,0.111123284,0.091,0.0944,0.423645783,0.371996932,0.323227897,0.417635735,0,0.559560515,0.11293882,3
434,8,0.812858999,0,0.654218772,0,0,0.550420234,0.0209,0.357848278,0.00463,0.321913199,0.266069836,0,0.222246568,0.182054372,0.188815676,0.847291566,0.743993865,0.646455793,0.835271469,0,1.11912103,0.225877639,0
434,9,0.914466373,0,0.735996119,0,0,0.619222763,0.0235,0.402579312,0.00521,0.362152348,0.299328565,0,0.25002739,0.204811169,0.212417636,0.953203011,0.836993098,0.727262767,0.939680403,0,1.259011159,0.254112344,0
434,8,0.812858999,0,0.654218772,0,0,0.550420234,0.0209,0.357848278,0.00463,0.321913199,0.266069836,0,0.222246568,0.182054372,0.188815676,0.847291566,0.743993865,0.646455793,0.835271469,0,1.11912103,0.225877639,0
434,8,0.812858999,0,0.654218772,0,0,0.550420234,0.0209,0.357848278,0.00463,0.321913199,0.266069836,0,0.222246568,0.182054372,0.188815676,0.847291566,0.743993865,0.646455793,0.835271469,0,1.11912103,0.225877639,0
434,5,0.508036874,0,0.408886733,0,0,0.344012646,0.0131,0.223655173,0.0029,0.201195749,0.166293647,0,0.138904105,0.113783983,0.118009798,0.529557228,0.464996165,0.404034871,0.522044668,0,0.699450644,0.141173524,0
434,8,0.812858999,0,0.654218772,0,0,0.550420234,0.0209,0.357848278,0.00463,0.321913199,0.266069836,0,0.222246568,0.182054372,0.188815676,0.847291566,0.743993865,0.646455793,0.835271469,0,1.11912103,0.225877639,0
434,5,0.508036874,0,0.408886733,0,0,0.344012646,0.0131,0.223655173,0.0029,0.201195749,0.166293647,0,0.138904105,0.113783983,0.118009798,0.529557228,0.464996165,0.404034871,0.522044668,0,0.699450644,0.141173524,0
434,9,0.914466373,0,0.735996119,0,0,0.619222763,0.0235,0.402579312,0.00521,0.362152348,0.299328565,0,0.25002739,0.204811169,0.212417636,0.953203011,0.836993098,0.727262767,0.939680403,0,1.259011159,0.254112344,0
434,9,0.914466373,0,0.735996119,0,0,0.619222763,0.0235,0.402579312,0.00521,0.362152348,0.299328565,0,0.25002739,0.204811169,0.212417636,0.953203011,0.836993098,0.727262767,0.939680403,0,1.259011159,0.254112344,0
434,7,0.711251624,0,0.572441426,0,0,0.481617705,0.0183,0.313117243,0.00405,0.281674049,0.232811106,0,0.194465747,0.159297576,0.165213717,0.74138012,0.650994632,0.565648819,0.730862536,0,0.979230902,0.197642934,0
434,9,0.914466373,0,0.735996119,0,0,0.619222763,0.0235,0.402579312,0.00521,0.362152348,0.299328565,0,0.25002739,0.204811169,0.212417636,0.953203011,0.836993098,0.727262767,0.939680403,0,1.259011159,0.254112344,0
434,5,0.508036874,0,0.408886733,0,0,0.344012646,0.0131,0.223655173,0.0029,0.201195749,0.166293647,0,0.138904105,0.113783983,0.118009798,0.529557228,0.464996165,0.404034871,0.522044668,0,0.699450644,0.141173524,0
434,5,0.508036874,0,0.408886733,0,0,0.344012646,0.0131,0.223655173,0.0029,0.201195749,0.166293647,0,0.138904105,0.113783983,0.118009798,0.529557228,0.464996165,0.404034871,0.522044668,0,0.699450644,0.141173524,0
434,9,0.914466373,0,0.735996119,0,0,0.619222763,0.0235,0.402579312,0.00521,0.362152348,0.299328565,0,0.25002739,0.204811169,0.212417636,0.953203011,0.836993098,0.727262767,0.939680403,0,1.259011159,0.254112344,0
434,5,0.508036874,0,0.408886733,0,0,0.344012646,0.0131,0.223655173,0.0029,0.201195749,0.166293647,0,0.138904105,0.113783983,0.118009798,0.529557228,0.464996165,0.404034871,0.522044668,0,0.699450644,0.141173524,0
434,8,0.812858999,0,0.654218772,0,0,0.550420234,0.0209,0.357848278,0.00463,0.321913199,0.266069836,0,0.222246568,0.182054372,0.188815676,0.847291566,0.743993865,0.646455793,0.835271469,0,1.11912103,0.225877639,0
434,5,0.508036874,0,0.408886733,0,0,0.344012646,0.0131,0.223655173,0.0029,0.201195749,0.166293647,0,0.138904105,0.113783983,0.118009798,0.529557228,0.464996165,0.404034871,0.522044668,0,0.699450644,0.141173524,0
434,5,0.508036874,0,0.408886733,0,0,0.344012646,0.0131,0.223655173,0.0029,0.201195749,0.166293647,0,0.138904105,0.113783983,0.118009798,0.529557228,0.464996165,0.404034871,0.522044668,0,0.699450644,0.141173524,0
434,7,0.711251624,0,0.572441426,0,0,0.481617705,0.0183,0.313117243,0.00405,0.281674049,0.232811106,0,0.194465747,0.159297576,0.165213717,0.74138012,0.650994632,0.565648819,0.730862536,0,0.979230902,0.197642934,0
434,9,0.914466373,0,0.735996119,0,0,0.619222763,0.0235,0.402579312,0.00521,0.362152348,0.299328565,0,0.25002739,0.204811169,0.212417636,0.953203011,0.836993098,0.727262767,0.939680403,0,1.259011159,0.254112344,0
434,6,0.609644249,0,0.490664079,0,0,0.412815175,0.0157,0.268386208,0.00347,0.241434899,0.199552377,0,0.166684926,0.136540779,0.141611757,0.635468674,0.557995399,0.484841845,0.626453602,0,0.839340773,0.169408229,0
434,9,0.914466373,0,0.735996119,0,0,0.619222763,0.0235,0.402579312,0.00521,0.362152348,0.299328565,0,0.25002739,0.204811169,0.212417636,0.953203011,0.836993098,0.727262767,0.939680403,0,1.259011159,0.254112344,0
434,9,0.914466373,0,0.735996119,0,0,0.619222763,0.0235,0.402579312,0.00521,0.362152348,0.299328565,0,0.25002739,0.204811169,0.212417636,0.953203011,0.836993098,0.727262767,0.939680403,0,1.259011159,0.254112344,0
434,9,0.914466373,0,0.735996119,0,0,0.619222763,0.0235,0.402579312,0.00521,0.362152348,0.299328565,0,0.25002739,0.204811169,0.212417636,0.953203011,0.836993098,0.727262767,0.939680403,0,1.259011159,0.254112344,0
434,8,0.812858999,0,0.654218772,0,0,0.550420234,0.0209,0.357848278,0.00463,0.321913199,0.266069836,0,0.222246568,0.182054372,0.188815676,0.847291566,0.743993865,0.646455793,0.835271469,0,1.11912103,0.225877639,0
434,5,0.508036874,0,0.408886733,0,0,0.344012646,0.0131,0.223655173,0.0029,0.201195749,0.166293647,0,0.138904105,0.113783983,0.118009798,0.529557228,0.464996165,0.404034871,0.522044668,0,0.699450644,0.141173524,0
434,9,0.914466373,0,0.735996119,0,0,0.619222763,0.0235,0.402579312,0.00521,0.362152348,0.299328565,0,0.25002739,0.204811169,0.212417636,0.953203011,0.836993098,0.727262767,0.939680403,0,1.259011159,0.254112344,0
434,7,0.711251624,0,0.572441426,0,0,0.481617705,0.0183,0.313117243,0.00405,0.281674049,0.232811106,0,0.194465747,0.159297576,0.165213717,0.74138012,0.650994632,0.565648819,0.730862536,0,0.979230902,0.197642934,0
434,8,0.812858999,0,0.654218772,0,0,0.550420234,0.0209,0.357848278,0.00463,0.321913199,0.266069836,0,0.222246568,0.182054372,0.188815676,0.847291566,0.743993865,0.646455793,0.835271469,0,1.11912103,0.225877639,0
434,2,0.20321475,0,0.163554693,0,0,0.137605058,0.00523,0.0895,0.00116,0.0805,0.0665,0,0.0556,0.0455,0.0472,0.211822891,0.185998466,0.161613948,0.208817867,0,0.279780258,0.0565,3
434,4,0.406429499,0,0.327109386,0,0,0.275210117,0.0105,0.178924139,0.00232,0.160956599,0.133034918,0,0.111123284,0.091,0.0944,0.423645783,0.371996932,0.323227897,0.417635735,0,0.559560515,0.11293882,3
434,6,0.609644249,0,0.490664079,0,0,0.412815175,0.0157,0.268386208,0.00347,0.241434899,0.199552377,0,0.166684926,0.136540779,0.141611757,0.635468674,0.557995399,0.484841845,0.626453602,0,0.839340773,0.169408229,0
434,5,0.508036874,0,0.408886733,0,0,0.344012646,0.0131,0.223655173,0.0029,0.201195749,0.166293647,0,0.138904105,0.113783983,0.118009798,0.529557228,0.464996165,0.404034871,0.522044668,0,0.699450644,0.141173524,0
434,8,0.812858999,0,0.654218772,0,0,0.550420234,0.0209,0.357848278,0.00463,0.321913199,0.266069836,0,0.222246568,0.182054372,0.188815676,0.847291566,0.743993865,0.646455793,0.835271469,0,1.11912103,0.225877639,0
434,9,0.914466373,0,0.735996119,0,0,0.619222763,0.0235,0.402579312,0.00521,0.362152348,0.299328565,0,0.25002739,0.204811169,0.212417636,0.953203011,0.836993098,0.727262767,0.939680403,0,1.259011159,0.254112344,0
434,9,0.914466373,0,0.735996119,0,0,0.619222763,0.0235,0.402579312,0.00521,0.362152348,0.299328565,0,0.25002739,0.204811169,0.212417636,0.953203011,0.836993098,0.727262767,0.939680403,0,1.259011159,0.254112344,0
434,6,0.609644249,0,0.490664079,0,0,0.412815175,0.0157,0.268386208,0.00347,0.241434899,0.199552377,0,0.166684926,0.136540779,0.141611757,0.635468674,0.557995399,0.484841845,0.626453602,0,0.839340773,0.169408229,0
434,9,0.914466373,0,0.735996119,0,0,0.619222763,0.0235,0.402579312,0.00521,0.362152348,0.299328565,0,0.25002739,0.204811169,0.212417636,0.953203011,0.836993098,0.727262767,0.939680403,0,1.259011159,0.254112344,0
434,8,0.812858999,0,0.654218772,0,0,0.550420234,0.0209,0.357848278,0.00463,0.321913199,0.266069836,0,0.222246568,0.182054372,0.188815676,0.847291566,0.743993865,0.646455793,0.835271469,0,1.11912103,0.225877639,0
434,1,0.101607375,0,0.0818,0,0,0.0688,0.00261,0.0447,0.000579,0.0402,0.0333,0,0.027780821,0.0228,0.0236,0.105911446,0.093,0.0808,0.104408934,0,0.139890129,0.0282,3
434,5,0.508036874,0,0.408886733,0,0,0.344012646,0.0131,0.223655173,0.0029,0.201195749,0.166293647,0,0.138904105,0.113783983,0.118009798,0.529557228,0.464996165,0.404034871,0.522044668,0,0.699450644,0.141173524,0
434,9,0.914466373,0,0.735996119,0,0,0.619222763,0.0235,0.402579312,0.00521,0.362152348,0.299328565,0,0.25002739,0.204811169,0.212417636,0.953203011,0.836993098,0.727262767,0.939680403,0,1.259011159,0.254112344,0
434,3,0.304822124,0,0.24533204,0,0,0.206407588,0.00784,0.134193104,0.00174,0.120717449,0.0998,0,0.0833,0.0683,0.0708,0.317734337,0.278997699,0.242420922,0.313226801,0,0.419670386,0.0847,3
434,5,0.508036874,0,0.408886733,0,0,0.344012646,0.0131,0.223655173,0.0029,0.201195749,0.166293647,0,0.138904105,0.113783983,0.118009798,0.529557228,0.464996165,0.404034871,0.522044668,0,0.699450644,0.141173524,0
434,3,0.304822124,0,0.24533204,0,0,0.206407588,0.00784,0.134193104,0.00174,0.120717449,0.0998,0,0.0833,0.0683,0.0708,0.317734337,0.278997699,0.242420922,0.313226801,0,0.419670386,0.0847,3
434,6,0.609644249,0,0.490664079,0,0,0.412815175,0.0157,0.268386208,0.00347,0.241434899,0.199552377,0,0.166684926,0.136540779,0.141611757,0.635468674,0.557995399,0.484841845,0.626453602,0,0.839340773,0.169408229,0
434,5,0.508036874,0,0.408886733,0,0,0.344012646,0.0131,0.223655173,0.0029,0.201195749,0.166293647,0,0.138904105,0.113783983,0.118009798,0.529557228,0.464996165,0.404034871,0.522044668,0,0.699450644,0.141173524,0
434,2,0.20321475,0,0.163554693,0,0,0.137605058,0.00523,0.0895,0.00116,0.0805,0.0665,0,0.0556,0.0455,0.0472,0.211822891,0.185998466,0.161613948,0.208817867,0,0.279780258,0.0565,3
434,7,0.711251624,0,0.572441426,0,0,0.481617705,0.0183,0.313117243,0.00405,0.281674049,0.232811106,0,0.194465747,0.159297576,0.165213717,0.74138012,0.650994632,0.565648819,0.730862536,0,0.979230902,0.197642934,0
434,8,0.812858999,0,0.654218772,0,0,0.550420234,0.0209,0.357848278,0.00463,0.321913199,0.266069836,0,0.222246568,0.182054372,0.188815676,0.847291566,0.743993865,0.646455793,0.835271469,0,1.11912103,0.225877639,0
434,9,0.914466373,0,0.735996119,0,0,0.619222763,0.0235,0.402579312,0.00521,0.362152348,0.299328565,0,0.25002739,0.204811169,0.212417636,0.953203011,0.836993098,0.727262767,0.939680403,0,1.259011159,0.254112344,0
434,5,0.508036874,0,0.408886733,0,0,0.344012646,0.0131,0.223655173,0.0029,0.201195749,0.166293647,0,0.138904105,0.113783983,0.118009798,0.529557228,0.464996165,0.404034871,0.522044668,0,0.699450644,0.141173524,0
434,7,0.711251624,0,0.572441426,0,0,0.481617705,0.0183,0.313117243,0.00405,0.281674049,0.232811106,0,0.194465747,0.159297576,0.165213717,0.74138012,0.650994632,0.565648819,0.730862536,0,0.979230902,0.197642934,0
434,9,0.914466373,0,0.735996119,0,0,0.619222763,0.0235,0.402579312,0.00521,0.362152348,0.299328565,0,0.25002739,0.204811169,0.212417636,0.953203011,0.836993098,0.727262767,0.939680403,0,1.259011159,0.254112344,0
434,1,0.101607375,0,0.0818,0,0,0.0688,0.00261,0.0447,0.000579,0.0402,0.0333,0,0.027780821,0.0228,0.0236,0.105911446,0.093,0.0808,0.104408934,0,0.139890129,0.0282,3
434,9,0.914466373,0,0.735996119,0,0,0.619222763,0.0235,0.402579312,0.00521,0.362152348,0.299328565,0,0.25002739,0.204811169,0.212417636,0.953203011,0.836993098,0.727262767,0.939680403,0,1.259011159,0.254112344,0
434,5,0.508036874,0,0.408886733,0,0,0.344012646,0.0131,0.223655173,0.0029,0.201195749,0.166293647,0,0.138904105,0.113783983,0.118009798,0.529557228,0.464996165,0.404034871,0.522044668,0,0.699450644,0.141173524,0
434,7,0.711251624,0,0.572441426,0,0,0.481617705,0.0183,0.313117243,0.00405,0.281674049,0.232811106,0,0.194465747,0.159297576,0.165213717,0.74138012,0.650994632,0.565648819,0.730862536,0,0.979230902,0.197642934,0
434,6,0.609644249,0,0.490664079,0,0,0.412815175,0.0157,0.268386208,0.00347,0.241434899,0.199552377,0,0.166684926,0.136540779,0.141611757,0.635468674,0.557995399,0.484841845,0.626453602,0,0.839340773,0.169408229,0
434,9,0.914466373,0,0.735996119,0,0,0.619222763,0.0235,0.402579312,0.00521,0.362152348,0.299328565,0,0.25002739,0.204811169,0.212417636,0.953203011,0.836993098,0.727262767,0.939680403,0,1.259011159,0.254112344,0
434,8,0.812858999,0,0.654218772,0,0,0.550420234,0.0209,0.357848278,0.00463,0.321913199,0.266069836,0,0.222246568,0.182054372,0.188815676,0.847291566,0.743993865,0.646455793,0.835271469,0,1.11912103,0.225877639,0
434,7,0.711251624,0,0.572441426,0,0,0.481617705,0.0183,0.313117243,0.00405,0.281674049,0.232811106,0,0.194465747,0.159297576,0.165213717,0.74138012,0.650994632,0.565648819,0.730862536,0,0.979230902,0.197642934,0
434,6,0.609644249,0,0.490664079,0,0,0.412815175,0.0157,0.268386208,0.00347,0.241434899,0.199552377,0,0.166684926,0.136540779,0.141611757,0.635468674,0.557995399,0.484841845,0.626453602,0,0.839340773,0.169408229,0
434,5,0.508036874,0,0.408886733,0,0,0.344012646,0.0131,0.223655173,0.0029,0.201195749,0.166293647,0,0.138904105,0.113783983,0.118009798,0.529557228,0.464996165,0.404034871,0.522044668,0,0.699450644,0.141173524,0
434,5,0.508036874,0,0.408886733,0,0,0.344012646,0.0131,0.223655173,0.0029,0.201195749,0.166293647,0,0.138904105,0.113783983,0.118009798,0.529557228,0.464996165,0.404034871,0.522044668,0,0.699450644,0.141173524,0
434,8,0.812858999,0,0.654218772,0,0,0.550420234,0.0209,0.357848278,0.00463,0.321913199,0.266069836,0,0.222246568,0.182054372,0.188815676,0.847291566,0.743993865,0.646455793,0.835271469,0,1.11912103,0.225877639,0
434,8,0.812858999,0,0.654218772,0,0,0.550420234,0.0209,0.357848278,0.00463,0.321913199,0.266069836,0,0.222246568,0.182054372,0.188815676,0.847291566,0.743993865,0.646455793,0.835271469,0,1.11912103,0.225877639,0
434,9,0.914466373,0,0.735996119,0,0,0.619222763,0.0235,0.402579312,0.00521,0.362152348,0.299328565,0,0.25002739,0.204811169,0.212417636,0.953203011,0.836993098,0.727262767,0.939680403,0,1.259011159,0.254112344,0
434,3,0.304822124,0,0.24533204,0,0,0.206407588,0.00784,0.134193104,0.00174,0.120717449,0.0998,0,0.0833,0.0683,0.0708,0.317734337,0.278997699,0.242420922,0.313226801,0,0.419670386,0.0847,3
434,6,0.609644249,0,0.490664079,0,0,0.412815175,0.0157,0.268386208,0.00347,0.241434899,0.199552377,0,0.166684926,0.136540779,0.141611757,0.635468674,0.557995399,0.484841845,0.626453602,0,0.839340773,0.169408229,0
434,9,0.914466373,0,0.735996119,0,0,0.619222763,0.0235,0.402579312,0.00521,0.362152348,0.299328565,0,0.25002739,0.204811169,0.212417636,0.953203011,0.836993098,0.727262767,0.939680403,0,1.259011159,0.254112344,0
434,6,0.609644249,0,0.490664079,0,0,0.412815175,0.0157,0.268386208,0.00347,0.241434899,0.199552377,0,0.166684926,0.136540779,0.141611757,0.635468674,0.557995399,0.484841845,0.626453602,0,0.839340773,0.169408229,0
434,9,0.914466373,0,0.735996119,0,0,0.619222763,0.0235,0.402579312,0.00521,0.362152348,0.299328565,0,0.25002739,0.204811169,0.212417636,0.953203011,0.836993098,0.727262767,0.939680403,0,1.259011159,0.254112344,0
434,9,0.914466373,0,0.735996119,0,0,0.619222763,0.0235,0.402579312,0.00521,0.362152348,0.299328565,0,0.25002739,0.204811169,0.212417636,0.953203011,0.836993098,0.727262767,0.939680403,0,1.259011159,0.254112344,0
434,6,0.609644249,0,0.490664079,0,0,0.412815175,0.0157,0.268386208,0.00347,0.241434899,0.199552377,0,0.166684926,0.136540779,0.141611757,0.635468674,0.557995399,0.484841845,0.626453602,0,0.839340773,0.169408229,0
434,7,0.711251624,0,0.572441426,0,0,0.481617705,0.0183,0.313117243,0.00405,0.281674049,0.232811106,0,0.194465747,0.159297576,0.165213717,0.74138012,0.650994632,0.565648819,0.730862536,0,0.979230902,0.197642934,0
434,7,0.711251624,0,0.572441426,0,0,0.481617705,0.0183,0.313117243,0.00405,0.281674049,0.232811106,0,0.194465747,0.159297576,0.165213717,0.74138012,0.650994632,0.565648819,0.730862536,0,0.979230902,0.197642934,0
434,7,0.711251624,0,0.572441426,0,0,0.481617705,0.0183,0.313117243,0.00405,0.281674049,0.232811106,0,0.194465747,0.159297576,0.165213717,0.74138012,0.650994632,0.565648819,0.730862536,0,0.979230902,0.197642934,0
434,7,0.711251624,0,0.572441426,0,0,0.481617705,0.0183,0.313117243,0.00405,0.281674049,0.232811106,0,0.194465747,0.159297576,0.165213717,0.74138012,0.650994632,0.565648819,0.730862536,0,0.979230902,0.197642934,0
434,8,0.812858999,0,0.654218772,0,0,0.550420234,0.0209,0.357848278,0.00463,0.321913199,0.266069836,0,0.222246568,0.182054372,0.188815676,0.847291566,0.743993865,0.646455793,0.835271469,0,1.11912103,0.225877639,0
434,6,0.609644249,0,0.490664079,0,0,0.412815175,0.0157,0.268386208,0.00347,0.241434899,0.199552377,0,0.166684926,0.136540779,0.141611757,0.635468674,0.557995399,0.484841845,0.626453602,0,0.839340773,0.169408229,0
434,8,0.812858999,0,0.654218772,0,0,0.550420234,0.0209,0.357848278,0.00463,0.321913199,0.266069836,0,0.222246568,0.182054372,0.188815676,0.847291566,0.743993865,0.646455793,0.835271469,0,1.11912103,0.225877639,0
434,8,0.812858999,0,0.654218772,0,0,0.550420234,0.0209,0.357848278,0.00463,0.321913199,0.266069836,0,0.222246568,0.182054372,0.188815676,0.847291566,0.743993865,0.646455793,0.835271469,0,1.11912103,0.225877639,0
434,8,0.812858999,0,0.654218772,0,0,0.550420234,0.0209,0.357848278,0.00463,0.321913199,0.266069836,0,0.222246568,0.182054372,0.188815676,0.847291566,0.743993865,0.646455793,0.835271469,0,1.11912103,0.225877639,0
434,8,0.812858999,0,0.654218772,0,0,0.550420234,0.0209,0.357848278,0.00463,0.321913199,0.266069836,0,0.222246568,0.182054372,0.188815676,0.847291566,0.743993865,0.646455793,0.835271469,0,1.11912103,0.225877639,0
434,8,0.812858999,0,0.654218772,0,0,0.550420234,0.0209,0.357848278,0.00463,0.321913199,0.266069836,0,0.222246568,0.182054372,0.188815676,0.847291566,0.743993865,0.646455793,0.835271469,0,1.11912103,0.225877639,0
434,9,0.914466373,0,0.735996119,0,0,0.619222763,0.0235,0.402579312,0.00521,0.362152348,0.299328565,0,0.25002739,0.204811169,0.212417636,0.953203011,0.836993098,0.727262767,0.939680403,0,1.259011159,0.254112344,0
434,8,0.812858999,0,0.654218772,0,0,0.550420234,0.0209,0.357848278,0.00463,0.321913199,0.266069836,0,0.222246568,0.182054372,0.188815676,0.847291566,0.743993865,0.646455793,0.835271469,0,1.11912103,0.225877639,0
434,8,0.812858999,0,0.654218772,0,0,0.550420234,0.0209,0.357848278,0.00463,0.321913199,0.266069836,0,0.222246568,0.182054372,0.188815676,0.847291566,0.743993865,0.646455793,0.835271469,0,1.11912103,0.225877639,0
434,9,0.914466373,0,0.735996119,0,0,0.619222763,0.0235,0.402579312,0.00521,0.362152348,0.299328565,0,0.25002739,0.204811169,0.212417636,0.953203011,0.836993098,0.727262767,0.939680403,0,1.259011159,0.254112344,0
434,6,0.609644249,0,0.490664079,0,0,0.412815175,0.0157,0.268386208,0.00347,0.241434899,0.199552377,0,0.166684926,0.136540779,0.141611757,0.635468674,0.557995399,0.484841845,0.626453602,0,0.839340773,0.169408229,0
434,5,0.508036874,0,0.408886733,0,0,0.344012646,0.0131,0.223655173,0.0029,0.201195749,0.166293647,0,0.138904105,0.113783983,0.118009798,0.529557228,0.464996165,0.404034871,0.522044668,0,0.699450644,0.141173524,0
434,7,0.711251624,0,0.572441426,0,0,0.481617705,0.0183,0.313117243,0.00405,0.281674049,0.232811106,0,0.194465747,0.159297576,0.165213717,0.74138012,0.650994632,0.565648819,0.730862536,0,0.979230902,0.197642934,0
434,9,0.914466373,0,0.735996119,0,0,0.619222763,0.0235,0.402579312,0.00521,0.362152348,0.299328565,0,0.25002739,0.204811169,0.212417636,0.953203011,0.836993098,0.727262767,0.939680403,0,1.259011159,0.254112344,0
434,7,0.711251624,0,0.572441426,0,0,0.481617705,0.0183,0.313117243,0.00405,0.281674049,0.232811106,0,0.194465747,0.159297576,0.165213717,0.74138012,0.650994632,0.565648819,0.730862536,0,0.979230902,0.197642934,0
434,7,0.711251624,0,0.572441426,0,0,0.481617705,0.0183,0.313117243,0.00405,0.281674049,0.232811106,0,0.194465747,0.159297576,0.165213717,0.74138012,0.650994632,0.565648819,0.730862536,0,0.979230902,0.197642934,0
434,7,0.711251624,0,0.572441426,0,0,0.481617705,0.0183,0.313117243,0.00405,0.281674049,0.232811106,0,0.194465747,0.159297576,0.165213717,0.74138012,0.650994632,0.565648819,0.730862536,0,0.979230902,0.197642934,0
434,7,0.711251624,0,0.572441426,0,0,0.481617705,0.0183,0.313117243,0.00405,0.281674049,0.232811106,0,0.194465747,0.159297576,0.165213717,0.74138012,0.650994632,0.565648819,0.730862536,0,0.979230902,0.197642934,0
434,9,0.914466373,0,0.735996119,0,0,0.619222763,0.0235,0.402579312,0.00521,0.362152348,0.299328565,0,0.25002739,0.204811169,0.212417636,0.953203011,0.836993098,0.727262767,0.939680403,0,1.259011159,0.254112344,0
434,8,0.812858999,0,0.654218772,0,0,0.550420234,0.0209,0.357848278,0.00463,0.321913199,0.266069836,0,0.222246568,0.182054372,0.188815676,0.847291566,0.743993865,0.646455793,0.835271469,0,1.11912103,0.225877639,0
434,7,0.711251624,0,0.572441426,0,0,0.481617705,0.0183,0.313117243,0.00405,0.281674049,0.232811106,0,0.194465747,0.159297576,0.165213717,0.74138012,0.650994632,0.565648819,0.730862536,0,0.979230902,0.197642934,0
434,9,0.914466373,0,0.735996119,0,0,0.619222763,0.0235,0.402579312,0.00521,0.362152348,0.299328565,0,0.25002739,0.204811169,0.212417636,0.953203011,0.836993098,0.727262767,0.939680403,0,1.259011159,0.254112344,0
434,7,0.711251624,0,0.572441426,0,0,0.481617705,0.0183,0.313117243,0.00405,0.281674049,0.232811106,0,0.194465747,0.159297576,0.165213717,0.74138012,0.650994632,0.565648819,0.730862536,0,0.979230902,0.197642934,0
434,5,0.508036874,0,0.408886733,0,0,0.344012646,0.0131,0.223655173,0.0029,0.201195749,0.166293647,0,0.138904105,0.113783983,0.118009798,0.529557228,0.464996165,0.404034871,0.522044668,0,0.699450644,0.141173524,0
434,9,0.914466373,0,0.735996119,0,0,0.619222763,0.0235,0.402579312,0.00521,0.362152348,0.299328565,0,0.25002739,0.204811169,0.212417636,0.953203011,0.836993098,0.727262767,0.939680403,0,1.259011159,0.254112344,0
434,8,0.812858999,0,0.654218772,0,0,0.550420234,0.0209,0.357848278,0.00463,0.321913199,0.266069836,0,0.222246568,0.182054372,0.188815676,0.847291566,0.743993865,0.646455793,0.835271469,0,1.11912103,0.225877639,0
434,8,0.812858999,0,0.654218772,0,0,0.550420234,0.0209,0.357848278,0.00463,0.321913199,0.266069836,0,0.222246568,0.182054372,0.188815676,0.847291566,0.743993865,0.646455793,0.835271469,0,1.11912103,0.225877639,0
434,4,0.406429499,0,0.327109386,0,0,0.275210117,0.0105,0.178924139,0.00232,0.160956599,0.133034918,0,0.111123284,0.091,0.0944,0.423645783,0.371996932,0.323227897,0.417635735,0,0.559560515,0.11293882,3
434,8,0.812858999,0,0.654218772,0,0,0.550420234,0.0209,0.357848278,0.00463,0.321913199,0.266069836,0,0.222246568,0.182054372,0.188815676,0.847291566,0.743993865,0.646455793,0.835271469,0,1.11912103,0.225877639,0
434,9,0.914466373,0,0.735996119,0,0,0.619222763,0.0235,0.402579312,0.00521,0.362152348,0.299328565,0,0.25002739,0.204811169,0.212417636,0.953203011,0.836993098,0.727262767,0.939680403,0,1.259011159,0.254112344,0
434,9,0.914466373,0,0.735996119,0,0,0.619222763,0.0235,0.402579312,0.00521,0.362152348,0.299328565,0,0.25002739,0.204811169,0.212417636,0.953203011,0.836993098,0.727262767,0.939680403,0,1.259011159,0.254112344,0
434,9,0.914466373,0,0.735996119,0,0,0.619222763,0.0235,0.402579312,0.00521,0.362152348,0.299328565,0,0.25002739,0.204811169,0.212417636,0.953203011,0.836993098,0.727262767,0.939680403,0,1.259011159,0.254112344,0
434,2,0.20321475,0,0.163554693,0,0,0.137605058,0.00523,0.0895,0.00116,0.0805,0.0665,0,0.0556,0.0455,0.0472,0.211822891,0.185998466,0.161613948,0.208817867,0,0.279780258,0.0565,3
434,9,0.914466373,0,0.735996119,0,0,0.619222763,0.0235,0.402579312,0.00521,0.362152348,0.299328565,0,0.25002739,0.204811169,0.212417636,0.953203011,0.836993098,0.727262767,0.939680403,0,1.259011159,0.254112344,0
434,4,0.406429499,0,0.327109386,0,0,0.275210117,0.0105,0.178924139,0.00232,0.160956599,0.133034918,0,0.111123284,0.091,0.0944,0.423645783,0.371996932,0.323227897,0.417635735,0,0.559560515,0.11293882,3
434,8,0.812858999,0,0.654218772,0,0,0.550420234,0.0209,0.357848278,0.00463,0.321913199,0.266069836,0,0.222246568,0.182054372,0.188815676,0.847291566,0.743993865,0.646455793,0.835271469,0,1.11912103,0.225877639,0
434,7,0.711251624,0,0.572441426,0,0,0.481617705,0.0183,0.313117243,0.00405,0.281674049,0.232811106,0,0.194465747,0.159297576,0.165213717,0.74138012,0.650994632,0.565648819,0.730862536,0,0.979230902,0.197642934,0
434,8,0.812858999,0,0.654218772,0,0,0.550420234,0.0209,0.357848278,0.00463,0.321913199,0.266069836,0,0.222246568,0.182054372,0.188815676,0.847291566,0.743993865,0.646455793,0.835271469,0,1.11912103,0.225877639,0
434,9,0.914466373,0,0.735996119,0,0,0.619222763,0.0235,0.402579312,0.00521,0.362152348,0.299328565,0,0.25002739,0.204811169,0.212417636,0.953203011,0.836993098,0.727262767,0.939680403,0,1.259011159,0.254112344,0
434,8,0.812858999,0,0.654218772,0,0,0.550420234,0.0209,0.357848278,0.00463,0.321913199,0.266069836,0,0.222246568,0.182054372,0.188815676,0.847291566,0.743993865,0.646455793,0.835271469,0,1.11912103,0.225877639,0
434,8,0.812858999,0,0.654218772,0,0,0.550420234,0.0209,0.357848278,0.00463,0.321913199,0.266069836,0,0.222246568,0.182054372,0.188815676,0.847291566,0.743993865,0.646455793,0.835271469,0,1.11912103,0.225877639,0
434,7,0.711251624,0,0.572441426,0,0,0.481617705,0.0183,0.313117243,0.00405,0.281674049,0.232811106,0,0.194465747,0.159297576,0.165213717,0.74138012,0.650994632,0.565648819,0.730862536,0,0.979230902,0.197642934,0
434,5,0.508036874,0,0.408886733,0,0,0.344012646,0.0131,0.223655173,0.0029,0.201195749,0.166293647,0,0.138904105,0.113783983,0.118009798,0.529557228,0.464996165,0.404034871,0.522044668,0,0.699450644,0.141173524,0
434,9,0.914466373,0,0.735996119,0,0,0.619222763,0.0235,0.402579312,0.00521,0.362152348,0.299328565,0,0.25002739,0.204811169,0.212417636,0.953203011,0.836993098,0.727262767,0.939680403,0,1.259011159,0.254112344,0
434,9,0.914466373,0,0.735996119,0,0,0.619222763,0.0235,0.402579312,0.00521,0.362152348,0.299328565,0,0.25002739,0.204811169,0.212417636,0.953203011,0.836993098,0.727262767,0.939680403,0,1.259011159,0.254112344,0
434,8,0.812858999,0,0.654218772,0,0,0.550420234,0.0209,0.357848278,0.00463,0.321913199,0.266069836,0,0.222246568,0.182054372,0.188815676,0.847291566,0.743993865,0.646455793,0.835271469,0,1.11912103,0.225877639,0
434,8,0.812858999,0,0.654218772,0,0,0.550420234,0.0209,0.357848278,0.00463,0.321913199,0.266069836,0,0.222246568,0.182054372,0.188815676,0.847291566,0.743993865,0.646455793,0.835271469,0,1.11912103,0.225877639,0
434,5,0.508036874,0,0.408886733,0,0,0.344012646,0.0131,0.223655173,0.0029,0.201195749,0.166293647,0,0.138904105,0.113783983,0.118009798,0.529557228,0.464996165,0.404034871,0.522044668,0,0.699450644,0.141173524,0
434,9,0.914466373,0,0.735996119,0,0,0.619222763,0.0235,0.402579312,0.00521,0.362152348,0.299328565,0,0.25002739,0.204811169,0.212417636,0.953203011,0.836993098,0.727262767,0.939680403,0,1.259011159,0.254112344,0
434,9,0.914466373,0,0.735996119,0,0,0.619222763,0.0235,0.402579312,0.00521,0.362152348,0.299328565,0,0.25002739,0.204811169,0.212417636,0.953203011,0.836993098,0.727262767,0.939680403,0,1.259011159,0.254112344,0
434,7,0.711251624,0,0.572441426,0,0,0.481617705,0.0183,0.313117243,0.00405,0.281674049,0.232811106,0,0.194465747,0.159297576,0.165213717,0.74138012,0.650994632,0.565648819,0.730862536,0,0.979230902,0.197642934,0
434,8,0.812858999,0,0.654218772,0,0,0.550420234,0.0209,0.357848278,0.00463,0.321913199,0.266069836,0,0.222246568,0.182054372,0.188815676,0.847291566,0.743993865,0.646455793,0.835271469,0,1.11912103,0.225877639,0
434,8,0.812858999,0,0.654218772,0,0,0.550420234,0.0209,0.357848278,0.00463,0.321913199,0.266069836,0,0.222246568,0.182054372,0.188815676,0.847291566,0.743993865,0.646455793,0.835271469,0,1.11912103,0.225877639,0
434,8,0.812858999,0,0.654218772,0,0,0.550420234,0.0209,0.357848278,0.00463,0.321913199,0.266069836,0,0.222246568,0.182054372,0.188815676,0.847291566,0.743993865,0.646455793,0.835271469,0,1.11912103,0.225877639,0
434,9,0.914466373,0,0.735996119,0,0,0.619222763,0.0235,0.402579312,0.00521,0.362152348,0.299328565,0,0.25002739,0.204811169,0.212417636,0.953203011,0.836993098,0.727262767,0.939680403,0,1.259011159,0.254112344,0
434,5,0.508036874,0,0.408886733,0,0,0.344012646,0.0131,0.223655173,0.0029,0.201195749,0.166293647,0,0.138904105,0.113783983,0.118009798,0.529557228,0.464996165,0.404034871,0.522044668,0,0.699450644,0.141173524,0
434,8,0.812858999,0,0.654218772,0,0,0.550420234,0.0209,0.357848278,0.00463,0.321913199,0.266069836,0,0.222246568,0.182054372,0.188815676,0.847291566,0.743993865,0.646455793,0.835271469,0,1.11912103,0.225877639,0
434,6,0.609644249,0,0.490664079,0,0,0.412815175,0.0157,0.268386208,0.00347,0.241434899,0.199552377,0,0.166684926,0.136540779,0.141611757,0.635468674,0.557995399,0.484841845,0.626453602,0,0.839340773,0.169408229,0
434,8,0.812858999,0,0.654218772,0,0,0.550420234,0.0209,0.357848278,0.00463,0.321913199,0.266069836,0,0.222246568,0.182054372,0.188815676,0.847291566,0.743993865,0.646455793,0.835271469,0,1.11912103,0.225877639,0
434,9,0.914466373,0,0.735996119,0,0,0.619222763,0.0235,0.402579312,0.00521,0.362152348,0.299328565,0,0.25002739,0.204811169,0.212417636,0.953203011,0.836993098,0.727262767,0.939680403,0,1.259011159,0.254112344,0
434,9,0.914466373,0,0.735996119,0,0,0.619222763,0.0235,0.402579312,0.00521,0.362152348,0.299328565,0,0.25002739,0.204811169,0.212417636,0.953203011,0.836993098,0.727262767,0.939680403,0,1.259011159,0.254112344,0
434,9,0.914466373,0,0.735996119,0,0,0.619222763,0.0235,0.402579312,0.00521,0.362152348,0.299328565,0,0.25002739,0.204811169,0.212417636,0.953203011,0.836993098,0.727262767,0.939680403,0,1.259011159,0.254112344,0
434,5,0.508036874,0,0.408886733,0,0,0.344012646,0.0131,0.223655173,0.0029,0.201195749,0.166293647,0,0.138904105,0.113783983,0.118009798,0.529557228,0.464996165,0.404034871,0.522044668,0,0.699450644,0.141173524,0
434,9,0.914466373,0,0.735996119,0,0,0.619222763,0.0235,0.402579312,0.00521,0.362152348,0.299328565,0,0.25002739,0.204811169,0.212417636,0.953203011,0.836993098,0.727262767,0.939680403,0,1.259011159,0.254112344,0
434,5,0.508036874,0,0.408886733,0,0,0.344012646,0.0131,0.223655173,0.0029,0.201195749,0.166293647,0,0.138904105,0.113783983,0.118009798,0.529557228,0.464996165,0.404034871,0.522044668,0,0.699450644,0.141173524,0
434,9,0.914466373,0,0.735996119,0,0,0.619222763,0.0235,0.402579312,0.00521,0.362152348,0.299328565,0,0.25002739,0.204811169,0.212417636,0.953203011,0.836993098,0.727262767,0.939680403,0,1.259011159,0.254112344,0
434,9,0.914466373,0,0.735996119,0,0,0.619222763,0.0235,0.402579312,0.00521,0.362152348,0.299328565,0,0.25002739,0.204811169,0.212417636,0.953203011,0.836993098,0.727262767,0.939680403,0,1.259011159,0.254112344,0
434,7,0.711251624,0,0.572441426,0,0,0.481617705,0.0183,0.313117243,0.00405,0.281674049,0.232811106,0,0.194465747,0.159297576,0.165213717,0.74138012,0.650994632,0.565648819,0.730862536,0,0.979230902,0.197642934,0
434,1,0.101607375,0,0.0818,0,0,0.0688,0.00261,0.0447,0.000579,0.0402,0.0333,0,0.027780821,0.0228,0.0236,0.105911446,0.093,0.0808,0.104408934,0,0.139890129,0.0282,3
434,8,0.812858999,0,0.654218772,0,0,0.550420234,0.0209,0.357848278,0.00463,0.321913199,0.266069836,0,0.222246568,0.182054372,0.188815676,0.847291566,0.743993865,0.646455793,0.835271469,0,1.11912103,0.225877639,0
434,5,0.508036874,0,0.408886733,0,0,0.344012646,0.0131,0.223655173,0.0029,0.201195749,0.166293647,0,0.138904105,0.113783983,0.118009798,0.529557228,0.464996165,0.404034871,0.522044668,0,0.699450644,0.141173524,0
434,7,0.711251624,0,0.572441426,0,0,0.481617705,0.0183,0.313117243,0.00405,0.281674049,0.232811106,0,0.194465747,0.159297576,0.165213717,0.74138012,0.650994632,0.565648819,0.730862536,0,0.979230902,0.197642934,0
434,5,0.508036874,0,0.408886733,0,0,0.344012646,0.0131,0.223655173,0.0029,0.201195749,0.166293647,0,0.138904105,0.113783983,0.118009798,0.529557228,0.464996165,0.404034871,0.522044668,0,0.699450644,0.141173524,0
540,7,0.525450855,0.0108,0.516843626,0.807166836,0,0.650597236,0.000546,0.441701148,0.0228,0.32844094,0.330763526,0,0.260676087,0,0.0331,0,0,0.655242408,0.932996331,0,1.230697166,0.252205481,1
540,6,0.450386447,0.00925,0.443008822,0.691857288,0,0.557654774,0.000468,0.378600984,0.0196,0.281520806,0.283511593,0,0.223436646,0,0.0283,0,0,0.561636349,0.799711141,0,1.054883285,0.216176126,3
540,8,0.600515263,0.0123,0.590678429,0.922476384,0,0.743539699,0.000625,0.504801312,0.0261,0.375361074,0.378015458,0,0.297915528,0,0.0378,0,0,0.748848466,1.066281521,0,1.406511047,0.288234835,1
540,8,0.600515263,0.0123,0.590678429,0.922476384,0,0.743539699,0.000625,0.504801312,0.0261,0.375361074,0.378015458,0,0.297915528,0,0.0378,0,0,0.748848466,1.066281521,0,1.406511047,0.288234835,1
540,7,0.525450855,0.0108,0.516843626,0.807166836,0,0.650597236,0.000546,0.441701148,0.0228,0.32844094,0.330763526,0,0.260676087,0,0.0331,0,0,0.655242408,0.932996331,0,1.230697166,0.252205481,1
540,8,0.600515263,0.0123,0.590678429,0.922476384,0,0.743539699,0.000625,0.504801312,0.0261,0.375361074,0.378015458,0,0.297915528,0,0.0378,0,0,0.748848466,1.066281521,0,1.406511047,0.288234835,1
540,9,0.675579671,0.0139,0.664513233,1.037785932,0,0.836482161,0.000703,0.567901476,0.0293,0.422281209,0.42526739,0,0.335154969,0,0.0425,0,0,0.842454524,1.199566711,0,1.582324928,0.324264189,1
540,7,0.525450855,0.0108,0.516843626,0.807166836,0,0.650597236,0.000546,0.441701148,0.0228,0.32844094,0.330763526,0,0.260676087,0,0.0331,0,0,0.655242408,0.932996331,0,1.230697166,0.252205481,1
540,8,0.600515263,0.0123,0.590678429,0.922476384,0,0.743539699,0.000625,0.504801312,0.0261,0.375361074,0.378015458,0,0.297915528,0,0.0378,0,0,0.748848466,1.066281521,0,1.406511047,0.288234835,1
540,8,0.600515263,0.0123,0.590678429,0.922476384,0,0.743539699,0.000625,0.504801312,0.0261,0.375361074,0.378015458,0,0.297915528,0,0.0378,0,0,0.748848466,1.066281521,0,1.406511047,0.288234835,1
540,8,0.600515263,0.0123,0.590678429,0.922476384,0,0.743539699,0.000625,0.504801312,0.0261,0.375361074,0.378015458,0,0.297915528,0,0.0378,0,0,0.748848466,1.066281521,0,1.406511047,0.288234835,1
540,8,0.600515263,0.0123,0.590678429,0.922476384,0,0.743539699,0.000625,0.504801312,0.0261,0.375361074,0.378015458,0,0.297915528,0,0.0378,0,0,0.748848466,1.066281521,0,1.406511047,0.288234835,1
540,7,0.525450855,0.0108,0.516843626,0.807166836,0,0.650597236,0.000546,0.441701148,0.0228,0.32844094,0.330763526,0,0.260676087,0,0.0331,0,0,0.655242408,0.932996331,0,1.230697166,0.252205481,1
540,9,0.675579671,0.0139,0.664513233,1.037785932,0,0.836482161,0.000703,0.567901476,0.0293,0.422281209,0.42526739,0,0.335154969,0,0.0425,0,0,0.842454524,1.199566711,0,1.582324928,0.324264189,1
540,9,0.675579671,0.0139,0.664513233,1.037785932,0,0.836482161,0.000703,0.567901476,0.0293,0.422281209,0.42526739,0,0.335154969,0,0.0425,0,0,0.842454524,1.199566711,0,1.582324928,0.324264189,1
540,8,0.600515263,0.0123,0.590678429,0.922476384,0,0.743539699,0.000625,0.504801312,0.0261,0.375361074,0.378015458,0,0.297915528,0,0.0378,0,0,0.748848466,1.066281521,0,1.406511047,0.288234835,1
540,8,0.600515263,0.0123,0.590678429,0.922476384,0,0.743539699,0.000625,0.504801312,0.0261,0.375361074,0.378015458,0,0.297915528,0,0.0378,0,0,0.748848466,1.066281521,0,1.406511047,0.288234835,1
540,8,0.600515263,0.0123,0.590678429,0.922476384,0,0.743539699,0.000625,0.504801312,0.0261,0.375361074,0.378015458,0,0.297915528,0,0.0378,0,0,0.748848466,1.066281521,0,1.406511047,0.288234835,1
540,7,0.525450855,0.0108,0.516843626,0.807166836,0,0.650597236,0.000546,0.441701148,0.0228,0.32844094,0.330763526,0,0.260676087,0,0.0331,0,0,0.655242408,0.932996331,0,1.230697166,0.252205481,1
540,7,0.525450855,0.0108,0.516843626,0.807166836,0,0.650597236,0.000546,0.441701148,0.0228,0.32844094,0.330763526,0,0.260676087,0,0.0331,0,0,0.655242408,0.932996331,0,1.230697166,0.252205481,1
540,8,0.600515263,0.0123,0.590678429,0.922476384,0,0.743539699,0.000625,0.504801312,0.0261,0.375361074,0.378015458,0,0.297915528,0,0.0378,0,0,0.748848466,1.066281521,0,1.406511047,0.288234835,1
540,7,0.525450855,0.0108,0.516843626,0.807166836,0,0.650597236,0.000546,0.441701148,0.0228,0.32844094,0.330763526,0,0.260676087,0,0.0331,0,0,0.655242408,0.932996331,0,1.230697166,0.252205481,1
540,7,0.525450855,0.0108,0.516843626,0.807166836,0,0.650597236,0.000546,0.441701148,0.0228,0.32844094,0.330763526,0,0.260676087,0,0.0331,0,0,0.655242408,0.932996331,0,1.230697166,0.252205481,1
540,8,0.600515263,0.0123,0.590678429,0.922476384,0,0.743539699,0.000625,0.504801312,0.0261,0.375361074,0.378015458,0,0.297915528,0,0.0378,0,0,0.748848466,1.066281521,0,1.406511047,0.288234835,1
540,7,0.525450855,0.0108,0.516843626,0.807166836,0,0.650597236,0.000546,0.441701148,0.0228,0.32844094,0.330763526,0,0.260676087,0,0.0331,0,0,0.655242408,0.932996331,0,1.230697166,0.252205481,1
540,6,0.450386447,0.00925,0.443008822,0.691857288,0,0.557654774,0.000468,0.378600984,0.0196,0.281520806,0.283511593,0,0.223436646,0,0.0283,0,0,0.561636349,0.799711141,0,1.054883285,0.216176126,3
540,8,0.600515263,0.0123,0.590678429,0.922476384,0,0.743539699,0.000625,0.504801312,0.0261,0.375361074,0.378015458,0,0.297915528,0,0.0378,0,0,0.748848466,1.066281521,0,1.406511047,0.288234835,1
540,6,0.450386447,0.00925,0.443008822,0.691857288,0,0.557654774,0.000468,0.378600984,0.0196,0.281520806,0.283511593,0,0.223436646,0,0.0283,0,0,0.561636349,0.799711141,0,1.054883285,0.216176126,3
540,7,0.525450855,0.0108,0.516843626,0.807166836,0,0.650597236,0.000546,0.441701148,0.0228,0.32844094,0.330763526,0,0.260676087,0,0.0331,0,0,0.655242408,0.932996331,0,1.230697166,0.252205481,1
540,7,0.525450855,0.0108,0.516843626,0.807166836,0,0.650597236,0.000546,0.441701148,0.0228,0.32844094,0.330763526,0,0.260676087,0,0.0331,0,0,0.655242408,0.932996331,0,1.230697166,0.252205481,1
540,8,0.600515263,0.0123,0.590678429,0.922476384,0,0.743539699,0.000625,0.504801312,0.0261,0.375361074,0.378015458,0,0.297915528,0,0.0378,0,0,0.748848466,1.066281521,0,1.406511047,0.288234835,1
540,9,0.675579671,0.0139,0.664513233,1.037785932,0,0.836482161,0.000703,0.567901476,0.0293,0.422281209,0.42526739,0,0.335154969,0,0.0425,0,0,0.842454524,1.199566711,0,1.582324928,0.324264189,1
540,8,0.600515263,0.0123,0.590678429,0.922476384,0,0.743539699,0.000625,0.504801312,0.0261,0.375361074,0.378015458,0,0.297915528,0,0.0378,0,0,0.748848466,1.066281521,0,1.406511047,0.288234835,1
540,8,0.600515263,0.0123,0.590678429,0.922476384,0,0.743539699,0.000625,0.504801312,0.0261,0.375361074,0.378015458,0,0.297915528,0,0.0378,0,0,0.748848466,1.066281521,0,1.406511047,0.288234835,1
540,9,0.675579671,0.0139,0.664513233,1.037785932,0,0.836482161,0.000703,0.567901476,0.0293,0.422281209,0.42526739,0,0.335154969,0,0.0425,0,0,0.842454524,1.199566711,0,1.582324928,0.324264189,1
540,9,0.675579671,0.0139,0.664513233,1.037785932,0,0.836482161,0.000703,0.567901476,0.0293,0.422281209,0.42526739,0,0.335154969,0,0.0425,0,0,0.842454524,1.199566711,0,1.582324928,0.324264189,1
540,7,0.525450855,0.0108,0.516843626,0.807166836,0,0.650597236,0.000546,0.441701148,0.0228,0.32844094,0.330763526,0,0.260676087,0,0.0331,0,0,0.655242408,0.932996331,0,1.230697166,0.252205481,1
540,6,0.450386447,0.00925,0.443008822,0.691857288,0,0.557654774,0.000468,0.378600984,0.0196,0.281520806,0.283511593,0,0.223436646,0,0.0283,0,0,0.561636349,0.799711141,0,1.054883285,0.216176126,3
540,8,0.600515263,0.0123,0.590678429,0.922476384,0,0.743539699,0.000625,0.504801312,0.0261,0.375361074,0.378015458,0,0.297915528,0,0.0378,0,0,0.748848466,1.066281521,0,1.406511047,0.288234835,1
540,9,0.675579671,0.0139,0.664513233,1.037785932,0,0.836482161,0.000703,0.567901476,0.0293,0.422281209,0.42526739,0,0.335154969,0,0.0425,0,0,0.842454524,1.199566711,0,1.582324928,0.324264189,1
540,8,0.600515263,0.0123,0.590678429,0.922476384,0,0.743539699,0.000625,0.504801312,0.0261,0.375361074,0.378015458,0,0.297915528,0,0.0378,0,0,0.748848466,1.066281521,0,1.406511047,0.288234835,1
540,5,0.375322039,0.00771,0.369174018,0.57654774,0,0.464712312,0.00039,0.31550082,0.0163,0.234600671,0.236259661,0,0.186197205,0,0.0236,0,0,0.468030291,0.666425951,0,0.879069404,0.180146772,3
540,8,0.600515263,0.0123,0.590678429,0.922476384,0,0.743539699,0.000625,0.504801312,0.0261,0.375361074,0.378015458,0,0.297915528,0,0.0378,0,0,0.748848466,1.066281521,0,1.406511047,0.288234835,1
540,9,0.675579671,0.0139,0.664513233,1.037785932,0,0.836482161,0.000703,0.567901476,0.0293,0.422281209,0.42526739,0,0.335154969,0,0.0425,0,0,0.842454524,1.199566711,0,1.582324928,0.324264189,1
540,7,0.525450855,0.0108,0.516843626,0.807166836,0,0.650597236,0.000546,0.441701148,0.0228,0.32844094,0.330763526,0,0.260676087,0,0.0331,0,0,0.655242408,0.932996331,0,1.230697166,0.252205481,1
540,9,0.675579671,0.0139,0.664513233,1.037785932,0,0.836482161,0.000703,0.567901476,0.0293,0.422281209,0.42526739,0,0.335154969,0,0.0425,0,0,0.842454524,1.199566711,0,1.582324928,0.324264189,1
540,8,0.600515263,0.0123,0.590678429,0.922476384,0,0.743539699,0.000625,0.504801312,0.0261,0.375361074,0.378015458,0,0.297915528,0,0.0378,0,0,0.748848466,1.066281521,0,1.406511047,0.288234835,1
540,4,0.300257631,0.00617,0.295339215,0.461238192,0,0.371769849,0.000312,0.252400656,0.013,0.187680537,0.189007729,0,0.148957764,0,0.0189,0,0,0.374424233,0.53314076,0,0.703255523,0.144117417,3
540,7,0.525450855,0.0108,0.516843626,0.807166836,0,0.650597236,0.000546,0.441701148,0.0228,0.32844094,0.330763526,0,0.260676087,0,0.0331,0,0,0.655242408,0.932996331,0,1.230697166,0.252205481,1
540,7,0.525450855,0.0108,0.516843626,0.807166836,0,0.650597236,0.000546,0.441701148,0.0228,0.32844094,0.330763526,0,0.260676087,0,0.0331,0,0,0.655242408,0.932996331,0,1.230697166,0.252205481,1
540,7,0.525450855,0.0108,0.516843626,0.807166836,0,0.650597236,0.000546,0.441701148,0.0228,0.32844094,0.330763526,0,0.260676087,0,0.0331,0,0,0.655242408,0.932996331,0,1.230697166,0.252205481,1
540,9,0.675579671,0.0139,0.664513233,1.037785932,0,0.836482161,0.000703,0.567901476,0.0293,0.422281209,0.42526739,0,0.335154969,0,0.0425,0,0,0.842454524,1.199566711,0,1.582324928,0.324264189,1
540,7,0.525450855,0.0108,0.516843626,0.807166836,0,0.650597236,0.000546,0.441701148,0.0228,0.32844094,0.330763526,0,0.260676087,0,0.0331,0,0,0.655242408,0.932996331,0,1.230697166,0.252205481,1
540,8,0.600515263,0.0123,0.590678429,0.922476384,0,0.743539699,0.000625,0.504801312,0.0261,0.375361074,0.378015458,0,0.297915528,0,0.0378,0,0,0.748848466,1.066281521,0,1.406511047,0.288234835,1
540,9,0.675579671,0.0139,0.664513233,1.037785932,0,0.836482161,0.000703,0.567901476,0.0293,0.422281209,0.42526739,0,0.335154969,0,0.0425,0,0,0.842454524,1.199566711,0,1.582324928,0.324264189,1
540,9,0.675579671,0.0139,0.664513233,1.037785932,0,0.836482161,0.000703,0.567901476,0.0293,0.422281209,0.42526739,0,0.335154969,0,0.0425,0,0,0.842454524,1.199566711,0,1.582324928,0.324264189,1
540,9,0.675579671,0.0139,0.664513233,1.037785932,0,0.836482161,0.000703,0.567901476,0.0293,0.422281209,0.42526739,0,0.335154969,0,0.0425,0,0,0.842454524,1.199566711,0,1.582324928,0.324264189,1
540,8,0.600515263,0.0123,0.590678429,0.922476384,0,0.743539699,0.000625,0.504801312,0.0261,0.375361074,0.378015458,0,0.297915528,0,0.0378,0,0,0.748848466,1.066281521,0,1.406511047,0.288234835,1
540,2,0.150128816,0.00308,0.147669607,0.230619096,0,0.185884925,0.000156,0.126200328,0.00652,0.0938,0.0945,0,0.0745,0,0.00945,0,0,0.187212116,0.26657038,0,0.351627762,0.0721,3
540,9,0.675579671,0.0139,0.664513233,1.037785932,0,0.836482161,0.000703,0.567901476,0.0293,0.422281209,0.42526739,0,0.335154969,0,0.0425,0,0,0.842454524,1.199566711,0,1.582324928,0.324264189,1
540,9,0.675579671,0.0139,0.664513233,1.037785932,0,0.836482161,0.000703,0.567901476,0.0293,0.422281209,0.42526739,0,0.335154969,0,0.0425,0,0,0.842454524,1.199566711,0,1.582324928,0.324264189,1
540,8,0.600515263,0.0123,0.590678429,0.922476384,0,0.743539699,0.000625,0.504801312,0.0261,0.375361074,0.378015458,0,0.297915528,0,0.0378,0,0,0.748848466,1.066281521,0,1.406511047,0.288234835,1
540,8,0.600515263,0.0123,0.590678429,0.922476384,0,0.743539699,0.000625,0.504801312,0.0261,0.375361074,0.378015458,0,0.297915528,0,0.0378,0,0,0.748848466,1.066281521,0,1.406511047,0.288234835,1
540,6,0.450386447,0.00925,0.443008822,0.691857288,0,0.557654774,0.000468,0.378600984,0.0196,0.281520806,0.283511593,0,0.223436646,0,0.0283,0,0,0.561636349,0.799711141,0,1.054883285,0.216176126,3
540,4,0.300257631,0.00617,0.295339215,0.461238192,0,0.371769849,0.000312,0.252400656,0.013,0.187680537,0.189007729,0,0.148957764,0,0.0189,0,0,0.374424233,0.53314076,0,0.703255523,0.144117417,3
540,6,0.450386447,0.00925,0.443008822,0.691857288,0,0.557654774,0.000468,0.378600984,0.0196,0.281520806,0.283511593,0,0.223436646,0,0.0283,0,0,0.561636349,0.799711141,0,1.054883285,0.216176126,3
540,5,0.375322039,0.00771,0.369174018,0.57654774,0,0.464712312,0.00039,0.31550082,0.0163,0.234600671,0.236259661,0,0.186197205,0,0.0236,0,0,0.468030291,0.666425951,0,0.879069404,0.180146772,3
540,9,0.675579671,0.0139,0.664513233,1.037785932,0,0.836482161,0.000703,0.567901476,0.0293,0.422281209,0.42526739,0,0.335154969,0,0.0425,0,0,0.842454524,1.199566711,0,1.582324928,0.324264189,1
540,8,0.600515263,0.0123,0.590678429,0.922476384,0,0.743539699,0.000625,0.504801312,0.0261,0.375361074,0.378015458,0,0.297915528,0,0.0378,0,0,0.748848466,1.066281521,0,1.406511047,0.288234835,1
540,8,0.600515263,0.0123,0.590678429,0.922476384,0,0.743539699,0.000625,0.504801312,0.0261,0.375361074,0.378015458,0,0.297915528,0,0.0378,0,0,0.748848466,1.066281521,0,1.406511047,0.288234835,1
540,4,0.300257631,0.00617,0.295339215,0.461238192,0,0.371769849,0.000312,0.252400656,0.013,0.187680537,0.189007729,0,0.148957764,0,0.0189,0,0,0.374424233,0.53314076,0,0.703255523,0.144117417,3
540,5,0.375322039,0.00771,0.369174018,0.57654774,0,0.464712312,0.00039,0.31550082,0.0163,0.234600671,0.236259661,0,0.186197205,0,0.0236,0,0,0.468030291,0.666425951,0,0.879069404,0.180146772,3
540,7,0.525450855,0.0108,0.516843626,0.807166836,0,0.650597236,0.000546,0.441701148,0.0228,0.32844094,0.330763526,0,0.260676087,0,0.0331,0,0,0.655242408,0.932996331,0,1.230697166,0.252205481,1
540,8,0.600515263,0.0123,0.590678429,0.922476384,0,0.743539699,0.000625,0.504801312,0.0261,0.375361074,0.378015458,0,0.297915528,0,0.0378,0,0,0.748848466,1.066281521,0,1.406511047,0.288234835,1
540,9,0.675579671,0.0139,0.664513233,1.037785932,0,0.836482161,0.000703,0.567901476,0.0293,0.422281209,0.42526739,0,0.335154969,0,0.0425,0,0,0.842454524,1.199566711,0,1.582324928,0.324264189,1
540,7,0.525450855,0.0108,0.516843626,0.807166836,0,0.650597236,0.000546,0.441701148,0.0228,0.32844094,0.330763526,0,0.260676087,0,0.0331,0,0,0.655242408,0.932996331,0,1.230697166,0.252205481,1
540,7,0.525450855,0.0108,0.516843626,0.807166836,0,0.650597236,0.000546,0.441701148,0.0228,0.32844094,0.330763526,0,0.260676087,0,0.0331,0,0,0.655242408,0.932996331,0,1.230697166,0.252205481,1
540,7,0.525450855,0.0108,0.516843626,0.807166836,0,0.650597236,0.000546,0.441701148,0.0228,0.32844094,0.330763526,0,0.260676087,0,0.0331,0,0,0.655242408,0.932996331,0,1.230697166,0.252205481,1
540,8,0.600515263,0.0123,0.590678429,0.922476384,0,0.743539699,0.000625,0.504801312,0.0261,0.375361074,0.378015458,0,0.297915528,0,0.0378,0,0,0.748848466,1.066281521,0,1.406511047,0.288234835,1
540,3,0.225193224,0.00463,0.221504411,0.345928644,0,0.278827387,0.000234,0.189300492,0.00978,0.140760403,0.141755797,0,0.111718323,0,0.0142,0,0,0.280818175,0.39985557,0,0.527441643,0.108088063,3
540,7,0.525450855,0.0108,0.516843626,0.807166836,0,0.650597236,0.000546,0.441701148,0.0228,0.32844094,0.330763526,0,0.260676087,0,0.0331,0,0,0.655242408,0.932996331,0,1.230697166,0.252205481,1
540,9,0.675579671,0.0139,0.664513233,1.037785932,0,0.836482161,0.000703,0.567901476,0.0293,0.422281209,0.42526739,0,0.335154969,0,0.0425,0,0,0.842454524,1.199566711,0,1.582324928,0.324264189,1
540,8,0.600515263,0.0123,0.590678429,0.922476384,0,0.743539699,0.000625,0.504801312,0.0261,0.375361074,0.378015458,0,0.297915528,0,0.0378,0,0,0.748848466,1.066281521,0,1.406511047,0.288234835,1
540,5,0.375322039,0.00771,0.369174018,0.57654774,0,0.464712312,0.00039,0.31550082,0.0163,0.234600671,0.236259661,0,0.186197205,0,0.0236,0,0,0.468030291,0.666425951,0,0.879069404,0.180146772,3
540,9,0.675579671,0.0139,0.664513233,1.037785932,0,0.836482161,0.000703,0.567901476,0.0293,0.422281209,0.42526739,0,0.335154969,0,0.0425,0,0,0.842454524,1.199566711,0,1.582324928,0.324264189,1
540,1,0.0751,0.00154,0.0738,0.115309548,0,0.0929,7.81E-05,0.0631,0.00326,0.0469,0.0473,0,0.0372,0,0.00472,0,0,0.0936,0.13328519,0,0.175813881,0.036,3
540,3,0.225193224,0.00463,0.221504411,0.345928644,0,0.278827387,0.000234,0.189300492,0.00978,0.140760403,0.141755797,0,0.111718323,0,0.0142,0,0,0.280818175,0.39985557,0,0.527441643,0.108088063,3
540,6,0.450386447,0.00925,0.443008822,0.691857288,0,0.557654774,0.000468,0.378600984,0.0196,0.281520806,0.283511593,0,0.223436646,0,0.0283,0,0,0.561636349,0.799711141,0,1.054883285,0.216176126,3
540,8,0.600515263,0.0123,0.590678429,0.922476384,0,0.743539699,0.000625,0.504801312,0.0261,0.375361074,0.378015458,0,0.297915528,0,0.0378,0,0,0.748848466,1.066281521,0,1.406511047,0.288234835,1
540,8,0.600515263,0.0123,0.590678429,0.922476384,0,0.743539699,0.000625,0.504801312,0.0261,0.375361074,0.378015458,0,0.297915528,0,0.0378,0,0,0.748848466,1.066281521,0,1.406511047,0.288234835,1
540,9,0.675579671,0.0139,0.664513233,1.037785932,0,0.836482161,0.000703,0.567901476,0.0293,0.422281209,0.42526739,0,0.335154969,0,0.0425,0,0,0.842454524,1.199566711,0,1.582324928,0.324264189,1
540,9,0.675579671,0.0139,0.664513233,1.037785932,0,0.836482161,0.000703,0.567901476,0.0293,0.422281209,0.42526739,0,0.335154969,0,0.0425,0,0,0.842454524,1.199566711,0,1.582324928,0.324264189,1
540,8,0.600515263,0.0123,0.590678429,0.922476384,0,0.743539699,0.000625,0.504801312,0.0261,0.375361074,0.378015458,0,0.297915528,0,0.0378,0,0,0.748848466,1.066281521,0,1.406511047,0.288234835,1
540,7,0.525450855,0.0108,0.516843626,0.807166836,0,0.650597236,0.000546,0.441701148,0.0228,0.32844094,0.330763526,0,0.260676087,0,0.0331,0,0,0.655242408,0.932996331,0,1.230697166,0.252205481,1
540,8,0.600515263,0.0123,0.590678429,0.922476384,0,0.743539699,0.000625,0.504801312,0.0261,0.375361074,0.378015458,0,0.297915528,0,0.0378,0,0,0.748848466,1.066281521,0,1.406511047,0.288234835,1
540,8,0.600515263,0.0123,0.590678429,0.922476384,0,0.743539699,0.000625,0.504801312,0.0261,0.375361074,0.378015458,0,0.297915528,0,0.0378,0,0,0.748848466,1.066281521,0,1.406511047,0.288234835,1
540,7,0.525450855,0.0108,0.516843626,0.807166836,0,0.650597236,0.000546,0.441701148,0.0228,0.32844094,0.330763526,0,0.260676087,0,0.0331,0,0,0.655242408,0.932996331,0,1.230697166,0.252205481,1
540,6,0.450386447,0.00925,0.443008822,0.691857288,0,0.557654774,0.000468,0.378600984,0.0196,0.281520806,0.283511593,0,0.223436646,0,0.0283,0,0,0.561636349,0.799711141,0,1.054883285,0.216176126,3
540,7,0.525450855,0.0108,0.516843626,0.807166836,0,0.650597236,0.000546,0.441701148,0.0228,0.32844094,0.330763526,0,0.260676087,0,0.0331,0,0,0.655242408,0.932996331,0,1.230697166,0.252205481,1
540,8,0.600515263,0.0123,0.590678429,0.922476384,0,0.743539699,0.000625,0.504801312,0.0261,0.375361074,0.378015458,0,0.297915528,0,0.0378,0,0,0.748848466,1.066281521,0,1.406511047,0.288234835,1
540,9,0.675579671,0.0139,0.664513233,1.037785932,0,0.836482161,0.000703,0.567901476,0.0293,0.422281209,0.42526739,0,0.335154969,0,0.0425,0,0,0.842454524,1.199566711,0,1.582324928,0.324264189,1
540,6,0.450386447,0.00925,0.443008822,0.691857288,0,0.557654774,0.000468,0.378600984,0.0196,0.281520806,0.283511593,0,0.223436646,0,0.0283,0,0,0.561636349,0.799711141,0,1.054883285,0.216176126,3
540,9,0.675579671,0.0139,0.664513233,1.037785932,0,0.836482161,0.000703,0.567901476,0.0293,0.422281209,0.42526739,0,0.335154969,0,0.0425,0,0,0.842454524,1.199566711,0,1.582324928,0.324264189,1
540,8,0.600515263,0.0123,0.590678429,0.922476384,0,0.743539699,0.000625,0.504801312,0.0261,0.375361074,0.378015458,0,0.297915528,0,0.0378,0,0,0.748848466,1.066281521,0,1.406511047,0.288234835,1
540,8,0.600515263,0.0123,0.590678429,0.922476384,0,0.743539699,0.000625,0.504801312,0.0261,0.375361074,0.378015458,0,0.297915528,0,0.0378,0,0,0.748848466,1.066281521,0,1.406511047,0.288234835,1
540,8,0.600515263,0.0123,0.590678429,0.922476384,0,0.743539699,0.000625,0.504801312,0.0261,0.375361074,0.378015458,0,0.297915528,0,0.0378,0,0,0.748848466,1.066281521,0,1.406511047,0.288234835,1
540,9,0.675579671,0.0139,0.664513233,1.037785932,0,0.836482161,0.000703,0.567901476,0.0293,0.422281209,0.42526739,0,0.335154969,0,0.0425,0,0,0.842454524,1.199566711,0,1.582324928,0.324264189,1
540,6,0.450386447,0.00925,0.443008822,0.691857288,0,0.557654774,0.000468,0.378600984,0.0196,0.281520806,0.283511593,0,0.223436646,0,0.0283,0,0,0.561636349,0.799711141,0,1.054883285,0.216176126,3
540,7,0.525450855,0.0108,0.516843626,0.807166836,0,0.650597236,0.000546,0.441701148,0.0228,0.32844094,0.330763526,0,0.260676087,0,0.0331,0,0,0.655242408,0.932996331,0,1.230697166,0.252205481,1
540,8,0.600515263,0.0123,0.590678429,0.922476384,0,0.743539699,0.000625,0.504801312,0.0261,0.375361074,0.378015458,0,0.297915528,0,0.0378,0,0,0.748848466,1.066281521,0,1.406511047,0.288234835,1
540,7,0.525450855,0.0108,0.516843626,0.807166836,0,0.650597236,0.000546,0.441701148,0.0228,0.32844094,0.330763526,0,0.260676087,0,0.0331,0,0,0.655242408,0.932996331,0,1.230697166,0.252205481,1
540,7,0.525450855,0.0108,0.516843626,0.807166836,0,0.650597236,0.000546,0.441701148,0.0228,0.32844094,0.330763526,0,0.260676087,0,0.0331,0,0,0.655242408,0.932996331,0,1.230697166,0.252205481,1
540,7,0.525450855,0.0108,0.516843626,0.807166836,0,0.650597236,0.000546,0.441701148,0.0228,0.32844094,0.330763526,0,0.260676087,0,0.0331,0,0,0.655242408,0.932996331,0,1.230697166,0.252205481,1
540,1,0.0751,0.00154,0.0738,0.115309548,0,0.0929,7.81E-05,0.0631,0.00326,0.0469,0.0473,0,0.0372,0,0.00472,0,0,0.0936,0.13328519,0,0.175813881,0.036,3
540,8,0.600515263,0.0123,0.590678429,0.922476384,0,0.743539699,0.000625,0.504801312,0.0261,0.375361074,0.378015458,0,0.297915528,0,0.0378,0,0,0.748848466,1.066281521,0,1.406511047,0.288234835,1
540,8,0.600515263,0.0123,0.590678429,0.922476384,0,0.743539699,0.000625,0.504801312,0.0261,0.375361074,0.378015458,0,0.297915528,0,0.0378,0,0,0.748848466,1.066281521,0,1.406511047,0.288234835,1
540,2,0.150128816,0.00308,0.147669607,0.230619096,0,0.185884925,0.000156,0.126200328,0.00652,0.0938,0.0945,0,0.0745,0,0.00945,0,0,0.187212116,0.26657038,0,0.351627762,0.0721,3
540,4,0.300257631,0.00617,0.295339215,0.461238192,0,0.371769849,0.000312,0.252400656,0.013,0.187680537,0.189007729,0,0.148957764,0,0.0189,0,0,0.374424233,0.53314076,0,0.703255523,0.144117417,3
540,7,0.525450855,0.0108,0.516843626,0.807166836,0,0.650597236,0.000546,0.441701148,0.0228,0.32844094,0.330763526,0,0.260676087,0,0.0331,0,0,0.655242408,0.932996331,0,1.230697166,0.252205481,1
540,8,0.600515263,0.0123,0.590678429,0.922476384,0,0.743539699,0.000625,0.504801312,0.0261,0.375361074,0.378015458,0,0.297915528,0,0.0378,0,0,0.748848466,1.066281521,0,1.406511047,0.288234835,1
540,9,0.675579671,0.0139,0.664513233,1.037785932,0,0.836482161,0.000703,0.567901476,0.0293,0.422281209,0.42526739,0,0.335154969,0,0.0425,0,0,0.842454524,1.199566711,0,1.582324928,0.324264189,1
540,9,0.675579671,0.0139,0.664513233,1.037785932,0,0.836482161,0.000703,0.567901476,0.0293,0.422281209,0.42526739,0,0.335154969,0,0.0425,0,0,0.842454524,1.199566711,0,1.582324928,0.324264189,1
540,8,0.600515263,0.0123,0.590678429,0.922476384,0,0.743539699,0.000625,0.504801312,0.0261,0.375361074,0.378015458,0,0.297915528,0,0.0378,0,0,0.748848466,1.066281521,0,1.406511047,0.288234835,1
540,9,0.675579671,0.0139,0.664513233,1.037785932,0,0.836482161,0.000703,0.567901476,0.0293,0.422281209,0.42526739,0,0.335154969,0,0.0425,0,0,0.842454524,1.199566711,0,1.582324928,0.324264189,1
540,7,0.525450855,0.0108,0.516843626,0.807166836,0,0.650597236,0.000546,0.441701148,0.0228,0.32844094,0.330763526,0,0.260676087,0,0.0331,0,0,0.655242408,0.932996331,0,1.230697166,0.252205481,1
540,5,0.375322039,0.00771,0.369174018,0.57654774,0,0.464712312,0.00039,0.31550082,0.0163,0.234600671,0.236259661,0,0.186197205,0,0.0236,0,0,0.468030291,0.666425951,0,0.879069404,0.180146772,3
540,8,0.600515263,0.0123,0.590678429,0.922476384,0,0.743539699,0.000625,0.504801312,0.0261,0.375361074,0.378015458,0,0.297915528,0,0.0378,0,0,0.748848466,1.066281521,0,1.406511047,0.288234835,1
540,9,0.675579671,0.0139,0.664513233,1.037785932,0,0.836482161,0.000703,0.567901476,0.0293,0.422281209,0.42526739,0,0.335154969,0,0.0425,0,0,0.842454524,1.199566711,0,1.582324928,0.324264189,1
540,8,0.600515263,0.0123,0.590678429,0.922476384,0,0.743539699,0.000625,0.504801312,0.0261,0.375361074,0.378015458,0,0.297915528,0,0.0378,0,0,0.748848466,1.066281521,0,1.406511047,0.288234835,1
540,7,0.525450855,0.0108,0.516843626,0.807166836,0,0.650597236,0.000546,0.441701148,0.0228,0.32844094,0.330763526,0,0.260676087,0,0.0331,0,0,0.655242408,0.932996331,0,1.230697166,0.252205481,1
540,8,0.600515263,0.0123,0.590678429,0.922476384,0,0.743539699,0.000625,0.504801312,0.0261,0.375361074,0.378015458,0,0.297915528,0,0.0378,0,0,0.748848466,1.066281521,0,1.406511047,0.288234835,1
540,2,0.150128816,0.00308,0.147669607,0.230619096,0,0.185884925,0.000156,0.126200328,0.00652,0.0938,0.0945,0,0.0745,0,0.00945,0,0,0.187212116,0.26657038,0,0.351627762,0.0721,3
540,6,0.450386447,0.00925,0.443008822,0.691857288,0,0.557654774,0.000468,0.378600984,0.0196,0.281520806,0.283511593,0,0.223436646,0,0.0283,0,0,0.561636349,0.799711141,0,1.054883285,0.216176126,3
540,6,0.450386447,0.00925,0.443008822,0.691857288,0,0.557654774,0.000468,0.378600984,0.0196,0.281520806,0.283511593,0,0.223436646,0,0.0283,0,0,0.561636349,0.799711141,0,1.054883285,0.216176126,3
540,8,0.600515263,0.0123,0.590678429,0.922476384,0,0.743539699,0.000625,0.504801312,0.0261,0.375361074,0.378015458,0,0.297915528,0,0.0378,0,0,0.748848466,1.066281521,0,1.406511047,0.288234835,1
540,9,0.675579671,0.0139,0.664513233,1.037785932,0,0.836482161,0.000703,0.567901476,0.0293,0.422281209,0.42526739,0,0.335154969,0,0.0425,0,0,0.842454524,1.199566711,0,1.582324928,0.324264189,1
540,8,0.600515263,0.0123,0.590678429,0.922476384,0,0.743539699,0.000625,0.504801312,0.0261,0.375361074,0.378015458,0,0.297915528,0,0.0378,0,0,0.748848466,1.066281521,0,1.406511047,0.288234835,1
540,7,0.525450855,0.0108,0.516843626,0.807166836,0,0.650597236,0.000546,0.441701148,0.0228,0.32844094,0.330763526,0,0.260676087,0,0.0331,0,0,0.655242408,0.932996331,0,1.230697166,0.252205481,1
540,8,0.600515263,0.0123,0.590678429,0.922476384,0,0.743539699,0.000625,0.504801312,0.0261,0.375361074,0.378015458,0,0.297915528,0,0.0378,0,0,0.748848466,1.066281521,0,1.406511047,0.288234835,1
540,9,0.675579671,0.0139,0.664513233,1.037785932,0,0.836482161,0.000703,0.567901476,0.0293,0.422281209,0.42526739,0,0.335154969,0,0.0425,0,0,0.842454524,1.199566711,0,1.582324928,0.324264189,1
540,8,0.600515263,0.0123,0.590678429,0.922476384,0,0.743539699,0.000625,0.504801312,0.0261,0.375361074,0.378015458,0,0.297915528,0,0.0378,0,0,0.748848466,1.066281521,0,1.406511047,0.288234835,1
540,5,0.375322039,0.00771,0.369174018,0.57654774,0,0.464712312,0.00039,0.31550082,0.0163,0.234600671,0.236259661,0,0.186197205,0,0.0236,0,0,0.468030291,0.666425951,0,0.879069404,0.180146772,3
540,9,0.675579671,0.0139,0.664513233,1.037785932,0,0.836482161,0.000703,0.567901476,0.0293,0.422281209,0.42526739,0,0.335154969,0,0.0425,0,0,0.842454524,1.199566711,0,1.582324928,0.324264189,1
540,6,0.450386447,0.00925,0.443008822,0.691857288,0,0.557654774,0.000468,0.378600984,0.0196,0.281520806,0.283511593,0,0.223436646,0,0.0283,0,0,0.561636349,0.799711141,0,1.054883285,0.216176126,3
540,7,0.525450855,0.0108,0.516843626,0.807166836,0,0.650597236,0.000546,0.441701148,0.0228,0.32844094,0.330763526,0,0.260676087,0,0.0331,0,0,0.655242408,0.932996331,0,1.230697166,0.252205481,1
540,6,0.450386447,0.00925,0.443008822,0.691857288,0,0.557654774,0.000468,0.378600984,0.0196,0.281520806,0.283511593,0,0.223436646,0,0.0283,0,0,0.561636349,0.799711141,0,1.054883285,0.216176126,3
540,9,0.675579671,0.0139,0.664513233,1.037785932,0,0.836482161,0.000703,0.567901476,0.0293,0.422281209,0.42526739,0,0.335154969,0,0.0425,0,0,0.842454524,1.199566711,0,1.582324928,0.324264189,1
540,8,0.600515263,0.0123,0.590678429,0.922476384,0,0.743539699,0.000625,0.504801312,0.0261,0.375361074,0.378015458,0,0.297915528,0,0.0378,0,0,0.748848466,1.066281521,0,1.406511047,0.288234835,1
540,4,0.300257631,0.00617,0.295339215,0.461238192,0,0.371769849,0.000312,0.252400656,0.013,0.187680537,0.189007729,0,0.148957764,0,0.0189,0,0,0.374424233,0.53314076,0,0.703255523,0.144117417,3
540,2,0.150128816,0.00308,0.147669607,0.230619096,0,0.185884925,0.000156,0.126200328,0.00652,0.0938,0.0945,0,0.0745,0,0.00945,0,0,0.187212116,0.26657038,0,0.351627762,0.0721,3
540,7,0.525450855,0.0108,0.516843626,0.807166836,0,0.650597236,0.000546,0.441701148,0.0228,0.32844094,0.330763526,0,0.260676087,0,0.0331,0,0,0.655242408,0.932996331,0,1.230697166,0.252205481,1
540,7,0.525450855,0.0108,0.516843626,0.807166836,0,0.650597236,0.000546,0.441701148,0.0228,0.32844094,0.330763526,0,0.260676087,0,0.0331,0,0,0.655242408,0.932996331,0,1.230697166,0.252205481,1
540,7,0.525450855,0.0108,0.516843626,0.807166836,0,0.650597236,0.000546,0.441701148,0.0228,0.32844094,0.330763526,0,0.260676087,0,0.0331,0,0,0.655242408,0.932996331,0,1.230697166,0.252205481,1
540,9,0.675579671,0.0139,0.664513233,1.037785932,0,0.836482161,0.000703,0.567901476,0.0293,0.422281209,0.42526739,0,0.335154969,0,0.0425,0,0,0.842454524,1.199566711,0,1.582324928,0.324264189,1
540,7,0.525450855,0.0108,0.516843626,0.807166836,0,0.650597236,0.000546,0.441701148,0.0228,0.32844094,0.330763526,0,0.260676087,0,0.0331,0,0,0.655242408,0.932996331,0,1.230697166,0.252205481,1
540,8,0.600515263,0.0123,0.590678429,0.922476384,0,0.743539699,0.000625,0.504801312,0.0261,0.375361074,0.378015458,0,0.297915528,0,0.0378,0,0,0.748848466,1.066281521,0,1.406511047,0.288234835,1
540,8,0.600515263,0.0123,0.590678429,0.922476384,0,0.743539699,0.000625,0.504801312,0.0261,0.375361074,0.378015458,0,0.297915528,0,0.0378,0,0,0.748848466,1.066281521,0,1.406511047,0.288234835,1
540,8,0.600515263,0.0123,0.590678429,0.922476384,0,0.743539699,0.000625,0.504801312,0.0261,0.375361074,0.378015458,0,0.297915528,0,0.0378,0,0,0.748848466,1.066281521,0,1.406511047,0.288234835,1
540,8,0.600515263,0.0123,0.590678429,0.922476384,0,0.743539699,0.000625,0.504801312,0.0261,0.375361074,0.378015458,0,0.297915528,0,0.0378,0,0,0.748848466,1.066281521,0,1.406511047,0.288234835,1
540,5,0.375322039,0.00771,0.369174018,0.57654774,0,0.464712312,0.00039,0.31550082,0.0163,0.234600671,0.236259661,0,0.186197205,0,0.0236,0,0,0.468030291,0.666425951,0,0.879069404,0.180146772,3
540,9,0.675579671,0.0139,0.664513233,1.037785932,0,0.836482161,0.000703,0.567901476,0.0293,0.422281209,0.42526739,0,0.335154969,0,0.0425,0,0,0.842454524,1.199566711,0,1.582324928,0.324264189,1
540,8,0.600515263,0.0123,0.590678429,0.922476384,0,0.743539699,0.000625,0.504801312,0.0261,0.375361074,0.378015458,0,0.297915528,0,0.0378,0,0,0.748848466,1.066281521,0,1.406511047,0.288234835,1
540,9,0.675579671,0.0139,0.664513233,1.037785932,0,0.836482161,0.000703,0.567901476,0.0293,0.422281209,0.42526739,0,0.335154969,0,0.0425,0,0,0.842454524,1.199566711,0,1.582324928,0.324264189,1
540,9,0.675579671,0.0139,0.664513233,1.037785932,0,0.836482161,0.000703,0.567901476,0.0293,0.422281209,0.42526739,0,0.335154969,0,0.0425,0,0,0.842454524,1.199566711,0,1.582324928,0.324264189,1
540,5,0.375322039,0.00771,0.369174018,0.57654774,0,0.464712312,0.00039,0.31550082,0.0163,0.234600671,0.236259661,0,0.186197205,0,0.0236,0,0,0.468030291,0.666425951,0,0.879069404,0.180146772,3
540,9,0.675579671,0.0139,0.664513233,1.037785932,0,0.836482161,0.000703,0.567901476,0.0293,0.422281209,0.42526739,0,0.335154969,0,0.0425,0,0,0.842454524,1.199566711,0,1.582324928,0.324264189,1
540,6,0.450386447,0.00925,0.443008822,0.691857288,0,0.557654774,0.000468,0.378600984,0.0196,0.281520806,0.283511593,0,0.223436646,0,0.0283,0,0,0.561636349,0.799711141,0,1.054883285,0.216176126,3
540,9,0.675579671,0.0139,0.664513233,1.037785932,0,0.836482161,0.000703,0.567901476,0.0293,0.422281209,0.42526739,0,0.335154969,0,0.0425,0,0,0.842454524,1.199566711,0,1.582324928,0.324264189,1
540,7,0.525450855,0.0108,0.516843626,0.807166836,0,0.650597236,0.000546,0.441701148,0.0228,0.32844094,0.330763526,0,0.260676087,0,0.0331,0,0,0.655242408,0.932996331,0,1.230697166,0.252205481,1
540,7,0.525450855,0.0108,0.516843626,0.807166836,0,0.650597236,0.000546,0.441701148,0.0228,0.32844094,0.330763526,0,0.260676087,0,0.0331,0,0,0.655242408,0.932996331,0,1.230697166,0.252205481,1
540,8,0.600515263,0.0123,0.590678429,0.922476384,0,0.743539699,0.000625,0.504801312,0.0261,0.375361074,0.378015458,0,0.297915528,0,0.0378,0,0,0.748848466,1.066281521,0,1.406511047,0.288234835,1
540,9,0.675579671,0.0139,0.664513233,1.037785932,0,0.836482161,0.000703,0.567901476,0.0293,0.422281209,0.42526739,0,0.335154969,0,0.0425,0,0,0.842454524,1.199566711,0,1.582324928,0.324264189,1
540,8,0.600515263,0.0123,0.590678429,0.922476384,0,0.743539699,0.000625,0.504801312,0.0261,0.375361074,0.378015458,0,0.297915528,0,0.0378,0,0,0.748848466,1.066281521,0,1.406511047,0.288234835,1
540,8,0.600515263,0.0123,0.590678429,0.922476384,0,0.743539699,0.000625,0.504801312,0.0261,0.375361074,0.378015458,0,0.297915528,0,0.0378,0,0,0.748848466,1.066281521,0,1.406511047,0.288234835,1
540,9,0.675579671,0.0139,0.664513233,1.037785932,0,0.836482161,0.000703,0.567901476,0.0293,0.422281209,0.42526739,0,0.335154969,0,0.0425,0,0,0.842454524,1.199566711,0,1.582324928,0.324264189,1
540,4,0.300257631,0.00617,0.295339215,0.461238192,0,0.371769849,0.000312,0.252400656,0.013,0.187680537,0.189007729,0,0.148957764,0,0.0189,0,0,0.374424233,0.53314076,0,0.703255523,0.144117417,3
540,8,0.600515263,0.0123,0.590678429,0.922476384,0,0.743539699,0.000625,0.504801312,0.0261,0.375361074,0.378015458,0,0.297915528,0,0.0378,0,0,0.748848466,1.066281521,0,1.406511047,0.288234835,1
540,9,0.675579671,0.0139,0.664513233,1.037785932,0,0.836482161,0.000703,0.567901476,0.0293,0.422281209,0.42526739,0,0.335154969,0,0.0425,0,0,0.842454524,1.199566711,0,1.582324928,0.324264189,1
540,9,0.675579671,0.0139,0.664513233,1.037785932,0,0.836482161,0.000703,0.567901476,0.0293,0.422281209,0.42526739,0,0.335154969,0,0.0425,0,0,0.842454524,1.199566711,0,1.582324928,0.324264189,1
540,9,0.675579671,0.0139,0.664513233,1.037785932,0,0.836482161,0.000703,0.567901476,0.0293,0.422281209,0.42526739,0,0.335154969,0,0.0425,0,0,0.842454524,1.199566711,0,1.582324928,0.324264189,1
540,1,0.0751,0.00154,0.0738,0.115309548,0,0.0929,7.81E-05,0.0631,0.00326,0.0469,0.0473,0,0.0372,0,0.00472,0,0,0.0936,0.13328519,0,0.175813881,0.036,3
540,9,0.675579671,0.0139,0.664513233,1.037785932,0,0.836482161,0.000703,0.567901476,0.0293,0.422281209,0.42526739,0,0.335154969,0,0.0425,0,0,0.842454524,1.199566711,0,1.582324928,0.324264189,1
540,9,0.675579671,0.0139,0.664513233,1.037785932,0,0.836482161,0.000703,0.567901476,0.0293,0.422281209,0.42526739,0,0.335154969,0,0.0425,0,0,0.842454524,1.199566711,0,1.582324928,0.324264189,1
540,8,0.600515263,0.0123,0.590678429,0.922476384,0,0.743539699,0.000625,0.504801312,0.0261,0.375361074,0.378015458,0,0.297915528,0,0.0378,0,0,0.748848466,1.066281521,0,1.406511047,0.288234835,1
540,6,0.450386447,0.00925,0.443008822,0.691857288,0,0.557654774,0.000468,0.378600984,0.0196,0.281520806,0.283511593,0,0.223436646,0,0.0283,0,0,0.561636349,0.799711141,0,1.054883285,0.216176126,3
540,9,0.675579671,0.0139,0.664513233,1.037785932,0,0.836482161,0.000703,0.567901476,0.0293,0.422281209,0.42526739,0,0.335154969,0,0.0425,0,0,0.842454524,1.199566711,0,1.582324928,0.324264189,1
540,7,0.525450855,0.0108,0.516843626,0.807166836,0,0.650597236,0.000546,0.441701148,0.0228,0.32844094,0.330763526,0,0.260676087,0,0.0331,0,0,0.655242408,0.932996331,0,1.230697166,0.252205481,1
540,8,0.600515263,0.0123,0.590678429,0.922476384,0,0.743539699,0.000625,0.504801312,0.0261,0.375361074,0.378015458,0,0.297915528,0,0.0378,0,0,0.748848466,1.066281521,0,1.406511047,0.288234835,1
540,8,0.600515263,0.0123,0.590678429,0.922476384,0,0.743539699,0.000625,0.504801312,0.0261,0.375361074,0.378015458,0,0.297915528,0,0.0378,0,0,0.748848466,1.066281521,0,1.406511047,0.288234835,1
540,9,0.675579671,0.0139,0.664513233,1.037785932,0,0.836482161,0.000703,0.567901476,0.0293,0.422281209,0.42526739,0,0.335154969,0,0.0425,0,0,0.842454524,1.199566711,0,1.582324928,0.324264189,1
540,9,0.675579671,0.0139,0.664513233,1.037785932,0,0.836482161,0.000703,0.567901476,0.0293,0.422281209,0.42526739,0,0.335154969,0,0.0425,0,0,0.842454524,1.199566711,0,1.582324928,0.324264189,1
540,6,0.450386447,0.00925,0.443008822,0.691857288,0,0.557654774,0.000468,0.378600984,0.0196,0.281520806,0.283511593,0,0.223436646,0,0.0283,0,0,0.561636349,0.799711141,0,1.054883285,0.216176126,3
540,7,0.525450855,0.0108,0.516843626,0.807166836,0,0.650597236,0.000546,0.441701148,0.0228,0.32844094,0.330763526,0,0.260676087,0,0.0331,0,0,0.655242408,0.932996331,0,1.230697166,0.252205481,1
540,6,0.450386447,0.00925,0.443008822,0.691857288,0,0.557654774,0.000468,0.378600984,0.0196,0.281520806,0.283511593,0,0.223436646,0,0.0283,0,0,0.561636349,0.799711141,0,1.054883285,0.216176126,3
540,4,0.300257631,0.00617,0.295339215,0.461238192,0,0.371769849,0.000312,0.252400656,0.013,0.187680537,0.189007729,0,0.148957764,0,0.0189,0,0,0.374424233,0.53314076,0,0.703255523,0.144117417,3
540,9,0.675579671,0.0139,0.664513233,1.037785932,0,0.836482161,0.000703,0.567901476,0.0293,0.422281209,0.42526739,0,0.335154969,0,0.0425,0,0,0.842454524,1.199566711,0,1.582324928,0.324264189,1
540,8,0.600515263,0.0123,0.590678429,0.922476384,0,0.743539699,0.000625,0.504801312,0.0261,0.375361074,0.378015458,0,0.297915528,0,0.0378,0,0,0.748848466,1.066281521,0,1.406511047,0.288234835,1
540,9,0.675579671,0.0139,0.664513233,1.037785932,0,0.836482161,0.000703,0.567901476,0.0293,0.422281209,0.42526739,0,0.335154969,0,0.0425,0,0,0.842454524,1.199566711,0,1.582324928,0.324264189,1
540,6,0.450386447,0.00925,0.443008822,0.691857288,0,0.557654774,0.000468,0.378600984,0.0196,0.281520806,0.283511593,0,0.223436646,0,0.0283,0,0,0.561636349,0.799711141,0,1.054883285,0.216176126,3
540,9,0.675579671,0.0139,0.664513233,1.037785932,0,0.836482161,0.000703,0.567901476,0.0293,0.422281209,0.42526739,0,0.335154969,0,0.0425,0,0,0.842454524,1.199566711,0,1.582324928,0.324264189,1
540,8,0.600515263,0.0123,0.590678429,0.922476384,0,0.743539699,0.000625,0.504801312,0.0261,0.375361074,0.378015458,0,0.297915528,0,0.0378,0,0,0.748848466,1.066281521,0,1.406511047,0.288234835,1
540,6,0.450386447,0.00925,0.443008822,0.691857288,0,0.557654774,0.000468,0.378600984,0.0196,0.281520806,0.283511593,0,0.223436646,0,0.0283,0,0,0.561636349,0.799711141,0,1.054883285,0.216176126,3
540,9,0.675579671,0.0139,0.664513233,1.037785932,0,0.836482161,0.000703,0.567901476,0.0293,0.422281209,0.42526739,0,0.335154969,0,0.0425,0,0,0.842454524,1.199566711,0,1.582324928,0.324264189,1
540,4,0.300257631,0.00617,0.295339215,0.461238192,0,0.371769849,0.000312,0.252400656,0.013,0.187680537,0.189007729,0,0.148957764,0,0.0189,0,0,0.374424233,0.53314076,0,0.703255523,0.144117417,3
540,8,0.600515263,0.0123,0.590678429,0.922476384,0,0.743539699,0.000625,0.504801312,0.0261,0.375361074,0.378015458,0,0.297915528,0,0.0378,0,0,0.748848466,1.066281521,0,1.406511047,0.288234835,1
540,8,0.600515263,0.0123,0.590678429,0.922476384,0,0.743539699,0.000625,0.504801312,0.0261,0.375361074,0.378015458,0,0.297915528,0,0.0378,0,0,0.748848466,1.066281521,0,1.406511047,0.288234835,1
540,7,0.525450855,0.0108,0.516843626,0.807166836,0,0.650597236,0.000546,0.441701148,0.0228,0.32844094,0.330763526,0,0.260676087,0,0.0331,0,0,0.655242408,0.932996331,0,1.230697166,0.252205481,1
540,9,0.675579671,0.0139,0.664513233,1.037785932,0,0.836482161,0.000703,0.567901476,0.0293,0.422281209,0.42526739,0,0.335154969,0,0.0425,0,0,0.842454524,1.199566711,0,1.582324928,0.324264189,1
540,1,0.0751,0.00154,0.0738,0.115309548,0,0.0929,7.81E-05,0.0631,0.00326,0.0469,0.0473,0,0.0372,0,0.00472,0,0,0.0936,0.13328519,0,0.175813881,0.036,3
540,9,0.675579671,0.0139,0.664513233,1.037785932,0,0.836482161,0.000703,0.567901476,0.0293,0.422281209,0.42526739,0,0.335154969,0,0.0425,0,0,0.842454524,1.199566711,0,1.582324928,0.324264189,1
540,7,0.525450855,0.0108,0.516843626,0.807166836,0,0.650597236,0.000546,0.441701148,0.0228,0.32844094,0.330763526,0,0.260676087,0,0.0331,0,0,0.655242408,0.932996331,0,1.230697166,0.252205481,1
540,9,0.675579671,0.0139,0.664513233,1.037785932,0,0.836482161,0.000703,0.567901476,0.0293,0.422281209,0.42526739,0,0.335154969,0,0.0425,0,0,0.842454524,1.199566711,0,1.582324928,0.324264189,1
540,7,0.525450855,0.0108,0.516843626,0.807166836,0,0.650597236,0.000546,0.441701148,0.0228,0.32844094,0.330763526,0,0.260676087,0,0.0331,0,0,0.655242408,0.932996331,0,1.230697166,0.252205481,1
540,9,0.675579671,0.0139,0.664513233,1.037785932,0,0.836482161,0.000703,0.567901476,0.0293,0.422281209,0.42526739,0,0.335154969,0,0.0425,0,0,0.842454524,1.199566711,0,1.582324928,0.324264189,1
540,8,0.600515263,0.0123,0.590678429,0.922476384,0,0.743539699,0.000625,0.504801312,0.0261,0.375361074,0.378015458,0,0.297915528,0,0.0378,0,0,0.748848466,1.066281521,0,1.406511047,0.288234835,1
540,9,0.675579671,0.0139,0.664513233,1.037785932,0,0.836482161,0.000703,0.567901476,0.0293,0.422281209,0.42526739,0,0.335154969,0,0.0425,0,0,0.842454524,1.199566711,0,1.582324928,0.324264189,1
540,8,0.600515263,0.0123,0.590678429,0.922476384,0,0.743539699,0.000625,0.504801312,0.0261,0.375361074,0.378015458,0,0.297915528,0,0.0378,0,0,0.748848466,1.066281521,0,1.406511047,0.288234835,1
540,6,0.450386447,0.00925,0.443008822,0.691857288,0,0.557654774,0.000468,0.378600984,0.0196,0.281520806,0.283511593,0,0.223436646,0,0.0283,0,0,0.561636349,0.799711141,0,1.054883285,0.216176126,3
540,8,0.600515263,0.0123,0.590678429,0.922476384,0,0.743539699,0.000625,0.504801312,0.0261,0.375361074,0.378015458,0,0.297915528,0,0.0378,0,0,0.748848466,1.066281521,0,1.406511047,0.288234835,1
540,8,0.600515263,0.0123,0.590678429,0.922476384,0,0.743539699,0.000625,0.504801312,0.0261,0.375361074,0.378015458,0,0.297915528,0,0.0378,0,0,0.748848466,1.066281521,0,1.406511047,0.288234835,1
540,8,0.600515263,0.0123,0.590678429,0.922476384,0,0.743539699,0.000625,0.504801312,0.0261,0.375361074,0.378015458,0,0.297915528,0,0.0378,0,0,0.748848466,1.066281521,0,1.406511047,0.288234835,1
540,7,0.525450855,0.0108,0.516843626,0.807166836,0,0.650597236,0.000546,0.441701148,0.0228,0.32844094,0.330763526,0,0.260676087,0,0.0331,0,0,0.655242408,0.932996331,0,1.230697166,0.252205481,1
540,6,0.450386447,0.00925,0.443008822,0.691857288,0,0.557654774,0.000468,0.378600984,0.0196,0.281520806,0.283511593,0,0.223436646,0,0.0283,0,0,0.561636349,0.799711141,0,1.054883285,0.216176126,3
540,7,0.525450855,0.0108,0.516843626,0.807166836,0,0.650597236,0.000546,0.441701148,0.0228,0.32844094,0.330763526,0,0.260676087,0,0.0331,0,0,0.655242408,0.932996331,0,1.230697166,0.252205481,1
540,8,0.600515263,0.0123,0.590678429,0.922476384,0,0.743539699,0.000625,0.504801312,0.0261,0.375361074,0.378015458,0,0.297915528,0,0.0378,0,0,0.748848466,1.066281521,0,1.406511047,0.288234835,1
540,6,0.450386447,0.00925,0.443008822,0.691857288,0,0.557654774,0.000468,0.378600984,0.0196,0.281520806,0.283511593,0,0.223436646,0,0.0283,0,0,0.561636349,0.799711141,0,1.054883285,0.216176126,3
540,9,0.675579671,0.0139,0.664513233,1.037785932,0,0.836482161,0.000703,0.567901476,0.0293,0.422281209,0.42526739,0,0.335154969,0,0.0425,0,0,0.842454524,1.199566711,0,1.582324928,0.324264189,1
540,7,0.525450855,0.0108,0.516843626,0.807166836,0,0.650597236,0.000546,0.441701148,0.0228,0.32844094,0.330763526,0,0.260676087,0,0.0331,0,0,0.655242408,0.932996331,0,1.230697166,0.252205481,1
540,8,0.600515263,0.0123,0.590678429,0.922476384,0,0.743539699,0.000625,0.504801312,0.0261,0.375361074,0.378015458,0,0.297915528,0,0.0378,0,0,0.748848466,1.066281521,0,1.406511047,0.288234835,1
540,9,0.675579671,0.0139,0.664513233,1.037785932,0,0.836482161,0.000703,0.567901476,0.0293,0.422281209,0.42526739,0,0.335154969,0,0.0425,0,0,0.842454524,1.199566711,0,1.582324928,0.324264189,1
540,7,0.525450855,0.0108,0.516843626,0.807166836,0,0.650597236,0.000546,0.441701148,0.0228,0.32844094,0.330763526,0,0.260676087,0,0.0331,0,0,0.655242408,0.932996331,0,1.230697166,0.252205481,1
540,7,0.525450855,0.0108,0.516843626,0.807166836,0,0.650597236,0.000546,0.441701148,0.0228,0.32844094,0.330763526,0,0.260676087,0,0.0331,0,0,0.655242408,0.932996331,0,1.230697166,0.252205481,1
540,8,0.600515263,0.0123,0.590678429,0.922476384,0,0.743539699,0.000625,0.504801312,0.0261,0.375361074,0.378015458,0,0.297915528,0,0.0378,0,0,0.748848466,1.066281521,0,1.406511047,0.288234835,1
540,8,0.600515263,0.0123,0.590678429,0.922476384,0,0.743539699,0.000625,0.504801312,0.0261,0.375361074,0.378015458,0,0.297915528,0,0.0378,0,0,0.748848466,1.066281521,0,1.406511047,0.288234835,1
540,7,0.525450855,0.0108,0.516843626,0.807166836,0,0.650597236,0.000546,0.441701148,0.0228,0.32844094,0.330763526,0,0.260676087,0,0.0331,0,0,0.655242408,0.932996331,0,1.230697166,0.252205481,1
540,8,0.600515263,0.0123,0.590678429,0.922476384,0,0.743539699,0.000625,0.504801312,0.0261,0.375361074,0.378015458,0,0.297915528,0,0.0378,0,0,0.748848466,1.066281521,0,1.406511047,0.288234835,1
540,5,0.375322039,0.00771,0.369174018,0.57654774,0,0.464712312,0.00039,0.31550082,0.0163,0.234600671,0.236259661,0,0.186197205,0,0.0236,0,0,0.468030291,0.666425951,0,0.879069404,0.180146772,3
540,6,0.450386447,0.00925,0.443008822,0.691857288,0,0.557654774,0.000468,0.378600984,0.0196,0.281520806,0.283511593,0,0.223436646,0,0.0283,0,0,0.561636349,0.799711141,0,1.054883285,0.216176126,3
540,8,0.600515263,0.0123,0.590678429,0.922476384,0,0.743539699,0.000625,0.504801312,0.0261,0.375361074,0.378015458,0,0.297915528,0,0.0378,0,0,0.748848466,1.066281521,0,1.406511047,0.288234835,1
540,8,0.600515263,0.0123,0.590678429,0.922476384,0,0.743539699,0.000625,0.504801312,0.0261,0.375361074,0.378015458,0,0.297915528,0,0.0378,0,0,0.748848466,1.066281521,0,1.406511047,0.288234835,1
540,7,0.525450855,0.0108,0.516843626,0.807166836,0,0.650597236,0.000546,0.441701148,0.0228,0.32844094,0.330763526,0,0.260676087,0,0.0331,0,0,0.655242408,0.932996331,0,1.230697166,0.252205481,1
540,6,0.450386447,0.00925,0.443008822,0.691857288,0,0.557654774,0.000468,0.378600984,0.0196,0.281520806,0.283511593,0,0.223436646,0,0.0283,0,0,0.561636349,0.799711141,0,1.054883285,0.216176126,3
540,8,0.600515263,0.0123,0.590678429,0.922476384,0,0.743539699,0.000625,0.504801312,0.0261,0.375361074,0.378015458,0,0.297915528,0,0.0378,0,0,0.748848466,1.066281521,0,1.406511047,0.288234835,1
540,9,0.675579671,0.0139,0.664513233,1.037785932,0,0.836482161,0.000703,0.567901476,0.0293,0.422281209,0.42526739,0,0.335154969,0,0.0425,0,0,0.842454524,1.199566711,0,1.582324928,0.324264189,1
540,7,0.525450855,0.0108,0.516843626,0.807166836,0,0.650597236,0.000546,0.441701148,0.0228,0.32844094,0.330763526,0,0.260676087,0,0.0331,0,0,0.655242408,0.932996331,0,1.230697166,0.252205481,1
540,3,0.225193224,0.00463,0.221504411,0.345928644,0,0.278827387,0.000234,0.189300492,0.00978,0.140760403,0.141755797,0,0.111718323,0,0.0142,0,0,0.280818175,0.39985557,0,0.527441643,0.108088063,3
540,7,0.525450855,0.0108,0.516843626,0.807166836,0,0.650597236,0.000546,0.441701148,0.0228,0.32844094,0.330763526,0,0.260676087,0,0.0331,0,0,0.655242408,0.932996331,0,1.230697166,0.252205481,1
540,9,0.675579671,0.0139,0.664513233,1.037785932,0,0.836482161,0.000703,0.567901476,0.0293,0.422281209,0.42526739,0,0.335154969,0,0.0425,0,0,0.842454524,1.199566711,0,1.582324928,0.324264189,1
540,7,0.525450855,0.0108,0.516843626,0.807166836,0,0.650597236,0.000546,0.441701148,0.0228,0.32844094,0.330763526,0,0.260676087,0,0.0331,0,0,0.655242408,0.932996331,0,1.230697166,0.252205481,1
540,5,0.375322039,0.00771,0.369174018,0.57654774,0,0.464712312,0.00039,0.31550082,0.0163,0.234600671,0.236259661,0,0.186197205,0,0.0236,0,0,0.468030291,0.666425951,0,0.879069404,0.180146772,3
540,9,0.675579671,0.0139,0.664513233,1.037785932,0,0.836482161,0.000703,0.567901476,0.0293,0.422281209,0.42526739,0,0.335154969,0,0.0425,0,0,0.842454524,1.199566711,0,1.582324928,0.324264189,1
540,7,0.525450855,0.0108,0.516843626,0.807166836,0,0.650597236,0.000546,0.441701148,0.0228,0.32844094,0.330763526,0,0.260676087,0,0.0331,0,0,0.655242408,0.932996331,0,1.230697166,0.252205481,1
540,6,0.450386447,0.00925,0.443008822,0.691857288,0,0.557654774,0.000468,0.378600984,0.0196,0.281520806,0.283511593,0,0.223436646,0,0.0283,0,0,0.561636349,0.799711141,0,1.054883285,0.216176126,3
540,9,0.675579671,0.0139,0.664513233,1.037785932,0,0.836482161,0.000703,0.567901476,0.0293,0.422281209,0.42526739,0,0.335154969,0,0.0425,0,0,0.842454524,1.199566711,0,1.582324928,0.324264189,1
540,9,0.675579671,0.0139,0.664513233,1.037785932,0,0.836482161,0.000703,0.567901476,0.0293,0.422281209,0.42526739,0,0.335154969,0,0.0425,0,0,0.842454524,1.199566711,0,1.582324928,0.324264189,1
540,7,0.525450855,0.0108,0.516843626,0.807166836,0,0.650597236,0.000546,0.441701148,0.0228,0.32844094,0.330763526,0,0.260676087,0,0.0331,0,0,0.655242408,0.932996331,0,1.230697166,0.252205481,1
540,8,0.600515263,0.0123,0.590678429,0.922476384,0,0.743539699,0.000625,0.504801312,0.0261,0.375361074,0.378015458,0,0.297915528,0,0.0378,0,0,0.748848466,1.066281521,0,1.406511047,0.288234835,1
540,9,0.675579671,0.0139,0.664513233,1.037785932,0,0.836482161,0.000703,0.567901476,0.0293,0.422281209,0.42526739,0,0.335154969,0,0.0425,0,0,0.842454524,1.199566711,0,1.582324928,0.324264189,1
540,5,0.375322039,0.00771,0.369174018,0.57654774,0,0.464712312,0.00039,0.31550082,0.0163,0.234600671,0.236259661,0,0.186197205,0,0.0236,0,0,0.468030291,0.666425951,0,0.879069404,0.180146772,3
540,7,0.525450855,0.0108,0.516843626,0.807166836,0,0.650597236,0.000546,0.441701148,0.0228,0.32844094,0.330763526,0,0.260676087,0,0.0331,0,0,0.655242408,0.932996331,0,1.230697166,0.252205481,1
540,7,0.525450855,0.0108,0.516843626,0.807166836,0,0.650597236,0.000546,0.441701148,0.0228,0.32844094,0.330763526,0,0.260676087,0,0.0331,0,0,0.655242408,0.932996331,0,1.230697166,0.252205481,1
540,7,0.525450855,0.0108,0.516843626,0.807166836,0,0.650597236,0.000546,0.441701148,0.0228,0.32844094,0.330763526,0,0.260676087,0,0.0331,0,0,0.655242408,0.932996331,0,1.230697166,0.252205481,1
540,9,0.675579671,0.0139,0.664513233,1.037785932,0,0.836482161,0.000703,0.567901476,0.0293,0.422281209,0.42526739,0,0.335154969,0,0.0425,0,0,0.842454524,1.199566711,0,1.582324928,0.324264189,1
540,9,0.675579671,0.0139,0.664513233,1.037785932,0,0.836482161,0.000703,0.567901476,0.0293,0.422281209,0.42526739,0,0.335154969,0,0.0425,0,0,0.842454524,1.199566711,0,1.582324928,0.324264189,1
540,8,0.600515263,0.0123,0.590678429,0.922476384,0,0.743539699,0.000625,0.504801312,0.0261,0.375361074,0.378015458,0,0.297915528,0,0.0378,0,0,0.748848466,1.066281521,0,1.406511047,0.288234835,1
540,7,0.525450855,0.0108,0.516843626,0.807166836,0,0.650597236,0.000546,0.441701148,0.0228,0.32844094,0.330763526,0,0.260676087,0,0.0331,0,0,0.655242408,0.932996331,0,1.230697166,0.252205481,1
540,7,0.525450855,0.0108,0.516843626,0.807166836,0,0.650597236,0.000546,0.441701148,0.0228,0.32844094,0.330763526,0,0.260676087,0,0.0331,0,0,0.655242408,0.932996331,0,1.230697166,0.252205481,1
540,3,0.225193224,0.00463,0.221504411,0.345928644,0,0.278827387,0.000234,0.189300492,0.00978,0.140760403,0.141755797,0,0.111718323,0,0.0142,0,0,0.280818175,0.39985557,0,0.527441643,0.108088063,3
540,5,0.375322039,0.00771,0.369174018,0.57654774,0,0.464712312,0.00039,0.31550082,0.0163,0.234600671,0.236259661,0,0.186197205,0,0.0236,0,0,0.468030291,0.666425951,0,0.879069404,0.180146772,3
540,5,0.375322039,0.00771,0.369174018,0.57654774,0,0.464712312,0.00039,0.31550082,0.0163,0.234600671,0.236259661,0,0.186197205,0,0.0236,0,0,0.468030291,0.666425951,0,0.879069404,0.180146772,3
540,9,0.675579671,0.0139,0.664513233,1.037785932,0,0.836482161,0.000703,0.567901476,0.0293,0.422281209,0.42526739,0,0.335154969,0,0.0425,0,0,0.842454524,1.199566711,0,1.582324928,0.324264189,1
540,2,0.150128816,0.00308,0.147669607,0.230619096,0,0.185884925,0.000156,0.126200328,0.00652,0.0938,0.0945,0,0.0745,0,0.00945,0,0,0.187212116,0.26657038,0,0.351627762,0.0721,3
540,9,0.675579671,0.0139,0.664513233,1.037785932,0,0.836482161,0.000703,0.567901476,0.0293,0.422281209,0.42526739,0,0.335154969,0,0.0425,0,0,0.842454524,1.199566711,0,1.582324928,0.324264189,1
540,4,0.300257631,0.00617,0.295339215,0.461238192,0,0.371769849,0.000312,0.252400656,0.013,0.187680537,0.189007729,0,0.148957764,0,0.0189,0,0,0.374424233,0.53314076,0,0.703255523,0.144117417,3
540,5,0.375322039,0.00771,0.369174018,0.57654774,0,0.464712312,0.00039,0.31550082,0.0163,0.234600671,0.236259661,0,0.186197205,0,0.0236,0,0,0.468030291,0.666425951,0,0.879069404,0.180146772,3
540,8,0.600515263,0.0123,0.590678429,0.922476384,0,0.743539699,0.000625,0.504801312,0.0261,0.375361074,0.378015458,0,0.297915528,0,0.0378,0,0,0.748848466,1.066281521,0,1.406511047,0.288234835,1
540,8,0.600515263,0.0123,0.590678429,0.922476384,0,0.743539699,0.000625,0.504801312,0.0261,0.375361074,0.378015458,0,0.297915528,0,0.0378,0,0,0.748848466,1.066281521,0,1.406511047,0.288234835,1
540,7,0.525450855,0.0108,0.516843626,0.807166836,0,0.650597236,0.000546,0.441701148,0.0228,0.32844094,0.330763526,0,0.260676087,0,0.0331,0,0,0.655242408,0.932996331,0,1.230697166,0.252205481,1
540,9,0.675579671,0.0139,0.664513233,1.037785932,0,0.836482161,0.000703,0.567901476,0.0293,0.422281209,0.42526739,0,0.335154969,0,0.0425,0,0,0.842454524,1.199566711,0,1.582324928,0.324264189,1
540,9,0.675579671,0.0139,0.664513233,1.037785932,0,0.836482161,0.000703,0.567901476,0.0293,0.422281209,0.42526739,0,0.335154969,0,0.0425,0,0,0.842454524,1.199566711,0,1.582324928,0.324264189,1
540,5,0.375322039,0.00771,0.369174018,0.57654774,0,0.464712312,0.00039,0.31550082,0.0163,0.234600671,0.236259661,0,0.186197205,0,0.0236,0,0,0.468030291,0.666425951,0,0.879069404,0.180146772,3
540,9,0.675579671,0.0139,0.664513233,1.037785932,0,0.836482161,0.000703,0.567901476,0.0293,0.422281209,0.42526739,0,0.335154969,0,0.0425,0,0,0.842454524,1.199566711,0,1.582324928,0.324264189,1
540,8,0.600515263,0.0123,0.590678429,0.922476384,0,0.743539699,0.000625,0.504801312,0.0261,0.375361074,0.378015458,0,0.297915528,0,0.0378,0,0,0.748848466,1.066281521,0,1.406511047,0.288234835,1
540,5,0.375322039,0.00771,0.369174018,0.57654774,0,0.464712312,0.00039,0.31550082,0.0163,0.234600671,0.236259661,0,0.186197205,0,0.0236,0,0,0.468030291,0.666425951,0,0.879069404,0.180146772,3
540,5,0.375322039,0.00771,0.369174018,0.57654774,0,0.464712312,0.00039,0.31550082,0.0163,0.234600671,0.236259661,0,0.186197205,0,0.0236,0,0,0.468030291,0.666425951,0,0.879069404,0.180146772,3
540,8,0.600515263,0.0123,0.590678429,0.922476384,0,0.743539699,0.000625,0.504801312,0.0261,0.375361074,0.378015458,0,0.297915528,0,0.0378,0,0,0.748848466,1.066281521,0,1.406511047,0.288234835,1
540,7,0.525450855,0.0108,0.516843626,0.807166836,0,0.650597236,0.000546,0.441701148,0.0228,0.32844094,0.330763526,0,0.260676087,0,0.0331,0,0,0.655242408,0.932996331,0,1.230697166,0.252205481,1
540,8,0.600515263,0.0123,0.590678429,0.922476384,0,0.743539699,0.000625,0.504801312,0.0261,0.375361074,0.378015458,0,0.297915528,0,0.0378,0,0,0.748848466,1.066281521,0,1.406511047,0.288234835,1
540,9,0.675579671,0.0139,0.664513233,1.037785932,0,0.836482161,0.000703,0.567901476,0.0293,0.422281209,0.42526739,0,0.335154969,0,0.0425,0,0,0.842454524,1.199566711,0,1.582324928,0.324264189,1
540,9,0.675579671,0.0139,0.664513233,1.037785932,0,0.836482161,0.000703,0.567901476,0.0293,0.422281209,0.42526739,0,0.335154969,0,0.0425,0,0,0.842454524,1.199566711,0,1.582324928,0.324264189,1
540,8,0.600515263,0.0123,0.590678429,0.922476384,0,0.743539699,0.000625,0.504801312,0.0261,0.375361074,0.378015458,0,0.297915528,0,0.0378,0,0,0.748848466,1.066281521,0,1.406511047,0.288234835,1
540,8,0.600515263,0.0123,0.590678429,0.922476384,0,0.743539699,0.000625,0.504801312,0.0261,0.375361074,0.378015458,0,0.297915528,0,0.0378,0,0,0.748848466,1.066281521,0,1.406511047,0.288234835,1
540,5,0.375322039,0.00771,0.369174018,0.57654774,0,0.464712312,0.00039,0.31550082,0.0163,0.234600671,0.236259661,0,0.186197205,0,0.0236,0,0,0.468030291,0.666425951,0,0.879069404,0.180146772,3
540,9,0.675579671,0.0139,0.664513233,1.037785932,0,0.836482161,0.000703,0.567901476,0.0293,0.422281209,0.42526739,0,0.335154969,0,0.0425,0,0,0.842454524,1.199566711,0,1.582324928,0.324264189,1
540,9,0.675579671,0.0139,0.664513233,1.037785932,0,0.836482161,0.000703,0.567901476,0.0293,0.422281209,0.42526739,0,0.335154969,0,0.0425,0,0,0.842454524,1.199566711,0,1.582324928,0.324264189,1
540,5,0.375322039,0.00771,0.369174018,0.57654774,0,0.464712312,0.00039,0.31550082,0.0163,0.234600671,0.236259661,0,0.186197205,0,0.0236,0,0,0.468030291,0.666425951,0,0.879069404,0.180146772,3
540,1,0.0751,0.00154,0.0738,0.115309548,0,0.0929,7.81E-05,0.0631,0.00326,0.0469,0.0473,0,0.0372,0,0.00472,0,0,0.0936,0.13328519,0,0.175813881,0.036,3
540,4,0.300257631,0.00617,0.295339215,0.461238192,0,0.371769849,0.000312,0.252400656,0.013,0.187680537,0.189007729,0,0.148957764,0,0.0189,0,0,0.374424233,0.53314076,0,0.703255523,0.144117417,3
540,9,0.675579671,0.0139,0.664513233,1.037785932,0,0.836482161,0.000703,0.567901476,0.0293,0.422281209,0.42526739,0,0.335154969,0,0.0425,0,0,0.842454524,1.199566711,0,1.582324928,0.324264189,1
540,9,0.675579671,0.0139,0.664513233,1.037785932,0,0.836482161,0.000703,0.567901476,0.0293,0.422281209,0.42526739,0,0.335154969,0,0.0425,0,0,0.842454524,1.199566711,0,1.582324928,0.324264189,1
540,4,0.300257631,0.00617,0.295339215,0.461238192,0,0.371769849,0.000312,0.252400656,0.013,0.187680537,0.189007729,0,0.148957764,0,0.0189,0,0,0.374424233,0.53314076,0,0.703255523,0.144117417,3
540,9,0.675579671,0.0139,0.664513233,1.037785932,0,0.836482161,0.000703,0.567901476,0.0293,0.422281209,0.42526739,0,0.335154969,0,0.0425,0,0,0.842454524,1.199566711,0,1.582324928,0.324264189,1
540,6,0.450386447,0.00925,0.443008822,0.691857288,0,0.557654774,0.000468,0.378600984,0.0196,0.281520806,0.283511593,0,0.223436646,0,0.0283,0,0,0.561636349,0.799711141,0,1.054883285,0.216176126,3
540,5,0.375322039,0.00771,0.369174018,0.57654774,0,0.464712312,0.00039,0.31550082,0.0163,0.234600671,0.236259661,0,0.186197205,0,0.0236,0,0,0.468030291,0.666425951,0,0.879069404,0.180146772,3
540,6,0.450386447,0.00925,0.443008822,0.691857288,0,0.557654774,0.000468,0.378600984,0.0196,0.281520806,0.283511593,0,0.223436646,0,0.0283,0,0,0.561636349,0.799711141,0,1.054883285,0.216176126,3
540,9,0.675579671,0.0139,0.664513233,1.037785932,0,0.836482161,0.000703,0.567901476,0.0293,0.422281209,0.42526739,0,0.335154969,0,0.0425,0,0,0.842454524,1.199566711,0,1.582324928,0.324264189,1
540,7,0.525450855,0.0108,0.516843626,0.807166836,0,0.650597236,0.000546,0.441701148,0.0228,0.32844094,0.330763526,0,0.260676087,0,0.0331,0,0,0.655242408,0.932996331,0,1.230697166,0.252205481,1
540,9,0.675579671,0.0139,0.664513233,1.037785932,0,0.836482161,0.000703,0.567901476,0.0293,0.422281209,0.42526739,0,0.335154969,0,0.0425,0,0,0.842454524,1.199566711,0,1.582324928,0.324264189,1
186,8,1.059254328,0,0.65379494,0,0.0133,0.645805593,0,0.502663116,0.0786,0.850865513,0.26298269,0,0.219707057,0,0.435419441,0.02,0.02,0.748335553,1.005992011,0.105193076,1.067909454,0.310252996,1
186,8,1.059254328,0,0.65379494,0,0.0133,0.645805593,0,0.502663116,0.0786,0.850865513,0.26298269,0,0.219707057,0,0.435419441,0.02,0.02,0.748335553,1.005992011,0.105193076,1.067909454,0.310252996,1
186,8,1.059254328,0,0.65379494,0,0.0133,0.645805593,0,0.502663116,0.0786,0.850865513,0.26298269,0,0.219707057,0,0.435419441,0.02,0.02,0.748335553,1.005992011,0.105193076,1.067909454,0.310252996,1
186,7,0.926847537,0,0.572070573,0,0.0117,0.565079893,0,0.439830226,0.0687,0.744507324,0.230109854,0,0.192243675,0,0.380992011,0.0175,0.0175,0.654793608,0.880243009,0.092,0.934420772,0.271471372,1
186,8,1.059254328,0,0.65379494,0,0.0133,0.645805593,0,0.502663116,0.0786,0.850865513,0.26298269,0,0.219707057,0,0.435419441,0.02,0.02,0.748335553,1.005992011,0.105193076,1.067909454,0.310252996,1
186,7,0.926847537,0,0.572070573,0,0.0117,0.565079893,0,0.439830226,0.0687,0.744507324,0.230109854,0,0.192243675,0,0.380992011,0.0175,0.0175,0.654793608,0.880243009,0.092,0.934420772,0.271471372,1
186,7,0.926847537,0,0.572070573,0,0.0117,0.565079893,0,0.439830226,0.0687,0.744507324,0.230109854,0,0.192243675,0,0.380992011,0.0175,0.0175,0.654793608,0.880243009,0.092,0.934420772,0.271471372,1
186,9,1.191661119,0,0.735519308,0,0.015,0.726531292,0,0.565496005,0.0884,0.957223702,0.295855526,0,0.247170439,0,0.489846871,0.0225,0.0225,0.841877497,1.131741012,0.11834221,1.201398136,0.349034621,1
186,8,1.059254328,0,0.65379494,0,0.0133,0.645805593,0,0.502663116,0.0786,0.850865513,0.26298269,0,0.219707057,0,0.435419441,0.02,0.02,0.748335553,1.005992011,0.105193076,1.067909454,0.310252996,1
186,9,1.191661119,0,0.735519308,0,0.015,0.726531292,0,0.565496005,0.0884,0.957223702,0.295855526,0,0.247170439,0,0.489846871,0.0225,0.0225,0.841877497,1.131741012,0.11834221,1.201398136,0.349034621,1
186,7,0.926847537,0,0.572070573,0,0.0117,0.565079893,0,0.439830226,0.0687,0.744507324,0.230109854,0,0.192243675,0,0.380992011,0.0175,0.0175,0.654793608,0.880243009,0.092,0.934420772,0.271471372,1
186,9,1.191661119,0,0.735519308,0,0.015,0.726531292,0,0.565496005,0.0884,0.957223702,0.295855526,0,0.247170439,0,0.489846871,0.0225,0.0225,0.841877497,1.131741012,0.11834221,1.201398136,0.349034621,1
186,6,0.794440746,0,0.490346205,0,0.00999,0.484354194,0,0.376997337,0.0589,0.638149135,0.197237017,0,0.164780293,0,0.326564581,0.015,0.015,0.561251664,0.754494008,0.0789,0.800932091,0.232689747,1
186,9,1.191661119,0,0.735519308,0,0.015,0.726531292,0,0.565496005,0.0884,0.957223702,0.295855526,0,0.247170439,0,0.489846871,0.0225,0.0225,0.841877497,1.131741012,0.11834221,1.201398136,0.349034621,1
186,8,1.059254328,0,0.65379494,0,0.0133,0.645805593,0,0.502663116,0.0786,0.850865513,0.26298269,0,0.219707057,0,0.435419441,0.02,0.02,0.748335553,1.005992011,0.105193076,1.067909454,0.310252996,1
186,9,1.191661119,0,0.735519308,0,0.015,0.726531292,0,0.565496005,0.0884,0.957223702,0.295855526,0,0.247170439,0,0.489846871,0.0225,0.0225,0.841877497,1.131741012,0.11834221,1.201398136,0.349034621,1
186,4,0.529627164,0,0.32689747,0,0.00666,0.322902796,0,0.251331558,0.0393,0.425432756,0.131491345,0,0.109853529,0,0.21770972,0.00999,0.00999,0.374167776,0.502996005,0.0526,0.533954727,0.155126498,3
186,8,1.059254328,0,0.65379494,0,0.0133,0.645805593,0,0.502663116,0.0786,0.850865513,0.26298269,0,0.219707057,0,0.435419441,0.02,0.02,0.748335553,1.005992011,0.105193076,1.067909454,0.310252996,1
186,5,0.662033955,0,0.408621838,0,0.00832,0.403628495,0,0.314164447,0.0491,0.531790945,0.164364181,0,0.137316911,0,0.27213715,0.0125,0.0125,0.46770972,0.628745007,0.0657,0.667443409,0.193908123,3
186,8,1.059254328,0,0.65379494,0,0.0133,0.645805593,0,0.502663116,0.0786,0.850865513,0.26298269,0,0.219707057,0,0.435419441,0.02,0.02,0.748335553,1.005992011,0.105193076,1.067909454,0.310252996,1
186,8,1.059254328,0,0.65379494,0,0.0133,0.645805593,0,0.502663116,0.0786,0.850865513,0.26298269,0,0.219707057,0,0.435419441,0.02,0.02,0.748335553,1.005992011,0.105193076,1.067909454,0.310252996,1
186,5,0.662033955,0,0.408621838,0,0.00832,0.403628495,0,0.314164447,0.0491,0.531790945,0.164364181,0,0.137316911,0,0.27213715,0.0125,0.0125,0.46770972,0.628745007,0.0657,0.667443409,0.193908123,3
186,6,0.794440746,0,0.490346205,0,0.00999,0.484354194,0,0.376997337,0.0589,0.638149135,0.197237017,0,0.164780293,0,0.326564581,0.015,0.015,0.561251664,0.754494008,0.0789,0.800932091,0.232689747,1
186,8,1.059254328,0,0.65379494,0,0.0133,0.645805593,0,0.502663116,0.0786,0.850865513,0.26298269,0,0.219707057,0,0.435419441,0.02,0.02,0.748335553,1.005992011,0.105193076,1.067909454,0.310252996,1
186,8,1.059254328,0,0.65379494,0,0.0133,0.645805593,0,0.502663116,0.0786,0.850865513,0.26298269,0,0.219707057,0,0.435419441,0.02,0.02,0.748335553,1.005992011,0.105193076,1.067909454,0.310252996,1
186,7,0.926847537,0,0.572070573,0,0.0117,0.565079893,0,0.439830226,0.0687,0.744507324,0.230109854,0,0.192243675,0,0.380992011,0.0175,0.0175,0.654793608,0.880243009,0.092,0.934420772,0.271471372,1
186,7,0.926847537,0,0.572070573,0,0.0117,0.565079893,0,0.439830226,0.0687,0.744507324,0.230109854,0,0.192243675,0,0.380992011,0.0175,0.0175,0.654793608,0.880243009,0.092,0.934420772,0.271471372,1
186,7,0.926847537,0,0.572070573,0,0.0117,0.565079893,0,0.439830226,0.0687,0.744507324,0.230109854,0,0.192243675,0,0.380992011,0.0175,0.0175,0.654793608,0.880243009,0.092,0.934420772,0.271471372,1
186,8,1.059254328,0,0.65379494,0,0.0133,0.645805593,0,0.502663116,0.0786,0.850865513,0.26298269,0,0.219707057,0,0.435419441,0.02,0.02,0.748335553,1.005992011,0.105193076,1.067909454,0.310252996,1
186,9,1.191661119,0,0.735519308,0,0.015,0.726531292,0,0.565496005,0.0884,0.957223702,0.295855526,0,0.247170439,0,0.489846871,0.0225,0.0225,0.841877497,1.131741012,0.11834221,1.201398136,0.349034621,1
186,6,0.794440746,0,0.490346205,0,0.00999,0.484354194,0,0.376997337,0.0589,0.638149135,0.197237017,0,0.164780293,0,0.326564581,0.015,0.015,0.561251664,0.754494008,0.0789,0.800932091,0.232689747,1
186,7,0.926847537,0,0.572070573,0,0.0117,0.565079893,0,0.439830226,0.0687,0.744507324,0.230109854,0,0.192243675,0,0.380992011,0.0175,0.0175,0.654793608,0.880243009,0.092,0.934420772,0.271471372,1
186,9,1.191661119,0,0.735519308,0,0.015,0.726531292,0,0.565496005,0.0884,0.957223702,0.295855526,0,0.247170439,0,0.489846871,0.0225,0.0225,0.841877497,1.131741012,0.11834221,1.201398136,0.349034621,1
186,6,0.794440746,0,0.490346205,0,0.00999,0.484354194,0,0.376997337,0.0589,0.638149135,0.197237017,0,0.164780293,0,0.326564581,0.015,0.015,0.561251664,0.754494008,0.0789,0.800932091,0.232689747,1
186,9,1.191661119,0,0.735519308,0,0.015,0.726531292,0,0.565496005,0.0884,0.957223702,0.295855526,0,0.247170439,0,0.489846871,0.0225,0.0225,0.841877497,1.131741012,0.11834221,1.201398136,0.349034621,1
186,8,1.059254328,0,0.65379494,0,0.0133,0.645805593,0,0.502663116,0.0786,0.850865513,0.26298269,0,0.219707057,0,0.435419441,0.02,0.02,0.748335553,1.005992011,0.105193076,1.067909454,0.310252996,1
186,8,1.059254328,0,0.65379494,0,0.0133,0.645805593,0,0.502663116,0.0786,0.850865513,0.26298269,0,0.219707057,0,0.435419441,0.02,0.02,0.748335553,1.005992011,0.105193076,1.067909454,0.310252996,1
186,7,0.926847537,0,0.572070573,0,0.0117,0.565079893,0,0.439830226,0.0687,0.744507324,0.230109854,0,0.192243675,0,0.380992011,0.0175,0.0175,0.654793608,0.880243009,0.092,0.934420772,0.271471372,1
186,8,1.059254328,0,0.65379494,0,0.0133,0.645805593,0,0.502663116,0.0786,0.850865513,0.26298269,0,0.219707057,0,0.435419441,0.02,0.02,0.748335553,1.005992011,0.105193076,1.067909454,0.310252996,1
186,8,1.059254328,0,0.65379494,0,0.0133,0.645805593,0,0.502663116,0.0786,0.850865513,0.26298269,0,0.219707057,0,0.435419441,0.02,0.02,0.748335553,1.005992011,0.105193076,1.067909454,0.310252996,1
186,2,0.264813582,0,0.163448735,0,0.00333,0.161451398,0,0.125665779,0.0196,0.212716378,0.0657,0,0.0549,0,0.10885486,0.00499,0.00499,0.187083888,0.251498003,0.0263,0.266977364,0.0776,3
186,7,0.926847537,0,0.572070573,0,0.0117,0.565079893,0,0.439830226,0.0687,0.744507324,0.230109854,0,0.192243675,0,0.380992011,0.0175,0.0175,0.654793608,0.880243009,0.092,0.934420772,0.271471372,1
186,7,0.926847537,0,0.572070573,0,0.0117,0.565079893,0,0.439830226,0.0687,0.744507324,0.230109854,0,0.192243675,0,0.380992011,0.0175,0.0175,0.654793608,0.880243009,0.092,0.934420772,0.271471372,1
186,5,0.662033955,0,0.408621838,0,0.00832,0.403628495,0,0.314164447,0.0491,0.531790945,0.164364181,0,0.137316911,0,0.27213715,0.0125,0.0125,0.46770972,0.628745007,0.0657,0.667443409,0.193908123,3
186,6,0.794440746,0,0.490346205,0,0.00999,0.484354194,0,0.376997337,0.0589,0.638149135,0.197237017,0,0.164780293,0,0.326564581,0.015,0.015,0.561251664,0.754494008,0.0789,0.800932091,0.232689747,1
186,6,0.794440746,0,0.490346205,0,0.00999,0.484354194,0,0.376997337,0.0589,0.638149135,0.197237017,0,0.164780293,0,0.326564581,0.015,0.015,0.561251664,0.754494008,0.0789,0.800932091,0.232689747,1
186,8,1.059254328,0,0.65379494,0,0.0133,0.645805593,0,0.502663116,0.0786,0.850865513,0.26298269,0,0.219707057,0,0.435419441,0.02,0.02,0.748335553,1.005992011,0.105193076,1.067909454,0.310252996,1
186,7,0.926847537,0,0.572070573,0,0.0117,0.565079893,0,0.439830226,0.0687,0.744507324,0.230109854,0,0.192243675,0,0.380992011,0.0175,0.0175,0.654793608,0.880243009,0.092,0.934420772,0.271471372,1
186,5,0.662033955,0,0.408621838,0,0.00832,0.403628495,0,0.314164447,0.0491,0.531790945,0.164364181,0,0.137316911,0,0.27213715,0.0125,0.0125,0.46770972,0.628745007,0.0657,0.667443409,0.193908123,3
186,9,1.191661119,0,0.735519308,0,0.015,0.726531292,0,0.565496005,0.0884,0.957223702,0.295855526,0,0.247170439,0,0.489846871,0.0225,0.0225,0.841877497,1.131741012,0.11834221,1.201398136,0.349034621,1
186,7,0.926847537,0,0.572070573,0,0.0117,0.565079893,0,0.439830226,0.0687,0.744507324,0.230109854,0,0.192243675,0,0.380992011,0.0175,0.0175,0.654793608,0.880243009,0.092,0.934420772,0.271471372,1
186,8,1.059254328,0,0.65379494,0,0.0133,0.645805593,0,0.502663116,0.0786,0.850865513,0.26298269,0,0.219707057,0,0.435419441,0.02,0.02,0.748335553,1.005992011,0.105193076,1.067909454,0.310252996,1
186,4,0.529627164,0,0.32689747,0,0.00666,0.322902796,0,0.251331558,0.0393,0.425432756,0.131491345,0,0.109853529,0,0.21770972,0.00999,0.00999,0.374167776,0.502996005,0.0526,0.533954727,0.155126498,3
186,1,0.132406791,0,0.0817,0,0.00166,0.0807,0,0.0628,0.00982,0.106358189,0.0329,0,0.0275,0,0.0544,0.0025,0.0025,0.0935,0.125749001,0.0131,0.133488682,0.0388,3
186,7,0.926847537,0,0.572070573,0,0.0117,0.565079893,0,0.439830226,0.0687,0.744507324,0.230109854,0,0.192243675,0,0.380992011,0.0175,0.0175,0.654793608,0.880243009,0.092,0.934420772,0.271471372,1
186,7,0.926847537,0,0.572070573,0,0.0117,0.565079893,0,0.439830226,0.0687,0.744507324,0.230109854,0,0.192243675,0,0.380992011,0.0175,0.0175,0.654793608,0.880243009,0.092,0.934420772,0.271471372,1
186,7,0.926847537,0,0.572070573,0,0.0117,0.565079893,0,0.439830226,0.0687,0.744507324,0.230109854,0,0.192243675,0,0.380992011,0.0175,0.0175,0.654793608,0.880243009,0.092,0.934420772,0.271471372,1
186,9,1.191661119,0,0.735519308,0,0.015,0.726531292,0,0.565496005,0.0884,0.957223702,0.295855526,0,0.247170439,0,0.489846871,0.0225,0.0225,0.841877497,1.131741012,0.11834221,1.201398136,0.349034621,1
186,8,1.059254328,0,0.65379494,0,0.0133,0.645805593,0,0.502663116,0.0786,0.850865513,0.26298269,0,0.219707057,0,0.435419441,0.02,0.02,0.748335553,1.005992011,0.105193076,1.067909454,0.310252996,1
186,1,0.132406791,0,0.0817,0,0.00166,0.0807,0,0.0628,0.00982,0.106358189,0.0329,0,0.0275,0,0.0544,0.0025,0.0025,0.0935,0.125749001,0.0131,0.133488682,0.0388,3
186,8,1.059254328,0,0.65379494,0,0.0133,0.645805593,0,0.502663116,0.0786,0.850865513,0.26298269,0,0.219707057,0,0.435419441,0.02,0.02,0.748335553,1.005992011,0.105193076,1.067909454,0.310252996,1
186,8,1.059254328,0,0.65379494,0,0.0133,0.645805593,0,0.502663116,0.0786,0.850865513,0.26298269,0,0.219707057,0,0.435419441,0.02,0.02,0.748335553,1.005992011,0.105193076,1.067909454,0.310252996,1
186,9,1.191661119,0,0.735519308,0,0.015,0.726531292,0,0.565496005,0.0884,0.957223702,0.295855526,0,0.247170439,0,0.489846871,0.0225,0.0225,0.841877497,1.131741012,0.11834221,1.201398136,0.349034621,1
186,9,1.191661119,0,0.735519308,0,0.015,0.726531292,0,0.565496005,0.0884,0.957223702,0.295855526,0,0.247170439,0,0.489846871,0.0225,0.0225,0.841877497,1.131741012,0.11834221,1.201398136,0.349034621,1
186,5,0.662033955,0,0.408621838,0,0.00832,0.403628495,0,0.314164447,0.0491,0.531790945,0.164364181,0,0.137316911,0,0.27213715,0.0125,0.0125,0.46770972,0.628745007,0.0657,0.667443409,0.193908123,3
186,9,1.191661119,0,0.735519308,0,0.015,0.726531292,0,0.565496005,0.0884,0.957223702,0.295855526,0,0.247170439,0,0.489846871,0.0225,0.0225,0.841877497,1.131741012,0.11834221,1.201398136,0.349034621,1
186,5,0.662033955,0,0.408621838,0,0.00832,0.403628495,0,0.314164447,0.0491,0.531790945,0.164364181,0,0.137316911,0,0.27213715,0.0125,0.0125,0.46770972,0.628745007,0.0657,0.667443409,0.193908123,3
186,7,0.926847537,0,0.572070573,0,0.0117,0.565079893,0,0.439830226,0.0687,0.744507324,0.230109854,0,0.192243675,0,0.380992011,0.0175,0.0175,0.654793608,0.880243009,0.092,0.934420772,0.271471372,1
186,9,1.191661119,0,0.735519308,0,0.015,0.726531292,0,0.565496005,0.0884,0.957223702,0.295855526,0,0.247170439,0,0.489846871,0.0225,0.0225,0.841877497,1.131741012,0.11834221,1.201398136,0.349034621,1
186,9,1.191661119,0,0.735519308,0,0.015,0.726531292,0,0.565496005,0.0884,0.957223702,0.295855526,0,0.247170439,0,0.489846871,0.0225,0.0225,0.841877497,1.131741012,0.11834221,1.201398136,0.349034621,1
186,9,1.191661119,0,0.735519308,0,0.015,0.726531292,0,0.565496005,0.0884,0.957223702,0.295855526,0,0.247170439,0,0.489846871,0.0225,0.0225,0.841877497,1.131741012,0.11834221,1.201398136,0.349034621,1
186,9,1.191661119,0,0.735519308,0,0.015,0.726531292,0,0.565496005,0.0884,0.957223702,0.295855526,0,0.247170439,0,0.489846871,0.0225,0.0225,0.841877497,1.131741012,0.11834221,1.201398136,0.349034621,1
186,7,0.926847537,0,0.572070573,0,0.0117,0.565079893,0,0.439830226,0.0687,0.744507324,0.230109854,0,0.192243675,0,0.380992011,0.0175,0.0175,0.654793608,0.880243009,0.092,0.934420772,0.271471372,1
186,9,1.191661119,0,0.735519308,0,0.015,0.726531292,0,0.565496005,0.0884,0.957223702,0.295855526,0,0.247170439,0,0.489846871,0.0225,0.0225,0.841877497,1.131741012,0.11834221,1.201398136,0.349034621,1
186,7,0.926847537,0,0.572070573,0,0.0117,0.565079893,0,0.439830226,0.0687,0.744507324,0.230109854,0,0.192243675,0,0.380992011,0.0175,0.0175,0.654793608,0.880243009,0.092,0.934420772,0.271471372,1
186,9,1.191661119,0,0.735519308,0,0.015,0.726531292,0,0.565496005,0.0884,0.957223702,0.295855526,0,0.247170439,0,0.489846871,0.0225,0.0225,0.841877497,1.131741012,0.11834221,1.201398136,0.349034621,1
186,8,1.059254328,0,0.65379494,0,0.0133,0.645805593,0,0.502663116,0.0786,0.850865513,0.26298269,0,0.219707057,0,0.435419441,0.02,0.02,0.748335553,1.005992011,0.105193076,1.067909454,0.310252996,1
186,9,1.191661119,0,0.735519308,0,0.015,0.726531292,0,0.565496005,0.0884,0.957223702,0.295855526,0,0.247170439,0,0.489846871,0.0225,0.0225,0.841877497,1.131741012,0.11834221,1.201398136,0.349034621,1
186,8,1.059254328,0,0.65379494,0,0.0133,0.645805593,0,0.502663116,0.0786,0.850865513,0.26298269,0,0.219707057,0,0.435419441,0.02,0.02,0.748335553,1.005992011,0.105193076,1.067909454,0.310252996,1
186,8,1.059254328,0,0.65379494,0,0.0133,0.645805593,0,0.502663116,0.0786,0.850865513,0.26298269,0,0.219707057,0,0.435419441,0.02,0.02,0.748335553,1.005992011,0.105193076,1.067909454,0.310252996,1
186,7,0.926847537,0,0.572070573,0,0.0117,0.565079893,0,0.439830226,0.0687,0.744507324,0.230109854,0,0.192243675,0,0.380992011,0.0175,0.0175,0.654793608,0.880243009,0.092,0.934420772,0.271471372,1
186,9,1.191661119,0,0.735519308,0,0.015,0.726531292,0,0.565496005,0.0884,0.957223702,0.295855526,0,0.247170439,0,0.489846871,0.0225,0.0225,0.841877497,1.131741012,0.11834221,1.201398136,0.349034621,1
186,9,1.191661119,0,0.735519308,0,0.015,0.726531292,0,0.565496005,0.0884,0.957223702,0.295855526,0,0.247170439,0,0.489846871,0.0225,0.0225,0.841877497,1.131741012,0.11834221,1.201398136,0.349034621,1
186,6,0.794440746,0,0.490346205,0,0.00999,0.484354194,0,0.376997337,0.0589,0.638149135,0.197237017,0,0.164780293,0,0.326564581,0.015,0.015,0.561251664,0.754494008,0.0789,0.800932091,0.232689747,1
186,9,1.191661119,0,0.735519308,0,0.015,0.726531292,0,0.565496005,0.0884,0.957223702,0.295855526,0,0.247170439,0,0.489846871,0.0225,0.0225,0.841877497,1.131741012,0.11834221,1.201398136,0.349034621,1
186,8,1.059254328,0,0.65379494,0,0.0133,0.645805593,0,0.502663116,0.0786,0.850865513,0.26298269,0,0.219707057,0,0.435419441,0.02,0.02,0.748335553,1.005992011,0.105193076,1.067909454,0.310252996,1
186,9,1.191661119,0,0.735519308,0,0.015,0.726531292,0,0.565496005,0.0884,0.957223702,0.295855526,0,0.247170439,0,0.489846871,0.0225,0.0225,0.841877497,1.131741012,0.11834221,1.201398136,0.349034621,1
186,8,1.059254328,0,0.65379494,0,0.0133,0.645805593,0,0.502663116,0.0786,0.850865513,0.26298269,0,0.219707057,0,0.435419441,0.02,0.02,0.748335553,1.005992011,0.105193076,1.067909454,0.310252996,1
186,8,1.059254328,0,0.65379494,0,0.0133,0.645805593,0,0.502663116,0.0786,0.850865513,0.26298269,0,0.219707057,0,0.435419441,0.02,0.02,0.748335553,1.005992011,0.105193076,1.067909454,0.310252996,1
186,8,1.059254328,0,0.65379494,0,0.0133,0.645805593,0,0.502663116,0.0786,0.850865513,0.26298269,0,0.219707057,0,0.435419441,0.02,0.02,0.748335553,1.005992011,0.105193076,1.067909454,0.310252996,1
186,9,1.191661119,0,0.735519308,0,0.015,0.726531292,0,0.565496005,0.0884,0.957223702,0.295855526,0,0.247170439,0,0.489846871,0.0225,0.0225,0.841877497,1.131741012,0.11834221,1.201398136,0.349034621,1
186,5,0.662033955,0,0.408621838,0,0.00832,0.403628495,0,0.314164447,0.0491,0.531790945,0.164364181,0,0.137316911,0,0.27213715,0.0125,0.0125,0.46770972,0.628745007,0.0657,0.667443409,0.193908123,3
186,7,0.926847537,0,0.572070573,0,0.0117,0.565079893,0,0.439830226,0.0687,0.744507324,0.230109854,0,0.192243675,0,0.380992011,0.0175,0.0175,0.654793608,0.880243009,0.092,0.934420772,0.271471372,1
186,8,1.059254328,0,0.65379494,0,0.0133,0.645805593,0,0.502663116,0.0786,0.850865513,0.26298269,0,0.219707057,0,0.435419441,0.02,0.02,0.748335553,1.005992011,0.105193076,1.067909454,0.310252996,1
186,9,1.191661119,0,0.735519308,0,0.015,0.726531292,0,0.565496005,0.0884,0.957223702,0.295855526,0,0.247170439,0,0.489846871,0.0225,0.0225,0.841877497,1.131741012,0.11834221,1.201398136,0.349034621,1
186,9,1.191661119,0,0.735519308,0,0.015,0.726531292,0,0.565496005,0.0884,0.957223702,0.295855526,0,0.247170439,0,0.489846871,0.0225,0.0225,0.841877497,1.131741012,0.11834221,1.201398136,0.349034621,1
186,7,0.926847537,0,0.572070573,0,0.0117,0.565079893,0,0.439830226,0.0687,0.744507324,0.230109854,0,0.192243675,0,0.380992011,0.0175,0.0175,0.654793608,0.880243009,0.092,0.934420772,0.271471372,1
186,8,1.059254328,0,0.65379494,0,0.0133,0.645805593,0,0.502663116,0.0786,0.850865513,0.26298269,0,0.219707057,0,0.435419441,0.02,0.02,0.748335553,1.005992011,0.105193076,1.067909454,0.310252996,1
186,7,0.926847537,0,0.572070573,0,0.0117,0.565079893,0,0.439830226,0.0687,0.744507324,0.230109854,0,0.192243675,0,0.380992011,0.0175,0.0175,0.654793608,0.880243009,0.092,0.934420772,0.271471372,1
186,9,1.191661119,0,0.735519308,0,0.015,0.726531292,0,0.565496005,0.0884,0.957223702,0.295855526,0,0.247170439,0,0.489846871,0.0225,0.0225,0.841877497,1.131741012,0.11834221,1.201398136,0.349034621,1
186,8,1.059254328,0,0.65379494,0,0.0133,0.645805593,0,0.502663116,0.0786,0.850865513,0.26298269,0,0.219707057,0,0.435419441,0.02,0.02,0.748335553,1.005992011,0.105193076,1.067909454,0.310252996,1
186,9,1.191661119,0,0.735519308,0,0.015,0.726531292,0,0.565496005,0.0884,0.957223702,0.295855526,0,0.247170439,0,0.489846871,0.0225,0.0225,0.841877497,1.131741012,0.11834221,1.201398136,0.349034621,1
186,8,1.059254328,0,0.65379494,0,0.0133,0.645805593,0,0.502663116,0.0786,0.850865513,0.26298269,0,0.219707057,0,0.435419441,0.02,0.02,0.748335553,1.005992011,0.105193076,1.067909454,0.310252996,1
186,7,0.926847537,0,0.572070573,0,0.0117,0.565079893,0,0.439830226,0.0687,0.744507324,0.230109854,0,0.192243675,0,0.380992011,0.0175,0.0175,0.654793608,0.880243009,0.092,0.934420772,0.271471372,1
186,8,1.059254328,0,0.65379494,0,0.0133,0.645805593,0,0.502663116,0.0786,0.850865513,0.26298269,0,0.219707057,0,0.435419441,0.02,0.02,0.748335553,1.005992011,0.105193076,1.067909454,0.310252996,1
186,7,0.926847537,0,0.572070573,0,0.0117,0.565079893,0,0.439830226,0.0687,0.744507324,0.230109854,0,0.192243675,0,0.380992011,0.0175,0.0175,0.654793608,0.880243009,0.092,0.934420772,0.271471372,1
186,8,1.059254328,0,0.65379494,0,0.0133,0.645805593,0,0.502663116,0.0786,0.850865513,0.26298269,0,0.219707057,0,0.435419441,0.02,0.02,0.748335553,1.005992011,0.105193076,1.067909454,0.310252996,1
186,7,0.926847537,0,0.572070573,0,0.0117,0.565079893,0,0.439830226,0.0687,0.744507324,0.230109854,0,0.192243675,0,0.380992011,0.0175,0.0175,0.654793608,0.880243009,0.092,0.934420772,0.271471372,1
186,8,1.059254328,0,0.65379494,0,0.0133,0.645805593,0,0.502663116,0.0786,0.850865513,0.26298269,0,0.219707057,0,0.435419441,0.02,0.02,0.748335553,1.005992011,0.105193076,1.067909454,0.310252996,1
186,7,0.926847537,0,0.572070573,0,0.0117,0.565079893,0,0.439830226,0.0687,0.744507324,0.230109854,0,0.192243675,0,0.380992011,0.0175,0.0175,0.654793608,0.880243009,0.092,0.934420772,0.271471372,1
186,8,1.059254328,0,0.65379494,0,0.0133,0.645805593,0,0.502663116,0.0786,0.850865513,0.26298269,0,0.219707057,0,0.435419441,0.02,0.02,0.748335553,1.005992011,0.105193076,1.067909454,0.310252996,1
186,4,0.529627164,0,0.32689747,0,0.00666,0.322902796,0,0.251331558,0.0393,0.425432756,0.131491345,0,0.109853529,0,0.21770972,0.00999,0.00999,0.374167776,0.502996005,0.0526,0.533954727,0.155126498,3
186,6,0.794440746,0,0.490346205,0,0.00999,0.484354194,0,0.376997337,0.0589,0.638149135,0.197237017,0,0.164780293,0,0.326564581,0.015,0.015,0.561251664,0.754494008,0.0789,0.800932091,0.232689747,1
186,7,0.926847537,0,0.572070573,0,0.0117,0.565079893,0,0.439830226,0.0687,0.744507324,0.230109854,0,0.192243675,0,0.380992011,0.0175,0.0175,0.654793608,0.880243009,0.092,0.934420772,0.271471372,1
186,6,0.794440746,0,0.490346205,0,0.00999,0.484354194,0,0.376997337,0.0589,0.638149135,0.197237017,0,0.164780293,0,0.326564581,0.015,0.015,0.561251664,0.754494008,0.0789,0.800932091,0.232689747,1
186,7,0.926847537,0,0.572070573,0,0.0117,0.565079893,0,0.439830226,0.0687,0.744507324,0.230109854,0,0.192243675,0,0.380992011,0.0175,0.0175,0.654793608,0.880243009,0.092,0.934420772,0.271471372,1
186,8,1.059254328,0,0.65379494,0,0.0133,0.645805593,0,0.502663116,0.0786,0.850865513,0.26298269,0,0.219707057,0,0.435419441,0.02,0.02,0.748335553,1.005992011,0.105193076,1.067909454,0.310252996,1
186,6,0.794440746,0,0.490346205,0,0.00999,0.484354194,0,0.376997337,0.0589,0.638149135,0.197237017,0,0.164780293,0,0.326564581,0.015,0.015,0.561251664,0.754494008,0.0789,0.800932091,0.232689747,1
186,7,0.926847537,0,0.572070573,0,0.0117,0.565079893,0,0.439830226,0.0687,0.744507324,0.230109854,0,0.192243675,0,0.380992011,0.0175,0.0175,0.654793608,0.880243009,0.092,0.934420772,0.271471372,1
186,7,0.926847537,0,0.572070573,0,0.0117,0.565079893,0,0.439830226,0.0687,0.744507324,0.230109854,0,0.192243675,0,0.380992011,0.0175,0.0175,0.654793608,0.880243009,0.092,0.934420772,0.271471372,1
186,8,1.059254328,0,0.65379494,0,0.0133,0.645805593,0,0.502663116,0.0786,0.850865513,0.26298269,0,0.219707057,0,0.435419441,0.02,0.02,0.748335553,1.005992011,0.105193076,1.067909454,0.310252996,1
186,7,0.926847537,0,0.572070573,0,0.0117,0.565079893,0,0.439830226,0.0687,0.744507324,0.230109854,0,0.192243675,0,0.380992011,0.0175,0.0175,0.654793608,0.880243009,0.092,0.934420772,0.271471372,1
186,8,1.059254328,0,0.65379494,0,0.0133,0.645805593,0,0.502663116,0.0786,0.850865513,0.26298269,0,0.219707057,0,0.435419441,0.02,0.02,0.748335553,1.005992011,0.105193076,1.067909454,0.310252996,1
186,8,1.059254328,0,0.65379494,0,0.0133,0.645805593,0,0.502663116,0.0786,0.850865513,0.26298269,0,0.219707057,0,0.435419441,0.02,0.02,0.748335553,1.005992011,0.105193076,1.067909454,0.310252996,1
186,4,0.529627164,0,0.32689747,0,0.00666,0.322902796,0,0.251331558,0.0393,0.425432756,0.131491345,0,0.109853529,0,0.21770972,0.00999,0.00999,0.374167776,0.502996005,0.0526,0.533954727,0.155126498,3
186,6,0.794440746,0,0.490346205,0,0.00999,0.484354194,0,0.376997337,0.0589,0.638149135,0.197237017,0,0.164780293,0,0.326564581,0.015,0.015,0.561251664,0.754494008,0.0789,0.800932091,0.232689747,1
186,7,0.926847537,0,0.572070573,0,0.0117,0.565079893,0,0.439830226,0.0687,0.744507324,0.230109854,0,0.192243675,0,0.380992011,0.0175,0.0175,0.654793608,0.880243009,0.092,0.934420772,0.271471372,1
186,8,1.059254328,0,0.65379494,0,0.0133,0.645805593,0,0.502663116,0.0786,0.850865513,0.26298269,0,0.219707057,0,0.435419441,0.02,0.02,0.748335553,1.005992011,0.105193076,1.067909454,0.310252996,1
186,9,1.191661119,0,0.735519308,0,0.015,0.726531292,0,0.565496005,0.0884,0.957223702,0.295855526,0,0.247170439,0,0.489846871,0.0225,0.0225,0.841877497,1.131741012,0.11834221,1.201398136,0.349034621,1
186,8,1.059254328,0,0.65379494,0,0.0133,0.645805593,0,0.502663116,0.0786,0.850865513,0.26298269,0,0.219707057,0,0.435419441,0.02,0.02,0.748335553,1.005992011,0.105193076,1.067909454,0.310252996,1
186,7,0.926847537,0,0.572070573,0,0.0117,0.565079893,0,0.439830226,0.0687,0.744507324,0.230109854,0,0.192243675,0,0.380992011,0.0175,0.0175,0.654793608,0.880243009,0.092,0.934420772,0.271471372,1
186,7,0.926847537,0,0.572070573,0,0.0117,0.565079893,0,0.439830226,0.0687,0.744507324,0.230109854,0,0.192243675,0,0.380992011,0.0175,0.0175,0.654793608,0.880243009,0.092,0.934420772,0.271471372,1
186,6,0.794440746,0,0.490346205,0,0.00999,0.484354194,0,0.376997337,0.0589,0.638149135,0.197237017,0,0.164780293,0,0.326564581,0.015,0.015,0.561251664,0.754494008,0.0789,0.800932091,0.232689747,1
186,5,0.662033955,0,0.408621838,0,0.00832,0.403628495,0,0.314164447,0.0491,0.531790945,0.164364181,0,0.137316911,0,0.27213715,0.0125,0.0125,0.46770972,0.628745007,0.0657,0.667443409,0.193908123,3
186,7,0.926847537,0,0.572070573,0,0.0117,0.565079893,0,0.439830226,0.0687,0.744507324,0.230109854,0,0.192243675,0,0.380992011,0.0175,0.0175,0.654793608,0.880243009,0.092,0.934420772,0.271471372,1
186,5,0.662033955,0,0.408621838,0,0.00832,0.403628495,0,0.314164447,0.0491,0.531790945,0.164364181,0,0.137316911,0,0.27213715,0.0125,0.0125,0.46770972,0.628745007,0.0657,0.667443409,0.193908123,3
186,7,0.926847537,0,0.572070573,0,0.0117,0.565079893,0,0.439830226,0.0687,0.744507324,0.230109854,0,0.192243675,0,0.380992011,0.0175,0.0175,0.654793608,0.880243009,0.092,0.934420772,0.271471372,1
186,8,1.059254328,0,0.65379494,0,0.0133,0.645805593,0,0.502663116,0.0786,0.850865513,0.26298269,0,0.219707057,0,0.435419441,0.02,0.02,0.748335553,1.005992011,0.105193076,1.067909454,0.310252996,1
186,6,0.794440746,0,0.490346205,0,0.00999,0.484354194,0,0.376997337,0.0589,0.638149135,0.197237017,0,0.164780293,0,0.326564581,0.015,0.015,0.561251664,0.754494008,0.0789,0.800932091,0.232689747,1
186,7,0.926847537,0,0.572070573,0,0.0117,0.565079893,0,0.439830226,0.0687,0.744507324,0.230109854,0,0.192243675,0,0.380992011,0.0175,0.0175,0.654793608,0.880243009,0.092,0.934420772,0.271471372,1
186,9,1.191661119,0,0.735519308,0,0.015,0.726531292,0,0.565496005,0.0884,0.957223702,0.295855526,0,0.247170439,0,0.489846871,0.0225,0.0225,0.841877497,1.131741012,0.11834221,1.201398136,0.349034621,1
186,5,0.662033955,0,0.408621838,0,0.00832,0.403628495,0,0.314164447,0.0491,0.531790945,0.164364181,0,0.137316911,0,0.27213715,0.0125,0.0125,0.46770972,0.628745007,0.0657,0.667443409,0.193908123,3
186,9,1.191661119,0,0.735519308,0,0.015,0.726531292,0,0.565496005,0.0884,0.957223702,0.295855526,0,0.247170439,0,0.489846871,0.0225,0.0225,0.841877497,1.131741012,0.11834221,1.201398136,0.349034621,1
186,8,1.059254328,0,0.65379494,0,0.0133,0.645805593,0,0.502663116,0.0786,0.850865513,0.26298269,0,0.219707057,0,0.435419441,0.02,0.02,0.748335553,1.005992011,0.105193076,1.067909454,0.310252996,1
186,7,0.926847537,0,0.572070573,0,0.0117,0.565079893,0,0.439830226,0.0687,0.744507324,0.230109854,0,0.192243675,0,0.380992011,0.0175,0.0175,0.654793608,0.880243009,0.092,0.934420772,0.271471372,1
186,7,0.926847537,0,0.572070573,0,0.0117,0.565079893,0,0.439830226,0.0687,0.744507324,0.230109854,0,0.192243675,0,0.380992011,0.0175,0.0175,0.654793608,0.880243009,0.092,0.934420772,0.271471372,1
186,7,0.926847537,0,0.572070573,0,0.0117,0.565079893,0,0.439830226,0.0687,0.744507324,0.230109854,0,0.192243675,0,0.380992011,0.0175,0.0175,0.654793608,0.880243009,0.092,0.934420772,0.271471372,1
186,9,1.191661119,0,0.735519308,0,0.015,0.726531292,0,0.565496005,0.0884,0.957223702,0.295855526,0,0.247170439,0,0.489846871,0.0225,0.0225,0.841877497,1.131741012,0.11834221,1.201398136,0.349034621,1
186,8,1.059254328,0,0.65379494,0,0.0133,0.645805593,0,0.502663116,0.0786,0.850865513,0.26298269,0,0.219707057,0,0.435419441,0.02,0.02,0.748335553,1.005992011,0.105193076,1.067909454,0.310252996,1
186,6,0.794440746,0,0.490346205,0,0.00999,0.484354194,0,0.376997337,0.0589,0.638149135,0.197237017,0,0.164780293,0,0.326564581,0.015,0.015,0.561251664,0.754494008,0.0789,0.800932091,0.232689747,1
186,4,0.529627164,0,0.32689747,0,0.00666,0.322902796,0,0.251331558,0.0393,0.425432756,0.131491345,0,0.109853529,0,0.21770972,0.00999,0.00999,0.374167776,0.502996005,0.0526,0.533954727,0.155126498,3
186,9,1.191661119,0,0.735519308,0,0.015,0.726531292,0,0.565496005,0.0884,0.957223702,0.295855526,0,0.247170439,0,0.489846871,0.0225,0.0225,0.841877497,1.131741012,0.11834221,1.201398136,0.349034621,1
186,9,1.191661119,0,0.735519308,0,0.015,0.726531292,0,0.565496005,0.0884,0.957223702,0.295855526,0,0.247170439,0,0.489846871,0.0225,0.0225,0.841877497,1.131741012,0.11834221,1.201398136,0.349034621,1
186,6,0.794440746,0,0.490346205,0,0.00999,0.484354194,0,0.376997337,0.0589,0.638149135,0.197237017,0,0.164780293,0,0.326564581,0.015,0.015,0.561251664,0.754494008,0.0789,0.800932091,0.232689747,1
186,4,0.529627164,0,0.32689747,0,0.00666,0.322902796,0,0.251331558,0.0393,0.425432756,0.131491345,0,0.109853529,0,0.21770972,0.00999,0.00999,0.374167776,0.502996005,0.0526,0.533954727,0.155126498,3
186,9,1.191661119,0,0.735519308,0,0.015,0.726531292,0,0.565496005,0.0884,0.957223702,0.295855526,0,0.247170439,0,0.489846871,0.0225,0.0225,0.841877497,1.131741012,0.11834221,1.201398136,0.349034621,1
186,4,0.529627164,0,0.32689747,0,0.00666,0.322902796,0,0.251331558,0.0393,0.425432756,0.131491345,0,0.109853529,0,0.21770972,0.00999,0.00999,0.374167776,0.502996005,0.0526,0.533954727,0.155126498,3
186,5,0.662033955,0,0.408621838,0,0.00832,0.403628495,0,0.314164447,0.0491,0.531790945,0.164364181,0,0.137316911,0,0.27213715,0.0125,0.0125,0.46770972,0.628745007,0.0657,0.667443409,0.193908123,3
186,9,1.191661119,0,0.735519308,0,0.015,0.726531292,0,0.565496005,0.0884,0.957223702,0.295855526,0,0.247170439,0,0.489846871,0.0225,0.0225,0.841877497,1.131741012,0.11834221,1.201398136,0.349034621,1
186,7,0.926847537,0,0.572070573,0,0.0117,0.565079893,0,0.439830226,0.0687,0.744507324,0.230109854,0,0.192243675,0,0.380992011,0.0175,0.0175,0.654793608,0.880243009,0.092,0.934420772,0.271471372,1
186,7,0.926847537,0,0.572070573,0,0.0117,0.565079893,0,0.439830226,0.0687,0.744507324,0.230109854,0,0.192243675,0,0.380992011,0.0175,0.0175,0.654793608,0.880243009,0.092,0.934420772,0.271471372,1
186,8,1.059254328,0,0.65379494,0,0.0133,0.645805593,0,0.502663116,0.0786,0.850865513,0.26298269,0,0.219707057,0,0.435419441,0.02,0.02,0.748335553,1.005992011,0.105193076,1.067909454,0.310252996,1
186,6,0.794440746,0,0.490346205,0,0.00999,0.484354194,0,0.376997337,0.0589,0.638149135,0.197237017,0,0.164780293,0,0.326564581,0.015,0.015,0.561251664,0.754494008,0.0789,0.800932091,0.232689747,1
186,9,1.191661119,0,0.735519308,0,0.015,0.726531292,0,0.565496005,0.0884,0.957223702,0.295855526,0,0.247170439,0,0.489846871,0.0225,0.0225,0.841877497,1.131741012,0.11834221,1.201398136,0.349034621,1
186,7,0.926847537,0,0.572070573,0,0.0117,0.565079893,0,0.439830226,0.0687,0.744507324,0.230109854,0,0.192243675,0,0.380992011,0.0175,0.0175,0.654793608,0.880243009,0.092,0.934420772,0.271471372,1
186,9,1.191661119,0,0.735519308,0,0.015,0.726531292,0,0.565496005,0.0884,0.957223702,0.295855526,0,0.247170439,0,0.489846871,0.0225,0.0225,0.841877497,1.131741012,0.11834221,1.201398136,0.349034621,1
186,8,1.059254328,0,0.65379494,0,0.0133,0.645805593,0,0.502663116,0.0786,0.850865513,0.26298269,0,0.219707057,0,0.435419441,0.02,0.02,0.748335553,1.005992011,0.105193076,1.067909454,0.310252996,1
186,5,0.662033955,0,0.408621838,0,0.00832,0.403628495,0,0.314164447,0.0491,0.531790945,0.164364181,0,0.137316911,0,0.27213715,0.0125,0.0125,0.46770972,0.628745007,0.0657,0.667443409,0.193908123,3
186,9,1.191661119,0,0.735519308,0,0.015,0.726531292,0,0.565496005,0.0884,0.957223702,0.295855526,0,0.247170439,0,0.489846871,0.0225,0.0225,0.841877497,1.131741012,0.11834221,1.201398136,0.349034621,1
186,8,1.059254328,0,0.65379494,0,0.0133,0.645805593,0,0.502663116,0.0786,0.850865513,0.26298269,0,0.219707057,0,0.435419441,0.02,0.02,0.748335553,1.005992011,0.105193076,1.067909454,0.310252996,1
186,9,1.191661119,0,0.735519308,0,0.015,0.726531292,0,0.565496005,0.0884,0.957223702,0.295855526,0,0.247170439,0,0.489846871,0.0225,0.0225,0.841877497,1.131741012,0.11834221,1.201398136,0.349034621,1
186,7,0.926847537,0,0.572070573,0,0.0117,0.565079893,0,0.439830226,0.0687,0.744507324,0.230109854,0,0.192243675,0,0.380992011,0.0175,0.0175,0.654793608,0.880243009,0.092,0.934420772,0.271471372,1
186,8,1.059254328,0,0.65379494,0,0.0133,0.645805593,0,0.502663116,0.0786,0.850865513,0.26298269,0,0.219707057,0,0.435419441,0.02,0.02,0.748335553,1.005992011,0.105193076,1.067909454,0.310252996,1
186,5,0.662033955,0,0.408621838,0,0.00832,0.403628495,0,0.314164447,0.0491,0.531790945,0.164364181,0,0.137316911,0,0.27213715,0.0125,0.0125,0.46770972,0.628745007,0.0657,0.667443409,0.193908123,3
186,9,1.191661119,0,0.735519308,0,0.015,0.726531292,0,0.565496005,0.0884,0.957223702,0.295855526,0,0.247170439,0,0.489846871,0.0225,0.0225,0.841877497,1.131741012,0.11834221,1.201398136,0.349034621,1
186,5,0.662033955,0,0.408621838,0,0.00832,0.403628495,0,0.314164447,0.0491,0.531790945,0.164364181,0,0.137316911,0,0.27213715,0.0125,0.0125,0.46770972,0.628745007,0.0657,0.667443409,0.193908123,3
186,9,1.191661119,0,0.735519308,0,0.015,0.726531292,0,0.565496005,0.0884,0.957223702,0.295855526,0,0.247170439,0,0.489846871,0.0225,0.0225,0.841877497,1.131741012,0.11834221,1.201398136,0.349034621,1
186,6,0.794440746,0,0.490346205,0,0.00999,0.484354194,0,0.376997337,0.0589,0.638149135,0.197237017,0,0.164780293,0,0.326564581,0.015,0.015,0.561251664,0.754494008,0.0789,0.800932091,0.232689747,1
186,9,1.191661119,0,0.735519308,0,0.015,0.726531292,0,0.565496005,0.0884,0.957223702,0.295855526,0,0.247170439,0,0.489846871,0.0225,0.0225,0.841877497,1.131741012,0.11834221,1.201398136,0.349034621,1
186,8,1.059254328,0,0.65379494,0,0.0133,0.645805593,0,0.502663116,0.0786,0.850865513,0.26298269,0,0.219707057,0,0.435419441,0.02,0.02,0.748335553,1.005992011,0.105193076,1.067909454,0.310252996,1
186,7,0.926847537,0,0.572070573,0,0.0117,0.565079893,0,0.439830226,0.0687,0.744507324,0.230109854,0,0.192243675,0,0.380992011,0.0175,0.0175,0.654793608,0.880243009,0.092,0.934420772,0.271471372,1
186,3,0.397220373,0,0.245173103,0,0.00499,0.242177097,0,0.188498668,0.0295,0.319074567,0.0986,0,0.0824,0,0.16328229,0.00749,0.00749,0.280625832,0.377247004,0.0394,0.400466045,0.116344874,3
186,1,0.132406791,0,0.0817,0,0.00166,0.0807,0,0.0628,0.00982,0.106358189,0.0329,0,0.0275,0,0.0544,0.0025,0.0025,0.0935,0.125749001,0.0131,0.133488682,0.0388,3
186,9,1.191661119,0,0.735519308,0,0.015,0.726531292,0,0.565496005,0.0884,0.957223702,0.295855526,0,0.247170439,0,0.489846871,0.0225,0.0225,0.841877497,1.131741012,0.11834221,1.201398136,0.349034621,1
186,5,0.662033955,0,0.408621838,0,0.00832,0.403628495,0,0.314164447,0.0491,0.531790945,0.164364181,0,0.137316911,0,0.27213715,0.0125,0.0125,0.46770972,0.628745007,0.0657,0.667443409,0.193908123,3
186,3,0.397220373,0,0.245173103,0,0.00499,0.242177097,0,0.188498668,0.0295,0.319074567,0.0986,0,0.0824,0,0.16328229,0.00749,0.00749,0.280625832,0.377247004,0.0394,0.400466045,0.116344874,3
186,5,0.662033955,0,0.408621838,0,0.00832,0.403628495,0,0.314164447,0.0491,0.531790945,0.164364181,0,0.137316911,0,0.27213715,0.0125,0.0125,0.46770972,0.628745007,0.0657,0.667443409,0.193908123,3
186,8,1.059254328,0,0.65379494,0,0.0133,0.645805593,0,0.502663116,0.0786,0.850865513,0.26298269,0,0.219707057,0,0.435419441,0.02,0.02,0.748335553,1.005992011,0.105193076,1.067909454,0.310252996,1
186,5,0.662033955,0,0.408621838,0,0.00832,0.403628495,0,0.314164447,0.0491,0.531790945,0.164364181,0,0.137316911,0,0.27213715,0.0125,0.0125,0.46770972,0.628745007,0.0657,0.667443409,0.193908123,3
186,8,1.059254328,0,0.65379494,0,0.0133,0.645805593,0,0.502663116,0.0786,0.850865513,0.26298269,0,0.219707057,0,0.435419441,0.02,0.02,0.748335553,1.005992011,0.105193076,1.067909454,0.310252996,1
186,2,0.264813582,0,0.163448735,0,0.00333,0.161451398,0,0.125665779,0.0196,0.212716378,0.0657,0,0.0549,0,0.10885486,0.00499,0.00499,0.187083888,0.251498003,0.0263,0.266977364,0.0776,3
186,5,0.662033955,0,0.408621838,0,0.00832,0.403628495,0,0.314164447,0.0491,0.531790945,0.164364181,0,0.137316911,0,0.27213715,0.0125,0.0125,0.46770972,0.628745007,0.0657,0.667443409,0.193908123,3
186,8,1.059254328,0,0.65379494,0,0.0133,0.645805593,0,0.502663116,0.0786,0.850865513,0.26298269,0,0.219707057,0,0.435419441,0.02,0.02,0.748335553,1.005992011,0.105193076,1.067909454,0.310252996,1
186,9,1.191661119,0,0.735519308,0,0.015,0.726531292,0,0.565496005,0.0884,0.957223702,0.295855526,0,0.247170439,0,0.489846871,0.0225,0.0225,0.841877497,1.131741012,0.11834221,1.201398136,0.349034621,1
186,6,0.794440746,0,0.490346205,0,0.00999,0.484354194,0,0.376997337,0.0589,0.638149135,0.197237017,0,0.164780293,0,0.326564581,0.015,0.015,0.561251664,0.754494008,0.0789,0.800932091,0.232689747,1
186,9,1.191661119,0,0.735519308,0,0.015,0.726531292,0,0.565496005,0.0884,0.957223702,0.295855526,0,0.247170439,0,0.489846871,0.0225,0.0225,0.841877497,1.131741012,0.11834221,1.201398136,0.349034621,1
186,7,0.926847537,0,0.572070573,0,0.0117,0.565079893,0,0.439830226,0.0687,0.744507324,0.230109854,0,0.192243675,0,0.380992011,0.0175,0.0175,0.654793608,0.880243009,0.092,0.934420772,0.271471372,1
186,7,0.926847537,0,0.572070573,0,0.0117,0.565079893,0,0.439830226,0.0687,0.744507324,0.230109854,0,0.192243675,0,0.380992011,0.0175,0.0175,0.654793608,0.880243009,0.092,0.934420772,0.271471372,1
186,5,0.662033955,0,0.408621838,0,0.00832,0.403628495,0,0.314164447,0.0491,0.531790945,0.164364181,0,0.137316911,0,0.27213715,0.0125,0.0125,0.46770972,0.628745007,0.0657,0.667443409,0.193908123,3
186,3,0.397220373,0,0.245173103,0,0.00499,0.242177097,0,0.188498668,0.0295,0.319074567,0.0986,0,0.0824,0,0.16328229,0.00749,0.00749,0.280625832,0.377247004,0.0394,0.400466045,0.116344874,3
186,8,1.059254328,0,0.65379494,0,0.0133,0.645805593,0,0.502663116,0.0786,0.850865513,0.26298269,0,0.219707057,0,0.435419441,0.02,0.02,0.748335553,1.005992011,0.105193076,1.067909454,0.310252996,1
186,4,0.529627164,0,0.32689747,0,0.00666,0.322902796,0,0.251331558,0.0393,0.425432756,0.131491345,0,0.109853529,0,0.21770972,0.00999,0.00999,0.374167776,0.502996005,0.0526,0.533954727,0.155126498,3
186,9,1.191661119,0,0.735519308,0,0.015,0.726531292,0,0.565496005,0.0884,0.957223702,0.295855526,0,0.247170439,0,0.489846871,0.0225,0.0225,0.841877497,1.131741012,0.11834221,1.201398136,0.349034621,1
186,6,0.794440746,0,0.490346205,0,0.00999,0.484354194,0,0.376997337,0.0589,0.638149135,0.197237017,0,0.164780293,0,0.326564581,0.015,0.015,0.561251664,0.754494008,0.0789,0.800932091,0.232689747,1
186,5,0.662033955,0,0.408621838,0,0.00832,0.403628495,0,0.314164447,0.0491,0.531790945,0.164364181,0,0.137316911,0,0.27213715,0.0125,0.0125,0.46770972,0.628745007,0.0657,0.667443409,0.193908123,3
186,8,1.059254328,0,0.65379494,0,0.0133,0.645805593,0,0.502663116,0.0786,0.850865513,0.26298269,0,0.219707057,0,0.435419441,0.02,0.02,0.748335553,1.005992011,0.105193076,1.067909454,0.310252996,1
186,8,1.059254328,0,0.65379494,0,0.0133,0.645805593,0,0.502663116,0.0786,0.850865513,0.26298269,0,0.219707057,0,0.435419441,0.02,0.02,0.748335553,1.005992011,0.105193076,1.067909454,0.310252996,1
186,8,1.059254328,0,0.65379494,0,0.0133,0.645805593,0,0.502663116,0.0786,0.850865513,0.26298269,0,0.219707057,0,0.435419441,0.02,0.02,0.748335553,1.005992011,0.105193076,1.067909454,0.310252996,1
186,7,0.926847537,0,0.572070573,0,0.0117,0.565079893,0,0.439830226,0.0687,0.744507324,0.230109854,0,0.192243675,0,0.380992011,0.0175,0.0175,0.654793608,0.880243009,0.092,0.934420772,0.271471372,1
186,8,1.059254328,0,0.65379494,0,0.0133,0.645805593,0,0.502663116,0.0786,0.850865513,0.26298269,0,0.219707057,0,0.435419441,0.02,0.02,0.748335553,1.005992011,0.105193076,1.067909454,0.310252996,1
186,7,0.926847537,0,0.572070573,0,0.0117,0.565079893,0,0.439830226,0.0687,0.744507324,0.230109854,0,0.192243675,0,0.380992011,0.0175,0.0175,0.654793608,0.880243009,0.092,0.934420772,0.271471372,1
186,9,1.191661119,0,0.735519308,0,0.015,0.726531292,0,0.565496005,0.0884,0.957223702,0.295855526,0,0.247170439,0,0.489846871,0.0225,0.0225,0.841877497,1.131741012,0.11834221,1.201398136,0.349034621,1
186,8,1.059254328,0,0.65379494,0,0.0133,0.645805593,0,0.502663116,0.0786,0.850865513,0.26298269,0,0.219707057,0,0.435419441,0.02,0.02,0.748335553,1.005992011,0.105193076,1.067909454,0.310252996,1
186,8,1.059254328,0,0.65379494,0,0.0133,0.645805593,0,0.502663116,0.0786,0.850865513,0.26298269,0,0.219707057,0,0.435419441,0.02,0.02,0.748335553,1.005992011,0.105193076,1.067909454,0.310252996,1
186,8,1.059254328,0,0.65379494,0,0.0133,0.645805593,0,0.502663116,0.0786,0.850865513,0.26298269,0,0.219707057,0,0.435419441,0.02,0.02,0.748335553,1.005992011,0.105193076,1.067909454,0.310252996,1
186,8,1.059254328,0,0.65379494,0,0.0133,0.645805593,0,0.502663116,0.0786,0.850865513,0.26298269,0,0.219707057,0,0.435419441,0.02,0.02,0.748335553,1.005992011,0.105193076,1.067909454,0.310252996,1
186,8,1.059254328,0,0.65379494,0,0.0133,0.645805593,0,0.502663116,0.0786,0.850865513,0.26298269,0,0.219707057,0,0.435419441,0.02,0.02,0.748335553,1.005992011,0.105193076,1.067909454,0.310252996,1
186,6,0.794440746,0,0.490346205,0,0.00999,0.484354194,0,0.376997337,0.0589,0.638149135,0.197237017,0,0.164780293,0,0.326564581,0.015,0.015,0.561251664,0.754494008,0.0789,0.800932091,0.232689747,1
186,7,0.926847537,0,0.572070573,0,0.0117,0.565079893,0,0.439830226,0.0687,0.744507324,0.230109854,0,0.192243675,0,0.380992011,0.0175,0.0175,0.654793608,0.880243009,0.092,0.934420772,0.271471372,1
186,9,1.191661119,0,0.735519308,0,0.015,0.726531292,0,0.565496005,0.0884,0.957223702,0.295855526,0,0.247170439,0,0.489846871,0.0225,0.0225,0.841877497,1.131741012,0.11834221,1.201398136,0.349034621,1
186,8,1.059254328,0,0.65379494,0,0.0133,0.645805593,0,0.502663116,0.0786,0.850865513,0.26298269,0,0.219707057,0,0.435419441,0.02,0.02,0.748335553,1.005992011,0.105193076,1.067909454,0.310252996,1
186,9,1.191661119,0,0.735519308,0,0.015,0.726531292,0,0.565496005,0.0884,0.957223702,0.295855526,0,0.247170439,0,0.489846871,0.0225,0.0225,0.841877497,1.131741012,0.11834221,1.201398136,0.349034621,1
186,7,0.926847537,0,0.572070573,0,0.0117,0.565079893,0,0.439830226,0.0687,0.744507324,0.230109854,0,0.192243675,0,0.380992011,0.0175,0.0175,0.654793608,0.880243009,0.092,0.934420772,0.271471372,1
186,9,1.191661119,0,0.735519308,0,0.015,0.726531292,0,0.565496005,0.0884,0.957223702,0.295855526,0,0.247170439,0,0.489846871,0.0225,0.0225,0.841877497,1.131741012,0.11834221,1.201398136,0.349034621,1
186,8,1.059254328,0,0.65379494,0,0.0133,0.645805593,0,0.502663116,0.0786,0.850865513,0.26298269,0,0.219707057,0,0.435419441,0.02,0.02,0.748335553,1.005992011,0.105193076,1.067909454,0.310252996,1
186,4,0.529627164,0,0.32689747,0,0.00666,0.322902796,0,0.251331558,0.0393,0.425432756,0.131491345,0,0.109853529,0,0.21770972,0.00999,0.00999,0.374167776,0.502996005,0.0526,0.533954727,0.155126498,3
186,8,1.059254328,0,0.65379494,0,0.0133,0.645805593,0,0.502663116,0.0786,0.850865513,0.26298269,0,0.219707057,0,0.435419441,0.02,0.02,0.748335553,1.005992011,0.105193076,1.067909454,0.310252996,1
186,3,0.397220373,0,0.245173103,0,0.00499,0.242177097,0,0.188498668,0.0295,0.319074567,0.0986,0,0.0824,0,0.16328229,0.00749,0.00749,0.280625832,0.377247004,0.0394,0.400466045,0.116344874,3
186,7,0.926847537,0,0.572070573,0,0.0117,0.565079893,0,0.439830226,0.0687,0.744507324,0.230109854,0,0.192243675,0,0.380992011,0.0175,0.0175,0.654793608,0.880243009,0.092,0.934420772,0.271471372,1
186,7,0.926847537,0,0.572070573,0,0.0117,0.565079893,0,0.439830226,0.0687,0.744507324,0.230109854,0,0.192243675,0,0.380992011,0.0175,0.0175,0.654793608,0.880243009,0.092,0.934420772,0.271471372,1
186,8,1.059254328,0,0.65379494,0,0.0133,0.645805593,0,0.502663116,0.0786,0.850865513,0.26298269,0,0.219707057,0,0.435419441,0.02,0.02,0.748335553,1.005992011,0.105193076,1.067909454,0.310252996,1
186,9,1.191661119,0,0.735519308,0,0.015,0.726531292,0,0.565496005,0.0884,0.957223702,0.295855526,0,0.247170439,0,0.489846871,0.0225,0.0225,0.841877497,1.131741012,0.11834221,1.201398136,0.349034621,1
186,9,1.191661119,0,0.735519308,0,0.015,0.726531292,0,0.565496005,0.0884,0.957223702,0.295855526,0,0.247170439,0,0.489846871,0.0225,0.0225,0.841877497,1.131741012,0.11834221,1.201398136,0.349034621,1
186,9,1.191661119,0,0.735519308,0,0.015,0.726531292,0,0.565496005,0.0884,0.957223702,0.295855526,0,0.247170439,0,0.489846871,0.0225,0.0225,0.841877497,1.131741012,0.11834221,1.201398136,0.349034621,1
186,5,0.662033955,0,0.408621838,0,0.00832,0.403628495,0,0.314164447,0.0491,0.531790945,0.164364181,0,0.137316911,0,0.27213715,0.0125,0.0125,0.46770972,0.628745007,0.0657,0.667443409,0.193908123,3
186,8,1.059254328,0,0.65379494,0,0.0133,0.645805593,0,0.502663116,0.0786,0.850865513,0.26298269,0,0.219707057,0,0.435419441,0.02,0.02,0.748335553,1.005992011,0.105193076,1.067909454,0.310252996,1
186,8,1.059254328,0,0.65379494,0,0.0133,0.645805593,0,0.502663116,0.0786,0.850865513,0.26298269,0,0.219707057,0,0.435419441,0.02,0.02,0.748335553,1.005992011,0.105193076,1.067909454,0.310252996,1
186,9,1.191661119,0,0.735519308,0,0.015,0.726531292,0,0.565496005,0.0884,0.957223702,0.295855526,0,0.247170439,0,0.489846871,0.0225,0.0225,0.841877497,1.131741012,0.11834221,1.201398136,0.349034621,1
186,7,0.926847537,0,0.572070573,0,0.0117,0.565079893,0,0.439830226,0.0687,0.744507324,0.230109854,0,0.192243675,0,0.380992011,0.0175,0.0175,0.654793608,0.880243009,0.092,0.934420772,0.271471372,1
186,6,0.794440746,0,0.490346205,0,0.00999,0.484354194,0,0.376997337,0.0589,0.638149135,0.197237017,0,0.164780293,0,0.326564581,0.015,0.015,0.561251664,0.754494008,0.0789,0.800932091,0.232689747,1
186,5,0.662033955,0,0.408621838,0,0.00832,0.403628495,0,0.314164447,0.0491,0.531790945,0.164364181,0,0.137316911,0,0.27213715,0.0125,0.0125,0.46770972,0.628745007,0.0657,0.667443409,0.193908123,3
186,7,0.926847537,0,0.572070573,0,0.0117,0.565079893,0,0.439830226,0.0687,0.744507324,0.230109854,0,0.192243675,0,0.380992011,0.0175,0.0175,0.654793608,0.880243009,0.092,0.934420772,0.271471372,1
186,7,0.926847537,0,0.572070573,0,0.0117,0.565079893,0,0.439830226,0.0687,0.744507324,0.230109854,0,0.192243675,0,0.380992011,0.0175,0.0175,0.654793608,0.880243009,0.092,0.934420772,0.271471372,1
186,9,1.191661119,0,0.735519308,0,0.015,0.726531292,0,0.565496005,0.0884,0.957223702,0.295855526,0,0.247170439,0,0.489846871,0.0225,0.0225,0.841877497,1.131741012,0.11834221,1.201398136,0.349034621,1
186,4,0.529627164,0,0.32689747,0,0.00666,0.322902796,0,0.251331558,0.0393,0.425432756,0.131491345,0,0.109853529,0,0.21770972,0.00999,0.00999,0.374167776,0.502996005,0.0526,0.533954727,0.155126498,3
186,6,0.794440746,0,0.490346205,0,0.00999,0.484354194,0,0.376997337,0.0589,0.638149135,0.197237017,0,0.164780293,0,0.326564581,0.015,0.015,0.561251664,0.754494008,0.0789,0.800932091,0.232689747,1
186,9,1.191661119,0,0.735519308,0,0.015,0.726531292,0,0.565496005,0.0884,0.957223702,0.295855526,0,0.247170439,0,0.489846871,0.0225,0.0225,0.841877497,1.131741012,0.11834221,1.201398136,0.349034621,1
186,8,1.059254328,0,0.65379494,0,0.0133,0.645805593,0,0.502663116,0.0786,0.850865513,0.26298269,0,0.219707057,0,0.435419441,0.02,0.02,0.748335553,1.005992011,0.105193076,1.067909454,0.310252996,1
186,1,0.132406791,0,0.0817,0,0.00166,0.0807,0,0.0628,0.00982,0.106358189,0.0329,0,0.0275,0,0.0544,0.0025,0.0025,0.0935,0.125749001,0.0131,0.133488682,0.0388,3
186,6,0.794440746,0,0.490346205,0,0.00999,0.484354194,0,0.376997337,0.0589,0.638149135,0.197237017,0,0.164780293,0,0.326564581,0.015,0.015,0.561251664,0.754494008,0.0789,0.800932091,0.232689747,1
186,7,0.926847537,0,0.572070573,0,0.0117,0.565079893,0,0.439830226,0.0687,0.744507324,0.230109854,0,0.192243675,0,0.380992011,0.0175,0.0175,0.654793608,0.880243009,0.092,0.934420772,0.271471372,1
186,7,0.926847537,0,0.572070573,0,0.0117,0.565079893,0,0.439830226,0.0687,0.744507324,0.230109854,0,0.192243675,0,0.380992011,0.0175,0.0175,0.654793608,0.880243009,0.092,0.934420772,0.271471372,1
186,7,0.926847537,0,0.572070573,0,0.0117,0.565079893,0,0.439830226,0.0687,0.744507324,0.230109854,0,0.192243675,0,0.380992011,0.0175,0.0175,0.654793608,0.880243009,0.092,0.934420772,0.271471372,1
186,9,1.191661119,0,0.735519308,0,0.015,0.726531292,0,0.565496005,0.0884,0.957223702,0.295855526,0,0.247170439,0,0.489846871,0.0225,0.0225,0.841877497,1.131741012,0.11834221,1.201398136,0.349034621,1
186,8,1.059254328,0,0.65379494,0,0.0133,0.645805593,0,0.502663116,0.0786,0.850865513,0.26298269,0,0.219707057,0,0.435419441,0.02,0.02,0.748335553,1.005992011,0.105193076,1.067909454,0.310252996,1
186,9,1.191661119,0,0.735519308,0,0.015,0.726531292,0,0.565496005,0.0884,0.957223702,0.295855526,0,0.247170439,0,0.489846871,0.0225,0.0225,0.841877497,1.131741012,0.11834221,1.201398136,0.349034621,1
186,9,1.191661119,0,0.735519308,0,0.015,0.726531292,0,0.565496005,0.0884,0.957223702,0.295855526,0,0.247170439,0,0.489846871,0.0225,0.0225,0.841877497,1.131741012,0.11834221,1.201398136,0.349034621,1
186,8,1.059254328,0,0.65379494,0,0.0133,0.645805593,0,0.502663116,0.0786,0.850865513,0.26298269,0,0.219707057,0,0.435419441,0.02,0.02,0.748335553,1.005992011,0.105193076,1.067909454,0.310252996,1
186,9,1.191661119,0,0.735519308,0,0.015,0.726531292,0,0.565496005,0.0884,0.957223702,0.295855526,0,0.247170439,0,0.489846871,0.0225,0.0225,0.841877497,1.131741012,0.11834221,1.201398136,0.349034621,1
186,4,0.529627164,0,0.32689747,0,0.00666,0.322902796,0,0.251331558,0.0393,0.425432756,0.131491345,0,0.109853529,0,0.21770972,0.00999,0.00999,0.374167776,0.502996005,0.0526,0.533954727,0.155126498,3
186,9,1.191661119,0,0.735519308,0,0.015,0.726531292,0,0.565496005,0.0884,0.957223702,0.295855526,0,0.247170439,0,0.489846871,0.0225,0.0225,0.841877497,1.131741012,0.11834221,1.201398136,0.349034621,1
186,7,0.926847537,0,0.572070573,0,0.0117,0.565079893,0,0.439830226,0.0687,0.744507324,0.230109854,0,0.192243675,0,0.380992011,0.0175,0.0175,0.654793608,0.880243009,0.092,0.934420772,0.271471372,1
186,8,1.059254328,0,0.65379494,0,0.0133,0.645805593,0,0.502663116,0.0786,0.850865513,0.26298269,0,0.219707057,0,0.435419441,0.02,0.02,0.748335553,1.005992011,0.105193076,1.067909454,0.310252996,1
186,4,0.529627164,0,0.32689747,0,0.00666,0.322902796,0,0.251331558,0.0393,0.425432756,0.131491345,0,0.109853529,0,0.21770972,0.00999,0.00999,0.374167776,0.502996005,0.0526,0.533954727,0.155126498,3
186,7,0.926847537,0,0.572070573,0,0.0117,0.565079893,0,0.439830226,0.0687,0.744507324,0.230109854,0,0.192243675,0,0.380992011,0.0175,0.0175,0.654793608,0.880243009,0.092,0.934420772,0.271471372,1
186,1,0.132406791,0,0.0817,0,0.00166,0.0807,0,0.0628,0.00982,0.106358189,0.0329,0,0.0275,0,0.0544,0.0025,0.0025,0.0935,0.125749001,0.0131,0.133488682,0.0388,3
186,5,0.662033955,0,0.408621838,0,0.00832,0.403628495,0,0.314164447,0.0491,0.531790945,0.164364181,0,0.137316911,0,0.27213715,0.0125,0.0125,0.46770972,0.628745007,0.0657,0.667443409,0.193908123,3
186,8,1.059254328,0,0.65379494,0,0.0133,0.645805593,0,0.502663116,0.0786,0.850865513,0.26298269,0,0.219707057,0,0.435419441,0.02,0.02,0.748335553,1.005992011,0.105193076,1.067909454,0.310252996,1
186,7,0.926847537,0,0.572070573,0,0.0117,0.565079893,0,0.439830226,0.0687,0.744507324,0.230109854,0,0.192243675,0,0.380992011,0.0175,0.0175,0.654793608,0.880243009,0.092,0.934420772,0.271471372,1
186,8,1.059254328,0,0.65379494,0,0.0133,0.645805593,0,0.502663116,0.0786,0.850865513,0.26298269,0,0.219707057,0,0.435419441,0.02,0.02,0.748335553,1.005992011,0.105193076,1.067909454,0.310252996,1
186,8,1.059254328,0,0.65379494,0,0.0133,0.645805593,0,0.502663116,0.0786,0.850865513,0.26298269,0,0.219707057,0,0.435419441,0.02,0.02,0.748335553,1.005992011,0.105193076,1.067909454,0.310252996,1
186,5,0.662033955,0,0.408621838,0,0.00832,0.403628495,0,0.314164447,0.0491,0.531790945,0.164364181,0,0.137316911,0,0.27213715,0.0125,0.0125,0.46770972,0.628745007,0.0657,0.667443409,0.193908123,3
186,9,1.191661119,0,0.735519308,0,0.015,0.726531292,0,0.565496005,0.0884,0.957223702,0.295855526,0,0.247170439,0,0.489846871,0.0225,0.0225,0.841877497,1.131741012,0.11834221,1.201398136,0.349034621,1
186,9,1.191661119,0,0.735519308,0,0.015,0.726531292,0,0.565496005,0.0884,0.957223702,0.295855526,0,0.247170439,0,0.489846871,0.0225,0.0225,0.841877497,1.131741012,0.11834221,1.201398136,0.349034621,1
186,6,0.794440746,0,0.490346205,0,0.00999,0.484354194,0,0.376997337,0.0589,0.638149135,0.197237017,0,0.164780293,0,0.326564581,0.015,0.015,0.561251664,0.754494008,0.0789,0.800932091,0.232689747,1
186,4,0.529627164,0,0.32689747,0,0.00666,0.322902796,0,0.251331558,0.0393,0.425432756,0.131491345,0,0.109853529,0,0.21770972,0.00999,0.00999,0.374167776,0.502996005,0.0526,0.533954727,0.155126498,3
186,8,1.059254328,0,0.65379494,0,0.0133,0.645805593,0,0.502663116,0.0786,0.850865513,0.26298269,0,0.219707057,0,0.435419441,0.02,0.02,0.748335553,1.005992011,0.105193076,1.067909454,0.310252996,1
186,5,0.662033955,0,0.408621838,0,0.00832,0.403628495,0,0.314164447,0.0491,0.531790945,0.164364181,0,0.137316911,0,0.27213715,0.0125,0.0125,0.46770972,0.628745007,0.0657,0.667443409,0.193908123,3
186,7,0.926847537,0,0.572070573,0,0.0117,0.565079893,0,0.439830226,0.0687,0.744507324,0.230109854,0,0.192243675,0,0.380992011,0.0175,0.0175,0.654793608,0.880243009,0.092,0.934420772,0.271471372,1
186,6,0.794440746,0,0.490346205,0,0.00999,0.484354194,0,0.376997337,0.0589,0.638149135,0.197237017,0,0.164780293,0,0.326564581,0.015,0.015,0.561251664,0.754494008,0.0789,0.800932091,0.232689747,1
186,7,0.926847537,0,0.572070573,0,0.0117,0.565079893,0,0.439830226,0.0687,0.744507324,0.230109854,0,0.192243675,0,0.380992011,0.0175,0.0175,0.654793608,0.880243009,0.092,0.934420772,0.271471372,1
186,5,0.662033955,0,0.408621838,0,0.00832,0.403628495,0,0.314164447,0.0491,0.531790945,0.164364181,0,0.137316911,0,0.27213715,0.0125,0.0125,0.46770972,0.628745007,0.0657,0.667443409,0.193908123,3
186,9,1.191661119,0,0.735519308,0,0.015,0.726531292,0,0.565496005,0.0884,0.957223702,0.295855526,0,0.247170439,0,0.489846871,0.0225,0.0225,0.841877497,1.131741012,0.11834221,1.201398136,0.349034621,1
186,4,0.529627164,0,0.32689747,0,0.00666,0.322902796,0,0.251331558,0.0393,0.425432756,0.131491345,0,0.109853529,0,0.21770972,0.00999,0.00999,0.374167776,0.502996005,0.0526,0.533954727,0.155126498,3
186,5,0.662033955,0,0.408621838,0,0.00832,0.403628495,0,0.314164447,0.0491,0.531790945,0.164364181,0,0.137316911,0,0.27213715,0.0125,0.0125,0.46770972,0.628745007,0.0657,0.667443409,0.193908123,3
186,5,0.662033955,0,0.408621838,0,0.00832,0.403628495,0,0.314164447,0.0491,0.531790945,0.164364181,0,0.137316911,0,0.27213715,0.0125,0.0125,0.46770972,0.628745007,0.0657,0.667443409,0.193908123,3
186,7,0.926847537,0,0.572070573,0,0.0117,0.565079893,0,0.439830226,0.0687,0.744507324,0.230109854,0,0.192243675,0,0.380992011,0.0175,0.0175,0.654793608,0.880243009,0.092,0.934420772,0.271471372,1
186,4,0.529627164,0,0.32689747,0,0.00666,0.322902796,0,0.251331558,0.0393,0.425432756,0.131491345,0,0.109853529,0,0.21770972,0.00999,0.00999,0.374167776,0.502996005,0.0526,0.533954727,0.155126498,3
186,8,1.059254328,0,0.65379494,0,0.0133,0.645805593,0,0.502663116,0.0786,0.850865513,0.26298269,0,0.219707057,0,0.435419441,0.02,0.02,0.748335553,1.005992011,0.105193076,1.067909454,0.310252996,1
186,1,0.132406791,0,0.0817,0,0.00166,0.0807,0,0.0628,0.00982,0.106358189,0.0329,0,0.0275,0,0.0544,0.0025,0.0025,0.0935,0.125749001,0.0131,0.133488682,0.0388,3
186,5,0.662033955,0,0.408621838,0,0.00832,0.403628495,0,0.314164447,0.0491,0.531790945,0.164364181,0,0.137316911,0,0.27213715,0.0125,0.0125,0.46770972,0.628745007,0.0657,0.667443409,0.193908123,3
186,8,1.059254328,0,0.65379494,0,0.0133,0.645805593,0,0.502663116,0.0786,0.850865513,0.26298269,0,0.219707057,0,0.435419441,0.02,0.02,0.748335553,1.005992011,0.105193076,1.067909454,0.310252996,1
186,9,1.191661119,0,0.735519308,0,0.015,0.726531292,0,0.565496005,0.0884,0.957223702,0.295855526,0,0.247170439,0,0.489846871,0.0225,0.0225,0.841877497,1.131741012,0.11834221,1.201398136,0.349034621,1
186,3,0.397220373,0,0.245173103,0,0.00499,0.242177097,0,0.188498668,0.0295,0.319074567,0.0986,0,0.0824,0,0.16328229,0.00749,0.00749,0.280625832,0.377247004,0.0394,0.400466045,0.116344874,3
186,8,1.059254328,0,0.65379494,0,0.0133,0.645805593,0,0.502663116,0.0786,0.850865513,0.26298269,0,0.219707057,0,0.435419441,0.02,0.02,0.748335553,1.005992011,0.105193076,1.067909454,0.310252996,1
186,9,1.191661119,0,0.735519308,0,0.015,0.726531292,0,0.565496005,0.0884,0.957223702,0.295855526,0,0.247170439,0,0.489846871,0.0225,0.0225,0.841877497,1.131741012,0.11834221,1.201398136,0.349034621,1
186,7,0.926847537,0,0.572070573,0,0.0117,0.565079893,0,0.439830226,0.0687,0.744507324,0.230109854,0,0.192243675,0,0.380992011,0.0175,0.0175,0.654793608,0.880243009,0.092,0.934420772,0.271471372,1
186,9,1.191661119,0,0.735519308,0,0.015,0.726531292,0,0.565496005,0.0884,0.957223702,0.295855526,0,0.247170439,0,0.489846871,0.0225,0.0225,0.841877497,1.131741012,0.11834221,1.201398136,0.349034621,1
186,7,0.926847537,0,0.572070573,0,0.0117,0.565079893,0,0.439830226,0.0687,0.744507324,0.230109854,0,0.192243675,0,0.380992011,0.0175,0.0175,0.654793608,0.880243009,0.092,0.934420772,0.271471372,1
186,8,1.059254328,0,0.65379494,0,0.0133,0.645805593,0,0.502663116,0.0786,0.850865513,0.26298269,0,0.219707057,0,0.435419441,0.02,0.02,0.748335553,1.005992011,0.105193076,1.067909454,0.310252996,1
186,8,1.059254328,0,0.65379494,0,0.0133,0.645805593,0,0.502663116,0.0786,0.850865513,0.26298269,0,0.219707057,0,0.435419441,0.02,0.02,0.748335553,1.005992011,0.105193076,1.067909454,0.310252996,1
186,6,0.794440746,0,0.490346205,0,0.00999,0.484354194,0,0.376997337,0.0589,0.638149135,0.197237017,0,0.164780293,0,0.326564581,0.015,0.015,0.561251664,0.754494008,0.0789,0.800932091,0.232689747,1
186,9,1.191661119,0,0.735519308,0,0.015,0.726531292,0,0.565496005,0.0884,0.957223702,0.295855526,0,0.247170439,0,0.489846871,0.0225,0.0225,0.841877497,1.131741012,0.11834221,1.201398136,0.349034621,1
186,8,1.059254328,0,0.65379494,0,0.0133,0.645805593,0,0.502663116,0.0786,0.850865513,0.26298269,0,0.219707057,0,0.435419441,0.02,0.02,0.748335553,1.005992011,0.105193076,1.067909454,0.310252996,1
186,7,0.926847537,0,0.572070573,0,0.0117,0.565079893,0,0.439830226,0.0687,0.744507324,0.230109854,0,0.192243675,0,0.380992011,0.0175,0.0175,0.654793608,0.880243009,0.092,0.934420772,0.271471372,1
186,9,1.191661119,0,0.735519308,0,0.015,0.726531292,0,0.565496005,0.0884,0.957223702,0.295855526,0,0.247170439,0,0.489846871,0.0225,0.0225,0.841877497,1.131741012,0.11834221,1.201398136,0.349034621,1
186,8,1.059254328,0,0.65379494,0,0.0133,0.645805593,0,0.502663116,0.0786,0.850865513,0.26298269,0,0.219707057,0,0.435419441,0.02,0.02,0.748335553,1.005992011,0.105193076,1.067909454,0.310252996,1
186,9,1.191661119,0,0.735519308,0,0.015,0.726531292,0,0.565496005,0.0884,0.957223702,0.295855526,0,0.247170439,0,0.489846871,0.0225,0.0225,0.841877497,1.131741012,0.11834221,1.201398136,0.349034621,1
272,8,1.014283064,0.0453,0.549063254,0,0.143201632,0.710072343,0,0.490447041,0,0.638842515,0.432572806,0,0.337599703,0,0.0289,0,0,0.859951771,1.113708032,0.0653,1.219068818,0.351697273,1
272,9,1.141068447,0.0509,0.61769616,0,0.161101836,0.798831386,0,0.551752922,0,0.71869783,0.486644407,0,0.379799666,0,0.0326,0,0,0.967445743,1.252921536,0.0735,1.371452421,0.395659432,1
272,8,1.014283064,0.0453,0.549063254,0,0.143201632,0.710072343,0,0.490447041,0,0.638842515,0.432572806,0,0.337599703,0,0.0289,0,0,0.859951771,1.113708032,0.0653,1.219068818,0.351697273,1
272,8,1.014283064,0.0453,0.549063254,0,0.143201632,0.710072343,0,0.490447041,0,0.638842515,0.432572806,0,0.337599703,0,0.0289,0,0,0.859951771,1.113708032,0.0653,1.219068818,0.351697273,1
272,8,1.014283064,0.0453,0.549063254,0,0.143201632,0.710072343,0,0.490447041,0,0.638842515,0.432572806,0,0.337599703,0,0.0289,0,0,0.859951771,1.113708032,0.0653,1.219068818,0.351697273,1
272,9,1.141068447,0.0509,0.61769616,0,0.161101836,0.798831386,0,0.551752922,0,0.71869783,0.486644407,0,0.379799666,0,0.0326,0,0,0.967445743,1.252921536,0.0735,1.371452421,0.395659432,1
272,8,1.014283064,0.0453,0.549063254,0,0.143201632,0.710072343,0,0.490447041,0,0.638842515,0.432572806,0,0.337599703,0,0.0289,0,0,0.859951771,1.113708032,0.0653,1.219068818,0.351697273,1
272,7,0.887497681,0.0396,0.480430347,0,0.125301428,0.6213133,0,0.429141161,0,0.558987201,0.378501206,0,0.29539974,0,0.0253,0,0,0.7524578,0.974494528,0.0571,1.066685216,0.307735114,1
272,3,0.380356149,0.017,0.20589872,0,0.0537,0.266277129,0,0.183917641,0,0.239565943,0.162214802,0,0.126599889,0,0.0109,0,0,0.322481914,0.417640512,0.024485253,0.457150807,0.131886477,3
272,3,0.380356149,0.017,0.20589872,0,0.0537,0.266277129,0,0.183917641,0,0.239565943,0.162214802,0,0.126599889,0,0.0109,0,0,0.322481914,0.417640512,0.024485253,0.457150807,0.131886477,3
272,7,0.887497681,0.0396,0.480430347,0,0.125301428,0.6213133,0,0.429141161,0,0.558987201,0.378501206,0,0.29539974,0,0.0253,0,0,0.7524578,0.974494528,0.0571,1.066685216,0.307735114,1
272,7,0.887497681,0.0396,0.480430347,0,0.125301428,0.6213133,0,0.429141161,0,0.558987201,0.378501206,0,0.29539974,0,0.0253,0,0,0.7524578,0.974494528,0.0571,1.066685216,0.307735114,1
272,9,1.141068447,0.0509,0.61769616,0,0.161101836,0.798831386,0,0.551752922,0,0.71869783,0.486644407,0,0.379799666,0,0.0326,0,0,0.967445743,1.252921536,0.0735,1.371452421,0.395659432,1
272,8,1.014283064,0.0453,0.549063254,0,0.143201632,0.710072343,0,0.490447041,0,0.638842515,0.432572806,0,0.337599703,0,0.0289,0,0,0.859951771,1.113708032,0.0653,1.219068818,0.351697273,1
272,6,0.760712298,0.0339,0.41179744,0,0.107401224,0.532554257,0,0.367835281,0,0.479131886,0.324429605,0,0.253199777,0,0.0217,0,0,0.644963829,0.835281024,0.049,0.914301614,0.263772955,1
272,7,0.887497681,0.0396,0.480430347,0,0.125301428,0.6213133,0,0.429141161,0,0.558987201,0.378501206,0,0.29539974,0,0.0253,0,0,0.7524578,0.974494528,0.0571,1.066685216,0.307735114,1
272,6,0.760712298,0.0339,0.41179744,0,0.107401224,0.532554257,0,0.367835281,0,0.479131886,0.324429605,0,0.253199777,0,0.0217,0,0,0.644963829,0.835281024,0.049,0.914301614,0.263772955,1
272,8,1.014283064,0.0453,0.549063254,0,0.143201632,0.710072343,0,0.490447041,0,0.638842515,0.432572806,0,0.337599703,0,0.0289,0,0,0.859951771,1.113708032,0.0653,1.219068818,0.351697273,1
272,8,1.014283064,0.0453,0.549063254,0,0.143201632,0.710072343,0,0.490447041,0,0.638842515,0.432572806,0,0.337599703,0,0.0289,0,0,0.859951771,1.113708032,0.0653,1.219068818,0.351697273,1
272,9,1.141068447,0.0509,0.61769616,0,0.161101836,0.798831386,0,0.551752922,0,0.71869783,0.486644407,0,0.379799666,0,0.0326,0,0,0.967445743,1.252921536,0.0735,1.371452421,0.395659432,1
272,9,1.141068447,0.0509,0.61769616,0,0.161101836,0.798831386,0,0.551752922,0,0.71869783,0.486644407,0,0.379799666,0,0.0326,0,0,0.967445743,1.252921536,0.0735,1.371452421,0.395659432,1
272,6,0.760712298,0.0339,0.41179744,0,0.107401224,0.532554257,0,0.367835281,0,0.479131886,0.324429605,0,0.253199777,0,0.0217,0,0,0.644963829,0.835281024,0.049,0.914301614,0.263772955,1
272,9,1.141068447,0.0509,0.61769616,0,0.161101836,0.798831386,0,0.551752922,0,0.71869783,0.486644407,0,0.379799666,0,0.0326,0,0,0.967445743,1.252921536,0.0735,1.371452421,0.395659432,1
272,8,1.014283064,0.0453,0.549063254,0,0.143201632,0.710072343,0,0.490447041,0,0.638842515,0.432572806,0,0.337599703,0,0.0289,0,0,0.859951771,1.113708032,0.0653,1.219068818,0.351697273,1
272,5,0.633926915,0.0283,0.343164533,0,0.0895,0.443795214,0,0.306529401,0,0.399276572,0.270358004,0,0.210999815,0,0.0181,0,0,0.537469857,0.69606752,0.0408,0.761918012,0.219810796,3
272,8,1.014283064,0.0453,0.549063254,0,0.143201632,0.710072343,0,0.490447041,0,0.638842515,0.432572806,0,0.337599703,0,0.0289,0,0,0.859951771,1.113708032,0.0653,1.219068818,0.351697273,1
272,8,1.014283064,0.0453,0.549063254,0,0.143201632,0.710072343,0,0.490447041,0,0.638842515,0.432572806,0,0.337599703,0,0.0289,0,0,0.859951771,1.113708032,0.0653,1.219068818,0.351697273,1
272,9,1.141068447,0.0509,0.61769616,0,0.161101836,0.798831386,0,0.551752922,0,0.71869783,0.486644407,0,0.379799666,0,0.0326,0,0,0.967445743,1.252921536,0.0735,1.371452421,0.395659432,1
272,6,0.760712298,0.0339,0.41179744,0,0.107401224,0.532554257,0,0.367835281,0,0.479131886,0.324429605,0,0.253199777,0,0.0217,0,0,0.644963829,0.835281024,0.049,0.914301614,0.263772955,1
272,7,0.887497681,0.0396,0.480430347,0,0.125301428,0.6213133,0,0.429141161,0,0.558987201,0.378501206,0,0.29539974,0,0.0253,0,0,0.7524578,0.974494528,0.0571,1.066685216,0.307735114,1
272,8,1.014283064,0.0453,0.549063254,0,0.143201632,0.710072343,0,0.490447041,0,0.638842515,0.432572806,0,0.337599703,0,0.0289,0,0,0.859951771,1.113708032,0.0653,1.219068818,0.351697273,1
272,7,0.887497681,0.0396,0.480430347,0,0.125301428,0.6213133,0,0.429141161,0,0.558987201,0.378501206,0,0.29539974,0,0.0253,0,0,0.7524578,0.974494528,0.0571,1.066685216,0.307735114,1
272,8,1.014283064,0.0453,0.549063254,0,0.143201632,0.710072343,0,0.490447041,0,0.638842515,0.432572806,0,0.337599703,0,0.0289,0,0,0.859951771,1.113708032,0.0653,1.219068818,0.351697273,1
272,9,1.141068447,0.0509,0.61769616,0,0.161101836,0.798831386,0,0.551752922,0,0.71869783,0.486644407,0,0.379799666,0,0.0326,0,0,0.967445743,1.252921536,0.0735,1.371452421,0.395659432,1
272,8,1.014283064,0.0453,0.549063254,0,0.143201632,0.710072343,0,0.490447041,0,0.638842515,0.432572806,0,0.337599703,0,0.0289,0,0,0.859951771,1.113708032,0.0653,1.219068818,0.351697273,1
272,7,0.887497681,0.0396,0.480430347,0,0.125301428,0.6213133,0,0.429141161,0,0.558987201,0.378501206,0,0.29539974,0,0.0253,0,0,0.7524578,0.974494528,0.0571,1.066685216,0.307735114,1
272,8,1.014283064,0.0453,0.549063254,0,0.143201632,0.710072343,0,0.490447041,0,0.638842515,0.432572806,0,0.337599703,0,0.0289,0,0,0.859951771,1.113708032,0.0653,1.219068818,0.351697273,1
272,5,0.633926915,0.0283,0.343164533,0,0.0895,0.443795214,0,0.306529401,0,0.399276572,0.270358004,0,0.210999815,0,0.0181,0,0,0.537469857,0.69606752,0.0408,0.761918012,0.219810796,3
272,8,1.014283064,0.0453,0.549063254,0,0.143201632,0.710072343,0,0.490447041,0,0.638842515,0.432572806,0,0.337599703,0,0.0289,0,0,0.859951771,1.113708032,0.0653,1.219068818,0.351697273,1
272,8,1.014283064,0.0453,0.549063254,0,0.143201632,0.710072343,0,0.490447041,0,0.638842515,0.432572806,0,0.337599703,0,0.0289,0,0,0.859951771,1.113708032,0.0653,1.219068818,0.351697273,1
272,6,0.760712298,0.0339,0.41179744,0,0.107401224,0.532554257,0,0.367835281,0,0.479131886,0.324429605,0,0.253199777,0,0.0217,0,0,0.644963829,0.835281024,0.049,0.914301614,0.263772955,1
272,8,1.014283064,0.0453,0.549063254,0,0.143201632,0.710072343,0,0.490447041,0,0.638842515,0.432572806,0,0.337599703,0,0.0289,0,0,0.859951771,1.113708032,0.0653,1.219068818,0.351697273,1
272,8,1.014283064,0.0453,0.549063254,0,0.143201632,0.710072343,0,0.490447041,0,0.638842515,0.432572806,0,0.337599703,0,0.0289,0,0,0.859951771,1.113708032,0.0653,1.219068818,0.351697273,1
272,7,0.887497681,0.0396,0.480430347,0,0.125301428,0.6213133,0,0.429141161,0,0.558987201,0.378501206,0,0.29539974,0,0.0253,0,0,0.7524578,0.974494528,0.0571,1.066685216,0.307735114,1
272,8,1.014283064,0.0453,0.549063254,0,0.143201632,0.710072343,0,0.490447041,0,0.638842515,0.432572806,0,0.337599703,0,0.0289,0,0,0.859951771,1.113708032,0.0653,1.219068818,0.351697273,1
272,8,1.014283064,0.0453,0.549063254,0,0.143201632,0.710072343,0,0.490447041,0,0.638842515,0.432572806,0,0.337599703,0,0.0289,0,0,0.859951771,1.113708032,0.0653,1.219068818,0.351697273,1
272,7,0.887497681,0.0396,0.480430347,0,0.125301428,0.6213133,0,0.429141161,0,0.558987201,0.378501206,0,0.29539974,0,0.0253,0,0,0.7524578,0.974494528,0.0571,1.066685216,0.307735114,1
272,8,1.014283064,0.0453,0.549063254,0,0.143201632,0.710072343,0,0.490447041,0,0.638842515,0.432572806,0,0.337599703,0,0.0289,0,0,0.859951771,1.113708032,0.0653,1.219068818,0.351697273,1
272,5,0.633926915,0.0283,0.343164533,0,0.0895,0.443795214,0,0.306529401,0,0.399276572,0.270358004,0,0.210999815,0,0.0181,0,0,0.537469857,0.69606752,0.0408,0.761918012,0.219810796,3
272,7,0.887497681,0.0396,0.480430347,0,0.125301428,0.6213133,0,0.429141161,0,0.558987201,0.378501206,0,0.29539974,0,0.0253,0,0,0.7524578,0.974494528,0.0571,1.066685216,0.307735114,1
272,4,0.507141532,0.0226,0.274531627,0,0.0716,0.355036171,0,0.245223521,0,0.319421258,0.216286403,0,0.168799852,0,0.0145,0,0,0.429975886,0.556854016,0.0326,0.609534409,0.175848637,3
272,7,0.887497681,0.0396,0.480430347,0,0.125301428,0.6213133,0,0.429141161,0,0.558987201,0.378501206,0,0.29539974,0,0.0253,0,0,0.7524578,0.974494528,0.0571,1.066685216,0.307735114,1
272,8,1.014283064,0.0453,0.549063254,0,0.143201632,0.710072343,0,0.490447041,0,0.638842515,0.432572806,0,0.337599703,0,0.0289,0,0,0.859951771,1.113708032,0.0653,1.219068818,0.351697273,1
272,8,1.014283064,0.0453,0.549063254,0,0.143201632,0.710072343,0,0.490447041,0,0.638842515,0.432572806,0,0.337599703,0,0.0289,0,0,0.859951771,1.113708032,0.0653,1.219068818,0.351697273,1
272,9,1.141068447,0.0509,0.61769616,0,0.161101836,0.798831386,0,0.551752922,0,0.71869783,0.486644407,0,0.379799666,0,0.0326,0,0,0.967445743,1.252921536,0.0735,1.371452421,0.395659432,1
272,9,1.141068447,0.0509,0.61769616,0,0.161101836,0.798831386,0,0.551752922,0,0.71869783,0.486644407,0,0.379799666,0,0.0326,0,0,0.967445743,1.252921536,0.0735,1.371452421,0.395659432,1
272,9,1.141068447,0.0509,0.61769616,0,0.161101836,0.798831386,0,0.551752922,0,0.71869783,0.486644407,0,0.379799666,0,0.0326,0,0,0.967445743,1.252921536,0.0735,1.371452421,0.395659432,1
272,4,0.507141532,0.0226,0.274531627,0,0.0716,0.355036171,0,0.245223521,0,0.319421258,0.216286403,0,0.168799852,0,0.0145,0,0,0.429975886,0.556854016,0.0326,0.609534409,0.175848637,3
272,5,0.633926915,0.0283,0.343164533,0,0.0895,0.443795214,0,0.306529401,0,0.399276572,0.270358004,0,0.210999815,0,0.0181,0,0,0.537469857,0.69606752,0.0408,0.761918012,0.219810796,3
272,9,1.141068447,0.0509,0.61769616,0,0.161101836,0.798831386,0,0.551752922,0,0.71869783,0.486644407,0,0.379799666,0,0.0326,0,0,0.967445743,1.252921536,0.0735,1.371452421,0.395659432,1
272,9,1.141068447,0.0509,0.61769616,0,0.161101836,0.798831386,0,0.551752922,0,0.71869783,0.486644407,0,0.379799666,0,0.0326,0,0,0.967445743,1.252921536,0.0735,1.371452421,0.395659432,1
272,7,0.887497681,0.0396,0.480430347,0,0.125301428,0.6213133,0,0.429141161,0,0.558987201,0.378501206,0,0.29539974,0,0.0253,0,0,0.7524578,0.974494528,0.0571,1.066685216,0.307735114,1
272,9,1.141068447,0.0509,0.61769616,0,0.161101836,0.798831386,0,0.551752922,0,0.71869783,0.486644407,0,0.379799666,0,0.0326,0,0,0.967445743,1.252921536,0.0735,1.371452421,0.395659432,1
272,9,1.141068447,0.0509,0.61769616,0,0.161101836,0.798831386,0,0.551752922,0,0.71869783,0.486644407,0,0.379799666,0,0.0326,0,0,0.967445743,1.252921536,0.0735,1.371452421,0.395659432,1
272,7,0.887497681,0.0396,0.480430347,0,0.125301428,0.6213133,0,0.429141161,0,0.558987201,0.378501206,0,0.29539974,0,0.0253,0,0,0.7524578,0.974494528,0.0571,1.066685216,0.307735114,1
272,9,1.141068447,0.0509,0.61769616,0,0.161101836,0.798831386,0,0.551752922,0,0.71869783,0.486644407,0,0.379799666,0,0.0326,0,0,0.967445743,1.252921536,0.0735,1.371452421,0.395659432,1
272,8,1.014283064,0.0453,0.549063254,0,0.143201632,0.710072343,0,0.490447041,0,0.638842515,0.432572806,0,0.337599703,0,0.0289,0,0,0.859951771,1.113708032,0.0653,1.219068818,0.351697273,1
272,7,0.887497681,0.0396,0.480430347,0,0.125301428,0.6213133,0,0.429141161,0,0.558987201,0.378501206,0,0.29539974,0,0.0253,0,0,0.7524578,0.974494528,0.0571,1.066685216,0.307735114,1
272,5,0.633926915,0.0283,0.343164533,0,0.0895,0.443795214,0,0.306529401,0,0.399276572,0.270358004,0,0.210999815,0,0.0181,0,0,0.537469857,0.69606752,0.0408,0.761918012,0.219810796,3
272,9,1.141068447,0.0509,0.61769616,0,0.161101836,0.798831386,0,0.551752922,0,0.71869783,0.486644407,0,0.379799666,0,0.0326,0,0,0.967445743,1.252921536,0.0735,1.371452421,0.395659432,1
272,9,1.141068447,0.0509,0.61769616,0,0.161101836,0.798831386,0,0.551752922,0,0.71869783,0.486644407,0,0.379799666,0,0.0326,0,0,0.967445743,1.252921536,0.0735,1.371452421,0.395659432,1
272,9,1.141068447,0.0509,0.61769616,0,0.161101836,0.798831386,0,0.551752922,0,0.71869783,0.486644407,0,0.379799666,0,0.0326,0,0,0.967445743,1.252921536,0.0735,1.371452421,0.395659432,1
272,8,1.014283064,0.0453,0.549063254,0,0.143201632,0.710072343,0,0.490447041,0,0.638842515,0.432572806,0,0.337599703,0,0.0289,0,0,0.859951771,1.113708032,0.0653,1.219068818,0.351697273,1
272,5,0.633926915,0.0283,0.343164533,0,0.0895,0.443795214,0,0.306529401,0,0.399276572,0.270358004,0,0.210999815,0,0.0181,0,0,0.537469857,0.69606752,0.0408,0.761918012,0.219810796,3
272,8,1.014283064,0.0453,0.549063254,0,0.143201632,0.710072343,0,0.490447041,0,0.638842515,0.432572806,0,0.337599703,0,0.0289,0,0,0.859951771,1.113708032,0.0653,1.219068818,0.351697273,1
272,7,0.887497681,0.0396,0.480430347,0,0.125301428,0.6213133,0,0.429141161,0,0.558987201,0.378501206,0,0.29539974,0,0.0253,0,0,0.7524578,0.974494528,0.0571,1.066685216,0.307735114,1
272,8,1.014283064,0.0453,0.549063254,0,0.143201632,0.710072343,0,0.490447041,0,0.638842515,0.432572806,0,0.337599703,0,0.0289,0,0,0.859951771,1.113708032,0.0653,1.219068818,0.351697273,1
272,9,1.141068447,0.0509,0.61769616,0,0.161101836,0.798831386,0,0.551752922,0,0.71869783,0.486644407,0,0.379799666,0,0.0326,0,0,0.967445743,1.252921536,0.0735,1.371452421,0.395659432,1
272,9,1.141068447,0.0509,0.61769616,0,0.161101836,0.798831386,0,0.551752922,0,0.71869783,0.486644407,0,0.379799666,0,0.0326,0,0,0.967445743,1.252921536,0.0735,1.371452421,0.395659432,1
272,9,1.141068447,0.0509,0.61769616,0,0.161101836,0.798831386,0,0.551752922,0,0.71869783,0.486644407,0,0.379799666,0,0.0326,0,0,0.967445743,1.252921536,0.0735,1.371452421,0.395659432,1
272,8,1.014283064,0.0453,0.549063254,0,0.143201632,0.710072343,0,0.490447041,0,0.638842515,0.432572806,0,0.337599703,0,0.0289,0,0,0.859951771,1.113708032,0.0653,1.219068818,0.351697273,1
272,9,1.141068447,0.0509,0.61769616,0,0.161101836,0.798831386,0,0.551752922,0,0.71869783,0.486644407,0,0.379799666,0,0.0326,0,0,0.967445743,1.252921536,0.0735,1.371452421,0.395659432,1
272,8,1.014283064,0.0453,0.549063254,0,0.143201632,0.710072343,0,0.490447041,0,0.638842515,0.432572806,0,0.337599703,0,0.0289,0,0,0.859951771,1.113708032,0.0653,1.219068818,0.351697273,1
272,1,0.126785383,0.00566,0.0686,0,0.0179,0.0888,0,0.06130588,0,0.0799,0.0541,0,0.0422,0,0.00362,0,0,0.107493971,0.139213504,0.00816,0.152383602,0.044,3
272,6,0.760712298,0.0339,0.41179744,0,0.107401224,0.532554257,0,0.367835281,0,0.479131886,0.324429605,0,0.253199777,0,0.0217,0,0,0.644963829,0.835281024,0.049,0.914301614,0.263772955,1
272,9,1.141068447,0.0509,0.61769616,0,0.161101836,0.798831386,0,0.551752922,0,0.71869783,0.486644407,0,0.379799666,0,0.0326,0,0,0.967445743,1.252921536,0.0735,1.371452421,0.395659432,1
272,7,0.887497681,0.0396,0.480430347,0,0.125301428,0.6213133,0,0.429141161,0,0.558987201,0.378501206,0,0.29539974,0,0.0253,0,0,0.7524578,0.974494528,0.0571,1.066685216,0.307735114,1
272,8,1.014283064,0.0453,0.549063254,0,0.143201632,0.710072343,0,0.490447041,0,0.638842515,0.432572806,0,0.337599703,0,0.0289,0,0,0.859951771,1.113708032,0.0653,1.219068818,0.351697273,1
272,5,0.633926915,0.0283,0.343164533,0,0.0895,0.443795214,0,0.306529401,0,0.399276572,0.270358004,0,0.210999815,0,0.0181,0,0,0.537469857,0.69606752,0.0408,0.761918012,0.219810796,3
272,8,1.014283064,0.0453,0.549063254,0,0.143201632,0.710072343,0,0.490447041,0,0.638842515,0.432572806,0,0.337599703,0,0.0289,0,0,0.859951771,1.113708032,0.0653,1.219068818,0.351697273,1
272,9,1.141068447,0.0509,0.61769616,0,0.161101836,0.798831386,0,0.551752922,0,0.71869783,0.486644407,0,0.379799666,0,0.0326,0,0,0.967445743,1.252921536,0.0735,1.371452421,0.395659432,1
272,7,0.887497681,0.0396,0.480430347,0,0.125301428,0.6213133,0,0.429141161,0,0.558987201,0.378501206,0,0.29539974,0,0.0253,0,0,0.7524578,0.974494528,0.0571,1.066685216,0.307735114,1
272,9,1.141068447,0.0509,0.61769616,0,0.161101836,0.798831386,0,0.551752922,0,0.71869783,0.486644407,0,0.379799666,0,0.0326,0,0,0.967445743,1.252921536,0.0735,1.371452421,0.395659432,1
272,5,0.633926915,0.0283,0.343164533,0,0.0895,0.443795214,0,0.306529401,0,0.399276572,0.270358004,0,0.210999815,0,0.0181,0,0,0.537469857,0.69606752,0.0408,0.761918012,0.219810796,3
272,9,1.141068447,0.0509,0.61769616,0,0.161101836,0.798831386,0,0.551752922,0,0.71869783,0.486644407,0,0.379799666,0,0.0326,0,0,0.967445743,1.252921536,0.0735,1.371452421,0.395659432,1
272,9,1.141068447,0.0509,0.61769616,0,0.161101836,0.798831386,0,0.551752922,0,0.71869783,0.486644407,0,0.379799666,0,0.0326,0,0,0.967445743,1.252921536,0.0735,1.371452421,0.395659432,1
272,9,1.141068447,0.0509,0.61769616,0,0.161101836,0.798831386,0,0.551752922,0,0.71869783,0.486644407,0,0.379799666,0,0.0326,0,0,0.967445743,1.252921536,0.0735,1.371452421,0.395659432,1
272,9,1.141068447,0.0509,0.61769616,0,0.161101836,0.798831386,0,0.551752922,0,0.71869783,0.486644407,0,0.379799666,0,0.0326,0,0,0.967445743,1.252921536,0.0735,1.371452421,0.395659432,1
272,6,0.760712298,0.0339,0.41179744,0,0.107401224,0.532554257,0,0.367835281,0,0.479131886,0.324429605,0,0.253199777,0,0.0217,0,0,0.644963829,0.835281024,0.049,0.914301614,0.263772955,1
272,7,0.887497681,0.0396,0.480430347,0,0.125301428,0.6213133,0,0.429141161,0,0.558987201,0.378501206,0,0.29539974,0,0.0253,0,0,0.7524578,0.974494528,0.0571,1.066685216,0.307735114,1
272,9,1.141068447,0.0509,0.61769616,0,0.161101836,0.798831386,0,0.551752922,0,0.71869783,0.486644407,0,0.379799666,0,0.0326,0,0,0.967445743,1.252921536,0.0735,1.371452421,0.395659432,1
272,1,0.126785383,0.00566,0.0686,0,0.0179,0.0888,0,0.06130588,0,0.0799,0.0541,0,0.0422,0,0.00362,0,0,0.107493971,0.139213504,0.00816,0.152383602,0.044,3
272,8,1.014283064,0.0453,0.549063254,0,0.143201632,0.710072343,0,0.490447041,0,0.638842515,0.432572806,0,0.337599703,0,0.0289,0,0,0.859951771,1.113708032,0.0653,1.219068818,0.351697273,1
272,9,1.141068447,0.0509,0.61769616,0,0.161101836,0.798831386,0,0.551752922,0,0.71869783,0.486644407,0,0.379799666,0,0.0326,0,0,0.967445743,1.252921536,0.0735,1.371452421,0.395659432,1
272,8,1.014283064,0.0453,0.549063254,0,0.143201632,0.710072343,0,0.490447041,0,0.638842515,0.432572806,0,0.337599703,0,0.0289,0,0,0.859951771,1.113708032,0.0653,1.219068818,0.351697273,1
272,9,1.141068447,0.0509,0.61769616,0,0.161101836,0.798831386,0,0.551752922,0,0.71869783,0.486644407,0,0.379799666,0,0.0326,0,0,0.967445743,1.252921536,0.0735,1.371452421,0.395659432,1
272,8,1.014283064,0.0453,0.549063254,0,0.143201632,0.710072343,0,0.490447041,0,0.638842515,0.432572806,0,0.337599703,0,0.0289,0,0,0.859951771,1.113708032,0.0653,1.219068818,0.351697273,1
272,8,1.014283064,0.0453,0.549063254,0,0.143201632,0.710072343,0,0.490447041,0,0.638842515,0.432572806,0,0.337599703,0,0.0289,0,0,0.859951771,1.113708032,0.0653,1.219068818,0.351697273,1
272,7,0.887497681,0.0396,0.480430347,0,0.125301428,0.6213133,0,0.429141161,0,0.558987201,0.378501206,0,0.29539974,0,0.0253,0,0,0.7524578,0.974494528,0.0571,1.066685216,0.307735114,1
272,5,0.633926915,0.0283,0.343164533,0,0.0895,0.443795214,0,0.306529401,0,0.399276572,0.270358004,0,0.210999815,0,0.0181,0,0,0.537469857,0.69606752,0.0408,0.761918012,0.219810796,3
272,8,1.014283064,0.0453,0.549063254,0,0.143201632,0.710072343,0,0.490447041,0,0.638842515,0.432572806,0,0.337599703,0,0.0289,0,0,0.859951771,1.113708032,0.0653,1.219068818,0.351697273,1
272,7,0.887497681,0.0396,0.480430347,0,0.125301428,0.6213133,0,0.429141161,0,0.558987201,0.378501206,0,0.29539974,0,0.0253,0,0,0.7524578,0.974494528,0.0571,1.066685216,0.307735114,1
272,9,1.141068447,0.0509,0.61769616,0,0.161101836,0.798831386,0,0.551752922,0,0.71869783,0.486644407,0,0.379799666,0,0.0326,0,0,0.967445743,1.252921536,0.0735,1.371452421,0.395659432,1
272,7,0.887497681,0.0396,0.480430347,0,0.125301428,0.6213133,0,0.429141161,0,0.558987201,0.378501206,0,0.29539974,0,0.0253,0,0,0.7524578,0.974494528,0.0571,1.066685216,0.307735114,1
272,5,0.633926915,0.0283,0.343164533,0,0.0895,0.443795214,0,0.306529401,0,0.399276572,0.270358004,0,0.210999815,0,0.0181,0,0,0.537469857,0.69606752,0.0408,0.761918012,0.219810796,3
272,9,1.141068447,0.0509,0.61769616,0,0.161101836,0.798831386,0,0.551752922,0,0.71869783,0.486644407,0,0.379799666,0,0.0326,0,0,0.967445743,1.252921536,0.0735,1.371452421,0.395659432,1
272,7,0.887497681,0.0396,0.480430347,0,0.125301428,0.6213133,0,0.429141161,0,0.558987201,0.378501206,0,0.29539974,0,0.0253,0,0,0.7524578,0.974494528,0.0571,1.066685216,0.307735114,1
272,9,1.141068447,0.0509,0.61769616,0,0.161101836,0.798831386,0,0.551752922,0,0.71869783,0.486644407,0,0.379799666,0,0.0326,0,0,0.967445743,1.252921536,0.0735,1.371452421,0.395659432,1
272,8,1.014283064,0.0453,0.549063254,0,0.143201632,0.710072343,0,0.490447041,0,0.638842515,0.432572806,0,0.337599703,0,0.0289,0,0,0.859951771,1.113708032,0.0653,1.219068818,0.351697273,1
272,8,1.014283064,0.0453,0.549063254,0,0.143201632,0.710072343,0,0.490447041,0,0.638842515,0.432572806,0,0.337599703,0,0.0289,0,0,0.859951771,1.113708032,0.0653,1.219068818,0.351697273,1
272,9,1.141068447,0.0509,0.61769616,0,0.161101836,0.798831386,0,0.551752922,0,0.71869783,0.486644407,0,0.379799666,0,0.0326,0,0,0.967445743,1.252921536,0.0735,1.371452421,0.395659432,1
272,7,0.887497681,0.0396,0.480430347,0,0.125301428,0.6213133,0,0.429141161,0,0.558987201,0.378501206,0,0.29539974,0,0.0253,0,0,0.7524578,0.974494528,0.0571,1.066685216,0.307735114,1
272,8,1.014283064,0.0453,0.549063254,0,0.143201632,0.710072343,0,0.490447041,0,0.638842515,0.432572806,0,0.337599703,0,0.0289,0,0,0.859951771,1.113708032,0.0653,1.219068818,0.351697273,1
272,9,1.141068447,0.0509,0.61769616,0,0.161101836,0.798831386,0,0.551752922,0,0.71869783,0.486644407,0,0.379799666,0,0.0326,0,0,0.967445743,1.252921536,0.0735,1.371452421,0.395659432,1
272,6,0.760712298,0.0339,0.41179744,0,0.107401224,0.532554257,0,0.367835281,0,0.479131886,0.324429605,0,0.253199777,0,0.0217,0,0,0.644963829,0.835281024,0.049,0.914301614,0.263772955,1
272,8,1.014283064,0.0453,0.549063254,0,0.143201632,0.710072343,0,0.490447041,0,0.638842515,0.432572806,0,0.337599703,0,0.0289,0,0,0.859951771,1.113708032,0.0653,1.219068818,0.351697273,1
272,7,0.887497681,0.0396,0.480430347,0,0.125301428,0.6213133,0,0.429141161,0,0.558987201,0.378501206,0,0.29539974,0,0.0253,0,0,0.7524578,0.974494528,0.0571,1.066685216,0.307735114,1
272,6,0.760712298,0.0339,0.41179744,0,0.107401224,0.532554257,0,0.367835281,0,0.479131886,0.324429605,0,0.253199777,0,0.0217,0,0,0.644963829,0.835281024,0.049,0.914301614,0.263772955,1
272,9,1.141068447,0.0509,0.61769616,0,0.161101836,0.798831386,0,0.551752922,0,0.71869783,0.486644407,0,0.379799666,0,0.0326,0,0,0.967445743,1.252921536,0.0735,1.371452421,0.395659432,1
272,8,1.014283064,0.0453,0.549063254,0,0.143201632,0.710072343,0,0.490447041,0,0.638842515,0.432572806,0,0.337599703,0,0.0289,0,0,0.859951771,1.113708032,0.0653,1.219068818,0.351697273,1
272,8,1.014283064,0.0453,0.549063254,0,0.143201632,0.710072343,0,0.490447041,0,0.638842515,0.432572806,0,0.337599703,0,0.0289,0,0,0.859951771,1.113708032,0.0653,1.219068818,0.351697273,1
272,8,1.014283064,0.0453,0.549063254,0,0.143201632,0.710072343,0,0.490447041,0,0.638842515,0.432572806,0,0.337599703,0,0.0289,0,0,0.859951771,1.113708032,0.0653,1.219068818,0.351697273,1
272,7,0.887497681,0.0396,0.480430347,0,0.125301428,0.6213133,0,0.429141161,0,0.558987201,0.378501206,0,0.29539974,0,0.0253,0,0,0.7524578,0.974494528,0.0571,1.066685216,0.307735114,1
272,8,1.014283064,0.0453,0.549063254,0,0.143201632,0.710072343,0,0.490447041,0,0.638842515,0.432572806,0,0.337599703,0,0.0289,0,0,0.859951771,1.113708032,0.0653,1.219068818,0.351697273,1
272,6,0.760712298,0.0339,0.41179744,0,0.107401224,0.532554257,0,0.367835281,0,0.479131886,0.324429605,0,0.253199777,0,0.0217,0,0,0.644963829,0.835281024,0.049,0.914301614,0.263772955,1
272,7,0.887497681,0.0396,0.480430347,0,0.125301428,0.6213133,0,0.429141161,0,0.558987201,0.378501206,0,0.29539974,0,0.0253,0,0,0.7524578,0.974494528,0.0571,1.066685216,0.307735114,1
272,8,1.014283064,0.0453,0.549063254,0,0.143201632,0.710072343,0,0.490447041,0,0.638842515,0.432572806,0,0.337599703,0,0.0289,0,0,0.859951771,1.113708032,0.0653,1.219068818,0.351697273,1
272,4,0.507141532,0.0226,0.274531627,0,0.0716,0.355036171,0,0.245223521,0,0.319421258,0.216286403,0,0.168799852,0,0.0145,0,0,0.429975886,0.556854016,0.0326,0.609534409,0.175848637,3
272,9,1.141068447,0.0509,0.61769616,0,0.161101836,0.798831386,0,0.551752922,0,0.71869783,0.486644407,0,0.379799666,0,0.0326,0,0,0.967445743,1.252921536,0.0735,1.371452421,0.395659432,1
272,7,0.887497681,0.0396,0.480430347,0,0.125301428,0.6213133,0,0.429141161,0,0.558987201,0.378501206,0,0.29539974,0,0.0253,0,0,0.7524578,0.974494528,0.0571,1.066685216,0.307735114,1
272,9,1.141068447,0.0509,0.61769616,0,0.161101836,0.798831386,0,0.551752922,0,0.71869783,0.486644407,0,0.379799666,0,0.0326,0,0,0.967445743,1.252921536,0.0735,1.371452421,0.395659432,1
272,8,1.014283064,0.0453,0.549063254,0,0.143201632,0.710072343,0,0.490447041,0,0.638842515,0.432572806,0,0.337599703,0,0.0289,0,0,0.859951771,1.113708032,0.0653,1.219068818,0.351697273,1
272,9,1.141068447,0.0509,0.61769616,0,0.161101836,0.798831386,0,0.551752922,0,0.71869783,0.486644407,0,0.379799666,0,0.0326,0,0,0.967445743,1.252921536,0.0735,1.371452421,0.395659432,1
272,6,0.760712298,0.0339,0.41179744,0,0.107401224,0.532554257,0,0.367835281,0,0.479131886,0.324429605,0,0.253199777,0,0.0217,0,0,0.644963829,0.835281024,0.049,0.914301614,0.263772955,1
272,8,1.014283064,0.0453,0.549063254,0,0.143201632,0.710072343,0,0.490447041,0,0.638842515,0.432572806,0,0.337599703,0,0.0289,0,0,0.859951771,1.113708032,0.0653,1.219068818,0.351697273,1
272,8,1.014283064,0.0453,0.549063254,0,0.143201632,0.710072343,0,0.490447041,0,0.638842515,0.432572806,0,0.337599703,0,0.0289,0,0,0.859951771,1.113708032,0.0653,1.219068818,0.351697273,1
272,8,1.014283064,0.0453,0.549063254,0,0.143201632,0.710072343,0,0.490447041,0,0.638842515,0.432572806,0,0.337599703,0,0.0289,0,0,0.859951771,1.113708032,0.0653,1.219068818,0.351697273,1
272,9,1.141068447,0.0509,0.61769616,0,0.161101836,0.798831386,0,0.551752922,0,0.71869783,0.486644407,0,0.379799666,0,0.0326,0,0,0.967445743,1.252921536,0.0735,1.371452421,0.395659432,1
272,8,1.014283064,0.0453,0.549063254,0,0.143201632,0.710072343,0,0.490447041,0,0.638842515,0.432572806,0,0.337599703,0,0.0289,0,0,0.859951771,1.113708032,0.0653,1.219068818,0.351697273,1
272,6,0.760712298,0.0339,0.41179744,0,0.107401224,0.532554257,0,0.367835281,0,0.479131886,0.324429605,0,0.253199777,0,0.0217,0,0,0.644963829,0.835281024,0.049,0.914301614,0.263772955,1
272,7,0.887497681,0.0396,0.480430347,0,0.125301428,0.6213133,0,0.429141161,0,0.558987201,0.378501206,0,0.29539974,0,0.0253,0,0,0.7524578,0.974494528,0.0571,1.066685216,0.307735114,1
272,7,0.887497681,0.0396,0.480430347,0,0.125301428,0.6213133,0,0.429141161,0,0.558987201,0.378501206,0,0.29539974,0,0.0253,0,0,0.7524578,0.974494528,0.0571,1.066685216,0.307735114,1
272,8,1.014283064,0.0453,0.549063254,0,0.143201632,0.710072343,0,0.490447041,0,0.638842515,0.432572806,0,0.337599703,0,0.0289,0,0,0.859951771,1.113708032,0.0653,1.219068818,0.351697273,1
272,7,0.887497681,0.0396,0.480430347,0,0.125301428,0.6213133,0,0.429141161,0,0.558987201,0.378501206,0,0.29539974,0,0.0253,0,0,0.7524578,0.974494528,0.0571,1.066685216,0.307735114,1
272,9,1.141068447,0.0509,0.61769616,0,0.161101836,0.798831386,0,0.551752922,0,0.71869783,0.486644407,0,0.379799666,0,0.0326,0,0,0.967445743,1.252921536,0.0735,1.371452421,0.395659432,1
272,6,0.760712298,0.0339,0.41179744,0,0.107401224,0.532554257,0,0.367835281,0,0.479131886,0.324429605,0,0.253199777,0,0.0217,0,0,0.644963829,0.835281024,0.049,0.914301614,0.263772955,1
272,8,1.014283064,0.0453,0.549063254,0,0.143201632,0.710072343,0,0.490447041,0,0.638842515,0.432572806,0,0.337599703,0,0.0289,0,0,0.859951771,1.113708032,0.0653,1.219068818,0.351697273,1
272,9,1.141068447,0.0509,0.61769616,0,0.161101836,0.798831386,0,0.551752922,0,0.71869783,0.486644407,0,0.379799666,0,0.0326,0,0,0.967445743,1.252921536,0.0735,1.371452421,0.395659432,1
272,8,1.014283064,0.0453,0.549063254,0,0.143201632,0.710072343,0,0.490447041,0,0.638842515,0.432572806,0,0.337599703,0,0.0289,0,0,0.859951771,1.113708032,0.0653,1.219068818,0.351697273,1
272,5,0.633926915,0.0283,0.343164533,0,0.0895,0.443795214,0,0.306529401,0,0.399276572,0.270358004,0,0.210999815,0,0.0181,0,0,0.537469857,0.69606752,0.0408,0.761918012,0.219810796,3
272,9,1.141068447,0.0509,0.61769616,0,0.161101836,0.798831386,0,0.551752922,0,0.71869783,0.486644407,0,0.379799666,0,0.0326,0,0,0.967445743,1.252921536,0.0735,1.371452421,0.395659432,1
272,7,0.887497681,0.0396,0.480430347,0,0.125301428,0.6213133,0,0.429141161,0,0.558987201,0.378501206,0,0.29539974,0,0.0253,0,0,0.7524578,0.974494528,0.0571,1.066685216,0.307735114,1
272,9,1.141068447,0.0509,0.61769616,0,0.161101836,0.798831386,0,0.551752922,0,0.71869783,0.486644407,0,0.379799666,0,0.0326,0,0,0.967445743,1.252921536,0.0735,1.371452421,0.395659432,1
272,9,1.141068447,0.0509,0.61769616,0,0.161101836,0.798831386,0,0.551752922,0,0.71869783,0.486644407,0,0.379799666,0,0.0326,0,0,0.967445743,1.252921536,0.0735,1.371452421,0.395659432,1
272,8,1.014283064,0.0453,0.549063254,0,0.143201632,0.710072343,0,0.490447041,0,0.638842515,0.432572806,0,0.337599703,0,0.0289,0,0,0.859951771,1.113708032,0.0653,1.219068818,0.351697273,1
272,7,0.887497681,0.0396,0.480430347,0,0.125301428,0.6213133,0,0.429141161,0,0.558987201,0.378501206,0,0.29539974,0,0.0253,0,0,0.7524578,0.974494528,0.0571,1.066685216,0.307735114,1
272,8,1.014283064,0.0453,0.549063254,0,0.143201632,0.710072343,0,0.490447041,0,0.638842515,0.432572806,0,0.337599703,0,0.0289,0,0,0.859951771,1.113708032,0.0653,1.219068818,0.351697273,1
272,6,0.760712298,0.0339,0.41179744,0,0.107401224,0.532554257,0,0.367835281,0,0.479131886,0.324429605,0,0.253199777,0,0.0217,0,0,0.644963829,0.835281024,0.049,0.914301614,0.263772955,1
272,7,0.887497681,0.0396,0.480430347,0,0.125301428,0.6213133,0,0.429141161,0,0.558987201,0.378501206,0,0.29539974,0,0.0253,0,0,0.7524578,0.974494528,0.0571,1.066685216,0.307735114,1
272,5,0.633926915,0.0283,0.343164533,0,0.0895,0.443795214,0,0.306529401,0,0.399276572,0.270358004,0,0.210999815,0,0.0181,0,0,0.537469857,0.69606752,0.0408,0.761918012,0.219810796,3
272,9,1.141068447,0.0509,0.61769616,0,0.161101836,0.798831386,0,0.551752922,0,0.71869783,0.486644407,0,0.379799666,0,0.0326,0,0,0.967445743,1.252921536,0.0735,1.371452421,0.395659432,1
272,7,0.887497681,0.0396,0.480430347,0,0.125301428,0.6213133,0,0.429141161,0,0.558987201,0.378501206,0,0.29539974,0,0.0253,0,0,0.7524578,0.974494528,0.0571,1.066685216,0.307735114,1
272,9,1.141068447,0.0509,0.61769616,0,0.161101836,0.798831386,0,0.551752922,0,0.71869783,0.486644407,0,0.379799666,0,0.0326,0,0,0.967445743,1.252921536,0.0735,1.371452421,0.395659432,1
272,8,1.014283064,0.0453,0.549063254,0,0.143201632,0.710072343,0,0.490447041,0,0.638842515,0.432572806,0,0.337599703,0,0.0289,0,0,0.859951771,1.113708032,0.0653,1.219068818,0.351697273,1
272,2,0.253570766,0.0113,0.137265813,0,0.0358,0.177518086,0,0.12261176,0,0.159710629,0.108143202,0,0.0844,0,0.00723,0,0,0.214987943,0.278427008,0.0163,0.304767205,0.0879,3
272,7,0.887497681,0.0396,0.480430347,0,0.125301428,0.6213133,0,0.429141161,0,0.558987201,0.378501206,0,0.29539974,0,0.0253,0,0,0.7524578,0.974494528,0.0571,1.066685216,0.307735114,1
272,8,1.014283064,0.0453,0.549063254,0,0.143201632,0.710072343,0,0.490447041,0,0.638842515,0.432572806,0,0.337599703,0,0.0289,0,0,0.859951771,1.113708032,0.0653,1.219068818,0.351697273,1
272,9,1.141068447,0.0509,0.61769616,0,0.161101836,0.798831386,0,0.551752922,0,0.71869783,0.486644407,0,0.379799666,0,0.0326,0,0,0.967445743,1.252921536,0.0735,1.371452421,0.395659432,1
272,8,1.014283064,0.0453,0.549063254,0,0.143201632,0.710072343,0,0.490447041,0,0.638842515,0.432572806,0,0.337599703,0,0.0289,0,0,0.859951771,1.113708032,0.0653,1.219068818,0.351697273,1
272,8,1.014283064,0.0453,0.549063254,0,0.143201632,0.710072343,0,0.490447041,0,0.638842515,0.432572806,0,0.337599703,0,0.0289,0,0,0.859951771,1.113708032,0.0653,1.219068818,0.351697273,1
272,8,1.014283064,0.0453,0.549063254,0,0.143201632,0.710072343,0,0.490447041,0,0.638842515,0.432572806,0,0.337599703,0,0.0289,0,0,0.859951771,1.113708032,0.0653,1.219068818,0.351697273,1
272,7,0.887497681,0.0396,0.480430347,0,0.125301428,0.6213133,0,0.429141161,0,0.558987201,0.378501206,0,0.29539974,0,0.0253,0,0,0.7524578,0.974494528,0.0571,1.066685216,0.307735114,1
272,7,0.887497681,0.0396,0.480430347,0,0.125301428,0.6213133,0,0.429141161,0,0.558987201,0.378501206,0,0.29539974,0,0.0253,0,0,0.7524578,0.974494528,0.0571,1.066685216,0.307735114,1
272,6,0.760712298,0.0339,0.41179744,0,0.107401224,0.532554257,0,0.367835281,0,0.479131886,0.324429605,0,0.253199777,0,0.0217,0,0,0.644963829,0.835281024,0.049,0.914301614,0.263772955,1
272,9,1.141068447,0.0509,0.61769616,0,0.161101836,0.798831386,0,0.551752922,0,0.71869783,0.486644407,0,0.379799666,0,0.0326,0,0,0.967445743,1.252921536,0.0735,1.371452421,0.395659432,1
272,6,0.760712298,0.0339,0.41179744,0,0.107401224,0.532554257,0,0.367835281,0,0.479131886,0.324429605,0,0.253199777,0,0.0217,0,0,0.644963829,0.835281024,0.049,0.914301614,0.263772955,1
272,7,0.887497681,0.0396,0.480430347,0,0.125301428,0.6213133,0,0.429141161,0,0.558987201,0.378501206,0,0.29539974,0,0.0253,0,0,0.7524578,0.974494528,0.0571,1.066685216,0.307735114,1
272,7,0.887497681,0.0396,0.480430347,0,0.125301428,0.6213133,0,0.429141161,0,0.558987201,0.378501206,0,0.29539974,0,0.0253,0,0,0.7524578,0.974494528,0.0571,1.066685216,0.307735114,1
272,7,0.887497681,0.0396,0.480430347,0,0.125301428,0.6213133,0,0.429141161,0,0.558987201,0.378501206,0,0.29539974,0,0.0253,0,0,0.7524578,0.974494528,0.0571,1.066685216,0.307735114,1
272,5,0.633926915,0.0283,0.343164533,0,0.0895,0.443795214,0,0.306529401,0,0.399276572,0.270358004,0,0.210999815,0,0.0181,0,0,0.537469857,0.69606752,0.0408,0.761918012,0.219810796,3
272,8,1.014283064,0.0453,0.549063254,0,0.143201632,0.710072343,0,0.490447041,0,0.638842515,0.432572806,0,0.337599703,0,0.0289,0,0,0.859951771,1.113708032,0.0653,1.219068818,0.351697273,1
272,9,1.141068447,0.0509,0.61769616,0,0.161101836,0.798831386,0,0.551752922,0,0.71869783,0.486644407,0,0.379799666,0,0.0326,0,0,0.967445743,1.252921536,0.0735,1.371452421,0.395659432,1
272,5,0.633926915,0.0283,0.343164533,0,0.0895,0.443795214,0,0.306529401,0,0.399276572,0.270358004,0,0.210999815,0,0.0181,0,0,0.537469857,0.69606752,0.0408,0.761918012,0.219810796,3
272,1,0.126785383,0.00566,0.0686,0,0.0179,0.0888,0,0.06130588,0,0.0799,0.0541,0,0.0422,0,0.00362,0,0,0.107493971,0.139213504,0.00816,0.152383602,0.044,3
272,9,1.141068447,0.0509,0.61769616,0,0.161101836,0.798831386,0,0.551752922,0,0.71869783,0.486644407,0,0.379799666,0,0.0326,0,0,0.967445743,1.252921536,0.0735,1.371452421,0.395659432,1
272,9,1.141068447,0.0509,0.61769616,0,0.161101836,0.798831386,0,0.551752922,0,0.71869783,0.486644407,0,0.379799666,0,0.0326,0,0,0.967445743,1.252921536,0.0735,1.371452421,0.395659432,1
272,3,0.380356149,0.017,0.20589872,0,0.0537,0.266277129,0,0.183917641,0,0.239565943,0.162214802,0,0.126599889,0,0.0109,0,0,0.322481914,0.417640512,0.024485253,0.457150807,0.131886477,3
272,9,1.141068447,0.0509,0.61769616,0,0.161101836,0.798831386,0,0.551752922,0,0.71869783,0.486644407,0,0.379799666,0,0.0326,0,0,0.967445743,1.252921536,0.0735,1.371452421,0.395659432,1
272,7,0.887497681,0.0396,0.480430347,0,0.125301428,0.6213133,0,0.429141161,0,0.558987201,0.378501206,0,0.29539974,0,0.0253,0,0,0.7524578,0.974494528,0.0571,1.066685216,0.307735114,1
272,8,1.014283064,0.0453,0.549063254,0,0.143201632,0.710072343,0,0.490447041,0,0.638842515,0.432572806,0,0.337599703,0,0.0289,0,0,0.859951771,1.113708032,0.0653,1.219068818,0.351697273,1
272,8,1.014283064,0.0453,0.549063254,0,0.143201632,0.710072343,0,0.490447041,0,0.638842515,0.432572806,0,0.337599703,0,0.0289,0,0,0.859951771,1.113708032,0.0653,1.219068818,0.351697273,1
272,9,1.141068447,0.0509,0.61769616,0,0.161101836,0.798831386,0,0.551752922,0,0.71869783,0.486644407,0,0.379799666,0,0.0326,0,0,0.967445743,1.252921536,0.0735,1.371452421,0.395659432,1
272,6,0.760712298,0.0339,0.41179744,0,0.107401224,0.532554257,0,0.367835281,0,0.479131886,0.324429605,0,0.253199777,0,0.0217,0,0,0.644963829,0.835281024,0.049,0.914301614,0.263772955,1
272,8,1.014283064,0.0453,0.549063254,0,0.143201632,0.710072343,0,0.490447041,0,0.638842515,0.432572806,0,0.337599703,0,0.0289,0,0,0.859951771,1.113708032,0.0653,1.219068818,0.351697273,1
272,9,1.141068447,0.0509,0.61769616,0,0.161101836,0.798831386,0,0.551752922,0,0.71869783,0.486644407,0,0.379799666,0,0.0326,0,0,0.967445743,1.252921536,0.0735,1.371452421,0.395659432,1
272,8,1.014283064,0.0453,0.549063254,0,0.143201632,0.710072343,0,0.490447041,0,0.638842515,0.432572806,0,0.337599703,0,0.0289,0,0,0.859951771,1.113708032,0.0653,1.219068818,0.351697273,1
272,7,0.887497681,0.0396,0.480430347,0,0.125301428,0.6213133,0,0.429141161,0,0.558987201,0.378501206,0,0.29539974,0,0.0253,0,0,0.7524578,0.974494528,0.0571,1.066685216,0.307735114,1
272,6,0.760712298,0.0339,0.41179744,0,0.107401224,0.532554257,0,0.367835281,0,0.479131886,0.324429605,0,0.253199777,0,0.0217,0,0,0.644963829,0.835281024,0.049,0.914301614,0.263772955,1
272,7,0.887497681,0.0396,0.480430347,0,0.125301428,0.6213133,0,0.429141161,0,0.558987201,0.378501206,0,0.29539974,0,0.0253,0,0,0.7524578,0.974494528,0.0571,1.066685216,0.307735114,1
272,7,0.887497681,0.0396,0.480430347,0,0.125301428,0.6213133,0,0.429141161,0,0.558987201,0.378501206,0,0.29539974,0,0.0253,0,0,0.7524578,0.974494528,0.0571,1.066685216,0.307735114,1
272,6,0.760712298,0.0339,0.41179744,0,0.107401224,0.532554257,0,0.367835281,0,0.479131886,0.324429605,0,0.253199777,0,0.0217,0,0,0.644963829,0.835281024,0.049,0.914301614,0.263772955,1
272,6,0.760712298,0.0339,0.41179744,0,0.107401224,0.532554257,0,0.367835281,0,0.479131886,0.324429605,0,0.253199777,0,0.0217,0,0,0.644963829,0.835281024,0.049,0.914301614,0.263772955,1
272,8,1.014283064,0.0453,0.549063254,0,0.143201632,0.710072343,0,0.490447041,0,0.638842515,0.432572806,0,0.337599703,0,0.0289,0,0,0.859951771,1.113708032,0.0653,1.219068818,0.351697273,1
272,8,1.014283064,0.0453,0.549063254,0,0.143201632,0.710072343,0,0.490447041,0,0.638842515,0.432572806,0,0.337599703,0,0.0289,0,0,0.859951771,1.113708032,0.0653,1.219068818,0.351697273,1
272,8,1.014283064,0.0453,0.549063254,0,0.143201632,0.710072343,0,0.490447041,0,0.638842515,0.432572806,0,0.337599703,0,0.0289,0,0,0.859951771,1.113708032,0.0653,1.219068818,0.351697273,1
272,9,1.141068447,0.0509,0.61769616,0,0.161101836,0.798831386,0,0.551752922,0,0.71869783,0.486644407,0,0.379799666,0,0.0326,0,0,0.967445743,1.252921536,0.0735,1.371452421,0.395659432,1
272,7,0.887497681,0.0396,0.480430347,0,0.125301428,0.6213133,0,0.429141161,0,0.558987201,0.378501206,0,0.29539974,0,0.0253,0,0,0.7524578,0.974494528,0.0571,1.066685216,0.307735114,1
272,8,1.014283064,0.0453,0.549063254,0,0.143201632,0.710072343,0,0.490447041,0,0.638842515,0.432572806,0,0.337599703,0,0.0289,0,0,0.859951771,1.113708032,0.0653,1.219068818,0.351697273,1
272,7,0.887497681,0.0396,0.480430347,0,0.125301428,0.6213133,0,0.429141161,0,0.558987201,0.378501206,0,0.29539974,0,0.0253,0,0,0.7524578,0.974494528,0.0571,1.066685216,0.307735114,1
272,7,0.887497681,0.0396,0.480430347,0,0.125301428,0.6213133,0,0.429141161,0,0.558987201,0.378501206,0,0.29539974,0,0.0253,0,0,0.7524578,0.974494528,0.0571,1.066685216,0.307735114,1
272,9,1.141068447,0.0509,0.61769616,0,0.161101836,0.798831386,0,0.551752922,0,0.71869783,0.486644407,0,0.379799666,0,0.0326,0,0,0.967445743,1.252921536,0.0735,1.371452421,0.395659432,1
272,5,0.633926915,0.0283,0.343164533,0,0.0895,0.443795214,0,0.306529401,0,0.399276572,0.270358004,0,0.210999815,0,0.0181,0,0,0.537469857,0.69606752,0.0408,0.761918012,0.219810796,3
272,7,0.887497681,0.0396,0.480430347,0,0.125301428,0.6213133,0,0.429141161,0,0.558987201,0.378501206,0,0.29539974,0,0.0253,0,0,0.7524578,0.974494528,0.0571,1.066685216,0.307735114,1
272,8,1.014283064,0.0453,0.549063254,0,0.143201632,0.710072343,0,0.490447041,0,0.638842515,0.432572806,0,0.337599703,0,0.0289,0,0,0.859951771,1.113708032,0.0653,1.219068818,0.351697273,1
272,7,0.887497681,0.0396,0.480430347,0,0.125301428,0.6213133,0,0.429141161,0,0.558987201,0.378501206,0,0.29539974,0,0.0253,0,0,0.7524578,0.974494528,0.0571,1.066685216,0.307735114,1
272,8,1.014283064,0.0453,0.549063254,0,0.143201632,0.710072343,0,0.490447041,0,0.638842515,0.432572806,0,0.337599703,0,0.0289,0,0,0.859951771,1.113708032,0.0653,1.219068818,0.351697273,1
272,4,0.507141532,0.0226,0.274531627,0,0.0716,0.355036171,0,0.245223521,0,0.319421258,0.216286403,0,0.168799852,0,0.0145,0,0,0.429975886,0.556854016,0.0326,0.609534409,0.175848637,3
272,8,1.014283064,0.0453,0.549063254,0,0.143201632,0.710072343,0,0.490447041,0,0.638842515,0.432572806,0,0.337599703,0,0.0289,0,0,0.859951771,1.113708032,0.0653,1.219068818,0.351697273,1
272,7,0.887497681,0.0396,0.480430347,0,0.125301428,0.6213133,0,0.429141161,0,0.558987201,0.378501206,0,0.29539974,0,0.0253,0,0,0.7524578,0.974494528,0.0571,1.066685216,0.307735114,1
272,6,0.760712298,0.0339,0.41179744,0,0.107401224,0.532554257,0,0.367835281,0,0.479131886,0.324429605,0,0.253199777,0,0.0217,0,0,0.644963829,0.835281024,0.049,0.914301614,0.263772955,1
272,7,0.887497681,0.0396,0.480430347,0,0.125301428,0.6213133,0,0.429141161,0,0.558987201,0.378501206,0,0.29539974,0,0.0253,0,0,0.7524578,0.974494528,0.0571,1.066685216,0.307735114,1
272,7,0.887497681,0.0396,0.480430347,0,0.125301428,0.6213133,0,0.429141161,0,0.558987201,0.378501206,0,0.29539974,0,0.0253,0,0,0.7524578,0.974494528,0.0571,1.066685216,0.307735114,1
272,8,1.014283064,0.0453,0.549063254,0,0.143201632,0.710072343,0,0.490447041,0,0.638842515,0.432572806,0,0.337599703,0,0.0289,0,0,0.859951771,1.113708032,0.0653,1.219068818,0.351697273,1
272,9,1.141068447,0.0509,0.61769616,0,0.161101836,0.798831386,0,0.551752922,0,0.71869783,0.486644407,0,0.379799666,0,0.0326,0,0,0.967445743,1.252921536,0.0735,1.371452421,0.395659432,1
272,8,1.014283064,0.0453,0.549063254,0,0.143201632,0.710072343,0,0.490447041,0,0.638842515,0.432572806,0,0.337599703,0,0.0289,0,0,0.859951771,1.113708032,0.0653,1.219068818,0.351697273,1
272,9,1.141068447,0.0509,0.61769616,0,0.161101836,0.798831386,0,0.551752922,0,0.71869783,0.486644407,0,0.379799666,0,0.0326,0,0,0.967445743,1.252921536,0.0735,1.371452421,0.395659432,1
272,8,1.014283064,0.0453,0.549063254,0,0.143201632,0.710072343,0,0.490447041,0,0.638842515,0.432572806,0,0.337599703,0,0.0289,0,0,0.859951771,1.113708032,0.0653,1.219068818,0.351697273,1
272,8,1.014283064,0.0453,0.549063254,0,0.143201632,0.710072343,0,0.490447041,0,0.638842515,0.432572806,0,0.337599703,0,0.0289,0,0,0.859951771,1.113708032,0.0653,1.219068818,0.351697273,1
272,9,1.141068447,0.0509,0.61769616,0,0.161101836,0.798831386,0,0.551752922,0,0.71869783,0.486644407,0,0.379799666,0,0.0326,0,0,0.967445743,1.252921536,0.0735,1.371452421,0.395659432,1
272,5,0.633926915,0.0283,0.343164533,0,0.0895,0.443795214,0,0.306529401,0,0.399276572,0.270358004,0,0.210999815,0,0.0181,0,0,0.537469857,0.69606752,0.0408,0.761918012,0.219810796,3
272,8,1.014283064,0.0453,0.549063254,0,0.143201632,0.710072343,0,0.490447041,0,0.638842515,0.432572806,0,0.337599703,0,0.0289,0,0,0.859951771,1.113708032,0.0653,1.219068818,0.351697273,1
272,7,0.887497681,0.0396,0.480430347,0,0.125301428,0.6213133,0,0.429141161,0,0.558987201,0.378501206,0,0.29539974,0,0.0253,0,0,0.7524578,0.974494528,0.0571,1.066685216,0.307735114,1
272,6,0.760712298,0.0339,0.41179744,0,0.107401224,0.532554257,0,0.367835281,0,0.479131886,0.324429605,0,0.253199777,0,0.0217,0,0,0.644963829,0.835281024,0.049,0.914301614,0.263772955,1
272,8,1.014283064,0.0453,0.549063254,0,0.143201632,0.710072343,0,0.490447041,0,0.638842515,0.432572806,0,0.337599703,0,0.0289,0,0,0.859951771,1.113708032,0.0653,1.219068818,0.351697273,1
272,5,0.633926915,0.0283,0.343164533,0,0.0895,0.443795214,0,0.306529401,0,0.399276572,0.270358004,0,0.210999815,0,0.0181,0,0,0.537469857,0.69606752,0.0408,0.761918012,0.219810796,3
272,7,0.887497681,0.0396,0.480430347,0,0.125301428,0.6213133,0,0.429141161,0,0.558987201,0.378501206,0,0.29539974,0,0.0253,0,0,0.7524578,0.974494528,0.0571,1.066685216,0.307735114,1
272,8,1.014283064,0.0453,0.549063254,0,0.143201632,0.710072343,0,0.490447041,0,0.638842515,0.432572806,0,0.337599703,0,0.0289,0,0,0.859951771,1.113708032,0.0653,1.219068818,0.351697273,1
272,9,1.141068447,0.0509,0.61769616,0,0.161101836,0.798831386,0,0.551752922,0,0.71869783,0.486644407,0,0.379799666,0,0.0326,0,0,0.967445743,1.252921536,0.0735,1.371452421,0.395659432,1
272,7,0.887497681,0.0396,0.480430347,0,0.125301428,0.6213133,0,0.429141161,0,0.558987201,0.378501206,0,0.29539974,0,0.0253,0,0,0.7524578,0.974494528,0.0571,1.066685216,0.307735114,1
272,7,0.887497681,0.0396,0.480430347,0,0.125301428,0.6213133,0,0.429141161,0,0.558987201,0.378501206,0,0.29539974,0,0.0253,0,0,0.7524578,0.974494528,0.0571,1.066685216,0.307735114,1
272,7,0.887497681,0.0396,0.480430347,0,0.125301428,0.6213133,0,0.429141161,0,0.558987201,0.378501206,0,0.29539974,0,0.0253,0,0,0.7524578,0.974494528,0.0571,1.066685216,0.307735114,1
272,7,0.887497681,0.0396,0.480430347,0,0.125301428,0.6213133,0,0.429141161,0,0.558987201,0.378501206,0,0.29539974,0,0.0253,0,0,0.7524578,0.974494528,0.0571,1.066685216,0.307735114,1
272,6,0.760712298,0.0339,0.41179744,0,0.107401224,0.532554257,0,0.367835281,0,0.479131886,0.324429605,0,0.253199777,0,0.0217,0,0,0.644963829,0.835281024,0.049,0.914301614,0.263772955,1
272,5,0.633926915,0.0283,0.343164533,0,0.0895,0.443795214,0,0.306529401,0,0.399276572,0.270358004,0,0.210999815,0,0.0181,0,0,0.537469857,0.69606752,0.0408,0.761918012,0.219810796,3
272,3,0.380356149,0.017,0.20589872,0,0.0537,0.266277129,0,0.183917641,0,0.239565943,0.162214802,0,0.126599889,0,0.0109,0,0,0.322481914,0.417640512,0.024485253,0.457150807,0.131886477,3
272,7,0.887497681,0.0396,0.480430347,0,0.125301428,0.6213133,0,0.429141161,0,0.558987201,0.378501206,0,0.29539974,0,0.0253,0,0,0.7524578,0.974494528,0.0571,1.066685216,0.307735114,1
272,7,0.887497681,0.0396,0.480430347,0,0.125301428,0.6213133,0,0.429141161,0,0.558987201,0.378501206,0,0.29539974,0,0.0253,0,0,0.7524578,0.974494528,0.0571,1.066685216,0.307735114,1
272,7,0.887497681,0.0396,0.480430347,0,0.125301428,0.6213133,0,0.429141161,0,0.558987201,0.378501206,0,0.29539974,0,0.0253,0,0,0.7524578,0.974494528,0.0571,1.066685216,0.307735114,1
272,6,0.760712298,0.0339,0.41179744,0,0.107401224,0.532554257,0,0.367835281,0,0.479131886,0.324429605,0,0.253199777,0,0.0217,0,0,0.644963829,0.835281024,0.049,0.914301614,0.263772955,1
272,8,1.014283064,0.0453,0.549063254,0,0.143201632,0.710072343,0,0.490447041,0,0.638842515,0.432572806,0,0.337599703,0,0.0289,0,0,0.859951771,1.113708032,0.0653,1.219068818,0.351697273,1
272,9,1.141068447,0.0509,0.61769616,0,0.161101836,0.798831386,0,0.551752922,0,0.71869783,0.486644407,0,0.379799666,0,0.0326,0,0,0.967445743,1.252921536,0.0735,1.371452421,0.395659432,1
272,7,0.887497681,0.0396,0.480430347,0,0.125301428,0.6213133,0,0.429141161,0,0.558987201,0.378501206,0,0.29539974,0,0.0253,0,0,0.7524578,0.974494528,0.0571,1.066685216,0.307735114,1
272,8,1.014283064,0.0453,0.549063254,0,0.143201632,0.710072343,0,0.490447041,0,0.638842515,0.432572806,0,0.337599703,0,0.0289,0,0,0.859951771,1.113708032,0.0653,1.219068818,0.351697273,1
272,9,1.141068447,0.0509,0.61769616,0,0.161101836,0.798831386,0,0.551752922,0,0.71869783,0.486644407,0,0.379799666,0,0.0326,0,0,0.967445743,1.252921536,0.0735,1.371452421,0.395659432,1
272,6,0.760712298,0.0339,0.41179744,0,0.107401224,0.532554257,0,0.367835281,0,0.479131886,0.324429605,0,0.253199777,0,0.0217,0,0,0.644963829,0.835281024,0.049,0.914301614,0.263772955,1
272,6,0.760712298,0.0339,0.41179744,0,0.107401224,0.532554257,0,0.367835281,0,0.479131886,0.324429605,0,0.253199777,0,0.0217,0,0,0.644963829,0.835281024,0.049,0.914301614,0.263772955,1
272,5,0.633926915,0.0283,0.343164533,0,0.0895,0.443795214,0,0.306529401,0,0.399276572,0.270358004,0,0.210999815,0,0.0181,0,0,0.537469857,0.69606752,0.0408,0.761918012,0.219810796,3
272,6,0.760712298,0.0339,0.41179744,0,0.107401224,0.532554257,0,0.367835281,0,0.479131886,0.324429605,0,0.253199777,0,0.0217,0,0,0.644963829,0.835281024,0.049,0.914301614,0.263772955,1
272,5,0.633926915,0.0283,0.343164533,0,0.0895,0.443795214,0,0.306529401,0,0.399276572,0.270358004,0,0.210999815,0,0.0181,0,0,0.537469857,0.69606752,0.0408,0.761918012,0.219810796,3
272,8,1.014283064,0.0453,0.549063254,0,0.143201632,0.710072343,0,0.490447041,0,0.638842515,0.432572806,0,0.337599703,0,0.0289,0,0,0.859951771,1.113708032,0.0653,1.219068818,0.351697273,1
272,9,1.141068447,0.0509,0.61769616,0,0.161101836,0.798831386,0,0.551752922,0,0.71869783,0.486644407,0,0.379799666,0,0.0326,0,0,0.967445743,1.252921536,0.0735,1.371452421,0.395659432,1
272,6,0.760712298,0.0339,0.41179744,0,0.107401224,0.532554257,0,0.367835281,0,0.479131886,0.324429605,0,0.253199777,0,0.0217,0,0,0.644963829,0.835281024,0.049,0.914301614,0.263772955,1
272,9,1.141068447,0.0509,0.61769616,0,0.161101836,0.798831386,0,0.551752922,0,0.71869783,0.486644407,0,0.379799666,0,0.0326,0,0,0.967445743,1.252921536,0.0735,1.371452421,0.395659432,1
272,4,0.507141532,0.0226,0.274531627,0,0.0716,0.355036171,0,0.245223521,0,0.319421258,0.216286403,0,0.168799852,0,0.0145,0,0,0.429975886,0.556854016,0.0326,0.609534409,0.175848637,3
272,9,1.141068447,0.0509,0.61769616,0,0.161101836,0.798831386,0,0.551752922,0,0.71869783,0.486644407,0,0.379799666,0,0.0326,0,0,0.967445743,1.252921536,0.0735,1.371452421,0.395659432,1
272,9,1.141068447,0.0509,0.61769616,0,0.161101836,0.798831386,0,0.551752922,0,0.71869783,0.486644407,0,0.379799666,0,0.0326,0,0,0.967445743,1.252921536,0.0735,1.371452421,0.395659432,1
272,6,0.760712298,0.0339,0.41179744,0,0.107401224,0.532554257,0,0.367835281,0,0.479131886,0.324429605,0,0.253199777,0,0.0217,0,0,0.644963829,0.835281024,0.049,0.914301614,0.263772955,1
272,2,0.253570766,0.0113,0.137265813,0,0.0358,0.177518086,0,0.12261176,0,0.159710629,0.108143202,0,0.0844,0,0.00723,0,0,0.214987943,0.278427008,0.0163,0.304767205,0.0879,3
272,8,1.014283064,0.0453,0.549063254,0,0.143201632,0.710072343,0,0.490447041,0,0.638842515,0.432572806,0,0.337599703,0,0.0289,0,0,0.859951771,1.113708032,0.0653,1.219068818,0.351697273,1
272,8,1.014283064,0.0453,0.549063254,0,0.143201632,0.710072343,0,0.490447041,0,0.638842515,0.432572806,0,0.337599703,0,0.0289,0,0,0.859951771,1.113708032,0.0653,1.219068818,0.351697273,1
272,5,0.633926915,0.0283,0.343164533,0,0.0895,0.443795214,0,0.306529401,0,0.399276572,0.270358004,0,0.210999815,0,0.0181,0,0,0.537469857,0.69606752,0.0408,0.761918012,0.219810796,3
272,9,1.141068447,0.0509,0.61769616,0,0.161101836,0.798831386,0,0.551752922,0,0.71869783,0.486644407,0,0.379799666,0,0.0326,0,0,0.967445743,1.252921536,0.0735,1.371452421,0.395659432,1
272,8,1.014283064,0.0453,0.549063254,0,0.143201632,0.710072343,0,0.490447041,0,0.638842515,0.432572806,0,0.337599703,0,0.0289,0,0,0.859951771,1.113708032,0.0653,1.219068818,0.351697273,1
272,8,1.014283064,0.0453,0.549063254,0,0.143201632,0.710072343,0,0.490447041,0,0.638842515,0.432572806,0,0.337599703,0,0.0289,0,0,0.859951771,1.113708032,0.0653,1.219068818,0.351697273,1
272,9,1.141068447,0.0509,0.61769616,0,0.161101836,0.798831386,0,0.551752922,0,0.71869783,0.486644407,0,0.379799666,0,0.0326,0,0,0.967445743,1.252921536,0.0735,1.371452421,0.395659432,1
272,9,1.141068447,0.0509,0.61769616,0,0.161101836,0.798831386,0,0.551752922,0,0.71869783,0.486644407,0,0.379799666,0,0.0326,0,0,0.967445743,1.252921536,0.0735,1.371452421,0.395659432,1
272,5,0.633926915,0.0283,0.343164533,0,0.0895,0.443795214,0,0.306529401,0,0.399276572,0.270358004,0,0.210999815,0,0.0181,0,0,0.537469857,0.69606752,0.0408,0.761918012,0.219810796,3
272,5,0.633926915,0.0283,0.343164533,0,0.0895,0.443795214,0,0.306529401,0,0.399276572,0.270358004,0,0.210999815,0,0.0181,0,0,0.537469857,0.69606752,0.0408,0.761918012,0.219810796,3
272,9,1.141068447,0.0509,0.61769616,0,0.161101836,0.798831386,0,0.551752922,0,0.71869783,0.486644407,0,0.379799666,0,0.0326,0,0,0.967445743,1.252921536,0.0735,1.371452421,0.395659432,1
272,1,0.126785383,0.00566,0.0686,0,0.0179,0.0888,0,0.06130588,0,0.0799,0.0541,0,0.0422,0,0.00362,0,0,0.107493971,0.139213504,0.00816,0.152383602,0.044,3
272,5,0.633926915,0.0283,0.343164533,0,0.0895,0.443795214,0,0.306529401,0,0.399276572,0.270358004,0,0.210999815,0,0.0181,0,0,0.537469857,0.69606752,0.0408,0.761918012,0.219810796,3
272,2,0.253570766,0.0113,0.137265813,0,0.0358,0.177518086,0,0.12261176,0,0.159710629,0.108143202,0,0.0844,0,0.00723,0,0,0.214987943,0.278427008,0.0163,0.304767205,0.0879,3
272,5,0.633926915,0.0283,0.343164533,0,0.0895,0.443795214,0,0.306529401,0,0.399276572,0.270358004,0,0.210999815,0,0.0181,0,0,0.537469857,0.69606752,0.0408,0.761918012,0.219810796,3
272,9,1.141068447,0.0509,0.61769616,0,0.161101836,0.798831386,0,0.551752922,0,0.71869783,0.486644407,0,0.379799666,0,0.0326,0,0,0.967445743,1.252921536,0.0735,1.371452421,0.395659432,1
272,9,1.141068447,0.0509,0.61769616,0,0.161101836,0.798831386,0,0.551752922,0,0.71869783,0.486644407,0,0.379799666,0,0.0326,0,0,0.967445743,1.252921536,0.0735,1.371452421,0.395659432,1
272,8,1.014283064,0.0453,0.549063254,0,0.143201632,0.710072343,0,0.490447041,0,0.638842515,0.432572806,0,0.337599703,0,0.0289,0,0,0.859951771,1.113708032,0.0653,1.219068818,0.351697273,1
272,9,1.141068447,0.0509,0.61769616,0,0.161101836,0.798831386,0,0.551752922,0,0.71869783,0.486644407,0,0.379799666,0,0.0326,0,0,0.967445743,1.252921536,0.0735,1.371452421,0.395659432,1
272,5,0.633926915,0.0283,0.343164533,0,0.0895,0.443795214,0,0.306529401,0,0.399276572,0.270358004,0,0.210999815,0,0.0181,0,0,0.537469857,0.69606752,0.0408,0.761918012,0.219810796,3
272,7,0.887497681,0.0396,0.480430347,0,0.125301428,0.6213133,0,0.429141161,0,0.558987201,0.378501206,0,0.29539974,0,0.0253,0,0,0.7524578,0.974494528,0.0571,1.066685216,0.307735114,1
272,5,0.633926915,0.0283,0.343164533,0,0.0895,0.443795214,0,0.306529401,0,0.399276572,0.270358004,0,0.210999815,0,0.0181,0,0,0.537469857,0.69606752,0.0408,0.761918012,0.219810796,3
272,8,1.014283064,0.0453,0.549063254,0,0.143201632,0.710072343,0,0.490447041,0,0.638842515,0.432572806,0,0.337599703,0,0.0289,0,0,0.859951771,1.113708032,0.0653,1.219068818,0.351697273,1
272,6,0.760712298,0.0339,0.41179744,0,0.107401224,0.532554257,0,0.367835281,0,0.479131886,0.324429605,0,0.253199777,0,0.0217,0,0,0.644963829,0.835281024,0.049,0.914301614,0.263772955,1
272,7,0.887497681,0.0396,0.480430347,0,0.125301428,0.6213133,0,0.429141161,0,0.558987201,0.378501206,0,0.29539974,0,0.0253,0,0,0.7524578,0.974494528,0.0571,1.066685216,0.307735114,1
272,4,0.507141532,0.0226,0.274531627,0,0.0716,0.355036171,0,0.245223521,0,0.319421258,0.216286403,0,0.168799852,0,0.0145,0,0,0.429975886,0.556854016,0.0326,0.609534409,0.175848637,3
272,5,0.633926915,0.0283,0.343164533,0,0.0895,0.443795214,0,0.306529401,0,0.399276572,0.270358004,0,0.210999815,0,0.0181,0,0,0.537469857,0.69606752,0.0408,0.761918012,0.219810796,3
272,5,0.633926915,0.0283,0.343164533,0,0.0895,0.443795214,0,0.306529401,0,0.399276572,0.270358004,0,0.210999815,0,0.0181,0,0,0.537469857,0.69606752,0.0408,0.761918012,0.219810796,3
272,8,1.014283064,0.0453,0.549063254,0,0.143201632,0.710072343,0,0.490447041,0,0.638842515,0.432572806,0,0.337599703,0,0.0289,0,0,0.859951771,1.113708032,0.0653,1.219068818,0.351697273,1
272,7,0.887497681,0.0396,0.480430347,0,0.125301428,0.6213133,0,0.429141161,0,0.558987201,0.378501206,0,0.29539974,0,0.0253,0,0,0.7524578,0.974494528,0.0571,1.066685216,0.307735114,1
Antiquity Blue (109),9,1.220045478,0,0.654101802,0,0,0.717859017,0,0.713923386,0.0708,0.682438342,0.354993878,0,0.353419626,0,0.444726255,0,0,0.905195032,1.17911492,0.0669,1.285376946,0.351058247,1
Antiquity Blue (109),8,1.08448487,0,0.581423824,0,0,0.638096904,0,0.634598566,0.063,0.606611859,0.315550114,0,0.314150778,0,0.395312227,0,0,0.804617807,1.048102151,0.0595,1.142557285,0.312051775,1
Antiquity Blue (109),8,1.08448487,0,0.581423824,0,0,0.638096904,0,0.634598566,0.063,0.606611859,0.315550114,0,0.314150778,0,0.395312227,0,0,0.804617807,1.048102151,0.0595,1.142557285,0.312051775,1
Antiquity Blue (109),7,0.948924261,0,0.508745846,0,0,0.558334791,0,0.555273745,0.0551,0.530785377,0.27610635,0,0.274881931,0,0.345898198,0,0,0.704040581,0.917089382,0.052,0.999737625,0.273045304,1
Antiquity Blue (109),7,0.948924261,0,0.508745846,0,0,0.558334791,0,0.555273745,0.0551,0.530785377,0.27610635,0,0.274881931,0,0.345898198,0,0,0.704040581,0.917089382,0.052,0.999737625,0.273045304,1
Antiquity Blue (109),7,0.948924261,0,0.508745846,0,0,0.558334791,0,0.555273745,0.0551,0.530785377,0.27610635,0,0.274881931,0,0.345898198,0,0,0.704040581,0.917089382,0.052,0.999737625,0.273045304,1
Antiquity Blue (109),7,0.948924261,0,0.508745846,0,0,0.558334791,0,0.555273745,0.0551,0.530785377,0.27610635,0,0.274881931,0,0.345898198,0,0,0.704040581,0.917089382,0.052,0.999737625,0.273045304,1
Antiquity Blue (109),8,1.08448487,0,0.581423824,0,0,0.638096904,0,0.634598566,0.063,0.606611859,0.315550114,0,0.314150778,0,0.395312227,0,0,0.804617807,1.048102151,0.0595,1.142557285,0.312051775,1
Antiquity Blue (109),8,1.08448487,0,0.581423824,0,0,0.638096904,0,0.634598566,0.063,0.606611859,0.315550114,0,0.314150778,0,0.395312227,0,0,0.804617807,1.048102151,0.0595,1.142557285,0.312051775,1
Antiquity Blue (109),8,1.08448487,0,0.581423824,0,0,0.638096904,0,0.634598566,0.063,0.606611859,0.315550114,0,0.314150778,0,0.395312227,0,0,0.804617807,1.048102151,0.0595,1.142557285,0.312051775,1
Antiquity Blue (109),7,0.948924261,0,0.508745846,0,0,0.558334791,0,0.555273745,0.0551,0.530785377,0.27610635,0,0.274881931,0,0.345898198,0,0,0.704040581,0.917089382,0.052,0.999737625,0.273045304,1
Antiquity Blue (109),8,1.08448487,0,0.581423824,0,0,0.638096904,0,0.634598566,0.063,0.606611859,0.315550114,0,0.314150778,0,0.395312227,0,0,0.804617807,1.048102151,0.0595,1.142557285,0.312051775,1
Antiquity Blue (109),7,0.948924261,0,0.508745846,0,0,0.558334791,0,0.555273745,0.0551,0.530785377,0.27610635,0,0.274881931,0,0.345898198,0,0,0.704040581,0.917089382,0.052,0.999737625,0.273045304,1
Antiquity Blue (109),5,0.677803044,0,0.36338989,0,0,0.398810565,0,0.396624104,0.0394,0.379132412,0.197218821,0,0.196344236,0,0.247070142,0,0,0.502886129,0.655063845,0.0372,0.714098303,0.19503236,3
Antiquity Blue (109),8,1.08448487,0,0.581423824,0,0,0.638096904,0,0.634598566,0.063,0.606611859,0.315550114,0,0.314150778,0,0.395312227,0,0,0.804617807,1.048102151,0.0595,1.142557285,0.312051775,1
Antiquity Blue (109),7,0.948924261,0,0.508745846,0,0,0.558334791,0,0.555273745,0.0551,0.530785377,0.27610635,0,0.274881931,0,0.345898198,0,0,0.704040581,0.917089382,0.052,0.999737625,0.273045304,1
Antiquity Blue (109),8,1.08448487,0,0.581423824,0,0,0.638096904,0,0.634598566,0.063,0.606611859,0.315550114,0,0.314150778,0,0.395312227,0,0,0.804617807,1.048102151,0.0595,1.142557285,0.312051775,1
Antiquity Blue (109),6,0.813363652,0,0.436067868,0,0,0.478572678,0,0.475948924,0.0472,0.454958895,0.236662585,0,0.235613084,0,0.29648417,0,0,0.603463355,0.786076614,0.0446,0.856917964,0.234038832,1
Antiquity Blue (109),6,0.813363652,0,0.436067868,0,0,0.478572678,0,0.475948924,0.0472,0.454958895,0.236662585,0,0.235613084,0,0.29648417,0,0,0.603463355,0.786076614,0.0446,0.856917964,0.234038832,1
Antiquity Blue (109),7,0.948924261,0,0.508745846,0,0,0.558334791,0,0.555273745,0.0551,0.530785377,0.27610635,0,0.274881931,0,0.345898198,0,0,0.704040581,0.917089382,0.052,0.999737625,0.273045304,1
Antiquity Blue (109),5,0.677803044,0,0.36338989,0,0,0.398810565,0,0.396624104,0.0394,0.379132412,0.197218821,0,0.196344236,0,0.247070142,0,0,0.502886129,0.655063845,0.0372,0.714098303,0.19503236,3
Antiquity Blue (109),8,1.08448487,0,0.581423824,0,0,0.638096904,0,0.634598566,0.063,0.606611859,0.315550114,0,0.314150778,0,0.395312227,0,0,0.804617807,1.048102151,0.0595,1.142557285,0.312051775,1
Antiquity Blue (109),9,1.220045478,0,0.654101802,0,0,0.717859017,0,0.713923386,0.0708,0.682438342,0.354993878,0,0.353419626,0,0.444726255,0,0,0.905195032,1.17911492,0.0669,1.285376946,0.351058247,1
Antiquity Blue (109),6,0.813363652,0,0.436067868,0,0,0.478572678,0,0.475948924,0.0472,0.454958895,0.236662585,0,0.235613084,0,0.29648417,0,0,0.603463355,0.786076614,0.0446,0.856917964,0.234038832,1
Antiquity Blue (109),7,0.948924261,0,0.508745846,0,0,0.558334791,0,0.555273745,0.0551,0.530785377,0.27610635,0,0.274881931,0,0.345898198,0,0,0.704040581,0.917089382,0.052,0.999737625,0.273045304,1
Antiquity Blue (109),4,0.542242435,0,0.290711912,0,0,0.319048452,0,0.317299283,0.0315,0.30330593,0.157775057,0,0.157075389,0,0.197656113,0,0,0.402308903,0.524051076,0.0297,0.571278643,0.156025888,3
Antiquity Blue (109),7,0.948924261,0,0.508745846,0,0,0.558334791,0,0.555273745,0.0551,0.530785377,0.27610635,0,0.274881931,0,0.345898198,0,0,0.704040581,0.917089382,0.052,0.999737625,0.273045304,1
Antiquity Blue (109),8,1.08448487,0,0.581423824,0,0,0.638096904,0,0.634598566,0.063,0.606611859,0.315550114,0,0.314150778,0,0.395312227,0,0,0.804617807,1.048102151,0.0595,1.142557285,0.312051775,1
Antiquity Blue (109),9,1.220045478,0,0.654101802,0,0,0.717859017,0,0.713923386,0.0708,0.682438342,0.354993878,0,0.353419626,0,0.444726255,0,0,0.905195032,1.17911492,0.0669,1.285376946,0.351058247,1
Antiquity Blue (109),8,1.08448487,0,0.581423824,0,0,0.638096904,0,0.634598566,0.063,0.606611859,0.315550114,0,0.314150778,0,0.395312227,0,0,0.804617807,1.048102151,0.0595,1.142557285,0.312051775,1
Antiquity Blue (109),6,0.813363652,0,0.436067868,0,0,0.478572678,0,0.475948924,0.0472,0.454958895,0.236662585,0,0.235613084,0,0.29648417,0,0,0.603463355,0.786076614,0.0446,0.856917964,0.234038832,1
Antiquity Blue (109),9,1.220045478,0,0.654101802,0,0,0.717859017,0,0.713923386,0.0708,0.682438342,0.354993878,0,0.353419626,0,0.444726255,0,0,0.905195032,1.17911492,0.0669,1.285376946,0.351058247,1
Antiquity Blue (109),9,1.220045478,0,0.654101802,0,0,0.717859017,0,0.713923386,0.0708,0.682438342,0.354993878,0,0.353419626,0,0.444726255,0,0,0.905195032,1.17911492,0.0669,1.285376946,0.351058247,1
Antiquity Blue (109),9,1.220045478,0,0.654101802,0,0,0.717859017,0,0.713923386,0.0708,0.682438342,0.354993878,0,0.353419626,0,0.444726255,0,0,0.905195032,1.17911492,0.0669,1.285376946,0.351058247,1
Antiquity Blue (109),8,1.08448487,0,0.581423824,0,0,0.638096904,0,0.634598566,0.063,0.606611859,0.315550114,0,0.314150778,0,0.395312227,0,0,0.804617807,1.048102151,0.0595,1.142557285,0.312051775,1
Antiquity Blue (109),4,0.542242435,0,0.290711912,0,0,0.319048452,0,0.317299283,0.0315,0.30330593,0.157775057,0,0.157075389,0,0.197656113,0,0,0.402308903,0.524051076,0.0297,0.571278643,0.156025888,3
Antiquity Blue (109),8,1.08448487,0,0.581423824,0,0,0.638096904,0,0.634598566,0.063,0.606611859,0.315550114,0,0.314150778,0,0.395312227,0,0,0.804617807,1.048102151,0.0595,1.142557285,0.312051775,1
Antiquity Blue (109),3,0.406681826,0,0.218033934,0,0,0.239286339,0,0.237974462,0.0236,0.227479447,0.118331293,0,0.117806542,0,0.148242085,0,0,0.301731677,0.393038307,0.0223,0.428458982,0.117019416,3
Antiquity Blue (109),7,0.948924261,0,0.508745846,0,0,0.558334791,0,0.555273745,0.0551,0.530785377,0.27610635,0,0.274881931,0,0.345898198,0,0,0.704040581,0.917089382,0.052,0.999737625,0.273045304,1
Antiquity Blue (109),9,1.220045478,0,0.654101802,0,0,0.717859017,0,0.713923386,0.0708,0.682438342,0.354993878,0,0.353419626,0,0.444726255,0,0,0.905195032,1.17911492,0.0669,1.285376946,0.351058247,1
Antiquity Blue (109),7,0.948924261,0,0.508745846,0,0,0.558334791,0,0.555273745,0.0551,0.530785377,0.27610635,0,0.274881931,0,0.345898198,0,0,0.704040581,0.917089382,0.052,0.999737625,0.273045304,1
Antiquity Blue (109),7,0.948924261,0,0.508745846,0,0,0.558334791,0,0.555273745,0.0551,0.530785377,0.27610635,0,0.274881931,0,0.345898198,0,0,0.704040581,0.917089382,0.052,0.999737625,0.273045304,1
Antiquity Blue (109),8,1.08448487,0,0.581423824,0,0,0.638096904,0,0.634598566,0.063,0.606611859,0.315550114,0,0.314150778,0,0.395312227,0,0,0.804617807,1.048102151,0.0595,1.142557285,0.312051775,1
Antiquity Blue (109),8,1.08448487,0,0.581423824,0,0,0.638096904,0,0.634598566,0.063,0.606611859,0.315550114,0,0.314150778,0,0.395312227,0,0,0.804617807,1.048102151,0.0595,1.142557285,0.312051775,1
Antiquity Blue (109),7,0.948924261,0,0.508745846,0,0,0.558334791,0,0.555273745,0.0551,0.530785377,0.27610635,0,0.274881931,0,0.345898198,0,0,0.704040581,0.917089382,0.052,0.999737625,0.273045304,1
Antiquity Blue (109),8,1.08448487,0,0.581423824,0,0,0.638096904,0,0.634598566,0.063,0.606611859,0.315550114,0,0.314150778,0,0.395312227,0,0,0.804617807,1.048102151,0.0595,1.142557285,0.312051775,1
Antiquity Blue (109),7,0.948924261,0,0.508745846,0,0,0.558334791,0,0.555273745,0.0551,0.530785377,0.27610635,0,0.274881931,0,0.345898198,0,0,0.704040581,0.917089382,0.052,0.999737625,0.273045304,1
Antiquity Blue (109),8,1.08448487,0,0.581423824,0,0,0.638096904,0,0.634598566,0.063,0.606611859,0.315550114,0,0.314150778,0,0.395312227,0,0,0.804617807,1.048102151,0.0595,1.142557285,0.312051775,1
Antiquity Blue (109),8,1.08448487,0,0.581423824,0,0,0.638096904,0,0.634598566,0.063,0.606611859,0.315550114,0,0.314150778,0,0.395312227,0,0,0.804617807,1.048102151,0.0595,1.142557285,0.312051775,1
Antiquity Blue (109),9,1.220045478,0,0.654101802,0,0,0.717859017,0,0.713923386,0.0708,0.682438342,0.354993878,0,0.353419626,0,0.444726255,0,0,0.905195032,1.17911492,0.0669,1.285376946,0.351058247,1
Antiquity Blue (109),7,0.948924261,0,0.508745846,0,0,0.558334791,0,0.555273745,0.0551,0.530785377,0.27610635,0,0.274881931,0,0.345898198,0,0,0.704040581,0.917089382,0.052,0.999737625,0.273045304,1
Antiquity Blue (109),7,0.948924261,0,0.508745846,0,0,0.558334791,0,0.555273745,0.0551,0.530785377,0.27610635,0,0.274881931,0,0.345898198,0,0,0.704040581,0.917089382,0.052,0.999737625,0.273045304,1
Antiquity Blue (109),5,0.677803044,0,0.36338989,0,0,0.398810565,0,0.396624104,0.0394,0.379132412,0.197218821,0,0.196344236,0,0.247070142,0,0,0.502886129,0.655063845,0.0372,0.714098303,0.19503236,3
Antiquity Blue (109),8,1.08448487,0,0.581423824,0,0,0.638096904,0,0.634598566,0.063,0.606611859,0.315550114,0,0.314150778,0,0.395312227,0,0,0.804617807,1.048102151,0.0595,1.142557285,0.312051775,1
Antiquity Blue (109),7,0.948924261,0,0.508745846,0,0,0.558334791,0,0.555273745,0.0551,0.530785377,0.27610635,0,0.274881931,0,0.345898198,0,0,0.704040581,0.917089382,0.052,0.999737625,0.273045304,1
Antiquity Blue (109),8,1.08448487,0,0.581423824,0,0,0.638096904,0,0.634598566,0.063,0.606611859,0.315550114,0,0.314150778,0,0.395312227,0,0,0.804617807,1.048102151,0.0595,1.142557285,0.312051775,1
Antiquity Blue (109),9,1.220045478,0,0.654101802,0,0,0.717859017,0,0.713923386,0.0708,0.682438342,0.354993878,0,0.353419626,0,0.444726255,0,0,0.905195032,1.17911492,0.0669,1.285376946,0.351058247,1
Antiquity Blue (109),7,0.948924261,0,0.508745846,0,0,0.558334791,0,0.555273745,0.0551,0.530785377,0.27610635,0,0.274881931,0,0.345898198,0,0,0.704040581,0.917089382,0.052,0.999737625,0.273045304,1
Antiquity Blue (109),5,0.677803044,0,0.36338989,0,0,0.398810565,0,0.396624104,0.0394,0.379132412,0.197218821,0,0.196344236,0,0.247070142,0,0,0.502886129,0.655063845,0.0372,0.714098303,0.19503236,3
Antiquity Blue (109),8,1.08448487,0,0.581423824,0,0,0.638096904,0,0.634598566,0.063,0.606611859,0.315550114,0,0.314150778,0,0.395312227,0,0,0.804617807,1.048102151,0.0595,1.142557285,0.312051775,1
Antiquity Blue (109),8,1.08448487,0,0.581423824,0,0,0.638096904,0,0.634598566,0.063,0.606611859,0.315550114,0,0.314150778,0,0.395312227,0,0,0.804617807,1.048102151,0.0595,1.142557285,0.312051775,1
Antiquity Blue (109),9,1.220045478,0,0.654101802,0,0,0.717859017,0,0.713923386,0.0708,0.682438342,0.354993878,0,0.353419626,0,0.444726255,0,0,0.905195032,1.17911492,0.0669,1.285376946,0.351058247,1
Antiquity Blue (109),8,1.08448487,0,0.581423824,0,0,0.638096904,0,0.634598566,0.063,0.606611859,0.315550114,0,0.314150778,0,0.395312227,0,0,0.804617807,1.048102151,0.0595,1.142557285,0.312051775,1
Antiquity Blue (109),6,0.813363652,0,0.436067868,0,0,0.478572678,0,0.475948924,0.0472,0.454958895,0.236662585,0,0.235613084,0,0.29648417,0,0,0.603463355,0.786076614,0.0446,0.856917964,0.234038832,1
Antiquity Blue (109),6,0.813363652,0,0.436067868,0,0,0.478572678,0,0.475948924,0.0472,0.454958895,0.236662585,0,0.235613084,0,0.29648417,0,0,0.603463355,0.786076614,0.0446,0.856917964,0.234038832,1
Antiquity Blue (109),1,0.135560609,0,0.0727,0,0,0.0798,0,0.0793,0.00787,0.0758,0.039443764,0,0.0393,0,0.0494,0,0,0.100577226,0.131012769,0.00743,0.142819661,0.039,3
Antiquity Blue (109),9,1.220045478,0,0.654101802,0,0,0.717859017,0,0.713923386,0.0708,0.682438342,0.354993878,0,0.353419626,0,0.444726255,0,0,0.905195032,1.17911492,0.0669,1.285376946,0.351058247,1
Antiquity Blue (109),6,0.813363652,0,0.436067868,0,0,0.478572678,0,0.475948924,0.0472,0.454958895,0.236662585,0,0.235613084,0,0.29648417,0,0,0.603463355,0.786076614,0.0446,0.856917964,0.234038832,1
Antiquity Blue (109),4,0.542242435,0,0.290711912,0,0,0.319048452,0,0.317299283,0.0315,0.30330593,0.157775057,0,0.157075389,0,0.197656113,0,0,0.402308903,0.524051076,0.0297,0.571278643,0.156025888,3
Antiquity Blue (109),8,1.08448487,0,0.581423824,0,0,0.638096904,0,0.634598566,0.063,0.606611859,0.315550114,0,0.314150778,0,0.395312227,0,0,0.804617807,1.048102151,0.0595,1.142557285,0.312051775,1
Antiquity Blue (109),9,1.220045478,0,0.654101802,0,0,0.717859017,0,0.713923386,0.0708,0.682438342,0.354993878,0,0.353419626,0,0.444726255,0,0,0.905195032,1.17911492,0.0669,1.285376946,0.351058247,1
Antiquity Blue (109),6,0.813363652,0,0.436067868,0,0,0.478572678,0,0.475948924,0.0472,0.454958895,0.236662585,0,0.235613084,0,0.29648417,0,0,0.603463355,0.786076614,0.0446,0.856917964,0.234038832,1
Antiquity Blue (109),8,1.08448487,0,0.581423824,0,0,0.638096904,0,0.634598566,0.063,0.606611859,0.315550114,0,0.314150778,0,0.395312227,0,0,0.804617807,1.048102151,0.0595,1.142557285,0.312051775,1
Antiquity Blue (109),5,0.677803044,0,0.36338989,0,0,0.398810565,0,0.396624104,0.0394,0.379132412,0.197218821,0,0.196344236,0,0.247070142,0,0,0.502886129,0.655063845,0.0372,0.714098303,0.19503236,3
Antiquity Blue (109),5,0.677803044,0,0.36338989,0,0,0.398810565,0,0.396624104,0.0394,0.379132412,0.197218821,0,0.196344236,0,0.247070142,0,0,0.502886129,0.655063845,0.0372,0.714098303,0.19503236,3
Antiquity Blue (109),4,0.542242435,0,0.290711912,0,0,0.319048452,0,0.317299283,0.0315,0.30330593,0.157775057,0,0.157075389,0,0.197656113,0,0,0.402308903,0.524051076,0.0297,0.571278643,0.156025888,3
Antiquity Blue (109),7,0.948924261,0,0.508745846,0,0,0.558334791,0,0.555273745,0.0551,0.530785377,0.27610635,0,0.274881931,0,0.345898198,0,0,0.704040581,0.917089382,0.052,0.999737625,0.273045304,1
Antiquity Blue (109),9,1.220045478,0,0.654101802,0,0,0.717859017,0,0.713923386,0.0708,0.682438342,0.354993878,0,0.353419626,0,0.444726255,0,0,0.905195032,1.17911492,0.0669,1.285376946,0.351058247,1
Antiquity Blue (109),8,1.08448487,0,0.581423824,0,0,0.638096904,0,0.634598566,0.063,0.606611859,0.315550114,0,0.314150778,0,0.395312227,0,0,0.804617807,1.048102151,0.0595,1.142557285,0.312051775,1
Antiquity Blue (109),5,0.677803044,0,0.36338989,0,0,0.398810565,0,0.396624104,0.0394,0.379132412,0.197218821,0,0.196344236,0,0.247070142,0,0,0.502886129,0.655063845,0.0372,0.714098303,0.19503236,3
Antiquity Blue (109),9,1.220045478,0,0.654101802,0,0,0.717859017,0,0.713923386,0.0708,0.682438342,0.354993878,0,0.353419626,0,0.444726255,0,0,0.905195032,1.17911492,0.0669,1.285376946,0.351058247,1
Antiquity Blue (109),8,1.08448487,0,0.581423824,0,0,0.638096904,0,0.634598566,0.063,0.606611859,0.315550114,0,0.314150778,0,0.395312227,0,0,0.804617807,1.048102151,0.0595,1.142557285,0.312051775,1
Antiquity Blue (109),5,0.677803044,0,0.36338989,0,0,0.398810565,0,0.396624104,0.0394,0.379132412,0.197218821,0,0.196344236,0,0.247070142,0,0,0.502886129,0.655063845,0.0372,0.714098303,0.19503236,3
Antiquity Blue (109),9,1.220045478,0,0.654101802,0,0,0.717859017,0,0.713923386,0.0708,0.682438342,0.354993878,0,0.353419626,0,0.444726255,0,0,0.905195032,1.17911492,0.0669,1.285376946,0.351058247,1
Antiquity Blue (109),9,1.220045478,0,0.654101802,0,0,0.717859017,0,0.713923386,0.0708,0.682438342,0.354993878,0,0.353419626,0,0.444726255,0,0,0.905195032,1.17911492,0.0669,1.285376946,0.351058247,1
Antiquity Blue (109),7,0.948924261,0,0.508745846,0,0,0.558334791,0,0.555273745,0.0551,0.530785377,0.27610635,0,0.274881931,0,0.345898198,0,0,0.704040581,0.917089382,0.052,0.999737625,0.273045304,1
Antiquity Blue (109),9,1.220045478,0,0.654101802,0,0,0.717859017,0,0.713923386,0.0708,0.682438342,0.354993878,0,0.353419626,0,0.444726255,0,0,0.905195032,1.17911492,0.0669,1.285376946,0.351058247,1
Antiquity Blue (109),6,0.813363652,0,0.436067868,0,0,0.478572678,0,0.475948924,0.0472,0.454958895,0.236662585,0,0.235613084,0,0.29648417,0,0,0.603463355,0.786076614,0.0446,0.856917964,0.234038832,1
Antiquity Blue (109),9,1.220045478,0,0.654101802,0,0,0.717859017,0,0.713923386,0.0708,0.682438342,0.354993878,0,0.353419626,0,0.444726255,0,0,0.905195032,1.17911492,0.0669,1.285376946,0.351058247,1
Antiquity Blue (109),6,0.813363652,0,0.436067868,0,0,0.478572678,0,0.475948924,0.0472,0.454958895,0.236662585,0,0.235613084,0,0.29648417,0,0,0.603463355,0.786076614,0.0446,0.856917964,0.234038832,1
Antiquity Blue (109),9,1.220045478,0,0.654101802,0,0,0.717859017,0,0.713923386,0.0708,0.682438342,0.354993878,0,0.353419626,0,0.444726255,0,0,0.905195032,1.17911492,0.0669,1.285376946,0.351058247,1
Antiquity Blue (109),6,0.813363652,0,0.436067868,0,0,0.478572678,0,0.475948924,0.0472,0.454958895,0.236662585,0,0.235613084,0,0.29648417,0,0,0.603463355,0.786076614,0.0446,0.856917964,0.234038832,1
Antiquity Blue (109),6,0.813363652,0,0.436067868,0,0,0.478572678,0,0.475948924,0.0472,0.454958895,0.236662585,0,0.235613084,0,0.29648417,0,0,0.603463355,0.786076614,0.0446,0.856917964,0.234038832,1
Antiquity Blue (109),7,0.948924261,0,0.508745846,0,0,0.558334791,0,0.555273745,0.0551,0.530785377,0.27610635,0,0.274881931,0,0.345898198,0,0,0.704040581,0.917089382,0.052,0.999737625,0.273045304,1
Antiquity Blue (109),8,1.08448487,0,0.581423824,0,0,0.638096904,0,0.634598566,0.063,0.606611859,0.315550114,0,0.314150778,0,0.395312227,0,0,0.804617807,1.048102151,0.0595,1.142557285,0.312051775,1
Antiquity Blue (109),7,0.948924261,0,0.508745846,0,0,0.558334791,0,0.555273745,0.0551,0.530785377,0.27610635,0,0.274881931,0,0.345898198,0,0,0.704040581,0.917089382,0.052,0.999737625,0.273045304,1
Antiquity Blue (109),8,1.08448487,0,0.581423824,0,0,0.638096904,0,0.634598566,0.063,0.606611859,0.315550114,0,0.314150778,0,0.395312227,0,0,0.804617807,1.048102151,0.0595,1.142557285,0.312051775,1
Antiquity Blue (109),9,1.220045478,0,0.654101802,0,0,0.717859017,0,0.713923386,0.0708,0.682438342,0.354993878,0,0.353419626,0,0.444726255,0,0,0.905195032,1.17911492,0.0669,1.285376946,0.351058247,1
Antiquity Blue (109),7,0.948924261,0,0.508745846,0,0,0.558334791,0,0.555273745,0.0551,0.530785377,0.27610635,0,0.274881931,0,0.345898198,0,0,0.704040581,0.917089382,0.052,0.999737625,0.273045304,1
Antiquity Blue (109),5,0.677803044,0,0.36338989,0,0,0.398810565,0,0.396624104,0.0394,0.379132412,0.197218821,0,0.196344236,0,0.247070142,0,0,0.502886129,0.655063845,0.0372,0.714098303,0.19503236,3
Antiquity Blue (109),8,1.08448487,0,0.581423824,0,0,0.638096904,0,0.634598566,0.063,0.606611859,0.315550114,0,0.314150778,0,0.395312227,0,0,0.804617807,1.048102151,0.0595,1.142557285,0.312051775,1
Antiquity Blue (109),7,0.948924261,0,0.508745846,0,0,0.558334791,0,0.555273745,0.0551,0.530785377,0.27610635,0,0.274881931,0,0.345898198,0,0,0.704040581,0.917089382,0.052,0.999737625,0.273045304,1
Antiquity Blue (109),7,0.948924261,0,0.508745846,0,0,0.558334791,0,0.555273745,0.0551,0.530785377,0.27610635,0,0.274881931,0,0.345898198,0,0,0.704040581,0.917089382,0.052,0.999737625,0.273045304,1
Antiquity Blue (109),7,0.948924261,0,0.508745846,0,0,0.558334791,0,0.555273745,0.0551,0.530785377,0.27610635,0,0.274881931,0,0.345898198,0,0,0.704040581,0.917089382,0.052,0.999737625,0.273045304,1
Antiquity Blue (109),4,0.542242435,0,0.290711912,0,0,0.319048452,0,0.317299283,0.0315,0.30330593,0.157775057,0,0.157075389,0,0.197656113,0,0,0.402308903,0.524051076,0.0297,0.571278643,0.156025888,3
Antiquity Blue (109),4,0.542242435,0,0.290711912,0,0,0.319048452,0,0.317299283,0.0315,0.30330593,0.157775057,0,0.157075389,0,0.197656113,0,0,0.402308903,0.524051076,0.0297,0.571278643,0.156025888,3
Antiquity Blue (109),9,1.220045478,0,0.654101802,0,0,0.717859017,0,0.713923386,0.0708,0.682438342,0.354993878,0,0.353419626,0,0.444726255,0,0,0.905195032,1.17911492,0.0669,1.285376946,0.351058247,1
Antiquity Blue (109),4,0.542242435,0,0.290711912,0,0,0.319048452,0,0.317299283,0.0315,0.30330593,0.157775057,0,0.157075389,0,0.197656113,0,0,0.402308903,0.524051076,0.0297,0.571278643,0.156025888,3
Antiquity Blue (109),8,1.08448487,0,0.581423824,0,0,0.638096904,0,0.634598566,0.063,0.606611859,0.315550114,0,0.314150778,0,0.395312227,0,0,0.804617807,1.048102151,0.0595,1.142557285,0.312051775,1
Antiquity Blue (109),8,1.08448487,0,0.581423824,0,0,0.638096904,0,0.634598566,0.063,0.606611859,0.315550114,0,0.314150778,0,0.395312227,0,0,0.804617807,1.048102151,0.0595,1.142557285,0.312051775,1
Antiquity Blue (109),8,1.08448487,0,0.581423824,0,0,0.638096904,0,0.634598566,0.063,0.606611859,0.315550114,0,0.314150778,0,0.395312227,0,0,0.804617807,1.048102151,0.0595,1.142557285,0.312051775,1
Antiquity Blue (109),9,1.220045478,0,0.654101802,0,0,0.717859017,0,0.713923386,0.0708,0.682438342,0.354993878,0,0.353419626,0,0.444726255,0,0,0.905195032,1.17911492,0.0669,1.285376946,0.351058247,1
Antiquity Blue (109),9,1.220045478,0,0.654101802,0,0,0.717859017,0,0.713923386,0.0708,0.682438342,0.354993878,0,0.353419626,0,0.444726255,0,0,0.905195032,1.17911492,0.0669,1.285376946,0.351058247,1
Antiquity Blue (109),9,1.220045478,0,0.654101802,0,0,0.717859017,0,0.713923386,0.0708,0.682438342,0.354993878,0,0.353419626,0,0.444726255,0,0,0.905195032,1.17911492,0.0669,1.285376946,0.351058247,1
Antiquity Blue (109),7,0.948924261,0,0.508745846,0,0,0.558334791,0,0.555273745,0.0551,0.530785377,0.27610635,0,0.274881931,0,0.345898198,0,0,0.704040581,0.917089382,0.052,0.999737625,0.273045304,1
Antiquity Blue (109),7,0.948924261,0,0.508745846,0,0,0.558334791,0,0.555273745,0.0551,0.530785377,0.27610635,0,0.274881931,0,0.345898198,0,0,0.704040581,0.917089382,0.052,0.999737625,0.273045304,1
Antiquity Blue (109),7,0.948924261,0,0.508745846,0,0,0.558334791,0,0.555273745,0.0551,0.530785377,0.27610635,0,0.274881931,0,0.345898198,0,0,0.704040581,0.917089382,0.052,0.999737625,0.273045304,1
Antiquity Blue (109),8,1.08448487,0,0.581423824,0,0,0.638096904,0,0.634598566,0.063,0.606611859,0.315550114,0,0.314150778,0,0.395312227,0,0,0.804617807,1.048102151,0.0595,1.142557285,0.312051775,1
Antiquity Blue (109),3,0.406681826,0,0.218033934,0,0,0.239286339,0,0.237974462,0.0236,0.227479447,0.118331293,0,0.117806542,0,0.148242085,0,0,0.301731677,0.393038307,0.0223,0.428458982,0.117019416,3
Antiquity Blue (109),9,1.220045478,0,0.654101802,0,0,0.717859017,0,0.713923386,0.0708,0.682438342,0.354993878,0,0.353419626,0,0.444726255,0,0,0.905195032,1.17911492,0.0669,1.285376946,0.351058247,1
Antiquity Blue (109),8,1.08448487,0,0.581423824,0,0,0.638096904,0,0.634598566,0.063,0.606611859,0.315550114,0,0.314150778,0,0.395312227,0,0,0.804617807,1.048102151,0.0595,1.142557285,0.312051775,1
Antiquity Blue (109),7,0.948924261,0,0.508745846,0,0,0.558334791,0,0.555273745,0.0551,0.530785377,0.27610635,0,0.274881931,0,0.345898198,0,0,0.704040581,0.917089382,0.052,0.999737625,0.273045304,1
Antiquity Blue (109),9,1.220045478,0,0.654101802,0,0,0.717859017,0,0.713923386,0.0708,0.682438342,0.354993878,0,0.353419626,0,0.444726255,0,0,0.905195032,1.17911492,0.0669,1.285376946,0.351058247,1
Antiquity Blue (109),9,1.220045478,0,0.654101802,0,0,0.717859017,0,0.713923386,0.0708,0.682438342,0.354993878,0,0.353419626,0,0.444726255,0,0,0.905195032,1.17911492,0.0669,1.285376946,0.351058247,1
Antiquity Blue (109),7,0.948924261,0,0.508745846,0,0,0.558334791,0,0.555273745,0.0551,0.530785377,0.27610635,0,0.274881931,0,0.345898198,0,0,0.704040581,0.917089382,0.052,0.999737625,0.273045304,1
Antiquity Blue (109),8,1.08448487,0,0.581423824,0,0,0.638096904,0,0.634598566,0.063,0.606611859,0.315550114,0,0.314150778,0,0.395312227,0,0,0.804617807,1.048102151,0.0595,1.142557285,0.312051775,1
Antiquity Blue (109),9,1.220045478,0,0.654101802,0,0,0.717859017,0,0.713923386,0.0708,0.682438342,0.354993878,0,0.353419626,0,0.444726255,0,0,0.905195032,1.17911492,0.0669,1.285376946,0.351058247,1
Antiquity Blue (109),8,1.08448487,0,0.581423824,0,0,0.638096904,0,0.634598566,0.063,0.606611859,0.315550114,0,0.314150778,0,0.395312227,0,0,0.804617807,1.048102151,0.0595,1.142557285,0.312051775,1
Antiquity Blue (109),7,0.948924261,0,0.508745846,0,0,0.558334791,0,0.555273745,0.0551,0.530785377,0.27610635,0,0.274881931,0,0.345898198,0,0,0.704040581,0.917089382,0.052,0.999737625,0.273045304,1
Antiquity Blue (109),8,1.08448487,0,0.581423824,0,0,0.638096904,0,0.634598566,0.063,0.606611859,0.315550114,0,0.314150778,0,0.395312227,0,0,0.804617807,1.048102151,0.0595,1.142557285,0.312051775,1
Antiquity Blue (109),8,1.08448487,0,0.581423824,0,0,0.638096904,0,0.634598566,0.063,0.606611859,0.315550114,0,0.314150778,0,0.395312227,0,0,0.804617807,1.048102151,0.0595,1.142557285,0.312051775,1
Antiquity Blue (109),7,0.948924261,0,0.508745846,0,0,0.558334791,0,0.555273745,0.0551,0.530785377,0.27610635,0,0.274881931,0,0.345898198,0,0,0.704040581,0.917089382,0.052,0.999737625,0.273045304,1
Antiquity Blue (109),7,0.948924261,0,0.508745846,0,0,0.558334791,0,0.555273745,0.0551,0.530785377,0.27610635,0,0.274881931,0,0.345898198,0,0,0.704040581,0.917089382,0.052,0.999737625,0.273045304,1
Antiquity Blue (109),7,0.948924261,0,0.508745846,0,0,0.558334791,0,0.555273745,0.0551,0.530785377,0.27610635,0,0.274881931,0,0.345898198,0,0,0.704040581,0.917089382,0.052,0.999737625,0.273045304,1
Antiquity Blue (109),4,0.542242435,0,0.290711912,0,0,0.319048452,0,0.317299283,0.0315,0.30330593,0.157775057,0,0.157075389,0,0.197656113,0,0,0.402308903,0.524051076,0.0297,0.571278643,0.156025888,3
Antiquity Blue (109),6,0.813363652,0,0.436067868,0,0,0.478572678,0,0.475948924,0.0472,0.454958895,0.236662585,0,0.235613084,0,0.29648417,0,0,0.603463355,0.786076614,0.0446,0.856917964,0.234038832,1
Antiquity Blue (109),9,1.220045478,0,0.654101802,0,0,0.717859017,0,0.713923386,0.0708,0.682438342,0.354993878,0,0.353419626,0,0.444726255,0,0,0.905195032,1.17911492,0.0669,1.285376946,0.351058247,1
Antiquity Blue (109),6,0.813363652,0,0.436067868,0,0,0.478572678,0,0.475948924,0.0472,0.454958895,0.236662585,0,0.235613084,0,0.29648417,0,0,0.603463355,0.786076614,0.0446,0.856917964,0.234038832,1
Antiquity Blue (109),5,0.677803044,0,0.36338989,0,0,0.398810565,0,0.396624104,0.0394,0.379132412,0.197218821,0,0.196344236,0,0.247070142,0,0,0.502886129,0.655063845,0.0372,0.714098303,0.19503236,3
Antiquity Blue (109),7,0.948924261,0,0.508745846,0,0,0.558334791,0,0.555273745,0.0551,0.530785377,0.27610635,0,0.274881931,0,0.345898198,0,0,0.704040581,0.917089382,0.052,0.999737625,0.273045304,1
Antiquity Blue (109),6,0.813363652,0,0.436067868,0,0,0.478572678,0,0.475948924,0.0472,0.454958895,0.236662585,0,0.235613084,0,0.29648417,0,0,0.603463355,0.786076614,0.0446,0.856917964,0.234038832,1
Antiquity Blue (109),8,1.08448487,0,0.581423824,0,0,0.638096904,0,0.634598566,0.063,0.606611859,0.315550114,0,0.314150778,0,0.395312227,0,0,0.804617807,1.048102151,0.0595,1.142557285,0.312051775,1
Antiquity Blue (109),7,0.948924261,0,0.508745846,0,0,0.558334791,0,0.555273745,0.0551,0.530785377,0.27610635,0,0.274881931,0,0.345898198,0,0,0.704040581,0.917089382,0.052,0.999737625,0.273045304,1
Antiquity Blue (109),7,0.948924261,0,0.508745846,0,0,0.558334791,0,0.555273745,0.0551,0.530785377,0.27610635,0,0.274881931,0,0.345898198,0,0,0.704040581,0.917089382,0.052,0.999737625,0.273045304,1
Antiquity Blue (109),9,1.220045478,0,0.654101802,0,0,0.717859017,0,0.713923386,0.0708,0.682438342,0.354993878,0,0.353419626,0,0.444726255,0,0,0.905195032,1.17911492,0.0669,1.285376946,0.351058247,1
Antiquity Blue (109),6,0.813363652,0,0.436067868,0,0,0.478572678,0,0.475948924,0.0472,0.454958895,0.236662585,0,0.235613084,0,0.29648417,0,0,0.603463355,0.786076614,0.0446,0.856917964,0.234038832,1
Antiquity Blue (109),5,0.677803044,0,0.36338989,0,0,0.398810565,0,0.396624104,0.0394,0.379132412,0.197218821,0,0.196344236,0,0.247070142,0,0,0.502886129,0.655063845,0.0372,0.714098303,0.19503236,3
Antiquity Blue (109),8,1.08448487,0,0.581423824,0,0,0.638096904,0,0.634598566,0.063,0.606611859,0.315550114,0,0.314150778,0,0.395312227,0,0,0.804617807,1.048102151,0.0595,1.142557285,0.312051775,1
Antiquity Blue (109),5,0.677803044,0,0.36338989,0,0,0.398810565,0,0.396624104,0.0394,0.379132412,0.197218821,0,0.196344236,0,0.247070142,0,0,0.502886129,0.655063845,0.0372,0.714098303,0.19503236,3
Antiquity Blue (109),7,0.948924261,0,0.508745846,0,0,0.558334791,0,0.555273745,0.0551,0.530785377,0.27610635,0,0.274881931,0,0.345898198,0,0,0.704040581,0.917089382,0.052,0.999737625,0.273045304,1
Antiquity Blue (109),7,0.948924261,0,0.508745846,0,0,0.558334791,0,0.555273745,0.0551,0.530785377,0.27610635,0,0.274881931,0,0.345898198,0,0,0.704040581,0.917089382,0.052,0.999737625,0.273045304,1
Antiquity Blue (109),9,1.220045478,0,0.654101802,0,0,0.717859017,0,0.713923386,0.0708,0.682438342,0.354993878,0,0.353419626,0,0.444726255,0,0,0.905195032,1.17911492,0.0669,1.285376946,0.351058247,1
Antiquity Blue (109),8,1.08448487,0,0.581423824,0,0,0.638096904,0,0.634598566,0.063,0.606611859,0.315550114,0,0.314150778,0,0.395312227,0,0,0.804617807,1.048102151,0.0595,1.142557285,0.312051775,1
Antiquity Blue (109),7,0.948924261,0,0.508745846,0,0,0.558334791,0,0.555273745,0.0551,0.530785377,0.27610635,0,0.274881931,0,0.345898198,0,0,0.704040581,0.917089382,0.052,0.999737625,0.273045304,1
Antiquity Blue (109),7,0.948924261,0,0.508745846,0,0,0.558334791,0,0.555273745,0.0551,0.530785377,0.27610635,0,0.274881931,0,0.345898198,0,0,0.704040581,0.917089382,0.052,0.999737625,0.273045304,1
Antiquity Blue (109),7,0.948924261,0,0.508745846,0,0,0.558334791,0,0.555273745,0.0551,0.530785377,0.27610635,0,0.274881931,0,0.345898198,0,0,0.704040581,0.917089382,0.052,0.999737625,0.273045304,1
Antiquity Blue (109),4,0.542242435,0,0.290711912,0,0,0.319048452,0,0.317299283,0.0315,0.30330593,0.157775057,0,0.157075389,0,0.197656113,0,0,0.402308903,0.524051076,0.0297,0.571278643,0.156025888,3
Antiquity Blue (109),9,1.220045478,0,0.654101802,0,0,0.717859017,0,0.713923386,0.0708,0.682438342,0.354993878,0,0.353419626,0,0.444726255,0,0,0.905195032,1.17911492,0.0669,1.285376946,0.351058247,1
Antiquity Blue (109),9,1.220045478,0,0.654101802,0,0,0.717859017,0,0.713923386,0.0708,0.682438342,0.354993878,0,0.353419626,0,0.444726255,0,0,0.905195032,1.17911492,0.0669,1.285376946,0.351058247,1
Antiquity Blue (109),9,1.220045478,0,0.654101802,0,0,0.717859017,0,0.713923386,0.0708,0.682438342,0.354993878,0,0.353419626,0,0.444726255,0,0,0.905195032,1.17911492,0.0669,1.285376946,0.351058247,1
Antiquity Blue (109),5,0.677803044,0,0.36338989,0,0,0.398810565,0,0.396624104,0.0394,0.379132412,0.197218821,0,0.196344236,0,0.247070142,0,0,0.502886129,0.655063845,0.0372,0.714098303,0.19503236,3
Antiquity Blue (109),5,0.677803044,0,0.36338989,0,0,0.398810565,0,0.396624104,0.0394,0.379132412,0.197218821,0,0.196344236,0,0.247070142,0,0,0.502886129,0.655063845,0.0372,0.714098303,0.19503236,3
Antiquity Blue (109),8,1.08448487,0,0.581423824,0,0,0.638096904,0,0.634598566,0.063,0.606611859,0.315550114,0,0.314150778,0,0.395312227,0,0,0.804617807,1.048102151,0.0595,1.142557285,0.312051775,1
Antiquity Blue (109),9,1.220045478,0,0.654101802,0,0,0.717859017,0,0.713923386,0.0708,0.682438342,0.354993878,0,0.353419626,0,0.444726255,0,0,0.905195032,1.17911492,0.0669,1.285376946,0.351058247,1
Antiquity Blue (109),8,1.08448487,0,0.581423824,0,0,0.638096904,0,0.634598566,0.063,0.606611859,0.315550114,0,0.314150778,0,0.395312227,0,0,0.804617807,1.048102151,0.0595,1.142557285,0.312051775,1
Antiquity Blue (109),7,0.948924261,0,0.508745846,0,0,0.558334791,0,0.555273745,0.0551,0.530785377,0.27610635,0,0.274881931,0,0.345898198,0,0,0.704040581,0.917089382,0.052,0.999737625,0.273045304,1
Antiquity Blue (109),1,0.135560609,0,0.0727,0,0,0.0798,0,0.0793,0.00787,0.0758,0.039443764,0,0.0393,0,0.0494,0,0,0.100577226,0.131012769,0.00743,0.142819661,0.039,3
Antiquity Blue (109),8,1.08448487,0,0.581423824,0,0,0.638096904,0,0.634598566,0.063,0.606611859,0.315550114,0,0.314150778,0,0.395312227,0,0,0.804617807,1.048102151,0.0595,1.142557285,0.312051775,1
Antiquity Blue (109),8,1.08448487,0,0.581423824,0,0,0.638096904,0,0.634598566,0.063,0.606611859,0.315550114,0,0.314150778,0,0.395312227,0,0,0.804617807,1.048102151,0.0595,1.142557285,0.312051775,1
Antiquity Blue (109),9,1.220045478,0,0.654101802,0,0,0.717859017,0,0.713923386,0.0708,0.682438342,0.354993878,0,0.353419626,0,0.444726255,0,0,0.905195032,1.17911492,0.0669,1.285376946,0.351058247,1
Antiquity Blue (109),8,1.08448487,0,0.581423824,0,0,0.638096904,0,0.634598566,0.063,0.606611859,0.315550114,0,0.314150778,0,0.395312227,0,0,0.804617807,1.048102151,0.0595,1.142557285,0.312051775,1
Antiquity Blue (109),9,1.220045478,0,0.654101802,0,0,0.717859017,0,0.713923386,0.0708,0.682438342,0.354993878,0,0.353419626,0,0.444726255,0,0,0.905195032,1.17911492,0.0669,1.285376946,0.351058247,1
Antiquity Blue (109),8,1.08448487,0,0.581423824,0,0,0.638096904,0,0.634598566,0.063,0.606611859,0.315550114,0,0.314150778,0,0.395312227,0,0,0.804617807,1.048102151,0.0595,1.142557285,0.312051775,1
Antiquity Blue (109),7,0.948924261,0,0.508745846,0,0,0.558334791,0,0.555273745,0.0551,0.530785377,0.27610635,0,0.274881931,0,0.345898198,0,0,0.704040581,0.917089382,0.052,0.999737625,0.273045304,1
Antiquity Blue (109),8,1.08448487,0,0.581423824,0,0,0.638096904,0,0.634598566,0.063,0.606611859,0.315550114,0,0.314150778,0,0.395312227,0,0,0.804617807,1.048102151,0.0595,1.142557285,0.312051775,1
Antiquity Blue (109),8,1.08448487,0,0.581423824,0,0,0.638096904,0,0.634598566,0.063,0.606611859,0.315550114,0,0.314150778,0,0.395312227,0,0,0.804617807,1.048102151,0.0595,1.142557285,0.312051775,1
Antiquity Blue (109),6,0.813363652,0,0.436067868,0,0,0.478572678,0,0.475948924,0.0472,0.454958895,0.236662585,0,0.235613084,0,0.29648417,0,0,0.603463355,0.786076614,0.0446,0.856917964,0.234038832,1
Antiquity Blue (109),5,0.677803044,0,0.36338989,0,0,0.398810565,0,0.396624104,0.0394,0.379132412,0.197218821,0,0.196344236,0,0.247070142,0,0,0.502886129,0.655063845,0.0372,0.714098303,0.19503236,3
Antiquity Blue (109),6,0.813363652,0,0.436067868,0,0,0.478572678,0,0.475948924,0.0472,0.454958895,0.236662585,0,0.235613084,0,0.29648417,0,0,0.603463355,0.786076614,0.0446,0.856917964,0.234038832,1
Antiquity Blue (109),8,1.08448487,0,0.581423824,0,0,0.638096904,0,0.634598566,0.063,0.606611859,0.315550114,0,0.314150778,0,0.395312227,0,0,0.804617807,1.048102151,0.0595,1.142557285,0.312051775,1
Antiquity Blue (109),5,0.677803044,0,0.36338989,0,0,0.398810565,0,0.396624104,0.0394,0.379132412,0.197218821,0,0.196344236,0,0.247070142,0,0,0.502886129,0.655063845,0.0372,0.714098303,0.19503236,3
Antiquity Blue (109),5,0.677803044,0,0.36338989,0,0,0.398810565,0,0.396624104,0.0394,0.379132412,0.197218821,0,0.196344236,0,0.247070142,0,0,0.502886129,0.655063845,0.0372,0.714098303,0.19503236,3
Antiquity Blue (109),1,0.135560609,0,0.0727,0,0,0.0798,0,0.0793,0.00787,0.0758,0.039443764,0,0.0393,0,0.0494,0,0,0.100577226,0.131012769,0.00743,0.142819661,0.039,3
Antiquity Blue (109),9,1.220045478,0,0.654101802,0,0,0.717859017,0,0.713923386,0.0708,0.682438342,0.354993878,0,0.353419626,0,0.444726255,0,0,0.905195032,1.17911492,0.0669,1.285376946,0.351058247,1
Antiquity Blue (109),9,1.220045478,0,0.654101802,0,0,0.717859017,0,0.713923386,0.0708,0.682438342,0.354993878,0,0.353419626,0,0.444726255,0,0,0.905195032,1.17911492,0.0669,1.285376946,0.351058247,1
Antiquity Blue (109),7,0.948924261,0,0.508745846,0,0,0.558334791,0,0.555273745,0.0551,0.530785377,0.27610635,0,0.274881931,0,0.345898198,0,0,0.704040581,0.917089382,0.052,0.999737625,0.273045304,1
Antiquity Blue (109),7,0.948924261,0,0.508745846,0,0,0.558334791,0,0.555273745,0.0551,0.530785377,0.27610635,0,0.274881931,0,0.345898198,0,0,0.704040581,0.917089382,0.052,0.999737625,0.273045304,1
Antiquity Blue (109),8,1.08448487,0,0.581423824,0,0,0.638096904,0,0.634598566,0.063,0.606611859,0.315550114,0,0.314150778,0,0.395312227,0,0,0.804617807,1.048102151,0.0595,1.142557285,0.312051775,1
Antiquity Blue (109),7,0.948924261,0,0.508745846,0,0,0.558334791,0,0.555273745,0.0551,0.530785377,0.27610635,0,0.274881931,0,0.345898198,0,0,0.704040581,0.917089382,0.052,0.999737625,0.273045304,1
Antiquity Blue (109),4,0.542242435,0,0.290711912,0,0,0.319048452,0,0.317299283,0.0315,0.30330593,0.157775057,0,0.157075389,0,0.197656113,0,0,0.402308903,0.524051076,0.0297,0.571278643,0.156025888,3
Antiquity Blue (109),8,1.08448487,0,0.581423824,0,0,0.638096904,0,0.634598566,0.063,0.606611859,0.315550114,0,0.314150778,0,0.395312227,0,0,0.804617807,1.048102151,0.0595,1.142557285,0.312051775,1
Antiquity Blue (109),4,0.542242435,0,0.290711912,0,0,0.319048452,0,0.317299283,0.0315,0.30330593,0.157775057,0,0.157075389,0,0.197656113,0,0,0.402308903,0.524051076,0.0297,0.571278643,0.156025888,3
Antiquity Blue (109),5,0.677803044,0,0.36338989,0,0,0.398810565,0,0.396624104,0.0394,0.379132412,0.197218821,0,0.196344236,0,0.247070142,0,0,0.502886129,0.655063845,0.0372,0.714098303,0.19503236,3
Antiquity Blue (109),5,0.677803044,0,0.36338989,0,0,0.398810565,0,0.396624104,0.0394,0.379132412,0.197218821,0,0.196344236,0,0.247070142,0,0,0.502886129,0.655063845,0.0372,0.714098303,0.19503236,3
Antiquity Blue (109),9,1.220045478,0,0.654101802,0,0,0.717859017,0,0.713923386,0.0708,0.682438342,0.354993878,0,0.353419626,0,0.444726255,0,0,0.905195032,1.17911492,0.0669,1.285376946,0.351058247,1
Antiquity Blue (109),9,1.220045478,0,0.654101802,0,0,0.717859017,0,0.713923386,0.0708,0.682438342,0.354993878,0,0.353419626,0,0.444726255,0,0,0.905195032,1.17911492,0.0669,1.285376946,0.351058247,1
Antiquity Blue (109),5,0.677803044,0,0.36338989,0,0,0.398810565,0,0.396624104,0.0394,0.379132412,0.197218821,0,0.196344236,0,0.247070142,0,0,0.502886129,0.655063845,0.0372,0.714098303,0.19503236,3
Antiquity Blue (109),8,1.08448487,0,0.581423824,0,0,0.638096904,0,0.634598566,0.063,0.606611859,0.315550114,0,0.314150778,0,0.395312227,0,0,0.804617807,1.048102151,0.0595,1.142557285,0.312051775,1
Antiquity Blue (109),8,1.08448487,0,0.581423824,0,0,0.638096904,0,0.634598566,0.063,0.606611859,0.315550114,0,0.314150778,0,0.395312227,0,0,0.804617807,1.048102151,0.0595,1.142557285,0.312051775,1
Antiquity Blue (109),6,0.813363652,0,0.436067868,0,0,0.478572678,0,0.475948924,0.0472,0.454958895,0.236662585,0,0.235613084,0,0.29648417,0,0,0.603463355,0.786076614,0.0446,0.856917964,0.234038832,1
Antiquity Blue (109),7,0.948924261,0,0.508745846,0,0,0.558334791,0,0.555273745,0.0551,0.530785377,0.27610635,0,0.274881931,0,0.345898198,0,0,0.704040581,0.917089382,0.052,0.999737625,0.273045304,1
Antiquity Blue (109),9,1.220045478,0,0.654101802,0,0,0.717859017,0,0.713923386,0.0708,0.682438342,0.354993878,0,0.353419626,0,0.444726255,0,0,0.905195032,1.17911492,0.0669,1.285376946,0.351058247,1
Antiquity Blue (109),8,1.08448487,0,0.581423824,0,0,0.638096904,0,0.634598566,0.063,0.606611859,0.315550114,0,0.314150778,0,0.395312227,0,0,0.804617807,1.048102151,0.0595,1.142557285,0.312051775,1
Antiquity Blue (109),8,1.08448487,0,0.581423824,0,0,0.638096904,0,0.634598566,0.063,0.606611859,0.315550114,0,0.314150778,0,0.395312227,0,0,0.804617807,1.048102151,0.0595,1.142557285,0.312051775,1
Antiquity Blue (109),9,1.220045478,0,0.654101802,0,0,0.717859017,0,0.713923386,0.0708,0.682438342,0.354993878,0,0.353419626,0,0.444726255,0,0,0.905195032,1.17911492,0.0669,1.285376946,0.351058247,1
Antiquity Blue (109),8,1.08448487,0,0.581423824,0,0,0.638096904,0,0.634598566,0.063,0.606611859,0.315550114,0,0.314150778,0,0.395312227,0,0,0.804617807,1.048102151,0.0595,1.142557285,0.312051775,1
Antiquity Blue (109),7,0.948924261,0,0.508745846,0,0,0.558334791,0,0.555273745,0.0551,0.530785377,0.27610635,0,0.274881931,0,0.345898198,0,0,0.704040581,0.917089382,0.052,0.999737625,0.273045304,1
Antiquity Blue (109),6,0.813363652,0,0.436067868,0,0,0.478572678,0,0.475948924,0.0472,0.454958895,0.236662585,0,0.235613084,0,0.29648417,0,0,0.603463355,0.786076614,0.0446,0.856917964,0.234038832,1
Antiquity Blue (109),7,0.948924261,0,0.508745846,0,0,0.558334791,0,0.555273745,0.0551,0.530785377,0.27610635,0,0.274881931,0,0.345898198,0,0,0.704040581,0.917089382,0.052,0.999737625,0.273045304,1
Antiquity Blue (109),7,0.948924261,0,0.508745846,0,0,0.558334791,0,0.555273745,0.0551,0.530785377,0.27610635,0,0.274881931,0,0.345898198,0,0,0.704040581,0.917089382,0.052,0.999737625,0.273045304,1
Antiquity Blue (109),7,0.948924261,0,0.508745846,0,0,0.558334791,0,0.555273745,0.0551,0.530785377,0.27610635,0,0.274881931,0,0.345898198,0,0,0.704040581,0.917089382,0.052,0.999737625,0.273045304,1
Antiquity Blue (109),4,0.542242435,0,0.290711912,0,0,0.319048452,0,0.317299283,0.0315,0.30330593,0.157775057,0,0.157075389,0,0.197656113,0,0,0.402308903,0.524051076,0.0297,0.571278643,0.156025888,3
Antiquity Blue (109),7,0.948924261,0,0.508745846,0,0,0.558334791,0,0.555273745,0.0551,0.530785377,0.27610635,0,0.274881931,0,0.345898198,0,0,0.704040581,0.917089382,0.052,0.999737625,0.273045304,1
Antiquity Blue (109),5,0.677803044,0,0.36338989,0,0,0.398810565,0,0.396624104,0.0394,0.379132412,0.197218821,0,0.196344236,0,0.247070142,0,0,0.502886129,0.655063845,0.0372,0.714098303,0.19503236,3
Antiquity Blue (109),8,1.08448487,0,0.581423824,0,0,0.638096904,0,0.634598566,0.063,0.606611859,0.315550114,0,0.314150778,0,0.395312227,0,0,0.804617807,1.048102151,0.0595,1.142557285,0.312051775,1
Antiquity Blue (109),8,1.08448487,0,0.581423824,0,0,0.638096904,0,0.634598566,0.063,0.606611859,0.315550114,0,0.314150778,0,0.395312227,0,0,0.804617807,1.048102151,0.0595,1.142557285,0.312051775,1
Antiquity Blue (109),6,0.813363652,0,0.436067868,0,0,0.478572678,0,0.475948924,0.0472,0.454958895,0.236662585,0,0.235613084,0,0.29648417,0,0,0.603463355,0.786076614,0.0446,0.856917964,0.234038832,1
Antiquity Blue (109),7,0.948924261,0,0.508745846,0,0,0.558334791,0,0.555273745,0.0551,0.530785377,0.27610635,0,0.274881931,0,0.345898198,0,0,0.704040581,0.917089382,0.052,0.999737625,0.273045304,1
Antiquity Blue (109),6,0.813363652,0,0.436067868,0,0,0.478572678,0,0.475948924,0.0472,0.454958895,0.236662585,0,0.235613084,0,0.29648417,0,0,0.603463355,0.786076614,0.0446,0.856917964,0.234038832,1
Antiquity Blue (109),8,1.08448487,0,0.581423824,0,0,0.638096904,0,0.634598566,0.063,0.606611859,0.315550114,0,0.314150778,0,0.395312227,0,0,0.804617807,1.048102151,0.0595,1.142557285,0.312051775,1
Antiquity Blue (109),9,1.220045478,0,0.654101802,0,0,0.717859017,0,0.713923386,0.0708,0.682438342,0.354993878,0,0.353419626,0,0.444726255,0,0,0.905195032,1.17911492,0.0669,1.285376946,0.351058247,1
Antiquity Blue (109),7,0.948924261,0,0.508745846,0,0,0.558334791,0,0.555273745,0.0551,0.530785377,0.27610635,0,0.274881931,0,0.345898198,0,0,0.704040581,0.917089382,0.052,0.999737625,0.273045304,1
Antiquity Blue (109),7,0.948924261,0,0.508745846,0,0,0.558334791,0,0.555273745,0.0551,0.530785377,0.27610635,0,0.274881931,0,0.345898198,0,0,0.704040581,0.917089382,0.052,0.999737625,0.273045304,1
Antiquity Blue (109),5,0.677803044,0,0.36338989,0,0,0.398810565,0,0.396624104,0.0394,0.379132412,0.197218821,0,0.196344236,0,0.247070142,0,0,0.502886129,0.655063845,0.0372,0.714098303,0.19503236,3
Antiquity Blue (109),8,1.08448487,0,0.581423824,0,0,0.638096904,0,0.634598566,0.063,0.606611859,0.315550114,0,0.314150778,0,0.395312227,0,0,0.804617807,1.048102151,0.0595,1.142557285,0.312051775,1
Antiquity Blue (109),7,0.948924261,0,0.508745846,0,0,0.558334791,0,0.555273745,0.0551,0.530785377,0.27610635,0,0.274881931,0,0.345898198,0,0,0.704040581,0.917089382,0.052,0.999737625,0.273045304,1
Antiquity Blue (109),6,0.813363652,0,0.436067868,0,0,0.478572678,0,0.475948924,0.0472,0.454958895,0.236662585,0,0.235613084,0,0.29648417,0,0,0.603463355,0.786076614,0.0446,0.856917964,0.234038832,1
Antiquity Blue (109),6,0.813363652,0,0.436067868,0,0,0.478572678,0,0.475948924,0.0472,0.454958895,0.236662585,0,0.235613084,0,0.29648417,0,0,0.603463355,0.786076614,0.0446,0.856917964,0.234038832,1
Antiquity Blue (109),8,1.08448487,0,0.581423824,0,0,0.638096904,0,0.634598566,0.063,0.606611859,0.315550114,0,0.314150778,0,0.395312227,0,0,0.804617807,1.048102151,0.0595,1.142557285,0.312051775,1
Antiquity Blue (109),5,0.677803044,0,0.36338989,0,0,0.398810565,0,0.396624104,0.0394,0.379132412,0.197218821,0,0.196344236,0,0.247070142,0,0,0.502886129,0.655063845,0.0372,0.714098303,0.19503236,3
Antiquity Blue (109),6,0.813363652,0,0.436067868,0,0,0.478572678,0,0.475948924,0.0472,0.454958895,0.236662585,0,0.235613084,0,0.29648417,0,0,0.603463355,0.786076614,0.0446,0.856917964,0.234038832,1
Antiquity Blue (109),6,0.813363652,0,0.436067868,0,0,0.478572678,0,0.475948924,0.0472,0.454958895,0.236662585,0,0.235613084,0,0.29648417,0,0,0.603463355,0.786076614,0.0446,0.856917964,0.234038832,1
Antiquity Blue (109),7,0.948924261,0,0.508745846,0,0,0.558334791,0,0.555273745,0.0551,0.530785377,0.27610635,0,0.274881931,0,0.345898198,0,0,0.704040581,0.917089382,0.052,0.999737625,0.273045304,1
Antiquity Blue (109),8,1.08448487,0,0.581423824,0,0,0.638096904,0,0.634598566,0.063,0.606611859,0.315550114,0,0.314150778,0,0.395312227,0,0,0.804617807,1.048102151,0.0595,1.142557285,0.312051775,1
Antiquity Blue (109),4,0.542242435,0,0.290711912,0,0,0.319048452,0,0.317299283,0.0315,0.30330593,0.157775057,0,0.157075389,0,0.197656113,0,0,0.402308903,0.524051076,0.0297,0.571278643,0.156025888,3
Antiquity Blue (109),6,0.813363652,0,0.436067868,0,0,0.478572678,0,0.475948924,0.0472,0.454958895,0.236662585,0,0.235613084,0,0.29648417,0,0,0.603463355,0.786076614,0.0446,0.856917964,0.234038832,1
Antiquity Blue (109),7,0.948924261,0,0.508745846,0,0,0.558334791,0,0.555273745,0.0551,0.530785377,0.27610635,0,0.274881931,0,0.345898198,0,0,0.704040581,0.917089382,0.052,0.999737625,0.273045304,1
Antiquity Blue (109),9,1.220045478,0,0.654101802,0,0,0.717859017,0,0.713923386,0.0708,0.682438342,0.354993878,0,0.353419626,0,0.444726255,0,0,0.905195032,1.17911492,0.0669,1.285376946,0.351058247,1
Antiquity Blue (109),7,0.948924261,0,0.508745846,0,0,0.558334791,0,0.555273745,0.0551,0.530785377,0.27610635,0,0.274881931,0,0.345898198,0,0,0.704040581,0.917089382,0.052,0.999737625,0.273045304,1
Antiquity Blue (109),4,0.542242435,0,0.290711912,0,0,0.319048452,0,0.317299283,0.0315,0.30330593,0.157775057,0,0.157075389,0,0.197656113,0,0,0.402308903,0.524051076,0.0297,0.571278643,0.156025888,3
Antiquity Blue (109),6,0.813363652,0,0.436067868,0,0,0.478572678,0,0.475948924,0.0472,0.454958895,0.236662585,0,0.235613084,0,0.29648417,0,0,0.603463355,0.786076614,0.0446,0.856917964,0.234038832,1
Antiquity Blue (109),7,0.948924261,0,0.508745846,0,0,0.558334791,0,0.555273745,0.0551,0.530785377,0.27610635,0,0.274881931,0,0.345898198,0,0,0.704040581,0.917089382,0.052,0.999737625,0.273045304,1
Antiquity Blue (109),9,1.220045478,0,0.654101802,0,0,0.717859017,0,0.713923386,0.0708,0.682438342,0.354993878,0,0.353419626,0,0.444726255,0,0,0.905195032,1.17911492,0.0669,1.285376946,0.351058247,1
Antiquity Blue (109),9,1.220045478,0,0.654101802,0,0,0.717859017,0,0.713923386,0.0708,0.682438342,0.354993878,0,0.353419626,0,0.444726255,0,0,0.905195032,1.17911492,0.0669,1.285376946,0.351058247,1
Antiquity Blue (109),6,0.813363652,0,0.436067868,0,0,0.478572678,0,0.475948924,0.0472,0.454958895,0.236662585,0,0.235613084,0,0.29648417,0,0,0.603463355,0.786076614,0.0446,0.856917964,0.234038832,1
Antiquity Blue (109),8,1.08448487,0,0.581423824,0,0,0.638096904,0,0.634598566,0.063,0.606611859,0.315550114,0,0.314150778,0,0.395312227,0,0,0.804617807,1.048102151,0.0595,1.142557285,0.312051775,1
Antiquity Blue (109),9,1.220045478,0,0.654101802,0,0,0.717859017,0,0.713923386,0.0708,0.682438342,0.354993878,0,0.353419626,0,0.444726255,0,0,0.905195032,1.17911492,0.0669,1.285376946,0.351058247,1
Antiquity Blue (109),8,1.08448487,0,0.581423824,0,0,0.638096904,0,0.634598566,0.063,0.606611859,0.315550114,0,0.314150778,0,0.395312227,0,0,0.804617807,1.048102151,0.0595,1.142557285,0.312051775,1
Antiquity Blue (109),8,1.08448487,0,0.581423824,0,0,0.638096904,0,0.634598566,0.063,0.606611859,0.315550114,0,0.314150778,0,0.395312227,0,0,0.804617807,1.048102151,0.0595,1.142557285,0.312051775,1
Antiquity Blue (109),7,0.948924261,0,0.508745846,0,0,0.558334791,0,0.555273745,0.0551,0.530785377,0.27610635,0,0.274881931,0,0.345898198,0,0,0.704040581,0.917089382,0.052,0.999737625,0.273045304,1
Antiquity Blue (109),8,1.08448487,0,0.581423824,0,0,0.638096904,0,0.634598566,0.063,0.606611859,0.315550114,0,0.314150778,0,0.395312227,0,0,0.804617807,1.048102151,0.0595,1.142557285,0.312051775,1
Antiquity Blue (109),7,0.948924261,0,0.508745846,0,0,0.558334791,0,0.555273745,0.0551,0.530785377,0.27610635,0,0.274881931,0,0.345898198,0,0,0.704040581,0.917089382,0.052,0.999737625,0.273045304,1
Antiquity Blue (109),7,0.948924261,0,0.508745846,0,0,0.558334791,0,0.555273745,0.0551,0.530785377,0.27610635,0,0.274881931,0,0.345898198,0,0,0.704040581,0.917089382,0.052,0.999737625,0.273045304,1
Antiquity Blue (109),3,0.406681826,0,0.218033934,0,0,0.239286339,0,0.237974462,0.0236,0.227479447,0.118331293,0,0.117806542,0,0.148242085,0,0,0.301731677,0.393038307,0.0223,0.428458982,0.117019416,3
Antiquity Blue (109),6,0.813363652,0,0.436067868,0,0,0.478572678,0,0.475948924,0.0472,0.454958895,0.236662585,0,0.235613084,0,0.29648417,0,0,0.603463355,0.786076614,0.0446,0.856917964,0.234038832,1
Antiquity Blue (109),9,1.220045478,0,0.654101802,0,0,0.717859017,0,0.713923386,0.0708,0.682438342,0.354993878,0,0.353419626,0,0.444726255,0,0,0.905195032,1.17911492,0.0669,1.285376946,0.351058247,1
Antiquity Blue (109),6,0.813363652,0,0.436067868,0,0,0.478572678,0,0.475948924,0.0472,0.454958895,0.236662585,0,0.235613084,0,0.29648417,0,0,0.603463355,0.786076614,0.0446,0.856917964,0.234038832,1
Antiquity Blue (109),9,1.220045478,0,0.654101802,0,0,0.717859017,0,0.713923386,0.0708,0.682438342,0.354993878,0,0.353419626,0,0.444726255,0,0,0.905195032,1.17911492,0.0669,1.285376946,0.351058247,1
Antiquity Blue (109),9,1.220045478,0,0.654101802,0,0,0.717859017,0,0.713923386,0.0708,0.682438342,0.354993878,0,0.353419626,0,0.444726255,0,0,0.905195032,1.17911492,0.0669,1.285376946,0.351058247,1
Antiquity Blue (109),9,1.220045478,0,0.654101802,0,0,0.717859017,0,0.713923386,0.0708,0.682438342,0.354993878,0,0.353419626,0,0.444726255,0,0,0.905195032,1.17911492,0.0669,1.285376946,0.351058247,1
Antiquity Blue (109),9,1.220045478,0,0.654101802,0,0,0.717859017,0,0.713923386,0.0708,0.682438342,0.354993878,0,0.353419626,0,0.444726255,0,0,0.905195032,1.17911492,0.0669,1.285376946,0.351058247,1
Antiquity Blue (109),9,1.220045478,0,0.654101802,0,0,0.717859017,0,0.713923386,0.0708,0.682438342,0.354993878,0,0.353419626,0,0.444726255,0,0,0.905195032,1.17911492,0.0669,1.285376946,0.351058247,1
Antiquity Blue (109),9,1.220045478,0,0.654101802,0,0,0.717859017,0,0.713923386,0.0708,0.682438342,0.354993878,0,0.353419626,0,0.444726255,0,0,0.905195032,1.17911492,0.0669,1.285376946,0.351058247,1
Antiquity Blue (109),7,0.948924261,0,0.508745846,0,0,0.558334791,0,0.555273745,0.0551,0.530785377,0.27610635,0,0.274881931,0,0.345898198,0,0,0.704040581,0.917089382,0.052,0.999737625,0.273045304,1
Antiquity Blue (109),9,1.220045478,0,0.654101802,0,0,0.717859017,0,0.713923386,0.0708,0.682438342,0.354993878,0,0.353419626,0,0.444726255,0,0,0.905195032,1.17911492,0.0669,1.285376946,0.351058247,1
Antiquity Blue (109),8,1.08448487,0,0.581423824,0,0,0.638096904,0,0.634598566,0.063,0.606611859,0.315550114,0,0.314150778,0,0.395312227,0,0,0.804617807,1.048102151,0.0595,1.142557285,0.312051775,1
Antiquity Blue (109),9,1.220045478,0,0.654101802,0,0,0.717859017,0,0.713923386,0.0708,0.682438342,0.354993878,0,0.353419626,0,0.444726255,0,0,0.905195032,1.17911492,0.0669,1.285376946,0.351058247,1
Antiquity Blue (109),7,0.948924261,0,0.508745846,0,0,0.558334791,0,0.555273745,0.0551,0.530785377,0.27610635,0,0.274881931,0,0.345898198,0,0,0.704040581,0.917089382,0.052,0.999737625,0.273045304,1
Antiquity Blue (109),9,1.220045478,0,0.654101802,0,0,0.717859017,0,0.713923386,0.0708,0.682438342,0.354993878,0,0.353419626,0,0.444726255,0,0,0.905195032,1.17911492,0.0669,1.285376946,0.351058247,1
Antiquity Blue (109),9,1.220045478,0,0.654101802,0,0,0.717859017,0,0.713923386,0.0708,0.682438342,0.354993878,0,0.353419626,0,0.444726255,0,0,0.905195032,1.17911492,0.0669,1.285376946,0.351058247,1
Antiquity Blue (109),6,0.813363652,0,0.436067868,0,0,0.478572678,0,0.475948924,0.0472,0.454958895,0.236662585,0,0.235613084,0,0.29648417,0,0,0.603463355,0.786076614,0.0446,0.856917964,0.234038832,1
Antiquity Blue (109),7,0.948924261,0,0.508745846,0,0,0.558334791,0,0.555273745,0.0551,0.530785377,0.27610635,0,0.274881931,0,0.345898198,0,0,0.704040581,0.917089382,0.052,0.999737625,0.273045304,1
Antiquity Blue (109),5,0.677803044,0,0.36338989,0,0,0.398810565,0,0.396624104,0.0394,0.379132412,0.197218821,0,0.196344236,0,0.247070142,0,0,0.502886129,0.655063845,0.0372,0.714098303,0.19503236,3
Antiquity Blue (109),8,1.08448487,0,0.581423824,0,0,0.638096904,0,0.634598566,0.063,0.606611859,0.315550114,0,0.314150778,0,0.395312227,0,0,0.804617807,1.048102151,0.0595,1.142557285,0.312051775,1
Antiquity Blue (109),9,1.220045478,0,0.654101802,0,0,0.717859017,0,0.713923386,0.0708,0.682438342,0.354993878,0,0.353419626,0,0.444726255,0,0,0.905195032,1.17911492,0.0669,1.285376946,0.351058247,1
Antiquity Blue (109),8,1.08448487,0,0.581423824,0,0,0.638096904,0,0.634598566,0.063,0.606611859,0.315550114,0,0.314150778,0,0.395312227,0,0,0.804617807,1.048102151,0.0595,1.142557285,0.312051775,1
Antiquity Blue (109),7,0.948924261,0,0.508745846,0,0,0.558334791,0,0.555273745,0.0551,0.530785377,0.27610635,0,0.274881931,0,0.345898198,0,0,0.704040581,0.917089382,0.052,0.999737625,0.273045304,1
Antiquity Blue (109),1,0.135560609,0,0.0727,0,0,0.0798,0,0.0793,0.00787,0.0758,0.039443764,0,0.0393,0,0.0494,0,0,0.100577226,0.131012769,0.00743,0.142819661,0.039,3
Antiquity Blue (109),7,0.948924261,0,0.508745846,0,0,0.558334791,0,0.555273745,0.0551,0.530785377,0.27610635,0,0.274881931,0,0.345898198,0,0,0.704040581,0.917089382,0.052,0.999737625,0.273045304,1
Antiquity Blue (109),8,1.08448487,0,0.581423824,0,0,0.638096904,0,0.634598566,0.063,0.606611859,0.315550114,0,0.314150778,0,0.395312227,0,0,0.804617807,1.048102151,0.0595,1.142557285,0.312051775,1
Antiquity Blue (109),8,1.08448487,0,0.581423824,0,0,0.638096904,0,0.634598566,0.063,0.606611859,0.315550114,0,0.314150778,0,0.395312227,0,0,0.804617807,1.048102151,0.0595,1.142557285,0.312051775,1
Antiquity Blue (109),7,0.948924261,0,0.508745846,0,0,0.558334791,0,0.555273745,0.0551,0.530785377,0.27610635,0,0.274881931,0,0.345898198,0,0,0.704040581,0.917089382,0.052,0.999737625,0.273045304,1
Antiquity Blue (109),8,1.08448487,0,0.581423824,0,0,0.638096904,0,0.634598566,0.063,0.606611859,0.315550114,0,0.314150778,0,0.395312227,0,0,0.804617807,1.048102151,0.0595,1.142557285,0.312051775,1
Antiquity Blue (109),5,0.677803044,0,0.36338989,0,0,0.398810565,0,0.396624104,0.0394,0.379132412,0.197218821,0,0.196344236,0,0.247070142,0,0,0.502886129,0.655063845,0.0372,0.714098303,0.19503236,3
Antiquity Blue (109),8,1.08448487,0,0.581423824,0,0,0.638096904,0,0.634598566,0.063,0.606611859,0.315550114,0,0.314150778,0,0.395312227,0,0,0.804617807,1.048102151,0.0595,1.142557285,0.312051775,1
Antiquity Blue (109),7,0.948924261,0,0.508745846,0,0,0.558334791,0,0.555273745,0.0551,0.530785377,0.27610635,0,0.274881931,0,0.345898198,0,0,0.704040581,0.917089382,0.052,0.999737625,0.273045304,1
Antiquity Blue (109),9,1.220045478,0,0.654101802,0,0,0.717859017,0,0.713923386,0.0708,0.682438342,0.354993878,0,0.353419626,0,0.444726255,0,0,0.905195032,1.17911492,0.0669,1.285376946,0.351058247,1
Antiquity Blue (109),1,0.135560609,0,0.0727,0,0,0.0798,0,0.0793,0.00787,0.0758,0.039443764,0,0.0393,0,0.0494,0,0,0.100577226,0.131012769,0.00743,0.142819661,0.039,3
Antiquity Blue (109),6,0.813363652,0,0.436067868,0,0,0.478572678,0,0.475948924,0.0472,0.454958895,0.236662585,0,0.235613084,0,0.29648417,0,0,0.603463355,0.786076614,0.0446,0.856917964,0.234038832,1
Antiquity Blue (109),8,1.08448487,0,0.581423824,0,0,0.638096904,0,0.634598566,0.063,0.606611859,0.315550114,0,0.314150778,0,0.395312227,0,0,0.804617807,1.048102151,0.0595,1.142557285,0.312051775,1
Antiquity Blue (109),9,1.220045478,0,0.654101802,0,0,0.717859017,0,0.713923386,0.0708,0.682438342,0.354993878,0,0.353419626,0,0.444726255,0,0,0.905195032,1.17911492,0.0669,1.285376946,0.351058247,1
Antiquity Blue (109),9,1.220045478,0,0.654101802,0,0,0.717859017,0,0.713923386,0.0708,0.682438342,0.354993878,0,0.353419626,0,0.444726255,0,0,0.905195032,1.17911492,0.0669,1.285376946,0.351058247,1
Antiquity Blue (109),9,1.220045478,0,0.654101802,0,0,0.717859017,0,0.713923386,0.0708,0.682438342,0.354993878,0,0.353419626,0,0.444726255,0,0,0.905195032,1.17911492,0.0669,1.285376946,0.351058247,1
Antiquity Blue (109),8,1.08448487,0,0.581423824,0,0,0.638096904,0,0.634598566,0.063,0.606611859,0.315550114,0,0.314150778,0,0.395312227,0,0,0.804617807,1.048102151,0.0595,1.142557285,0.312051775,1
Antiquity Blue (109),1,0.135560609,0,0.0727,0,0,0.0798,0,0.0793,0.00787,0.0758,0.039443764,0,0.0393,0,0.0494,0,0,0.100577226,0.131012769,0.00743,0.142819661,0.039,3
Antiquity Blue (109),8,1.08448487,0,0.581423824,0,0,0.638096904,0,0.634598566,0.063,0.606611859,0.315550114,0,0.314150778,0,0.395312227,0,0,0.804617807,1.048102151,0.0595,1.142557285,0.312051775,1
Antiquity Blue (109),8,1.08448487,0,0.581423824,0,0,0.638096904,0,0.634598566,0.063,0.606611859,0.315550114,0,0.314150778,0,0.395312227,0,0,0.804617807,1.048102151,0.0595,1.142557285,0.312051775,1
Antiquity Blue (109),8,1.08448487,0,0.581423824,0,0,0.638096904,0,0.634598566,0.063,0.606611859,0.315550114,0,0.314150778,0,0.395312227,0,0,0.804617807,1.048102151,0.0595,1.142557285,0.312051775,1
Antiquity Blue (109),8,1.08448487,0,0.581423824,0,0,0.638096904,0,0.634598566,0.063,0.606611859,0.315550114,0,0.314150778,0,0.395312227,0,0,0.804617807,1.048102151,0.0595,1.142557285,0.312051775,1
Antiquity Blue (109),8,1.08448487,0,0.581423824,0,0,0.638096904,0,0.634598566,0.063,0.606611859,0.315550114,0,0.314150778,0,0.395312227,0,0,0.804617807,1.048102151,0.0595,1.142557285,0.312051775,1
Antiquity Blue (109),9,1.220045478,0,0.654101802,0,0,0.717859017,0,0.713923386,0.0708,0.682438342,0.354993878,0,0.353419626,0,0.444726255,0,0,0.905195032,1.17911492,0.0669,1.285376946,0.351058247,1
Antiquity Blue (109),1,0.135560609,0,0.0727,0,0,0.0798,0,0.0793,0.00787,0.0758,0.039443764,0,0.0393,0,0.0494,0,0,0.100577226,0.131012769,0.00743,0.142819661,0.039,3
Antiquity Blue (109),9,1.220045478,0,0.654101802,0,0,0.717859017,0,0.713923386,0.0708,0.682438342,0.354993878,0,0.353419626,0,0.444726255,0,0,0.905195032,1.17911492,0.0669,1.285376946,0.351058247,1
Antiquity Blue (109),6,0.813363652,0,0.436067868,0,0,0.478572678,0,0.475948924,0.0472,0.454958895,0.236662585,0,0.235613084,0,0.29648417,0,0,0.603463355,0.786076614,0.0446,0.856917964,0.234038832,1
Antiquity Blue (109),9,1.220045478,0,0.654101802,0,0,0.717859017,0,0.713923386,0.0708,0.682438342,0.354993878,0,0.353419626,0,0.444726255,0,0,0.905195032,1.17911492,0.0669,1.285376946,0.351058247,1
Antiquity Blue (109),5,0.677803044,0,0.36338989,0,0,0.398810565,0,0.396624104,0.0394,0.379132412,0.197218821,0,0.196344236,0,0.247070142,0,0,0.502886129,0.655063845,0.0372,0.714098303,0.19503236,3
Antiquity Blue (109),9,1.220045478,0,0.654101802,0,0,0.717859017,0,0.713923386,0.0708,0.682438342,0.354993878,0,0.353419626,0,0.444726255,0,0,0.905195032,1.17911492,0.0669,1.285376946,0.351058247,1
Antiquity Blue (109),9,1.220045478,0,0.654101802,0,0,0.717859017,0,0.713923386,0.0708,0.682438342,0.354993878,0,0.353419626,0,0.444726255,0,0,0.905195032,1.17911492,0.0669,1.285376946,0.351058247,1
342,8,0.906265022,0,0.663355232,0,0,0.628745393,0,0.420445441,0.084,0.766543823,0.253164557,0,0.232655023,0,0.957538856,0,0.0135,0.731293062,0.933183785,0.0776,1.03060407,0.301233777,1
342,7,0.792981894,0,0.580435828,0,0,0.550152219,0,0.367889761,0.0735,0.670725845,0.221518987,0,0.203573145,0,0.837846499,0,0.0118,0.639881429,0.816535812,0.0679,0.901778561,0.263579555,1
342,7,0.792981894,0,0.580435828,0,0,0.550152219,0,0.367889761,0.0735,0.670725845,0.221518987,0,0.203573145,0,0.837846499,0,0.0118,0.639881429,0.816535812,0.0679,0.901778561,0.263579555,1
342,8,0.906265022,0,0.663355232,0,0,0.628745393,0,0.420445441,0.084,0.766543823,0.253164557,0,0.232655023,0,0.957538856,0,0.0135,0.731293062,0.933183785,0.0776,1.03060407,0.301233777,1
342,5,0.566415639,0,0.41459702,0,0,0.392965871,0,0.262778401,0.0525,0.479089889,0.158227848,0,0.14540939,0,0.598461785,0,0.00841,0.457058164,0.583239865,0.0485,0.644127544,0.18827111,3
342,7,0.792981894,0,0.580435828,0,0,0.550152219,0,0.367889761,0.0735,0.670725845,0.221518987,0,0.203573145,0,0.837846499,0,0.0118,0.639881429,0.816535812,0.0679,0.901778561,0.263579555,1
342,8,0.906265022,0,0.663355232,0,0,0.628745393,0,0.420445441,0.084,0.766543823,0.253164557,0,0.232655023,0,0.957538856,0,0.0135,0.731293062,0.933183785,0.0776,1.03060407,0.301233777,1
342,7,0.792981894,0,0.580435828,0,0,0.550152219,0,0.367889761,0.0735,0.670725845,0.221518987,0,0.203573145,0,0.837846499,0,0.0118,0.639881429,0.816535812,0.0679,0.901778561,0.263579555,1
342,7,0.792981894,0,0.580435828,0,0,0.550152219,0,0.367889761,0.0735,0.670725845,0.221518987,0,0.203573145,0,0.837846499,0,0.0118,0.639881429,0.816535812,0.0679,0.901778561,0.263579555,1
342,7,0.792981894,0,0.580435828,0,0,0.550152219,0,0.367889761,0.0735,0.670725845,0.221518987,0,0.203573145,0,0.837846499,0,0.0118,0.639881429,0.816535812,0.0679,0.901778561,0.263579555,1
342,6,0.679698766,0,0.497516424,0,0,0.471559045,0,0.315334081,0.063,0.574907867,0.189873418,0,0.174491267,0,0.718154142,0,0.0101,0.548469796,0.699887838,0.0582,0.772953052,0.225925332,3
342,6,0.679698766,0,0.497516424,0,0,0.471559045,0,0.315334081,0.063,0.574907867,0.189873418,0,0.174491267,0,0.718154142,0,0.0101,0.548469796,0.699887838,0.0582,0.772953052,0.225925332,3
342,6,0.679698766,0,0.497516424,0,0,0.471559045,0,0.315334081,0.063,0.574907867,0.189873418,0,0.174491267,0,0.718154142,0,0.0101,0.548469796,0.699887838,0.0582,0.772953052,0.225925332,3
342,8,0.906265022,0,0.663355232,0,0,0.628745393,0,0.420445441,0.084,0.766543823,0.253164557,0,0.232655023,0,0.957538856,0,0.0135,0.731293062,0.933183785,0.0776,1.03060407,0.301233777,1
342,7,0.792981894,0,0.580435828,0,0,0.550152219,0,0.367889761,0.0735,0.670725845,0.221518987,0,0.203573145,0,0.837846499,0,0.0118,0.639881429,0.816535812,0.0679,0.901778561,0.263579555,1
342,7,0.792981894,0,0.580435828,0,0,0.550152219,0,0.367889761,0.0735,0.670725845,0.221518987,0,0.203573145,0,0.837846499,0,0.0118,0.639881429,0.816535812,0.0679,0.901778561,0.263579555,1
342,2,0.226566255,0,0.165838808,0,0,0.157186348,0,0.10511136,0.021,0.191635956,0.0633,0,0.0582,0,0.239384714,0,0.00336,0.182823265,0.233295946,0.0194,0.257651017,0.0753,3
342,8,0.906265022,0,0.663355232,0,0,0.628745393,0,0.420445441,0.084,0.766543823,0.253164557,0,0.232655023,0,0.957538856,0,0.0135,0.731293062,0.933183785,0.0776,1.03060407,0.301233777,1
342,7,0.792981894,0,0.580435828,0,0,0.550152219,0,0.367889761,0.0735,0.670725845,0.221518987,0,0.203573145,0,0.837846499,0,0.0118,0.639881429,0.816535812,0.0679,0.901778561,0.263579555,1
342,9,1.019548149,0,0.746274636,0,0,0.707338567,0,0.473001122,0.0945,0.862361801,0.284810127,0,0.261736901,0,1.077231213,0,0.0151,0.822704695,1.049831758,0.0872,1.159429579,0.338887999,1
342,6,0.679698766,0,0.497516424,0,0,0.471559045,0,0.315334081,0.063,0.574907867,0.189873418,0,0.174491267,0,0.718154142,0,0.0101,0.548469796,0.699887838,0.0582,0.772953052,0.225925332,3
342,8,0.906265022,0,0.663355232,0,0,0.628745393,0,0.420445441,0.084,0.766543823,0.253164557,0,0.232655023,0,0.957538856,0,0.0135,0.731293062,0.933183785,0.0776,1.03060407,0.301233777,1
342,3,0.339849383,0,0.248758212,0,0,0.235779522,0,0.157667041,0.0315,0.287453934,0.0949,0,0.0872,0,0.359077071,0,0.00505,0.274234898,0.349943919,0.0291,0.386476526,0.112962666,3
342,8,0.906265022,0,0.663355232,0,0,0.628745393,0,0.420445441,0.084,0.766543823,0.253164557,0,0.232655023,0,0.957538856,0,0.0135,0.731293062,0.933183785,0.0776,1.03060407,0.301233777,1
342,8,0.906265022,0,0.663355232,0,0,0.628745393,0,0.420445441,0.084,0.766543823,0.253164557,0,0.232655023,0,0.957538856,0,0.0135,0.731293062,0.933183785,0.0776,1.03060407,0.301233777,1
342,7,0.792981894,0,0.580435828,0,0,0.550152219,0,0.367889761,0.0735,0.670725845,0.221518987,0,0.203573145,0,0.837846499,0,0.0118,0.639881429,0.816535812,0.0679,0.901778561,0.263579555,1
342,8,0.906265022,0,0.663355232,0,0,0.628745393,0,0.420445441,0.084,0.766543823,0.253164557,0,0.232655023,0,0.957538856,0,0.0135,0.731293062,0.933183785,0.0776,1.03060407,0.301233777,1
342,7,0.792981894,0,0.580435828,0,0,0.550152219,0,0.367889761,0.0735,0.670725845,0.221518987,0,0.203573145,0,0.837846499,0,0.0118,0.639881429,0.816535812,0.0679,0.901778561,0.263579555,1
342,7,0.792981894,0,0.580435828,0,0,0.550152219,0,0.367889761,0.0735,0.670725845,0.221518987,0,0.203573145,0,0.837846499,0,0.0118,0.639881429,0.816535812,0.0679,0.901778561,0.263579555,1
342,8,0.906265022,0,0.663355232,0,0,0.628745393,0,0.420445441,0.084,0.766543823,0.253164557,0,0.232655023,0,0.957538856,0,0.0135,0.731293062,0.933183785,0.0776,1.03060407,0.301233777,1
342,7,0.792981894,0,0.580435828,0,0,0.550152219,0,0.367889761,0.0735,0.670725845,0.221518987,0,0.203573145,0,0.837846499,0,0.0118,0.639881429,0.816535812,0.0679,0.901778561,0.263579555,1
342,8,0.906265022,0,0.663355232,0,0,0.628745393,0,0.420445441,0.084,0.766543823,0.253164557,0,0.232655023,0,0.957538856,0,0.0135,0.731293062,0.933183785,0.0776,1.03060407,0.301233777,1
342,3,0.339849383,0,0.248758212,0,0,0.235779522,0,0.157667041,0.0315,0.287453934,0.0949,0,0.0872,0,0.359077071,0,0.00505,0.274234898,0.349943919,0.0291,0.386476526,0.112962666,3
342,8,0.906265022,0,0.663355232,0,0,0.628745393,0,0.420445441,0.084,0.766543823,0.253164557,0,0.232655023,0,0.957538856,0,0.0135,0.731293062,0.933183785,0.0776,1.03060407,0.301233777,1
342,9,1.019548149,0,0.746274636,0,0,0.707338567,0,0.473001122,0.0945,0.862361801,0.284810127,0,0.261736901,0,1.077231213,0,0.0151,0.822704695,1.049831758,0.0872,1.159429579,0.338887999,1
342,1,0.113283128,0,0.0829,0,0,0.0786,0,0.0526,0.0105,0.0958,0.0316,0,0.0291,0,0.119692357,0,0.00168,0.0914,0.116647973,0.00969,0.128825509,0.0377,3
342,7,0.792981894,0,0.580435828,0,0,0.550152219,0,0.367889761,0.0735,0.670725845,0.221518987,0,0.203573145,0,0.837846499,0,0.0118,0.639881429,0.816535812,0.0679,0.901778561,0.263579555,1
342,8,0.906265022,0,0.663355232,0,0,0.628745393,0,0.420445441,0.084,0.766543823,0.253164557,0,0.232655023,0,0.957538856,0,0.0135,0.731293062,0.933183785,0.0776,1.03060407,0.301233777,1
342,7,0.792981894,0,0.580435828,0,0,0.550152219,0,0.367889761,0.0735,0.670725845,0.221518987,0,0.203573145,0,0.837846499,0,0.0118,0.639881429,0.816535812,0.0679,0.901778561,0.263579555,1
342,7,0.792981894,0,0.580435828,0,0,0.550152219,0,0.367889761,0.0735,0.670725845,0.221518987,0,0.203573145,0,0.837846499,0,0.0118,0.639881429,0.816535812,0.0679,0.901778561,0.263579555,1
342,8,0.906265022,0,0.663355232,0,0,0.628745393,0,0.420445441,0.084,0.766543823,0.253164557,0,0.232655023,0,0.957538856,0,0.0135,0.731293062,0.933183785,0.0776,1.03060407,0.301233777,1
342,9,1.019548149,0,0.746274636,0,0,0.707338567,0,0.473001122,0.0945,0.862361801,0.284810127,0,0.261736901,0,1.077231213,0,0.0151,0.822704695,1.049831758,0.0872,1.159429579,0.338887999,1
342,8,0.906265022,0,0.663355232,0,0,0.628745393,0,0.420445441,0.084,0.766543823,0.253164557,0,0.232655023,0,0.957538856,0,0.0135,0.731293062,0.933183785,0.0776,1.03060407,0.301233777,1
342,2,0.226566255,0,0.165838808,0,0,0.157186348,0,0.10511136,0.021,0.191635956,0.0633,0,0.0582,0,0.239384714,0,0.00336,0.182823265,0.233295946,0.0194,0.257651017,0.0753,3
342,7,0.792981894,0,0.580435828,0,0,0.550152219,0,0.367889761,0.0735,0.670725845,0.221518987,0,0.203573145,0,0.837846499,0,0.0118,0.639881429,0.816535812,0.0679,0.901778561,0.263579555,1
342,6,0.679698766,0,0.497516424,0,0,0.471559045,0,0.315334081,0.063,0.574907867,0.189873418,0,0.174491267,0,0.718154142,0,0.0101,0.548469796,0.699887838,0.0582,0.772953052,0.225925332,3
342,8,0.906265022,0,0.663355232,0,0,0.628745393,0,0.420445441,0.084,0.766543823,0.253164557,0,0.232655023,0,0.957538856,0,0.0135,0.731293062,0.933183785,0.0776,1.03060407,0.301233777,1
342,4,0.453132511,0,0.331677616,0,0,0.314372697,0,0.210222721,0.042,0.383271912,0.126582278,0,0.116327512,0,0.478769428,0,0.00673,0.365646531,0.466591892,0.0388,0.515302035,0.150616888,3
342,7,0.792981894,0,0.580435828,0,0,0.550152219,0,0.367889761,0.0735,0.670725845,0.221518987,0,0.203573145,0,0.837846499,0,0.0118,0.639881429,0.816535812,0.0679,0.901778561,0.263579555,1
342,5,0.566415639,0,0.41459702,0,0,0.392965871,0,0.262778401,0.0525,0.479089889,0.158227848,0,0.14540939,0,0.598461785,0,0.00841,0.457058164,0.583239865,0.0485,0.644127544,0.18827111,3
342,6,0.679698766,0,0.497516424,0,0,0.471559045,0,0.315334081,0.063,0.574907867,0.189873418,0,0.174491267,0,0.718154142,0,0.0101,0.548469796,0.699887838,0.0582,0.772953052,0.225925332,3
342,8,0.906265022,0,0.663355232,0,0,0.628745393,0,0.420445441,0.084,0.766543823,0.253164557,0,0.232655023,0,0.957538856,0,0.0135,0.731293062,0.933183785,0.0776,1.03060407,0.301233777,1
342,6,0.679698766,0,0.497516424,0,0,0.471559045,0,0.315334081,0.063,0.574907867,0.189873418,0,0.174491267,0,0.718154142,0,0.0101,0.548469796,0.699887838,0.0582,0.772953052,0.225925332,3
342,9,1.019548149,0,0.746274636,0,0,0.707338567,0,0.473001122,0.0945,0.862361801,0.284810127,0,0.261736901,0,1.077231213,0,0.0151,0.822704695,1.049831758,0.0872,1.159429579,0.338887999,1
342,9,1.019548149,0,0.746274636,0,0,0.707338567,0,0.473001122,0.0945,0.862361801,0.284810127,0,0.261736901,0,1.077231213,0,0.0151,0.822704695,1.049831758,0.0872,1.159429579,0.338887999,1
342,8,0.906265022,0,0.663355232,0,0,0.628745393,0,0.420445441,0.084,0.766543823,0.253164557,0,0.232655023,0,0.957538856,0,0.0135,0.731293062,0.933183785,0.0776,1.03060407,0.301233777,1
342,1,0.113283128,0,0.0829,0,0,0.0786,0,0.0526,0.0105,0.0958,0.0316,0,0.0291,0,0.119692357,0,0.00168,0.0914,0.116647973,0.00969,0.128825509,0.0377,3
342,3,0.339849383,0,0.248758212,0,0,0.235779522,0,0.157667041,0.0315,0.287453934,0.0949,0,0.0872,0,0.359077071,0,0.00505,0.274234898,0.349943919,0.0291,0.386476526,0.112962666,3
342,8,0.906265022,0,0.663355232,0,0,0.628745393,0,0.420445441,0.084,0.766543823,0.253164557,0,0.232655023,0,0.957538856,0,0.0135,0.731293062,0.933183785,0.0776,1.03060407,0.301233777,1
342,8,0.906265022,0,0.663355232,0,0,0.628745393,0,0.420445441,0.084,0.766543823,0.253164557,0,0.232655023,0,0.957538856,0,0.0135,0.731293062,0.933183785,0.0776,1.03060407,0.301233777,1
342,8,0.906265022,0,0.663355232,0,0,0.628745393,0,0.420445441,0.084,0.766543823,0.253164557,0,0.232655023,0,0.957538856,0,0.0135,0.731293062,0.933183785,0.0776,1.03060407,0.301233777,1
342,5,0.566415639,0,0.41459702,0,0,0.392965871,0,0.262778401,0.0525,0.479089889,0.158227848,0,0.14540939,0,0.598461785,0,0.00841,0.457058164,0.583239865,0.0485,0.644127544,0.18827111,3
342,9,1.019548149,0,0.746274636,0,0,0.707338567,0,0.473001122,0.0945,0.862361801,0.284810127,0,0.261736901,0,1.077231213,0,0.0151,0.822704695,1.049831758,0.0872,1.159429579,0.338887999,1
342,5,0.566415639,0,0.41459702,0,0,0.392965871,0,0.262778401,0.0525,0.479089889,0.158227848,0,0.14540939,0,0.598461785,0,0.00841,0.457058164,0.583239865,0.0485,0.644127544,0.18827111,3
342,9,1.019548149,0,0.746274636,0,0,0.707338567,0,0.473001122,0.0945,0.862361801,0.284810127,0,0.261736901,0,1.077231213,0,0.0151,0.822704695,1.049831758,0.0872,1.159429579,0.338887999,1
342,8,0.906265022,0,0.663355232,0,0,0.628745393,0,0.420445441,0.084,0.766543823,0.253164557,0,0.232655023,0,0.957538856,0,0.0135,0.731293062,0.933183785,0.0776,1.03060407,0.301233777,1
342,7,0.792981894,0,0.580435828,0,0,0.550152219,0,0.367889761,0.0735,0.670725845,0.221518987,0,0.203573145,0,0.837846499,0,0.0118,0.639881429,0.816535812,0.0679,0.901778561,0.263579555,1
342,5,0.566415639,0,0.41459702,0,0,0.392965871,0,0.262778401,0.0525,0.479089889,0.158227848,0,0.14540939,0,0.598461785,0,0.00841,0.457058164,0.583239865,0.0485,0.644127544,0.18827111,3
342,6,0.679698766,0,0.497516424,0,0,0.471559045,0,0.315334081,0.063,0.574907867,0.189873418,0,0.174491267,0,0.718154142,0,0.0101,0.548469796,0.699887838,0.0582,0.772953052,0.225925332,3
342,1,0.113283128,0,0.0829,0,0,0.0786,0,0.0526,0.0105,0.0958,0.0316,0,0.0291,0,0.119692357,0,0.00168,0.0914,0.116647973,0.00969,0.128825509,0.0377,3
342,9,1.019548149,0,0.746274636,0,0,0.707338567,0,0.473001122,0.0945,0.862361801,0.284810127,0,0.261736901,0,1.077231213,0,0.0151,0.822704695,1.049831758,0.0872,1.159429579,0.338887999,1
342,7,0.792981894,0,0.580435828,0,0,0.550152219,0,0.367889761,0.0735,0.670725845,0.221518987,0,0.203573145,0,0.837846499,0,0.0118,0.639881429,0.816535812,0.0679,0.901778561,0.263579555,1
342,9,1.019548149,0,0.746274636,0,0,0.707338567,0,0.473001122,0.0945,0.862361801,0.284810127,0,0.261736901,0,1.077231213,0,0.0151,0.822704695,1.049831758,0.0872,1.159429579,0.338887999,1
342,9,1.019548149,0,0.746274636,0,0,0.707338567,0,0.473001122,0.0945,0.862361801,0.284810127,0,0.261736901,0,1.077231213,0,0.0151,0.822704695,1.049831758,0.0872,1.159429579,0.338887999,1
342,7,0.792981894,0,0.580435828,0,0,0.550152219,0,0.367889761,0.0735,0.670725845,0.221518987,0,0.203573145,0,0.837846499,0,0.0118,0.639881429,0.816535812,0.0679,0.901778561,0.263579555,1
342,9,1.019548149,0,0.746274636,0,0,0.707338567,0,0.473001122,0.0945,0.862361801,0.284810127,0,0.261736901,0,1.077231213,0,0.0151,0.822704695,1.049831758,0.0872,1.159429579,0.338887999,1
342,9,1.019548149,0,0.746274636,0,0,0.707338567,0,0.473001122,0.0945,0.862361801,0.284810127,0,0.261736901,0,1.077231213,0,0.0151,0.822704695,1.049831758,0.0872,1.159429579,0.338887999,1
342,7,0.792981894,0,0.580435828,0,0,0.550152219,0,0.367889761,0.0735,0.670725845,0.221518987,0,0.203573145,0,0.837846499,0,0.0118,0.639881429,0.816535812,0.0679,0.901778561,0.263579555,1
342,9,1.019548149,0,0.746274636,0,0,0.707338567,0,0.473001122,0.0945,0.862361801,0.284810127,0,0.261736901,0,1.077231213,0,0.0151,0.822704695,1.049831758,0.0872,1.159429579,0.338887999,1
342,8,0.906265022,0,0.663355232,0,0,0.628745393,0,0.420445441,0.084,0.766543823,0.253164557,0,0.232655023,0,0.957538856,0,0.0135,0.731293062,0.933183785,0.0776,1.03060407,0.301233777,1
342,8,0.906265022,0,0.663355232,0,0,0.628745393,0,0.420445441,0.084,0.766543823,0.253164557,0,0.232655023,0,0.957538856,0,0.0135,0.731293062,0.933183785,0.0776,1.03060407,0.301233777,1
342,7,0.792981894,0,0.580435828,0,0,0.550152219,0,0.367889761,0.0735,0.670725845,0.221518987,0,0.203573145,0,0.837846499,0,0.0118,0.639881429,0.816535812,0.0679,0.901778561,0.263579555,1
342,5,0.566415639,0,0.41459702,0,0,0.392965871,0,0.262778401,0.0525,0.479089889,0.158227848,0,0.14540939,0,0.598461785,0,0.00841,0.457058164,0.583239865,0.0485,0.644127544,0.18827111,3
342,4,0.453132511,0,0.331677616,0,0,0.314372697,0,0.210222721,0.042,0.383271912,0.126582278,0,0.116327512,0,0.478769428,0,0.00673,0.365646531,0.466591892,0.0388,0.515302035,0.150616888,3
342,5,0.566415639,0,0.41459702,0,0,0.392965871,0,0.262778401,0.0525,0.479089889,0.158227848,0,0.14540939,0,0.598461785,0,0.00841,0.457058164,0.583239865,0.0485,0.644127544,0.18827111,3
342,9,1.019548149,0,0.746274636,0,0,0.707338567,0,0.473001122,0.0945,0.862361801,0.284810127,0,0.261736901,0,1.077231213,0,0.0151,0.822704695,1.049831758,0.0872,1.159429579,0.338887999,1
342,7,0.792981894,0,0.580435828,0,0,0.550152219,0,0.367889761,0.0735,0.670725845,0.221518987,0,0.203573145,0,0.837846499,0,0.0118,0.639881429,0.816535812,0.0679,0.901778561,0.263579555,1
342,5,0.566415639,0,0.41459702,0,0,0.392965871,0,0.262778401,0.0525,0.479089889,0.158227848,0,0.14540939,0,0.598461785,0,0.00841,0.457058164,0.583239865,0.0485,0.644127544,0.18827111,3
342,9,1.019548149,0,0.746274636,0,0,0.707338567,0,0.473001122,0.0945,0.862361801,0.284810127,0,0.261736901,0,1.077231213,0,0.0151,0.822704695,1.049831758,0.0872,1.159429579,0.338887999,1
342,7,0.792981894,0,0.580435828,0,0,0.550152219,0,0.367889761,0.0735,0.670725845,0.221518987,0,0.203573145,0,0.837846499,0,0.0118,0.639881429,0.816535812,0.0679,0.901778561,0.263579555,1
342,4,0.453132511,0,0.331677616,0,0,0.314372697,0,0.210222721,0.042,0.383271912,0.126582278,0,0.116327512,0,0.478769428,0,0.00673,0.365646531,0.466591892,0.0388,0.515302035,0.150616888,3
342,7,0.792981894,0,0.580435828,0,0,0.550152219,0,0.367889761,0.0735,0.670725845,0.221518987,0,0.203573145,0,0.837846499,0,0.0118,0.639881429,0.816535812,0.0679,0.901778561,0.263579555,1
342,8,0.906265022,0,0.663355232,0,0,0.628745393,0,0.420445441,0.084,0.766543823,0.253164557,0,0.232655023,0,0.957538856,0,0.0135,0.731293062,0.933183785,0.0776,1.03060407,0.301233777,1
342,9,1.019548149,0,0.746274636,0,0,0.707338567,0,0.473001122,0.0945,0.862361801,0.284810127,0,0.261736901,0,1.077231213,0,0.0151,0.822704695,1.049831758,0.0872,1.159429579,0.338887999,1
342,8,0.906265022,0,0.663355232,0,0,0.628745393,0,0.420445441,0.084,0.766543823,0.253164557,0,0.232655023,0,0.957538856,0,0.0135,0.731293062,0.933183785,0.0776,1.03060407,0.301233777,1
342,7,0.792981894,0,0.580435828,0,0,0.550152219,0,0.367889761,0.0735,0.670725845,0.221518987,0,0.203573145,0,0.837846499,0,0.0118,0.639881429,0.816535812,0.0679,0.901778561,0.263579555,1
342,5,0.566415639,0,0.41459702,0,0,0.392965871,0,0.262778401,0.0525,0.479089889,0.158227848,0,0.14540939,0,0.598461785,0,0.00841,0.457058164,0.583239865,0.0485,0.644127544,0.18827111,3
342,6,0.679698766,0,0.497516424,0,0,0.471559045,0,0.315334081,0.063,0.574907867,0.189873418,0,0.174491267,0,0.718154142,0,0.0101,0.548469796,0.699887838,0.0582,0.772953052,0.225925332,3
342,8,0.906265022,0,0.663355232,0,0,0.628745393,0,0.420445441,0.084,0.766543823,0.253164557,0,0.232655023,0,0.957538856,0,0.0135,0.731293062,0.933183785,0.0776,1.03060407,0.301233777,1
342,9,1.019548149,0,0.746274636,0,0,0.707338567,0,0.473001122,0.0945,0.862361801,0.284810127,0,0.261736901,0,1.077231213,0,0.0151,0.822704695,1.049831758,0.0872,1.159429579,0.338887999,1
342,9,1.019548149,0,0.746274636,0,0,0.707338567,0,0.473001122,0.0945,0.862361801,0.284810127,0,0.261736901,0,1.077231213,0,0.0151,0.822704695,1.049831758,0.0872,1.159429579,0.338887999,1
342,6,0.679698766,0,0.497516424,0,0,0.471559045,0,0.315334081,0.063,0.574907867,0.189873418,0,0.174491267,0,0.718154142,0,0.0101,0.548469796,0.699887838,0.0582,0.772953052,0.225925332,3
342,6,0.679698766,0,0.497516424,0,0,0.471559045,0,0.315334081,0.063,0.574907867,0.189873418,0,0.174491267,0,0.718154142,0,0.0101,0.548469796,0.699887838,0.0582,0.772953052,0.225925332,3
342,2,0.226566255,0,0.165838808,0,0,0.157186348,0,0.10511136,0.021,0.191635956,0.0633,0,0.0582,0,0.239384714,0,0.00336,0.182823265,0.233295946,0.0194,0.257651017,0.0753,3
342,8,0.906265022,0,0.663355232,0,0,0.628745393,0,0.420445441,0.084,0.766543823,0.253164557,0,0.232655023,0,0.957538856,0,0.0135,0.731293062,0.933183785,0.0776,1.03060407,0.301233777,1
342,8,0.906265022,0,0.663355232,0,0,0.628745393,0,0.420445441,0.084,0.766543823,0.253164557,0,0.232655023,0,0.957538856,0,0.0135,0.731293062,0.933183785,0.0776,1.03060407,0.301233777,1
342,4,0.453132511,0,0.331677616,0,0,0.314372697,0,0.210222721,0.042,0.383271912,0.126582278,0,0.116327512,0,0.478769428,0,0.00673,0.365646531,0.466591892,0.0388,0.515302035,0.150616888,3
342,7,0.792981894,0,0.580435828,0,0,0.550152219,0,0.367889761,0.0735,0.670725845,0.221518987,0,0.203573145,0,0.837846499,0,0.0118,0.639881429,0.816535812,0.0679,0.901778561,0.263579555,1
342,7,0.792981894,0,0.580435828,0,0,0.550152219,0,0.367889761,0.0735,0.670725845,0.221518987,0,0.203573145,0,0.837846499,0,0.0118,0.639881429,0.816535812,0.0679,0.901778561,0.263579555,1
342,7,0.792981894,0,0.580435828,0,0,0.550152219,0,0.367889761,0.0735,0.670725845,0.221518987,0,0.203573145,0,0.837846499,0,0.0118,0.639881429,0.816535812,0.0679,0.901778561,0.263579555,1
342,7,0.792981894,0,0.580435828,0,0,0.550152219,0,0.367889761,0.0735,0.670725845,0.221518987,0,0.203573145,0,0.837846499,0,0.0118,0.639881429,0.816535812,0.0679,0.901778561,0.263579555,1
342,7,0.792981894,0,0.580435828,0,0,0.550152219,0,0.367889761,0.0735,0.670725845,0.221518987,0,0.203573145,0,0.837846499,0,0.0118,0.639881429,0.816535812,0.0679,0.901778561,0.263579555,1
342,6,0.679698766,0,0.497516424,0,0,0.471559045,0,0.315334081,0.063,0.574907867,0.189873418,0,0.174491267,0,0.718154142,0,0.0101,0.548469796,0.699887838,0.0582,0.772953052,0.225925332,3
342,9,1.019548149,0,0.746274636,0,0,0.707338567,0,0.473001122,0.0945,0.862361801,0.284810127,0,0.261736901,0,1.077231213,0,0.0151,0.822704695,1.049831758,0.0872,1.159429579,0.338887999,1
342,8,0.906265022,0,0.663355232,0,0,0.628745393,0,0.420445441,0.084,0.766543823,0.253164557,0,0.232655023,0,0.957538856,0,0.0135,0.731293062,0.933183785,0.0776,1.03060407,0.301233777,1
342,8,0.906265022,0,0.663355232,0,0,0.628745393,0,0.420445441,0.084,0.766543823,0.253164557,0,0.232655023,0,0.957538856,0,0.0135,0.731293062,0.933183785,0.0776,1.03060407,0.301233777,1
342,8,0.906265022,0,0.663355232,0,0,0.628745393,0,0.420445441,0.084,0.766543823,0.253164557,0,0.232655023,0,0.957538856,0,0.0135,0.731293062,0.933183785,0.0776,1.03060407,0.301233777,1
342,4,0.453132511,0,0.331677616,0,0,0.314372697,0,0.210222721,0.042,0.383271912,0.126582278,0,0.116327512,0,0.478769428,0,0.00673,0.365646531,0.466591892,0.0388,0.515302035,0.150616888,3
342,5,0.566415639,0,0.41459702,0,0,0.392965871,0,0.262778401,0.0525,0.479089889,0.158227848,0,0.14540939,0,0.598461785,0,0.00841,0.457058164,0.583239865,0.0485,0.644127544,0.18827111,3
342,7,0.792981894,0,0.580435828,0,0,0.550152219,0,0.367889761,0.0735,0.670725845,0.221518987,0,0.203573145,0,0.837846499,0,0.0118,0.639881429,0.816535812,0.0679,0.901778561,0.263579555,1
342,8,0.906265022,0,0.663355232,0,0,0.628745393,0,0.420445441,0.084,0.766543823,0.253164557,0,0.232655023,0,0.957538856,0,0.0135,0.731293062,0.933183785,0.0776,1.03060407,0.301233777,1
342,8,0.906265022,0,0.663355232,0,0,0.628745393,0,0.420445441,0.084,0.766543823,0.253164557,0,0.232655023,0,0.957538856,0,0.0135,0.731293062,0.933183785,0.0776,1.03060407,0.301233777,1
342,9,1.019548149,0,0.746274636,0,0,0.707338567,0,0.473001122,0.0945,0.862361801,0.284810127,0,0.261736901,0,1.077231213,0,0.0151,0.822704695,1.049831758,0.0872,1.159429579,0.338887999,1
342,7,0.792981894,0,0.580435828,0,0,0.550152219,0,0.367889761,0.0735,0.670725845,0.221518987,0,0.203573145,0,0.837846499,0,0.0118,0.639881429,0.816535812,0.0679,0.901778561,0.263579555,1
342,7,0.792981894,0,0.580435828,0,0,0.550152219,0,0.367889761,0.0735,0.670725845,0.221518987,0,0.203573145,0,0.837846499,0,0.0118,0.639881429,0.816535812,0.0679,0.901778561,0.263579555,1
342,3,0.339849383,0,0.248758212,0,0,0.235779522,0,0.157667041,0.0315,0.287453934,0.0949,0,0.0872,0,0.359077071,0,0.00505,0.274234898,0.349943919,0.0291,0.386476526,0.112962666,3
342,5,0.566415639,0,0.41459702,0,0,0.392965871,0,0.262778401,0.0525,0.479089889,0.158227848,0,0.14540939,0,0.598461785,0,0.00841,0.457058164,0.583239865,0.0485,0.644127544,0.18827111,3
342,9,1.019548149,0,0.746274636,0,0,0.707338567,0,0.473001122,0.0945,0.862361801,0.284810127,0,0.261736901,0,1.077231213,0,0.0151,0.822704695,1.049831758,0.0872,1.159429579,0.338887999,1
342,3,0.339849383,0,0.248758212,0,0,0.235779522,0,0.157667041,0.0315,0.287453934,0.0949,0,0.0872,0,0.359077071,0,0.00505,0.274234898,0.349943919,0.0291,0.386476526,0.112962666,3
342,6,0.679698766,0,0.497516424,0,0,0.471559045,0,0.315334081,0.063,0.574907867,0.189873418,0,0.174491267,0,0.718154142,0,0.0101,0.548469796,0.699887838,0.0582,0.772953052,0.225925332,3
342,9,1.019548149,0,0.746274636,0,0,0.707338567,0,0.473001122,0.0945,0.862361801,0.284810127,0,0.261736901,0,1.077231213,0,0.0151,0.822704695,1.049831758,0.0872,1.159429579,0.338887999,1
342,6,0.679698766,0,0.497516424,0,0,0.471559045,0,0.315334081,0.063,0.574907867,0.189873418,0,0.174491267,0,0.718154142,0,0.0101,0.548469796,0.699887838,0.0582,0.772953052,0.225925332,3
342,9,1.019548149,0,0.746274636,0,0,0.707338567,0,0.473001122,0.0945,0.862361801,0.284810127,0,0.261736901,0,1.077231213,0,0.0151,0.822704695,1.049831758,0.0872,1.159429579,0.338887999,1
342,8,0.906265022,0,0.663355232,0,0,0.628745393,0,0.420445441,0.084,0.766543823,0.253164557,0,0.232655023,0,0.957538856,0,0.0135,0.731293062,0.933183785,0.0776,1.03060407,0.301233777,1
342,6,0.679698766,0,0.497516424,0,0,0.471559045,0,0.315334081,0.063,0.574907867,0.189873418,0,0.174491267,0,0.718154142,0,0.0101,0.548469796,0.699887838,0.0582,0.772953052,0.225925332,3
342,7,0.792981894,0,0.580435828,0,0,0.550152219,0,0.367889761,0.0735,0.670725845,0.221518987,0,0.203573145,0,0.837846499,0,0.0118,0.639881429,0.816535812,0.0679,0.901778561,0.263579555,1
342,4,0.453132511,0,0.331677616,0,0,0.314372697,0,0.210222721,0.042,0.383271912,0.126582278,0,0.116327512,0,0.478769428,0,0.00673,0.365646531,0.466591892,0.0388,0.515302035,0.150616888,3
342,7,0.792981894,0,0.580435828,0,0,0.550152219,0,0.367889761,0.0735,0.670725845,0.221518987,0,0.203573145,0,0.837846499,0,0.0118,0.639881429,0.816535812,0.0679,0.901778561,0.263579555,1
342,4,0.453132511,0,0.331677616,0,0,0.314372697,0,0.210222721,0.042,0.383271912,0.126582278,0,0.116327512,0,0.478769428,0,0.00673,0.365646531,0.466591892,0.0388,0.515302035,0.150616888,3
342,8,0.906265022,0,0.663355232,0,0,0.628745393,0,0.420445441,0.084,0.766543823,0.253164557,0,0.232655023,0,0.957538856,0,0.0135,0.731293062,0.933183785,0.0776,1.03060407,0.301233777,1
342,9,1.019548149,0,0.746274636,0,0,0.707338567,0,0.473001122,0.0945,0.862361801,0.284810127,0,0.261736901,0,1.077231213,0,0.0151,0.822704695,1.049831758,0.0872,1.159429579,0.338887999,1
342,7,0.792981894,0,0.580435828,0,0,0.550152219,0,0.367889761,0.0735,0.670725845,0.221518987,0,0.203573145,0,0.837846499,0,0.0118,0.639881429,0.816535812,0.0679,0.901778561,0.263579555,1
342,6,0.679698766,0,0.497516424,0,0,0.471559045,0,0.315334081,0.063,0.574907867,0.189873418,0,0.174491267,0,0.718154142,0,0.0101,0.548469796,0.699887838,0.0582,0.772953052,0.225925332,3
342,7,0.792981894,0,0.580435828,0,0,0.550152219,0,0.367889761,0.0735,0.670725845,0.221518987,0,0.203573145,0,0.837846499,0,0.0118,0.639881429,0.816535812,0.0679,0.901778561,0.263579555,1
342,8,0.906265022,0,0.663355232,0,0,0.628745393,0,0.420445441,0.084,0.766543823,0.253164557,0,0.232655023,0,0.957538856,0,0.0135,0.731293062,0.933183785,0.0776,1.03060407,0.301233777,1
342,8,0.906265022,0,0.663355232,0,0,0.628745393,0,0.420445441,0.084,0.766543823,0.253164557,0,0.232655023,0,0.957538856,0,0.0135,0.731293062,0.933183785,0.0776,1.03060407,0.301233777,1
342,8,0.906265022,0,0.663355232,0,0,0.628745393,0,0.420445441,0.084,0.766543823,0.253164557,0,0.232655023,0,0.957538856,0,0.0135,0.731293062,0.933183785,0.0776,1.03060407,0.301233777,1
342,9,1.019548149,0,0.746274636,0,0,0.707338567,0,0.473001122,0.0945,0.862361801,0.284810127,0,0.261736901,0,1.077231213,0,0.0151,0.822704695,1.049831758,0.0872,1.159429579,0.338887999,1
342,9,1.019548149,0,0.746274636,0,0,0.707338567,0,0.473001122,0.0945,0.862361801,0.284810127,0,0.261736901,0,1.077231213,0,0.0151,0.822704695,1.049831758,0.0872,1.159429579,0.338887999,1
342,3,0.339849383,0,0.248758212,0,0,0.235779522,0,0.157667041,0.0315,0.287453934,0.0949,0,0.0872,0,0.359077071,0,0.00505,0.274234898,0.349943919,0.0291,0.386476526,0.112962666,3
342,7,0.792981894,0,0.580435828,0,0,0.550152219,0,0.367889761,0.0735,0.670725845,0.221518987,0,0.203573145,0,0.837846499,0,0.0118,0.639881429,0.816535812,0.0679,0.901778561,0.263579555,1
342,4,0.453132511,0,0.331677616,0,0,0.314372697,0,0.210222721,0.042,0.383271912,0.126582278,0,0.116327512,0,0.478769428,0,0.00673,0.365646531,0.466591892,0.0388,0.515302035,0.150616888,3
342,9,1.019548149,0,0.746274636,0,0,0.707338567,0,0.473001122,0.0945,0.862361801,0.284810127,0,0.261736901,0,1.077231213,0,0.0151,0.822704695,1.049831758,0.0872,1.159429579,0.338887999,1
342,8,0.906265022,0,0.663355232,0,0,0.628745393,0,0.420445441,0.084,0.766543823,0.253164557,0,0.232655023,0,0.957538856,0,0.0135,0.731293062,0.933183785,0.0776,1.03060407,0.301233777,1
342,9,1.019548149,0,0.746274636,0,0,0.707338567,0,0.473001122,0.0945,0.862361801,0.284810127,0,0.261736901,0,1.077231213,0,0.0151,0.822704695,1.049831758,0.0872,1.159429579,0.338887999,1
342,5,0.566415639,0,0.41459702,0,0,0.392965871,0,0.262778401,0.0525,0.479089889,0.158227848,0,0.14540939,0,0.598461785,0,0.00841,0.457058164,0.583239865,0.0485,0.644127544,0.18827111,3
342,7,0.792981894,0,0.580435828,0,0,0.550152219,0,0.367889761,0.0735,0.670725845,0.221518987,0,0.203573145,0,0.837846499,0,0.0118,0.639881429,0.816535812,0.0679,0.901778561,0.263579555,1
342,6,0.679698766,0,0.497516424,0,0,0.471559045,0,0.315334081,0.063,0.574907867,0.189873418,0,0.174491267,0,0.718154142,0,0.0101,0.548469796,0.699887838,0.0582,0.772953052,0.225925332,3
342,7,0.792981894,0,0.580435828,0,0,0.550152219,0,0.367889761,0.0735,0.670725845,0.221518987,0,0.203573145,0,0.837846499,0,0.0118,0.639881429,0.816535812,0.0679,0.901778561,0.263579555,1
342,7,0.792981894,0,0.580435828,0,0,0.550152219,0,0.367889761,0.0735,0.670725845,0.221518987,0,0.203573145,0,0.837846499,0,0.0118,0.639881429,0.816535812,0.0679,0.901778561,0.263579555,1
342,5,0.566415639,0,0.41459702,0,0,0.392965871,0,0.262778401,0.0525,0.479089889,0.158227848,0,0.14540939,0,0.598461785,0,0.00841,0.457058164,0.583239865,0.0485,0.644127544,0.18827111,3
342,6,0.679698766,0,0.497516424,0,0,0.471559045,0,0.315334081,0.063,0.574907867,0.189873418,0,0.174491267,0,0.718154142,0,0.0101,0.548469796,0.699887838,0.0582,0.772953052,0.225925332,3
342,9,1.019548149,0,0.746274636,0,0,0.707338567,0,0.473001122,0.0945,0.862361801,0.284810127,0,0.261736901,0,1.077231213,0,0.0151,0.822704695,1.049831758,0.0872,1.159429579,0.338887999,1
342,9,1.019548149,0,0.746274636,0,0,0.707338567,0,0.473001122,0.0945,0.862361801,0.284810127,0,0.261736901,0,1.077231213,0,0.0151,0.822704695,1.049831758,0.0872,1.159429579,0.338887999,1
342,5,0.566415639,0,0.41459702,0,0,0.392965871,0,0.262778401,0.0525,0.479089889,0.158227848,0,0.14540939,0,0.598461785,0,0.00841,0.457058164,0.583239865,0.0485,0.644127544,0.18827111,3
342,6,0.679698766,0,0.497516424,0,0,0.471559045,0,0.315334081,0.063,0.574907867,0.189873418,0,0.174491267,0,0.718154142,0,0.0101,0.548469796,0.699887838,0.0582,0.772953052,0.225925332,3
342,8,0.906265022,0,0.663355232,0,0,0.628745393,0,0.420445441,0.084,0.766543823,0.253164557,0,0.232655023,0,0.957538856,0,0.0135,0.731293062,0.933183785,0.0776,1.03060407,0.301233777,1
342,3,0.339849383,0,0.248758212,0,0,0.235779522,0,0.157667041,0.0315,0.287453934,0.0949,0,0.0872,0,0.359077071,0,0.00505,0.274234898,0.349943919,0.0291,0.386476526,0.112962666,3
342,1,0.113283128,0,0.0829,0,0,0.0786,0,0.0526,0.0105,0.0958,0.0316,0,0.0291,0,0.119692357,0,0.00168,0.0914,0.116647973,0.00969,0.128825509,0.0377,3
342,7,0.792981894,0,0.580435828,0,0,0.550152219,0,0.367889761,0.0735,0.670725845,0.221518987,0,0.203573145,0,0.837846499,0,0.0118,0.639881429,0.816535812,0.0679,0.901778561,0.263579555,1
342,8,0.906265022,0,0.663355232,0,0,0.628745393,0,0.420445441,0.084,0.766543823,0.253164557,0,0.232655023,0,0.957538856,0,0.0135,0.731293062,0.933183785,0.0776,1.03060407,0.301233777,1
342,7,0.792981894,0,0.580435828,0,0,0.550152219,0,0.367889761,0.0735,0.670725845,0.221518987,0,0.203573145,0,0.837846499,0,0.0118,0.639881429,0.816535812,0.0679,0.901778561,0.263579555,1
342,4,0.453132511,0,0.331677616,0,0,0.314372697,0,0.210222721,0.042,0.383271912,0.126582278,0,0.116327512,0,0.478769428,0,0.00673,0.365646531,0.466591892,0.0388,0.515302035,0.150616888,3
342,8,0.906265022,0,0.663355232,0,0,0.628745393,0,0.420445441,0.084,0.766543823,0.253164557,0,0.232655023,0,0.957538856,0,0.0135,0.731293062,0.933183785,0.0776,1.03060407,0.301233777,1
342,8,0.906265022,0,0.663355232,0,0,0.628745393,0,0.420445441,0.084,0.766543823,0.253164557,0,0.232655023,0,0.957538856,0,0.0135,0.731293062,0.933183785,0.0776,1.03060407,0.301233777,1
342,9,1.019548149,0,0.746274636,0,0,0.707338567,0,0.473001122,0.0945,0.862361801,0.284810127,0,0.261736901,0,1.077231213,0,0.0151,0.822704695,1.049831758,0.0872,1.159429579,0.338887999,1
342,1,0.113283128,0,0.0829,0,0,0.0786,0,0.0526,0.0105,0.0958,0.0316,0,0.0291,0,0.119692357,0,0.00168,0.0914,0.116647973,0.00969,0.128825509,0.0377,3
342,7,0.792981894,0,0.580435828,0,0,0.550152219,0,0.367889761,0.0735,0.670725845,0.221518987,0,0.203573145,0,0.837846499,0,0.0118,0.639881429,0.816535812,0.0679,0.901778561,0.263579555,1
342,9,1.019548149,0,0.746274636,0,0,0.707338567,0,0.473001122,0.0945,0.862361801,0.284810127,0,0.261736901,0,1.077231213,0,0.0151,0.822704695,1.049831758,0.0872,1.159429579,0.338887999,1
342,8,0.906265022,0,0.663355232,0,0,0.628745393,0,0.420445441,0.084,0.766543823,0.253164557,0,0.232655023,0,0.957538856,0,0.0135,0.731293062,0.933183785,0.0776,1.03060407,0.301233777,1
342,8,0.906265022,0,0.663355232,0,0,0.628745393,0,0.420445441,0.084,0.766543823,0.253164557,0,0.232655023,0,0.957538856,0,0.0135,0.731293062,0.933183785,0.0776,1.03060407,0.301233777,1
342,9,1.019548149,0,0.746274636,0,0,0.707338567,0,0.473001122,0.0945,0.862361801,0.284810127,0,0.261736901,0,1.077231213,0,0.0151,0.822704695,1.049831758,0.0872,1.159429579,0.338887999,1
342,8,0.906265022,0,0.663355232,0,0,0.628745393,0,0.420445441,0.084,0.766543823,0.253164557,0,0.232655023,0,0.957538856,0,0.0135,0.731293062,0.933183785,0.0776,1.03060407,0.301233777,1
342,5,0.566415639,0,0.41459702,0,0,0.392965871,0,0.262778401,0.0525,0.479089889,0.158227848,0,0.14540939,0,0.598461785,0,0.00841,0.457058164,0.583239865,0.0485,0.644127544,0.18827111,3
342,8,0.906265022,0,0.663355232,0,0,0.628745393,0,0.420445441,0.084,0.766543823,0.253164557,0,0.232655023,0,0.957538856,0,0.0135,0.731293062,0.933183785,0.0776,1.03060407,0.301233777,1
342,8,0.906265022,0,0.663355232,0,0,0.628745393,0,0.420445441,0.084,0.766543823,0.253164557,0,0.232655023,0,0.957538856,0,0.0135,0.731293062,0.933183785,0.0776,1.03060407,0.301233777,1
342,5,0.566415639,0,0.41459702,0,0,0.392965871,0,0.262778401,0.0525,0.479089889,0.158227848,0,0.14540939,0,0.598461785,0,0.00841,0.457058164,0.583239865,0.0485,0.644127544,0.18827111,3
342,9,1.019548149,0,0.746274636,0,0,0.707338567,0,0.473001122,0.0945,0.862361801,0.284810127,0,0.261736901,0,1.077231213,0,0.0151,0.822704695,1.049831758,0.0872,1.159429579,0.338887999,1
342,8,0.906265022,0,0.663355232,0,0,0.628745393,0,0.420445441,0.084,0.766543823,0.253164557,0,0.232655023,0,0.957538856,0,0.0135,0.731293062,0.933183785,0.0776,1.03060407,0.301233777,1
342,7,0.792981894,0,0.580435828,0,0,0.550152219,0,0.367889761,0.0735,0.670725845,0.221518987,0,0.203573145,0,0.837846499,0,0.0118,0.639881429,0.816535812,0.0679,0.901778561,0.263579555,1
342,1,0.113283128,0,0.0829,0,0,0.0786,0,0.0526,0.0105,0.0958,0.0316,0,0.0291,0,0.119692357,0,0.00168,0.0914,0.116647973,0.00969,0.128825509,0.0377,3
342,6,0.679698766,0,0.497516424,0,0,0.471559045,0,0.315334081,0.063,0.574907867,0.189873418,0,0.174491267,0,0.718154142,0,0.0101,0.548469796,0.699887838,0.0582,0.772953052,0.225925332,3
342,8,0.906265022,0,0.663355232,0,0,0.628745393,0,0.420445441,0.084,0.766543823,0.253164557,0,0.232655023,0,0.957538856,0,0.0135,0.731293062,0.933183785,0.0776,1.03060407,0.301233777,1
342,5,0.566415639,0,0.41459702,0,0,0.392965871,0,0.262778401,0.0525,0.479089889,0.158227848,0,0.14540939,0,0.598461785,0,0.00841,0.457058164,0.583239865,0.0485,0.644127544,0.18827111,3
342,8,0.906265022,0,0.663355232,0,0,0.628745393,0,0.420445441,0.084,0.766543823,0.253164557,0,0.232655023,0,0.957538856,0,0.0135,0.731293062,0.933183785,0.0776,1.03060407,0.301233777,1
342,8,0.906265022,0,0.663355232,0,0,0.628745393,0,0.420445441,0.084,0.766543823,0.253164557,0,0.232655023,0,0.957538856,0,0.0135,0.731293062,0.933183785,0.0776,1.03060407,0.301233777,1
342,7,0.792981894,0,0.580435828,0,0,0.550152219,0,0.367889761,0.0735,0.670725845,0.221518987,0,0.203573145,0,0.837846499,0,0.0118,0.639881429,0.816535812,0.0679,0.901778561,0.263579555,1
342,9,1.019548149,0,0.746274636,0,0,0.707338567,0,0.473001122,0.0945,0.862361801,0.284810127,0,0.261736901,0,1.077231213,0,0.0151,0.822704695,1.049831758,0.0872,1.159429579,0.338887999,1
342,5,0.566415639,0,0.41459702,0,0,0.392965871,0,0.262778401,0.0525,0.479089889,0.158227848,0,0.14540939,0,0.598461785,0,0.00841,0.457058164,0.583239865,0.0485,0.644127544,0.18827111,3
342,2,0.226566255,0,0.165838808,0,0,0.157186348,0,0.10511136,0.021,0.191635956,0.0633,0,0.0582,0,0.239384714,0,0.00336,0.182823265,0.233295946,0.0194,0.257651017,0.0753,3
342,6,0.679698766,0,0.497516424,0,0,0.471559045,0,0.315334081,0.063,0.574907867,0.189873418,0,0.174491267,0,0.718154142,0,0.0101,0.548469796,0.699887838,0.0582,0.772953052,0.225925332,3
342,6,0.679698766,0,0.497516424,0,0,0.471559045,0,0.315334081,0.063,0.574907867,0.189873418,0,0.174491267,0,0.718154142,0,0.0101,0.548469796,0.699887838,0.0582,0.772953052,0.225925332,3
342,6,0.679698766,0,0.497516424,0,0,0.471559045,0,0.315334081,0.063,0.574907867,0.189873418,0,0.174491267,0,0.718154142,0,0.0101,0.548469796,0.699887838,0.0582,0.772953052,0.225925332,3
342,7,0.792981894,0,0.580435828,0,0,0.550152219,0,0.367889761,0.0735,0.670725845,0.221518987,0,0.203573145,0,0.837846499,0,0.0118,0.639881429,0.816535812,0.0679,0.901778561,0.263579555,1
342,9,1.019548149,0,0.746274636,0,0,0.707338567,0,0.473001122,0.0945,0.862361801,0.284810127,0,0.261736901,0,1.077231213,0,0.0151,0.822704695,1.049831758,0.0872,1.159429579,0.338887999,1
342,9,1.019548149,0,0.746274636,0,0,0.707338567,0,0.473001122,0.0945,0.862361801,0.284810127,0,0.261736901,0,1.077231213,0,0.0151,0.822704695,1.049831758,0.0872,1.159429579,0.338887999,1
342,9,1.019548149,0,0.746274636,0,0,0.707338567,0,0.473001122,0.0945,0.862361801,0.284810127,0,0.261736901,0,1.077231213,0,0.0151,0.822704695,1.049831758,0.0872,1.159429579,0.338887999,1
342,1,0.113283128,0,0.0829,0,0,0.0786,0,0.0526,0.0105,0.0958,0.0316,0,0.0291,0,0.119692357,0,0.00168,0.0914,0.116647973,0.00969,0.128825509,0.0377,3
342,6,0.679698766,0,0.497516424,0,0,0.471559045,0,0.315334081,0.063,0.574907867,0.189873418,0,0.174491267,0,0.718154142,0,0.0101,0.548469796,0.699887838,0.0582,0.772953052,0.225925332,3
342,7,0.792981894,0,0.580435828,0,0,0.550152219,0,0.367889761,0.0735,0.670725845,0.221518987,0,0.203573145,0,0.837846499,0,0.0118,0.639881429,0.816535812,0.0679,0.901778561,0.263579555,1
342,8,0.906265022,0,0.663355232,0,0,0.628745393,0,0.420445441,0.084,0.766543823,0.253164557,0,0.232655023,0,0.957538856,0,0.0135,0.731293062,0.933183785,0.0776,1.03060407,0.301233777,1
342,7,0.792981894,0,0.580435828,0,0,0.550152219,0,0.367889761,0.0735,0.670725845,0.221518987,0,0.203573145,0,0.837846499,0,0.0118,0.639881429,0.816535812,0.0679,0.901778561,0.263579555,1
342,8,0.906265022,0,0.663355232,0,0,0.628745393,0,0.420445441,0.084,0.766543823,0.253164557,0,0.232655023,0,0.957538856,0,0.0135,0.731293062,0.933183785,0.0776,1.03060407,0.301233777,1
342,7,0.792981894,0,0.580435828,0,0,0.550152219,0,0.367889761,0.0735,0.670725845,0.221518987,0,0.203573145,0,0.837846499,0,0.0118,0.639881429,0.816535812,0.0679,0.901778561,0.263579555,1
342,3,0.339849383,0,0.248758212,0,0,0.235779522,0,0.157667041,0.0315,0.287453934,0.0949,0,0.0872,0,0.359077071,0,0.00505,0.274234898,0.349943919,0.0291,0.386476526,0.112962666,3
342,8,0.906265022,0,0.663355232,0,0,0.628745393,0,0.420445441,0.084,0.766543823,0.253164557,0,0.232655023,0,0.957538856,0,0.0135,0.731293062,0.933183785,0.0776,1.03060407,0.301233777,1
342,3,0.339849383,0,0.248758212,0,0,0.235779522,0,0.157667041,0.0315,0.287453934,0.0949,0,0.0872,0,0.359077071,0,0.00505,0.274234898,0.349943919,0.0291,0.386476526,0.112962666,3
342,7,0.792981894,0,0.580435828,0,0,0.550152219,0,0.367889761,0.0735,0.670725845,0.221518987,0,0.203573145,0,0.837846499,0,0.0118,0.639881429,0.816535812,0.0679,0.901778561,0.263579555,1
342,2,0.226566255,0,0.165838808,0,0,0.157186348,0,0.10511136,0.021,0.191635956,0.0633,0,0.0582,0,0.239384714,0,0.00336,0.182823265,0.233295946,0.0194,0.257651017,0.0753,3
342,4,0.453132511,0,0.331677616,0,0,0.314372697,0,0.210222721,0.042,0.383271912,0.126582278,0,0.116327512,0,0.478769428,0,0.00673,0.365646531,0.466591892,0.0388,0.515302035,0.150616888,3
342,8,0.906265022,0,0.663355232,0,0,0.628745393,0,0.420445441,0.084,0.766543823,0.253164557,0,0.232655023,0,0.957538856,0,0.0135,0.731293062,0.933183785,0.0776,1.03060407,0.301233777,1
342,9,1.019548149,0,0.746274636,0,0,0.707338567,0,0.473001122,0.0945,0.862361801,0.284810127,0,0.261736901,0,1.077231213,0,0.0151,0.822704695,1.049831758,0.0872,1.159429579,0.338887999,1
342,7,0.792981894,0,0.580435828,0,0,0.550152219,0,0.367889761,0.0735,0.670725845,0.221518987,0,0.203573145,0,0.837846499,0,0.0118,0.639881429,0.816535812,0.0679,0.901778561,0.263579555,1
342,7,0.792981894,0,0.580435828,0,0,0.550152219,0,0.367889761,0.0735,0.670725845,0.221518987,0,0.203573145,0,0.837846499,0,0.0118,0.639881429,0.816535812,0.0679,0.901778561,0.263579555,1
342,6,0.679698766,0,0.497516424,0,0,0.471559045,0,0.315334081,0.063,0.574907867,0.189873418,0,0.174491267,0,0.718154142,0,0.0101,0.548469796,0.699887838,0.0582,0.772953052,0.225925332,3
342,5,0.566415639,0,0.41459702,0,0,0.392965871,0,0.262778401,0.0525,0.479089889,0.158227848,0,0.14540939,0,0.598461785,0,0.00841,0.457058164,0.583239865,0.0485,0.644127544,0.18827111,3
342,5,0.566415639,0,0.41459702,0,0,0.392965871,0,0.262778401,0.0525,0.479089889,0.158227848,0,0.14540939,0,0.598461785,0,0.00841,0.457058164,0.583239865,0.0485,0.644127544,0.18827111,3
342,7,0.792981894,0,0.580435828,0,0,0.550152219,0,0.367889761,0.0735,0.670725845,0.221518987,0,0.203573145,0,0.837846499,0,0.0118,0.639881429,0.816535812,0.0679,0.901778561,0.263579555,1
342,7,0.792981894,0,0.580435828,0,0,0.550152219,0,0.367889761,0.0735,0.670725845,0.221518987,0,0.203573145,0,0.837846499,0,0.0118,0.639881429,0.816535812,0.0679,0.901778561,0.263579555,1
342,7,0.792981894,0,0.580435828,0,0,0.550152219,0,0.367889761,0.0735,0.670725845,0.221518987,0,0.203573145,0,0.837846499,0,0.0118,0.639881429,0.816535812,0.0679,0.901778561,0.263579555,1
342,6,0.679698766,0,0.497516424,0,0,0.471559045,0,0.315334081,0.063,0.574907867,0.189873418,0,0.174491267,0,0.718154142,0,0.0101,0.548469796,0.699887838,0.0582,0.772953052,0.225925332,3
342,5,0.566415639,0,0.41459702,0,0,0.392965871,0,0.262778401,0.0525,0.479089889,0.158227848,0,0.14540939,0,0.598461785,0,0.00841,0.457058164,0.583239865,0.0485,0.644127544,0.18827111,3
342,8,0.906265022,0,0.663355232,0,0,0.628745393,0,0.420445441,0.084,0.766543823,0.253164557,0,0.232655023,0,0.957538856,0,0.0135,0.731293062,0.933183785,0.0776,1.03060407,0.301233777,1
342,9,1.019548149,0,0.746274636,0,0,0.707338567,0,0.473001122,0.0945,0.862361801,0.284810127,0,0.261736901,0,1.077231213,0,0.0151,0.822704695,1.049831758,0.0872,1.159429579,0.338887999,1
342,7,0.792981894,0,0.580435828,0,0,0.550152219,0,0.367889761,0.0735,0.670725845,0.221518987,0,0.203573145,0,0.837846499,0,0.0118,0.639881429,0.816535812,0.0679,0.901778561,0.263579555,1
342,9,1.019548149,0,0.746274636,0,0,0.707338567,0,0.473001122,0.0945,0.862361801,0.284810127,0,0.261736901,0,1.077231213,0,0.0151,0.822704695,1.049831758,0.0872,1.159429579,0.338887999,1
342,6,0.679698766,0,0.497516424,0,0,0.471559045,0,0.315334081,0.063,0.574907867,0.189873418,0,0.174491267,0,0.718154142,0,0.0101,0.548469796,0.699887838,0.0582,0.772953052,0.225925332,3
342,9,1.019548149,0,0.746274636,0,0,0.707338567,0,0.473001122,0.0945,0.862361801,0.284810127,0,0.261736901,0,1.077231213,0,0.0151,0.822704695,1.049831758,0.0872,1.159429579,0.338887999,1
342,8,0.906265022,0,0.663355232,0,0,0.628745393,0,0.420445441,0.084,0.766543823,0.253164557,0,0.232655023,0,0.957538856,0,0.0135,0.731293062,0.933183785,0.0776,1.03060407,0.301233777,1
342,7,0.792981894,0,0.580435828,0,0,0.550152219,0,0.367889761,0.0735,0.670725845,0.221518987,0,0.203573145,0,0.837846499,0,0.0118,0.639881429,0.816535812,0.0679,0.901778561,0.263579555,1
342,7,0.792981894,0,0.580435828,0,0,0.550152219,0,0.367889761,0.0735,0.670725845,0.221518987,0,0.203573145,0,0.837846499,0,0.0118,0.639881429,0.816535812,0.0679,0.901778561,0.263579555,1
342,4,0.453132511,0,0.331677616,0,0,0.314372697,0,0.210222721,0.042,0.383271912,0.126582278,0,0.116327512,0,0.478769428,0,0.00673,0.365646531,0.466591892,0.0388,0.515302035,0.150616888,3
342,3,0.339849383,0,0.248758212,0,0,0.235779522,0,0.157667041,0.0315,0.287453934,0.0949,0,0.0872,0,0.359077071,0,0.00505,0.274234898,0.349943919,0.0291,0.386476526,0.112962666,3
342,3,0.339849383,0,0.248758212,0,0,0.235779522,0,0.157667041,0.0315,0.287453934,0.0949,0,0.0872,0,0.359077071,0,0.00505,0.274234898,0.349943919,0.0291,0.386476526,0.112962666,3
342,9,1.019548149,0,0.746274636,0,0,0.707338567,0,0.473001122,0.0945,0.862361801,0.284810127,0,0.261736901,0,1.077231213,0,0.0151,0.822704695,1.049831758,0.0872,1.159429579,0.338887999,1
342,6,0.679698766,0,0.497516424,0,0,0.471559045,0,0.315334081,0.063,0.574907867,0.189873418,0,0.174491267,0,0.718154142,0,0.0101,0.548469796,0.699887838,0.0582,0.772953052,0.225925332,3
342,4,0.453132511,0,0.331677616,0,0,0.314372697,0,0.210222721,0.042,0.383271912,0.126582278,0,0.116327512,0,0.478769428,0,0.00673,0.365646531,0.466591892,0.0388,0.515302035,0.150616888,3
342,8,0.906265022,0,0.663355232,0,0,0.628745393,0,0.420445441,0.084,0.766543823,0.253164557,0,0.232655023,0,0.957538856,0,0.0135,0.731293062,0.933183785,0.0776,1.03060407,0.301233777,1
342,5,0.566415639,0,0.41459702,0,0,0.392965871,0,0.262778401,0.0525,0.479089889,0.158227848,0,0.14540939,0,0.598461785,0,0.00841,0.457058164,0.583239865,0.0485,0.644127544,0.18827111,3
342,7,0.792981894,0,0.580435828,0,0,0.550152219,0,0.367889761,0.0735,0.670725845,0.221518987,0,0.203573145,0,0.837846499,0,0.0118,0.639881429,0.816535812,0.0679,0.901778561,0.263579555,1
342,3,0.339849383,0,0.248758212,0,0,0.235779522,0,0.157667041,0.0315,0.287453934,0.0949,0,0.0872,0,0.359077071,0,0.00505,0.274234898,0.349943919,0.0291,0.386476526,0.112962666,3
342,7,0.792981894,0,0.580435828,0,0,0.550152219,0,0.367889761,0.0735,0.670725845,0.221518987,0,0.203573145,0,0.837846499,0,0.0118,0.639881429,0.816535812,0.0679,0.901778561,0.263579555,1
342,7,0.792981894,0,0.580435828,0,0,0.550152219,0,0.367889761,0.0735,0.670725845,0.221518987,0,0.203573145,0,0.837846499,0,0.0118,0.639881429,0.816535812,0.0679,0.901778561,0.263579555,1
342,7,0.792981894,0,0.580435828,0,0,0.550152219,0,0.367889761,0.0735,0.670725845,0.221518987,0,0.203573145,0,0.837846499,0,0.0118,0.639881429,0.816535812,0.0679,0.901778561,0.263579555,1
342,7,0.792981894,0,0.580435828,0,0,0.550152219,0,0.367889761,0.0735,0.670725845,0.221518987,0,0.203573145,0,0.837846499,0,0.0118,0.639881429,0.816535812,0.0679,0.901778561,0.263579555,1
342,4,0.453132511,0,0.331677616,0,0,0.314372697,0,0.210222721,0.042,0.383271912,0.126582278,0,0.116327512,0,0.478769428,0,0.00673,0.365646531,0.466591892,0.0388,0.515302035,0.150616888,3
342,9,1.019548149,0,0.746274636,0,0,0.707338567,0,0.473001122,0.0945,0.862361801,0.284810127,0,0.261736901,0,1.077231213,0,0.0151,0.822704695,1.049831758,0.0872,1.159429579,0.338887999,1
342,1,0.113283128,0,0.0829,0,0,0.0786,0,0.0526,0.0105,0.0958,0.0316,0,0.0291,0,0.119692357,0,0.00168,0.0914,0.116647973,0.00969,0.128825509,0.0377,3
342,6,0.679698766,0,0.497516424,0,0,0.471559045,0,0.315334081,0.063,0.574907867,0.189873418,0,0.174491267,0,0.718154142,0,0.0101,0.548469796,0.699887838,0.0582,0.772953052,0.225925332,3
342,8,0.906265022,0,0.663355232,0,0,0.628745393,0,0.420445441,0.084,0.766543823,0.253164557,0,0.232655023,0,0.957538856,0,0.0135,0.731293062,0.933183785,0.0776,1.03060407,0.301233777,1
342,4,0.453132511,0,0.331677616,0,0,0.314372697,0,0.210222721,0.042,0.383271912,0.126582278,0,0.116327512,0,0.478769428,0,0.00673,0.365646531,0.466591892,0.0388,0.515302035,0.150616888,3
342,9,1.019548149,0,0.746274636,0,0,0.707338567,0,0.473001122,0.0945,0.862361801,0.284810127,0,0.261736901,0,1.077231213,0,0.0151,0.822704695,1.049831758,0.0872,1.159429579,0.338887999,1
342,7,0.792981894,0,0.580435828,0,0,0.550152219,0,0.367889761,0.0735,0.670725845,0.221518987,0,0.203573145,0,0.837846499,0,0.0118,0.639881429,0.816535812,0.0679,0.901778561,0.263579555,1
342,7,0.792981894,0,0.580435828,0,0,0.550152219,0,0.367889761,0.0735,0.670725845,0.221518987,0,0.203573145,0,0.837846499,0,0.0118,0.639881429,0.816535812,0.0679,0.901778561,0.263579555,1
342,6,0.679698766,0,0.497516424,0,0,0.471559045,0,0.315334081,0.063,0.574907867,0.189873418,0,0.174491267,0,0.718154142,0,0.0101,0.548469796,0.699887838,0.0582,0.772953052,0.225925332,3
342,9,1.019548149,0,0.746274636,0,0,0.707338567,0,0.473001122,0.0945,0.862361801,0.284810127,0,0.261736901,0,1.077231213,0,0.0151,0.822704695,1.049831758,0.0872,1.159429579,0.338887999,1
342,5,0.566415639,0,0.41459702,0,0,0.392965871,0,0.262778401,0.0525,0.479089889,0.158227848,0,0.14540939,0,0.598461785,0,0.00841,0.457058164,0.583239865,0.0485,0.644127544,0.18827111,3
342,8,0.906265022,0,0.663355232,0,0,0.628745393,0,0.420445441,0.084,0.766543823,0.253164557,0,0.232655023,0,0.957538856,0,0.0135,0.731293062,0.933183785,0.0776,1.03060407,0.301233777,1
342,9,1.019548149,0,0.746274636,0,0,0.707338567,0,0.473001122,0.0945,0.862361801,0.284810127,0,0.261736901,0,1.077231213,0,0.0151,0.822704695,1.049831758,0.0872,1.159429579,0.338887999,1
342,8,0.906265022,0,0.663355232,0,0,0.628745393,0,0.420445441,0.084,0.766543823,0.253164557,0,0.232655023,0,0.957538856,0,0.0135,0.731293062,0.933183785,0.0776,1.03060407,0.301233777,1
342,8,0.906265022,0,0.663355232,0,0,0.628745393,0,0.420445441,0.084,0.766543823,0.253164557,0,0.232655023,0,0.957538856,0,0.0135,0.731293062,0.933183785,0.0776,1.03060407,0.301233777,1
342,9,1.019548149,0,0.746274636,0,0,0.707338567,0,0.473001122,0.0945,0.862361801,0.284810127,0,0.261736901,0,1.077231213,0,0.0151,0.822704695,1.049831758,0.0872,1.159429579,0.338887999,1
342,4,0.453132511,0,0.331677616,0,0,0.314372697,0,0.210222721,0.042,0.383271912,0.126582278,0,0.116327512,0,0.478769428,0,0.00673,0.365646531,0.466591892,0.0388,0.515302035,0.150616888,3
342,7,0.792981894,0,0.580435828,0,0,0.550152219,0,0.367889761,0.0735,0.670725845,0.221518987,0,0.203573145,0,0.837846499,0,0.0118,0.639881429,0.816535812,0.0679,0.901778561,0.263579555,1
342,9,1.019548149,0,0.746274636,0,0,0.707338567,0,0.473001122,0.0945,0.862361801,0.284810127,0,0.261736901,0,1.077231213,0,0.0151,0.822704695,1.049831758,0.0872,1.159429579,0.338887999,1
342,9,1.019548149,0,0.746274636,0,0,0.707338567,0,0.473001122,0.0945,0.862361801,0.284810127,0,0.261736901,0,1.077231213,0,0.0151,0.822704695,1.049831758,0.0872,1.159429579,0.338887999,1
342,8,0.906265022,0,0.663355232,0,0,0.628745393,0,0.420445441,0.084,0.766543823,0.253164557,0,0.232655023,0,0.957538856,0,0.0135,0.731293062,0.933183785,0.0776,1.03060407,0.301233777,1
342,6,0.679698766,0,0.497516424,0,0,0.471559045,0,0.315334081,0.063,0.574907867,0.189873418,0,0.174491267,0,0.718154142,0,0.0101,0.548469796,0.699887838,0.0582,0.772953052,0.225925332,3
342,5,0.566415639,0,0.41459702,0,0,0.392965871,0,0.262778401,0.0525,0.479089889,0.158227848,0,0.14540939,0,0.598461785,0,0.00841,0.457058164,0.583239865,0.0485,0.644127544,0.18827111,3
342,8,0.906265022,0,0.663355232,0,0,0.628745393,0,0.420445441,0.084,0.766543823,0.253164557,0,0.232655023,0,0.957538856,0,0.0135,0.731293062,0.933183785,0.0776,1.03060407,0.301233777,1
342,7,0.792981894,0,0.580435828,0,0,0.550152219,0,0.367889761,0.0735,0.670725845,0.221518987,0,0.203573145,0,0.837846499,0,0.0118,0.639881429,0.816535812,0.0679,0.901778561,0.263579555,1
342,8,0.906265022,0,0.663355232,0,0,0.628745393,0,0.420445441,0.084,0.766543823,0.253164557,0,0.232655023,0,0.957538856,0,0.0135,0.731293062,0.933183785,0.0776,1.03060407,0.301233777,1
342,6,0.679698766,0,0.497516424,0,0,0.471559045,0,0.315334081,0.063,0.574907867,0.189873418,0,0.174491267,0,0.718154142,0,0.0101,0.548469796,0.699887838,0.0582,0.772953052,0.225925332,3
342,6,0.679698766,0,0.497516424,0,0,0.471559045,0,0.315334081,0.063,0.574907867,0.189873418,0,0.174491267,0,0.718154142,0,0.0101,0.548469796,0.699887838,0.0582,0.772953052,0.225925332,3
342,7,0.792981894,0,0.580435828,0,0,0.550152219,0,0.367889761,0.0735,0.670725845,0.221518987,0,0.203573145,0,0.837846499,0,0.0118,0.639881429,0.816535812,0.0679,0.901778561,0.263579555,1
342,9,1.019548149,0,0.746274636,0,0,0.707338567,0,0.473001122,0.0945,0.862361801,0.284810127,0,0.261736901,0,1.077231213,0,0.0151,0.822704695,1.049831758,0.0872,1.159429579,0.338887999,1
342,9,1.019548149,0,0.746274636,0,0,0.707338567,0,0.473001122,0.0945,0.862361801,0.284810127,0,0.261736901,0,1.077231213,0,0.0151,0.822704695,1.049831758,0.0872,1.159429579,0.338887999,1
342,6,0.679698766,0,0.497516424,0,0,0.471559045,0,0.315334081,0.063,0.574907867,0.189873418,0,0.174491267,0,0.718154142,0,0.0101,0.548469796,0.699887838,0.0582,0.772953052,0.225925332,3
342,9,1.019548149,0,0.746274636,0,0,0.707338567,0,0.473001122,0.0945,0.862361801,0.284810127,0,0.261736901,0,1.077231213,0,0.0151,0.822704695,1.049831758,0.0872,1.159429579,0.338887999,1
342,5,0.566415639,0,0.41459702,0,0,0.392965871,0,0.262778401,0.0525,0.479089889,0.158227848,0,0.14540939,0,0.598461785,0,0.00841,0.457058164,0.583239865,0.0485,0.644127544,0.18827111,3
342,7,0.792981894,0,0.580435828,0,0,0.550152219,0,0.367889761,0.0735,0.670725845,0.221518987,0,0.203573145,0,0.837846499,0,0.0118,0.639881429,0.816535812,0.0679,0.901778561,0.263579555,1
342,8,0.906265022,0,0.663355232,0,0,0.628745393,0,0.420445441,0.084,0.766543823,0.253164557,0,0.232655023,0,0.957538856,0,0.0135,0.731293062,0.933183785,0.0776,1.03060407,0.301233777,1
342,5,0.566415639,0,0.41459702,0,0,0.392965871,0,0.262778401,0.0525,0.479089889,0.158227848,0,0.14540939,0,0.598461785,0,0.00841,0.457058164,0.583239865,0.0485,0.644127544,0.18827111,3
342,4,0.453132511,0,0.331677616,0,0,0.314372697,0,0.210222721,0.042,0.383271912,0.126582278,0,0.116327512,0,0.478769428,0,0.00673,0.365646531,0.466591892,0.0388,0.515302035,0.150616888,3
342,6,0.679698766,0,0.497516424,0,0,0.471559045,0,0.315334081,0.063,0.574907867,0.189873418,0,0.174491267,0,0.718154142,0,0.0101,0.548469796,0.699887838,0.0582,0.772953052,0.225925332,3
342,3,0.339849383,0,0.248758212,0,0,0.235779522,0,0.157667041,0.0315,0.287453934,0.0949,0,0.0872,0,0.359077071,0,0.00505,0.274234898,0.349943919,0.0291,0.386476526,0.112962666,3
342,8,0.906265022,0,0.663355232,0,0,0.628745393,0,0.420445441,0.084,0.766543823,0.253164557,0,0.232655023,0,0.957538856,0,0.0135,0.731293062,0.933183785,0.0776,1.03060407,0.301233777,1
342,7,0.792981894,0,0.580435828,0,0,0.550152219,0,0.367889761,0.0735,0.670725845,0.221518987,0,0.203573145,0,0.837846499,0,0.0118,0.639881429,0.816535812,0.0679,0.901778561,0.263579555,1
342,4,0.453132511,0,0.331677616,0,0,0.314372697,0,0.210222721,0.042,0.383271912,0.126582278,0,0.116327512,0,0.478769428,0,0.00673,0.365646531,0.466591892,0.0388,0.515302035,0.150616888,3
342,7,0.792981894,0,0.580435828,0,0,0.550152219,0,0.367889761,0.0735,0.670725845,0.221518987,0,0.203573145,0,0.837846499,0,0.0118,0.639881429,0.816535812,0.0679,0.901778561,0.263579555,1
342,8,0.906265022,0,0.663355232,0,0,0.628745393,0,0.420445441,0.084,0.766543823,0.253164557,0,0.232655023,0,0.957538856,0,0.0135,0.731293062,0.933183785,0.0776,1.03060407,0.301233777,1
342,6,0.679698766,0,0.497516424,0,0,0.471559045,0,0.315334081,0.063,0.574907867,0.189873418,0,0.174491267,0,0.718154142,0,0.0101,0.548469796,0.699887838,0.0582,0.772953052,0.225925332,3
342,6,0.679698766,0,0.497516424,0,0,0.471559045,0,0.315334081,0.063,0.574907867,0.189873418,0,0.174491267,0,0.718154142,0,0.0101,0.548469796,0.699887838,0.0582,0.772953052,0.225925332,3
342,6,0.679698766,0,0.497516424,0,0,0.471559045,0,0.315334081,0.063,0.574907867,0.189873418,0,0.174491267,0,0.718154142,0,0.0101,0.548469796,0.699887838,0.0582,0.772953052,0.225925332,3
342,6,0.679698766,0,0.497516424,0,0,0.471559045,0,0.315334081,0.063,0.574907867,0.189873418,0,0.174491267,0,0.718154142,0,0.0101,0.548469796,0.699887838,0.0582,0.772953052,0.225925332,3
342,5,0.566415639,0,0.41459702,0,0,0.392965871,0,0.262778401,0.0525,0.479089889,0.158227848,0,0.14540939,0,0.598461785,0,0.00841,0.457058164,0.583239865,0.0485,0.644127544,0.18827111,3
342,9,1.019548149,0,0.746274636,0,0,0.707338567,0,0.473001122,0.0945,0.862361801,0.284810127,0,0.261736901,0,1.077231213,0,0.0151,0.822704695,1.049831758,0.0872,1.159429579,0.338887999,1
342,3,0.339849383,0,0.248758212,0,0,0.235779522,0,0.157667041,0.0315,0.287453934,0.0949,0,0.0872,0,0.359077071,0,0.00505,0.274234898,0.349943919,0.0291,0.386476526,0.112962666,3
Chivas 12(943),8,1.160536267,0,0.598143692,0,0,0.774836714,0,0.684083878,0,0.653832932,0.312134754,0,0.313509797,0,0.149879684,0,0,0.771399106,1.038157442,0.0681,1.146785837,0.32863527,1
Chivas 12(943),9,1.3056033,0,0.672911654,0,0,0.871691303,0,0.769594362,0,0.735562049,0.351151599,0,0.352698522,0,0.168614644,0,0,0.867823995,1.167927123,0.0766,1.290134067,0.369714679,1
Chivas 12(943),9,1.3056033,0,0.672911654,0,0,0.871691303,0,0.769594362,0,0.735562049,0.351151599,0,0.352698522,0,0.168614644,0,0,0.867823995,1.167927123,0.0766,1.290134067,0.369714679,1
Chivas 12(943),7,1.015469233,0,0.523375731,0,0,0.677982124,0,0.598573393,0,0.572103816,0.27311791,0,0.274321072,0,0.131144723,0,0,0.674974218,0.908387762,0.0596,1.003437607,0.287555861,1
Chivas 12(943),7,1.015469233,0,0.523375731,0,0,0.677982124,0,0.598573393,0,0.572103816,0.27311791,0,0.274321072,0,0.131144723,0,0,0.674974218,0.908387762,0.0596,1.003437607,0.287555861,1
Chivas 12(943),9,1.3056033,0,0.672911654,0,0,0.871691303,0,0.769594362,0,0.735562049,0.351151599,0,0.352698522,0,0.168614644,0,0,0.867823995,1.167927123,0.0766,1.290134067,0.369714679,1
Chivas 12(943),7,1.015469233,0,0.523375731,0,0,0.677982124,0,0.598573393,0,0.572103816,0.27311791,0,0.274321072,0,0.131144723,0,0,0.674974218,0.908387762,0.0596,1.003437607,0.287555861,1
Chivas 12(943),8,1.160536267,0,0.598143692,0,0,0.774836714,0,0.684083878,0,0.653832932,0.312134754,0,0.313509797,0,0.149879684,0,0,0.771399106,1.038157442,0.0681,1.146785837,0.32863527,1
Chivas 12(943),9,1.3056033,0,0.672911654,0,0,0.871691303,0,0.769594362,0,0.735562049,0.351151599,0,0.352698522,0,0.168614644,0,0,0.867823995,1.167927123,0.0766,1.290134067,0.369714679,1
Chivas 12(943),8,1.160536267,0,0.598143692,0,0,0.774836714,0,0.684083878,0,0.653832932,0.312134754,0,0.313509797,0,0.149879684,0,0,0.771399106,1.038157442,0.0681,1.146785837,0.32863527,1
Chivas 12(943),6,0.8704022,0,0.448607769,0,0,0.581127535,0,0.513062908,0,0.490374699,0.234101066,0,0.235132348,0,0.112409763,0,0,0.57854933,0.778618082,0.051,0.860089378,0.246476452,1
Chivas 12(943),8,1.160536267,0,0.598143692,0,0,0.774836714,0,0.684083878,0,0.653832932,0.312134754,0,0.313509797,0,0.149879684,0,0,0.771399106,1.038157442,0.0681,1.146785837,0.32863527,1
Chivas 12(943),9,1.3056033,0,0.672911654,0,0,0.871691303,0,0.769594362,0,0.735562049,0.351151599,0,0.352698522,0,0.168614644,0,0,0.867823995,1.167927123,0.0766,1.290134067,0.369714679,1
Chivas 12(943),9,1.3056033,0,0.672911654,0,0,0.871691303,0,0.769594362,0,0.735562049,0.351151599,0,0.352698522,0,0.168614644,0,0,0.867823995,1.167927123,0.0766,1.290134067,0.369714679,1
Chivas 12(943),8,1.160536267,0,0.598143692,0,0,0.774836714,0,0.684083878,0,0.653832932,0.312134754,0,0.313509797,0,0.149879684,0,0,0.771399106,1.038157442,0.0681,1.146785837,0.32863527,1
Chivas 12(943),7,1.015469233,0,0.523375731,0,0,0.677982124,0,0.598573393,0,0.572103816,0.27311791,0,0.274321072,0,0.131144723,0,0,0.674974218,0.908387762,0.0596,1.003437607,0.287555861,1
Chivas 12(943),8,1.160536267,0,0.598143692,0,0,0.774836714,0,0.684083878,0,0.653832932,0.312134754,0,0.313509797,0,0.149879684,0,0,0.771399106,1.038157442,0.0681,1.146785837,0.32863527,1
Chivas 12(943),8,1.160536267,0,0.598143692,0,0,0.774836714,0,0.684083878,0,0.653832932,0.312134754,0,0.313509797,0,0.149879684,0,0,0.771399106,1.038157442,0.0681,1.146785837,0.32863527,1
Chivas 12(943),7,1.015469233,0,0.523375731,0,0,0.677982124,0,0.598573393,0,0.572103816,0.27311791,0,0.274321072,0,0.131144723,0,0,0.674974218,0.908387762,0.0596,1.003437607,0.287555861,1
Chivas 12(943),7,1.015469233,0,0.523375731,0,0,0.677982124,0,0.598573393,0,0.572103816,0.27311791,0,0.274321072,0,0.131144723,0,0,0.674974218,0.908387762,0.0596,1.003437607,0.287555861,1
Chivas 12(943),8,1.160536267,0,0.598143692,0,0,0.774836714,0,0.684083878,0,0.653832932,0.312134754,0,0.313509797,0,0.149879684,0,0,0.771399106,1.038157442,0.0681,1.146785837,0.32863527,1
Chivas 12(943),8,1.160536267,0,0.598143692,0,0,0.774836714,0,0.684083878,0,0.653832932,0.312134754,0,0.313509797,0,0.149879684,0,0,0.771399106,1.038157442,0.0681,1.146785837,0.32863527,1
Chivas 12(943),9,1.3056033,0,0.672911654,0,0,0.871691303,0,0.769594362,0,0.735562049,0.351151599,0,0.352698522,0,0.168614644,0,0,0.867823995,1.167927123,0.0766,1.290134067,0.369714679,1
Chivas 12(943),6,0.8704022,0,0.448607769,0,0,0.581127535,0,0.513062908,0,0.490374699,0.234101066,0,0.235132348,0,0.112409763,0,0,0.57854933,0.778618082,0.051,0.860089378,0.246476452,1
Chivas 12(943),7,1.015469233,0,0.523375731,0,0,0.677982124,0,0.598573393,0,0.572103816,0.27311791,0,0.274321072,0,0.131144723,0,0,0.674974218,0.908387762,0.0596,1.003437607,0.287555861,1
Chivas 12(943),7,1.015469233,0,0.523375731,0,0,0.677982124,0,0.598573393,0,0.572103816,0.27311791,0,0.274321072,0,0.131144723,0,0,0.674974218,0.908387762,0.0596,1.003437607,0.287555861,1
Chivas 12(943),8,1.160536267,0,0.598143692,0,0,0.774836714,0,0.684083878,0,0.653832932,0.312134754,0,0.313509797,0,0.149879684,0,0,0.771399106,1.038157442,0.0681,1.146785837,0.32863527,1
Chivas 12(943),9,1.3056033,0,0.672911654,0,0,0.871691303,0,0.769594362,0,0.735562049,0.351151599,0,0.352698522,0,0.168614644,0,0,0.867823995,1.167927123,0.0766,1.290134067,0.369714679,1
Chivas 12(943),7,1.015469233,0,0.523375731,0,0,0.677982124,0,0.598573393,0,0.572103816,0.27311791,0,0.274321072,0,0.131144723,0,0,0.674974218,0.908387762,0.0596,1.003437607,0.287555861,1
Chivas 12(943),2,0.290134067,0,0.149535923,0,0,0.193709178,0,0.171020969,0,0.163458233,0.078,0,0.0784,0,0.0375,0,0,0.192849777,0.259539361,0.017,0.286696459,0.0822,3
Chivas 12(943),8,1.160536267,0,0.598143692,0,0,0.774836714,0,0.684083878,0,0.653832932,0.312134754,0,0.313509797,0,0.149879684,0,0,0.771399106,1.038157442,0.0681,1.146785837,0.32863527,1
Chivas 12(943),6,0.8704022,0,0.448607769,0,0,0.581127535,0,0.513062908,0,0.490374699,0.234101066,0,0.235132348,0,0.112409763,0,0,0.57854933,0.778618082,0.051,0.860089378,0.246476452,1
Chivas 12(943),8,1.160536267,0,0.598143692,0,0,0.774836714,0,0.684083878,0,0.653832932,0.312134754,0,0.313509797,0,0.149879684,0,0,0.771399106,1.038157442,0.0681,1.146785837,0.32863527,1
Chivas 12(943),8,1.160536267,0,0.598143692,0,0,0.774836714,0,0.684083878,0,0.653832932,0.312134754,0,0.313509797,0,0.149879684,0,0,0.771399106,1.038157442,0.0681,1.146785837,0.32863527,1
Chivas 12(943),7,1.015469233,0,0.523375731,0,0,0.677982124,0,0.598573393,0,0.572103816,0.27311791,0,0.274321072,0,0.131144723,0,0,0.674974218,0.908387762,0.0596,1.003437607,0.287555861,1
Chivas 12(943),8,1.160536267,0,0.598143692,0,0,0.774836714,0,0.684083878,0,0.653832932,0.312134754,0,0.313509797,0,0.149879684,0,0,0.771399106,1.038157442,0.0681,1.146785837,0.32863527,1
Chivas 12(943),8,1.160536267,0,0.598143692,0,0,0.774836714,0,0.684083878,0,0.653832932,0.312134754,0,0.313509797,0,0.149879684,0,0,0.771399106,1.038157442,0.0681,1.146785837,0.32863527,1
Chivas 12(943),8,1.160536267,0,0.598143692,0,0,0.774836714,0,0.684083878,0,0.653832932,0.312134754,0,0.313509797,0,0.149879684,0,0,0.771399106,1.038157442,0.0681,1.146785837,0.32863527,1
Chivas 12(943),8,1.160536267,0,0.598143692,0,0,0.774836714,0,0.684083878,0,0.653832932,0.312134754,0,0.313509797,0,0.149879684,0,0,0.771399106,1.038157442,0.0681,1.146785837,0.32863527,1
Chivas 12(943),7,1.015469233,0,0.523375731,0,0,0.677982124,0,0.598573393,0,0.572103816,0.27311791,0,0.274321072,0,0.131144723,0,0,0.674974218,0.908387762,0.0596,1.003437607,0.287555861,1
Chivas 12(943),7,1.015469233,0,0.523375731,0,0,0.677982124,0,0.598573393,0,0.572103816,0.27311791,0,0.274321072,0,0.131144723,0,0,0.674974218,0.908387762,0.0596,1.003437607,0.287555861,1
Chivas 12(943),5,0.725335167,0,0.373839808,0,0,0.484272946,0,0.427552424,0,0.408645583,0.195084221,0,0.195943623,0,0.0937,0,0,0.482124441,0.648848401,0.0425,0.716741148,0.205397044,3
Chivas 12(943),9,1.3056033,0,0.672911654,0,0,0.871691303,0,0.769594362,0,0.735562049,0.351151599,0,0.352698522,0,0.168614644,0,0,0.867823995,1.167927123,0.0766,1.290134067,0.369714679,1
Chivas 12(943),8,1.160536267,0,0.598143692,0,0,0.774836714,0,0.684083878,0,0.653832932,0.312134754,0,0.313509797,0,0.149879684,0,0,0.771399106,1.038157442,0.0681,1.146785837,0.32863527,1
Chivas 12(943),7,1.015469233,0,0.523375731,0,0,0.677982124,0,0.598573393,0,0.572103816,0.27311791,0,0.274321072,0,0.131144723,0,0,0.674974218,0.908387762,0.0596,1.003437607,0.287555861,1
Chivas 12(943),8,1.160536267,0,0.598143692,0,0,0.774836714,0,0.684083878,0,0.653832932,0.312134754,0,0.313509797,0,0.149879684,0,0,0.771399106,1.038157442,0.0681,1.146785837,0.32863527,1
Chivas 12(943),8,1.160536267,0,0.598143692,0,0,0.774836714,0,0.684083878,0,0.653832932,0.312134754,0,0.313509797,0,0.149879684,0,0,0.771399106,1.038157442,0.0681,1.146785837,0.32863527,1
Chivas 12(943),7,1.015469233,0,0.523375731,0,0,0.677982124,0,0.598573393,0,0.572103816,0.27311791,0,0.274321072,0,0.131144723,0,0,0.674974218,0.908387762,0.0596,1.003437607,0.287555861,1
Chivas 12(943),6,0.8704022,0,0.448607769,0,0,0.581127535,0,0.513062908,0,0.490374699,0.234101066,0,0.235132348,0,0.112409763,0,0,0.57854933,0.778618082,0.051,0.860089378,0.246476452,1
Chivas 12(943),6,0.8704022,0,0.448607769,0,0,0.581127535,0,0.513062908,0,0.490374699,0.234101066,0,0.235132348,0,0.112409763,0,0,0.57854933,0.778618082,0.051,0.860089378,0.246476452,1
Chivas 12(943),8,1.160536267,0,0.598143692,0,0,0.774836714,0,0.684083878,0,0.653832932,0.312134754,0,0.313509797,0,0.149879684,0,0,0.771399106,1.038157442,0.0681,1.146785837,0.32863527,1
Chivas 12(943),8,1.160536267,0,0.598143692,0,0,0.774836714,0,0.684083878,0,0.653832932,0.312134754,0,0.313509797,0,0.149879684,0,0,0.771399106,1.038157442,0.0681,1.146785837,0.32863527,1
Chivas 12(943),5,0.725335167,0,0.373839808,0,0,0.484272946,0,0.427552424,0,0.408645583,0.195084221,0,0.195943623,0,0.0937,0,0,0.482124441,0.648848401,0.0425,0.716741148,0.205397044,3
Chivas 12(943),8,1.160536267,0,0.598143692,0,0,0.774836714,0,0.684083878,0,0.653832932,0.312134754,0,0.313509797,0,0.149879684,0,0,0.771399106,1.038157442,0.0681,1.146785837,0.32863527,1
Chivas 12(943),9,1.3056033,0,0.672911654,0,0,0.871691303,0,0.769594362,0,0.735562049,0.351151599,0,0.352698522,0,0.168614644,0,0,0.867823995,1.167927123,0.0766,1.290134067,0.369714679,1
Chivas 12(943),8,1.160536267,0,0.598143692,0,0,0.774836714,0,0.684083878,0,0.653832932,0.312134754,0,0.313509797,0,0.149879684,0,0,0.771399106,1.038157442,0.0681,1.146785837,0.32863527,1
Chivas 12(943),7,1.015469233,0,0.523375731,0,0,0.677982124,0,0.598573393,0,0.572103816,0.27311791,0,0.274321072,0,0.131144723,0,0,0.674974218,0.908387762,0.0596,1.003437607,0.287555861,1
Chivas 12(943),9,1.3056033,0,0.672911654,0,0,0.871691303,0,0.769594362,0,0.735562049,0.351151599,0,0.352698522,0,0.168614644,0,0,0.867823995,1.167927123,0.0766,1.290134067,0.369714679,1
Chivas 12(943),9,1.3056033,0,0.672911654,0,0,0.871691303,0,0.769594362,0,0.735562049,0.351151599,0,0.352698522,0,0.168614644,0,0,0.867823995,1.167927123,0.0766,1.290134067,0.369714679,1
Chivas 12(943),7,1.015469233,0,0.523375731,0,0,0.677982124,0,0.598573393,0,0.572103816,0.27311791,0,0.274321072,0,0.131144723,0,0,0.674974218,0.908387762,0.0596,1.003437607,0.287555861,1
Chivas 12(943),7,1.015469233,0,0.523375731,0,0,0.677982124,0,0.598573393,0,0.572103816,0.27311791,0,0.274321072,0,0.131144723,0,0,0.674974218,0.908387762,0.0596,1.003437607,0.287555861,1
Chivas 12(943),8,1.160536267,0,0.598143692,0,0,0.774836714,0,0.684083878,0,0.653832932,0.312134754,0,0.313509797,0,0.149879684,0,0,0.771399106,1.038157442,0.0681,1.146785837,0.32863527,1
Chivas 12(943),9,1.3056033,0,0.672911654,0,0,0.871691303,0,0.769594362,0,0.735562049,0.351151599,0,0.352698522,0,0.168614644,0,0,0.867823995,1.167927123,0.0766,1.290134067,0.369714679,1
Chivas 12(943),9,1.3056033,0,0.672911654,0,0,0.871691303,0,0.769594362,0,0.735562049,0.351151599,0,0.352698522,0,0.168614644,0,0,0.867823995,1.167927123,0.0766,1.290134067,0.369714679,1
Chivas 12(943),9,1.3056033,0,0.672911654,0,0,0.871691303,0,0.769594362,0,0.735562049,0.351151599,0,0.352698522,0,0.168614644,0,0,0.867823995,1.167927123,0.0766,1.290134067,0.369714679,1
Chivas 12(943),7,1.015469233,0,0.523375731,0,0,0.677982124,0,0.598573393,0,0.572103816,0.27311791,0,0.274321072,0,0.131144723,0,0,0.674974218,0.908387762,0.0596,1.003437607,0.287555861,1
Chivas 12(943),7,1.015469233,0,0.523375731,0,0,0.677982124,0,0.598573393,0,0.572103816,0.27311791,0,0.274321072,0,0.131144723,0,0,0.674974218,0.908387762,0.0596,1.003437607,0.287555861,1
Chivas 12(943),4,0.580268133,0,0.299071846,0,0,0.387418357,0,0.342041939,0,0.326916466,0.156067377,0,0.156754899,0,0.0749,0,0,0.385699553,0.519078721,0.034,0.573392919,0.164317635,3
Chivas 12(943),7,1.015469233,0,0.523375731,0,0,0.677982124,0,0.598573393,0,0.572103816,0.27311791,0,0.274321072,0,0.131144723,0,0,0.674974218,0.908387762,0.0596,1.003437607,0.287555861,1
Chivas 12(943),8,1.160536267,0,0.598143692,0,0,0.774836714,0,0.684083878,0,0.653832932,0.312134754,0,0.313509797,0,0.149879684,0,0,0.771399106,1.038157442,0.0681,1.146785837,0.32863527,1
Chivas 12(943),7,1.015469233,0,0.523375731,0,0,0.677982124,0,0.598573393,0,0.572103816,0.27311791,0,0.274321072,0,0.131144723,0,0,0.674974218,0.908387762,0.0596,1.003437607,0.287555861,1
Chivas 12(943),9,1.3056033,0,0.672911654,0,0,0.871691303,0,0.769594362,0,0.735562049,0.351151599,0,0.352698522,0,0.168614644,0,0,0.867823995,1.167927123,0.0766,1.290134067,0.369714679,1
Chivas 12(943),5,0.725335167,0,0.373839808,0,0,0.484272946,0,0.427552424,0,0.408645583,0.195084221,0,0.195943623,0,0.0937,0,0,0.482124441,0.648848401,0.0425,0.716741148,0.205397044,3
Chivas 12(943),7,1.015469233,0,0.523375731,0,0,0.677982124,0,0.598573393,0,0.572103816,0.27311791,0,0.274321072,0,0.131144723,0,0,0.674974218,0.908387762,0.0596,1.003437607,0.287555861,1
Chivas 12(943),9,1.3056033,0,0.672911654,0,0,0.871691303,0,0.769594362,0,0.735562049,0.351151599,0,0.352698522,0,0.168614644,0,0,0.867823995,1.167927123,0.0766,1.290134067,0.369714679,1
Chivas 12(943),5,0.725335167,0,0.373839808,0,0,0.484272946,0,0.427552424,0,0.408645583,0.195084221,0,0.195943623,0,0.0937,0,0,0.482124441,0.648848401,0.0425,0.716741148,0.205397044,3
Chivas 12(943),9,1.3056033,0,0.672911654,0,0,0.871691303,0,0.769594362,0,0.735562049,0.351151599,0,0.352698522,0,0.168614644,0,0,0.867823995,1.167927123,0.0766,1.290134067,0.369714679,1
Chivas 12(943),9,1.3056033,0,0.672911654,0,0,0.871691303,0,0.769594362,0,0.735562049,0.351151599,0,0.352698522,0,0.168614644,0,0,0.867823995,1.167927123,0.0766,1.290134067,0.369714679,1
Chivas 12(943),9,1.3056033,0,0.672911654,0,0,0.871691303,0,0.769594362,0,0.735562049,0.351151599,0,0.352698522,0,0.168614644,0,0,0.867823995,1.167927123,0.0766,1.290134067,0.369714679,1
Chivas 12(943),9,1.3056033,0,0.672911654,0,0,0.871691303,0,0.769594362,0,0.735562049,0.351151599,0,0.352698522,0,0.168614644,0,0,0.867823995,1.167927123,0.0766,1.290134067,0.369714679,1
Chivas 12(943),5,0.725335167,0,0.373839808,0,0,0.484272946,0,0.427552424,0,0.408645583,0.195084221,0,0.195943623,0,0.0937,0,0,0.482124441,0.648848401,0.0425,0.716741148,0.205397044,3
Chivas 12(943),8,1.160536267,0,0.598143692,0,0,0.774836714,0,0.684083878,0,0.653832932,0.312134754,0,0.313509797,0,0.149879684,0,0,0.771399106,1.038157442,0.0681,1.146785837,0.32863527,1
Chivas 12(943),6,0.8704022,0,0.448607769,0,0,0.581127535,0,0.513062908,0,0.490374699,0.234101066,0,0.235132348,0,0.112409763,0,0,0.57854933,0.778618082,0.051,0.860089378,0.246476452,1
Chivas 12(943),7,1.015469233,0,0.523375731,0,0,0.677982124,0,0.598573393,0,0.572103816,0.27311791,0,0.274321072,0,0.131144723,0,0,0.674974218,0.908387762,0.0596,1.003437607,0.287555861,1
Chivas 12(943),8,1.160536267,0,0.598143692,0,0,0.774836714,0,0.684083878,0,0.653832932,0.312134754,0,0.313509797,0,0.149879684,0,0,0.771399106,1.038157442,0.0681,1.146785837,0.32863527,1
Chivas 12(943),8,1.160536267,0,0.598143692,0,0,0.774836714,0,0.684083878,0,0.653832932,0.312134754,0,0.313509797,0,0.149879684,0,0,0.771399106,1.038157442,0.0681,1.146785837,0.32863527,1
Chivas 12(943),5,0.725335167,0,0.373839808,0,0,0.484272946,0,0.427552424,0,0.408645583,0.195084221,0,0.195943623,0,0.0937,0,0,0.482124441,0.648848401,0.0425,0.716741148,0.205397044,3
Chivas 12(943),7,1.015469233,0,0.523375731,0,0,0.677982124,0,0.598573393,0,0.572103816,0.27311791,0,0.274321072,0,0.131144723,0,0,0.674974218,0.908387762,0.0596,1.003437607,0.287555861,1
Chivas 12(943),3,0.4352011,0,0.224303885,0,0,0.290563768,0,0.256531454,0,0.24518735,0.117050533,0,0.117566174,0,0.0562,0,0,0.289274665,0.389309041,0.0255,0.430044689,0.123238226,3
Chivas 12(943),5,0.725335167,0,0.373839808,0,0,0.484272946,0,0.427552424,0,0.408645583,0.195084221,0,0.195943623,0,0.0937,0,0,0.482124441,0.648848401,0.0425,0.716741148,0.205397044,3
Chivas 12(943),7,1.015469233,0,0.523375731,0,0,0.677982124,0,0.598573393,0,0.572103816,0.27311791,0,0.274321072,0,0.131144723,0,0,0.674974218,0.908387762,0.0596,1.003437607,0.287555861,1
Chivas 12(943),8,1.160536267,0,0.598143692,0,0,0.774836714,0,0.684083878,0,0.653832932,0.312134754,0,0.313509797,0,0.149879684,0,0,0.771399106,1.038157442,0.0681,1.146785837,0.32863527,1
Chivas 12(943),8,1.160536267,0,0.598143692,0,0,0.774836714,0,0.684083878,0,0.653832932,0.312134754,0,0.313509797,0,0.149879684,0,0,0.771399106,1.038157442,0.0681,1.146785837,0.32863527,1
Chivas 12(943),8,1.160536267,0,0.598143692,0,0,0.774836714,0,0.684083878,0,0.653832932,0.312134754,0,0.313509797,0,0.149879684,0,0,0.771399106,1.038157442,0.0681,1.146785837,0.32863527,1
Chivas 12(943),9,1.3056033,0,0.672911654,0,0,0.871691303,0,0.769594362,0,0.735562049,0.351151599,0,0.352698522,0,0.168614644,0,0,0.867823995,1.167927123,0.0766,1.290134067,0.369714679,1
Chivas 12(943),8,1.160536267,0,0.598143692,0,0,0.774836714,0,0.684083878,0,0.653832932,0.312134754,0,0.313509797,0,0.149879684,0,0,0.771399106,1.038157442,0.0681,1.146785837,0.32863527,1
Chivas 12(943),8,1.160536267,0,0.598143692,0,0,0.774836714,0,0.684083878,0,0.653832932,0.312134754,0,0.313509797,0,0.149879684,0,0,0.771399106,1.038157442,0.0681,1.146785837,0.32863527,1
Chivas 12(943),7,1.015469233,0,0.523375731,0,0,0.677982124,0,0.598573393,0,0.572103816,0.27311791,0,0.274321072,0,0.131144723,0,0,0.674974218,0.908387762,0.0596,1.003437607,0.287555861,1
Chivas 12(943),7,1.015469233,0,0.523375731,0,0,0.677982124,0,0.598573393,0,0.572103816,0.27311791,0,0.274321072,0,0.131144723,0,0,0.674974218,0.908387762,0.0596,1.003437607,0.287555861,1
Chivas 12(943),8,1.160536267,0,0.598143692,0,0,0.774836714,0,0.684083878,0,0.653832932,0.312134754,0,0.313509797,0,0.149879684,0,0,0.771399106,1.038157442,0.0681,1.146785837,0.32863527,1
Chivas 12(943),7,1.015469233,0,0.523375731,0,0,0.677982124,0,0.598573393,0,0.572103816,0.27311791,0,0.274321072,0,0.131144723,0,0,0.674974218,0.908387762,0.0596,1.003437607,0.287555861,1
Chivas 12(943),8,1.160536267,0,0.598143692,0,0,0.774836714,0,0.684083878,0,0.653832932,0.312134754,0,0.313509797,0,0.149879684,0,0,0.771399106,1.038157442,0.0681,1.146785837,0.32863527,1
Chivas 12(943),7,1.015469233,0,0.523375731,0,0,0.677982124,0,0.598573393,0,0.572103816,0.27311791,0,0.274321072,0,0.131144723,0,0,0.674974218,0.908387762,0.0596,1.003437607,0.287555861,1
Chivas 12(943),7,1.015469233,0,0.523375731,0,0,0.677982124,0,0.598573393,0,0.572103816,0.27311791,0,0.274321072,0,0.131144723,0,0,0.674974218,0.908387762,0.0596,1.003437607,0.287555861,1
Chivas 12(943),9,1.3056033,0,0.672911654,0,0,0.871691303,0,0.769594362,0,0.735562049,0.351151599,0,0.352698522,0,0.168614644,0,0,0.867823995,1.167927123,0.0766,1.290134067,0.369714679,1
Chivas 12(943),8,1.160536267,0,0.598143692,0,0,0.774836714,0,0.684083878,0,0.653832932,0.312134754,0,0.313509797,0,0.149879684,0,0,0.771399106,1.038157442,0.0681,1.146785837,0.32863527,1
Chivas 12(943),4,0.580268133,0,0.299071846,0,0,0.387418357,0,0.342041939,0,0.326916466,0.156067377,0,0.156754899,0,0.0749,0,0,0.385699553,0.519078721,0.034,0.573392919,0.164317635,3
Chivas 12(943),9,1.3056033,0,0.672911654,0,0,0.871691303,0,0.769594362,0,0.735562049,0.351151599,0,0.352698522,0,0.168614644,0,0,0.867823995,1.167927123,0.0766,1.290134067,0.369714679,1
Chivas 12(943),5,0.725335167,0,0.373839808,0,0,0.484272946,0,0.427552424,0,0.408645583,0.195084221,0,0.195943623,0,0.0937,0,0,0.482124441,0.648848401,0.0425,0.716741148,0.205397044,3
Chivas 12(943),8,1.160536267,0,0.598143692,0,0,0.774836714,0,0.684083878,0,0.653832932,0.312134754,0,0.313509797,0,0.149879684,0,0,0.771399106,1.038157442,0.0681,1.146785837,0.32863527,1
Chivas 12(943),6,0.8704022,0,0.448607769,0,0,0.581127535,0,0.513062908,0,0.490374699,0.234101066,0,0.235132348,0,0.112409763,0,0,0.57854933,0.778618082,0.051,0.860089378,0.246476452,1
Chivas 12(943),6,0.8704022,0,0.448607769,0,0,0.581127535,0,0.513062908,0,0.490374699,0.234101066,0,0.235132348,0,0.112409763,0,0,0.57854933,0.778618082,0.051,0.860089378,0.246476452,1
Chivas 12(943),8,1.160536267,0,0.598143692,0,0,0.774836714,0,0.684083878,0,0.653832932,0.312134754,0,0.313509797,0,0.149879684,0,0,0.771399106,1.038157442,0.0681,1.146785837,0.32863527,1
Chivas 12(943),9,1.3056033,0,0.672911654,0,0,0.871691303,0,0.769594362,0,0.735562049,0.351151599,0,0.352698522,0,0.168614644,0,0,0.867823995,1.167927123,0.0766,1.290134067,0.369714679,1
Chivas 12(943),9,1.3056033,0,0.672911654,0,0,0.871691303,0,0.769594362,0,0.735562049,0.351151599,0,0.352698522,0,0.168614644,0,0,0.867823995,1.167927123,0.0766,1.290134067,0.369714679,1
Chivas 12(943),9,1.3056033,0,0.672911654,0,0,0.871691303,0,0.769594362,0,0.735562049,0.351151599,0,0.352698522,0,0.168614644,0,0,0.867823995,1.167927123,0.0766,1.290134067,0.369714679,1
Chivas 12(943),8,1.160536267,0,0.598143692,0,0,0.774836714,0,0.684083878,0,0.653832932,0.312134754,0,0.313509797,0,0.149879684,0,0,0.771399106,1.038157442,0.0681,1.146785837,0.32863527,1
Chivas 12(943),1,0.145067033,0,0.0748,0,0,0.0969,0,0.0855,0,0.0817,0.039,0,0.0392,0,0.0187,0,0,0.0964,0.12976968,0.00851,0.14334823,0.0411,3
Chivas 12(943),7,1.015469233,0,0.523375731,0,0,0.677982124,0,0.598573393,0,0.572103816,0.27311791,0,0.274321072,0,0.131144723,0,0,0.674974218,0.908387762,0.0596,1.003437607,0.287555861,1
Chivas 12(943),9,1.3056033,0,0.672911654,0,0,0.871691303,0,0.769594362,0,0.735562049,0.351151599,0,0.352698522,0,0.168614644,0,0,0.867823995,1.167927123,0.0766,1.290134067,0.369714679,1
Chivas 12(943),8,1.160536267,0,0.598143692,0,0,0.774836714,0,0.684083878,0,0.653832932,0.312134754,0,0.313509797,0,0.149879684,0,0,0.771399106,1.038157442,0.0681,1.146785837,0.32863527,1
Chivas 12(943),5,0.725335167,0,0.373839808,0,0,0.484272946,0,0.427552424,0,0.408645583,0.195084221,0,0.195943623,0,0.0937,0,0,0.482124441,0.648848401,0.0425,0.716741148,0.205397044,3
Chivas 12(943),5,0.725335167,0,0.373839808,0,0,0.484272946,0,0.427552424,0,0.408645583,0.195084221,0,0.195943623,0,0.0937,0,0,0.482124441,0.648848401,0.0425,0.716741148,0.205397044,3
Chivas 12(943),6,0.8704022,0,0.448607769,0,0,0.581127535,0,0.513062908,0,0.490374699,0.234101066,0,0.235132348,0,0.112409763,0,0,0.57854933,0.778618082,0.051,0.860089378,0.246476452,1
Chivas 12(943),8,1.160536267,0,0.598143692,0,0,0.774836714,0,0.684083878,0,0.653832932,0.312134754,0,0.313509797,0,0.149879684,0,0,0.771399106,1.038157442,0.0681,1.146785837,0.32863527,1
Chivas 12(943),8,1.160536267,0,0.598143692,0,0,0.774836714,0,0.684083878,0,0.653832932,0.312134754,0,0.313509797,0,0.149879684,0,0,0.771399106,1.038157442,0.0681,1.146785837,0.32863527,1
Chivas 12(943),6,0.8704022,0,0.448607769,0,0,0.581127535,0,0.513062908,0,0.490374699,0.234101066,0,0.235132348,0,0.112409763,0,0,0.57854933,0.778618082,0.051,0.860089378,0.246476452,1
Chivas 12(943),7,1.015469233,0,0.523375731,0,0,0.677982124,0,0.598573393,0,0.572103816,0.27311791,0,0.274321072,0,0.131144723,0,0,0.674974218,0.908387762,0.0596,1.003437607,0.287555861,1
Chivas 12(943),8,1.160536267,0,0.598143692,0,0,0.774836714,0,0.684083878,0,0.653832932,0.312134754,0,0.313509797,0,0.149879684,0,0,0.771399106,1.038157442,0.0681,1.146785837,0.32863527,1
Chivas 12(943),8,1.160536267,0,0.598143692,0,0,0.774836714,0,0.684083878,0,0.653832932,0.312134754,0,0.313509797,0,0.149879684,0,0,0.771399106,1.038157442,0.0681,1.146785837,0.32863527,1
Chivas 12(943),8,1.160536267,0,0.598143692,0,0,0.774836714,0,0.684083878,0,0.653832932,0.312134754,0,0.313509797,0,0.149879684,0,0,0.771399106,1.038157442,0.0681,1.146785837,0.32863527,1
Chivas 12(943),9,1.3056033,0,0.672911654,0,0,0.871691303,0,0.769594362,0,0.735562049,0.351151599,0,0.352698522,0,0.168614644,0,0,0.867823995,1.167927123,0.0766,1.290134067,0.369714679,1
Chivas 12(943),8,1.160536267,0,0.598143692,0,0,0.774836714,0,0.684083878,0,0.653832932,0.312134754,0,0.313509797,0,0.149879684,0,0,0.771399106,1.038157442,0.0681,1.146785837,0.32863527,1
Chivas 12(943),8,1.160536267,0,0.598143692,0,0,0.774836714,0,0.684083878,0,0.653832932,0.312134754,0,0.313509797,0,0.149879684,0,0,0.771399106,1.038157442,0.0681,1.146785837,0.32863527,1
Chivas 12(943),7,1.015469233,0,0.523375731,0,0,0.677982124,0,0.598573393,0,0.572103816,0.27311791,0,0.274321072,0,0.131144723,0,0,0.674974218,0.908387762,0.0596,1.003437607,0.287555861,1
Chivas 12(943),6,0.8704022,0,0.448607769,0,0,0.581127535,0,0.513062908,0,0.490374699,0.234101066,0,0.235132348,0,0.112409763,0,0,0.57854933,0.778618082,0.051,0.860089378,0.246476452,1
Chivas 12(943),5,0.725335167,0,0.373839808,0,0,0.484272946,0,0.427552424,0,0.408645583,0.195084221,0,0.195943623,0,0.0937,0,0,0.482124441,0.648848401,0.0425,0.716741148,0.205397044,3
Chivas 12(943),6,0.8704022,0,0.448607769,0,0,0.581127535,0,0.513062908,0,0.490374699,0.234101066,0,0.235132348,0,0.112409763,0,0,0.57854933,0.778618082,0.051,0.860089378,0.246476452,1
Chivas 12(943),7,1.015469233,0,0.523375731,0,0,0.677982124,0,0.598573393,0,0.572103816,0.27311791,0,0.274321072,0,0.131144723,0,0,0.674974218,0.908387762,0.0596,1.003437607,0.287555861,1
Chivas 12(943),9,1.3056033,0,0.672911654,0,0,0.871691303,0,0.769594362,0,0.735562049,0.351151599,0,0.352698522,0,0.168614644,0,0,0.867823995,1.167927123,0.0766,1.290134067,0.369714679,1
Chivas 12(943),6,0.8704022,0,0.448607769,0,0,0.581127535,0,0.513062908,0,0.490374699,0.234101066,0,0.235132348,0,0.112409763,0,0,0.57854933,0.778618082,0.051,0.860089378,0.246476452,1
Chivas 12(943),8,1.160536267,0,0.598143692,0,0,0.774836714,0,0.684083878,0,0.653832932,0.312134754,0,0.313509797,0,0.149879684,0,0,0.771399106,1.038157442,0.0681,1.146785837,0.32863527,1
Chivas 12(943),9,1.3056033,0,0.672911654,0,0,0.871691303,0,0.769594362,0,0.735562049,0.351151599,0,0.352698522,0,0.168614644,0,0,0.867823995,1.167927123,0.0766,1.290134067,0.369714679,1
Chivas 12(943),5,0.725335167,0,0.373839808,0,0,0.484272946,0,0.427552424,0,0.408645583,0.195084221,0,0.195943623,0,0.0937,0,0,0.482124441,0.648848401,0.0425,0.716741148,0.205397044,3
Chivas 12(943),9,1.3056033,0,0.672911654,0,0,0.871691303,0,0.769594362,0,0.735562049,0.351151599,0,0.352698522,0,0.168614644,0,0,0.867823995,1.167927123,0.0766,1.290134067,0.369714679,1
Chivas 12(943),7,1.015469233,0,0.523375731,0,0,0.677982124,0,0.598573393,0,0.572103816,0.27311791,0,0.274321072,0,0.131144723,0,0,0.674974218,0.908387762,0.0596,1.003437607,0.287555861,1
Chivas 12(943),7,1.015469233,0,0.523375731,0,0,0.677982124,0,0.598573393,0,0.572103816,0.27311791,0,0.274321072,0,0.131144723,0,0,0.674974218,0.908387762,0.0596,1.003437607,0.287555861,1
Chivas 12(943),8,1.160536267,0,0.598143692,0,0,0.774836714,0,0.684083878,0,0.653832932,0.312134754,0,0.313509797,0,0.149879684,0,0,0.771399106,1.038157442,0.0681,1.146785837,0.32863527,1
Chivas 12(943),9,1.3056033,0,0.672911654,0,0,0.871691303,0,0.769594362,0,0.735562049,0.351151599,0,0.352698522,0,0.168614644,0,0,0.867823995,1.167927123,0.0766,1.290134067,0.369714679,1
Chivas 12(943),8,1.160536267,0,0.598143692,0,0,0.774836714,0,0.684083878,0,0.653832932,0.312134754,0,0.313509797,0,0.149879684,0,0,0.771399106,1.038157442,0.0681,1.146785837,0.32863527,1
Chivas 12(943),9,1.3056033,0,0.672911654,0,0,0.871691303,0,0.769594362,0,0.735562049,0.351151599,0,0.352698522,0,0.168614644,0,0,0.867823995,1.167927123,0.0766,1.290134067,0.369714679,1
Chivas 12(943),6,0.8704022,0,0.448607769,0,0,0.581127535,0,0.513062908,0,0.490374699,0.234101066,0,0.235132348,0,0.112409763,0,0,0.57854933,0.778618082,0.051,0.860089378,0.246476452,1
Chivas 12(943),8,1.160536267,0,0.598143692,0,0,0.774836714,0,0.684083878,0,0.653832932,0.312134754,0,0.313509797,0,0.149879684,0,0,0.771399106,1.038157442,0.0681,1.146785837,0.32863527,1
Chivas 12(943),7,1.015469233,0,0.523375731,0,0,0.677982124,0,0.598573393,0,0.572103816,0.27311791,0,0.274321072,0,0.131144723,0,0,0.674974218,0.908387762,0.0596,1.003437607,0.287555861,1
Chivas 12(943),8,1.160536267,0,0.598143692,0,0,0.774836714,0,0.684083878,0,0.653832932,0.312134754,0,0.313509797,0,0.149879684,0,0,0.771399106,1.038157442,0.0681,1.146785837,0.32863527,1
Chivas 12(943),8,1.160536267,0,0.598143692,0,0,0.774836714,0,0.684083878,0,0.653832932,0.312134754,0,0.313509797,0,0.149879684,0,0,0.771399106,1.038157442,0.0681,1.146785837,0.32863527,1
Chivas 12(943),8,1.160536267,0,0.598143692,0,0,0.774836714,0,0.684083878,0,0.653832932,0.312134754,0,0.313509797,0,0.149879684,0,0,0.771399106,1.038157442,0.0681,1.146785837,0.32863527,1
Chivas 12(943),7,1.015469233,0,0.523375731,0,0,0.677982124,0,0.598573393,0,0.572103816,0.27311791,0,0.274321072,0,0.131144723,0,0,0.674974218,0.908387762,0.0596,1.003437607,0.287555861,1
Chivas 12(943),5,0.725335167,0,0.373839808,0,0,0.484272946,0,0.427552424,0,0.408645583,0.195084221,0,0.195943623,0,0.0937,0,0,0.482124441,0.648848401,0.0425,0.716741148,0.205397044,3
Chivas 12(943),6,0.8704022,0,0.448607769,0,0,0.581127535,0,0.513062908,0,0.490374699,0.234101066,0,0.235132348,0,0.112409763,0,0,0.57854933,0.778618082,0.051,0.860089378,0.246476452,1
Chivas 12(943),8,1.160536267,0,0.598143692,0,0,0.774836714,0,0.684083878,0,0.653832932,0.312134754,0,0.313509797,0,0.149879684,0,0,0.771399106,1.038157442,0.0681,1.146785837,0.32863527,1
Chivas 12(943),9,1.3056033,0,0.672911654,0,0,0.871691303,0,0.769594362,0,0.735562049,0.351151599,0,0.352698522,0,0.168614644,0,0,0.867823995,1.167927123,0.0766,1.290134067,0.369714679,1
Chivas 12(943),8,1.160536267,0,0.598143692,0,0,0.774836714,0,0.684083878,0,0.653832932,0.312134754,0,0.313509797,0,0.149879684,0,0,0.771399106,1.038157442,0.0681,1.146785837,0.32863527,1
Chivas 12(943),7,1.015469233,0,0.523375731,0,0,0.677982124,0,0.598573393,0,0.572103816,0.27311791,0,0.274321072,0,0.131144723,0,0,0.674974218,0.908387762,0.0596,1.003437607,0.287555861,1
Chivas 12(943),9,1.3056033,0,0.672911654,0,0,0.871691303,0,0.769594362,0,0.735562049,0.351151599,0,0.352698522,0,0.168614644,0,0,0.867823995,1.167927123,0.0766,1.290134067,0.369714679,1
Chivas 12(943),5,0.725335167,0,0.373839808,0,0,0.484272946,0,0.427552424,0,0.408645583,0.195084221,0,0.195943623,0,0.0937,0,0,0.482124441,0.648848401,0.0425,0.716741148,0.205397044,3
Chivas 12(943),9,1.3056033,0,0.672911654,0,0,0.871691303,0,0.769594362,0,0.735562049,0.351151599,0,0.352698522,0,0.168614644,0,0,0.867823995,1.167927123,0.0766,1.290134067,0.369714679,1
Chivas 12(943),8,1.160536267,0,0.598143692,0,0,0.774836714,0,0.684083878,0,0.653832932,0.312134754,0,0.313509797,0,0.149879684,0,0,0.771399106,1.038157442,0.0681,1.146785837,0.32863527,1
Chivas 12(943),4,0.580268133,0,0.299071846,0,0,0.387418357,0,0.342041939,0,0.326916466,0.156067377,0,0.156754899,0,0.0749,0,0,0.385699553,0.519078721,0.034,0.573392919,0.164317635,3
Chivas 12(943),9,1.3056033,0,0.672911654,0,0,0.871691303,0,0.769594362,0,0.735562049,0.351151599,0,0.352698522,0,0.168614644,0,0,0.867823995,1.167927123,0.0766,1.290134067,0.369714679,1
Chivas 12(943),9,1.3056033,0,0.672911654,0,0,0.871691303,0,0.769594362,0,0.735562049,0.351151599,0,0.352698522,0,0.168614644,0,0,0.867823995,1.167927123,0.0766,1.290134067,0.369714679,1
Chivas 12(943),8,1.160536267,0,0.598143692,0,0,0.774836714,0,0.684083878,0,0.653832932,0.312134754,0,0.313509797,0,0.149879684,0,0,0.771399106,1.038157442,0.0681,1.146785837,0.32863527,1
Chivas 12(943),8,1.160536267,0,0.598143692,0,0,0.774836714,0,0.684083878,0,0.653832932,0.312134754,0,0.313509797,0,0.149879684,0,0,0.771399106,1.038157442,0.0681,1.146785837,0.32863527,1
Chivas 12(943),1,0.145067033,0,0.0748,0,0,0.0969,0,0.0855,0,0.0817,0.039,0,0.0392,0,0.0187,0,0,0.0964,0.12976968,0.00851,0.14334823,0.0411,3
Chivas 12(943),9,1.3056033,0,0.672911654,0,0,0.871691303,0,0.769594362,0,0.735562049,0.351151599,0,0.352698522,0,0.168614644,0,0,0.867823995,1.167927123,0.0766,1.290134067,0.369714679,1
Chivas 12(943),7,1.015469233,0,0.523375731,0,0,0.677982124,0,0.598573393,0,0.572103816,0.27311791,0,0.274321072,0,0.131144723,0,0,0.674974218,0.908387762,0.0596,1.003437607,0.287555861,1
Chivas 12(943),5,0.725335167,0,0.373839808,0,0,0.484272946,0,0.427552424,0,0.408645583,0.195084221,0,0.195943623,0,0.0937,0,0,0.482124441,0.648848401,0.0425,0.716741148,0.205397044,3
Chivas 12(943),4,0.580268133,0,0.299071846,0,0,0.387418357,0,0.342041939,0,0.326916466,0.156067377,0,0.156754899,0,0.0749,0,0,0.385699553,0.519078721,0.034,0.573392919,0.164317635,3
Chivas 12(943),5,0.725335167,0,0.373839808,0,0,0.484272946,0,0.427552424,0,0.408645583,0.195084221,0,0.195943623,0,0.0937,0,0,0.482124441,0.648848401,0.0425,0.716741148,0.205397044,3
Chivas 12(943),9,1.3056033,0,0.672911654,0,0,0.871691303,0,0.769594362,0,0.735562049,0.351151599,0,0.352698522,0,0.168614644,0,0,0.867823995,1.167927123,0.0766,1.290134067,0.369714679,1
Chivas 12(943),7,1.015469233,0,0.523375731,0,0,0.677982124,0,0.598573393,0,0.572103816,0.27311791,0,0.274321072,0,0.131144723,0,0,0.674974218,0.908387762,0.0596,1.003437607,0.287555861,1
Chivas 12(943),9,1.3056033,0,0.672911654,0,0,0.871691303,0,0.769594362,0,0.735562049,0.351151599,0,0.352698522,0,0.168614644,0,0,0.867823995,1.167927123,0.0766,1.290134067,0.369714679,1
Chivas 12(943),9,1.3056033,0,0.672911654,0,0,0.871691303,0,0.769594362,0,0.735562049,0.351151599,0,0.352698522,0,0.168614644,0,0,0.867823995,1.167927123,0.0766,1.290134067,0.369714679,1
Chivas 12(943),9,1.3056033,0,0.672911654,0,0,0.871691303,0,0.769594362,0,0.735562049,0.351151599,0,0.352698522,0,0.168614644,0,0,0.867823995,1.167927123,0.0766,1.290134067,0.369714679,1
Chivas 12(943),9,1.3056033,0,0.672911654,0,0,0.871691303,0,0.769594362,0,0.735562049,0.351151599,0,0.352698522,0,0.168614644,0,0,0.867823995,1.167927123,0.0766,1.290134067,0.369714679,1
Chivas 12(943),9,1.3056033,0,0.672911654,0,0,0.871691303,0,0.769594362,0,0.735562049,0.351151599,0,0.352698522,0,0.168614644,0,0,0.867823995,1.167927123,0.0766,1.290134067,0.369714679,1
Chivas 12(943),5,0.725335167,0,0.373839808,0,0,0.484272946,0,0.427552424,0,0.408645583,0.195084221,0,0.195943623,0,0.0937,0,0,0.482124441,0.648848401,0.0425,0.716741148,0.205397044,3
Chivas 12(943),9,1.3056033,0,0.672911654,0,0,0.871691303,0,0.769594362,0,0.735562049,0.351151599,0,0.352698522,0,0.168614644,0,0,0.867823995,1.167927123,0.0766,1.290134067,0.369714679,1
Chivas 12(943),5,0.725335167,0,0.373839808,0,0,0.484272946,0,0.427552424,0,0.408645583,0.195084221,0,0.195943623,0,0.0937,0,0,0.482124441,0.648848401,0.0425,0.716741148,0.205397044,3
Chivas 12(943),7,1.015469233,0,0.523375731,0,0,0.677982124,0,0.598573393,0,0.572103816,0.27311791,0,0.274321072,0,0.131144723,0,0,0.674974218,0.908387762,0.0596,1.003437607,0.287555861,1
Chivas 12(943),5,0.725335167,0,0.373839808,0,0,0.484272946,0,0.427552424,0,0.408645583,0.195084221,0,0.195943623,0,0.0937,0,0,0.482124441,0.648848401,0.0425,0.716741148,0.205397044,3
Chivas 12(943),9,1.3056033,0,0.672911654,0,0,0.871691303,0,0.769594362,0,0.735562049,0.351151599,0,0.352698522,0,0.168614644,0,0,0.867823995,1.167927123,0.0766,1.290134067,0.369714679,1
Chivas 12(943),9,1.3056033,0,0.672911654,0,0,0.871691303,0,0.769594362,0,0.735562049,0.351151599,0,0.352698522,0,0.168614644,0,0,0.867823995,1.167927123,0.0766,1.290134067,0.369714679,1
Chivas 12(943),7,1.015469233,0,0.523375731,0,0,0.677982124,0,0.598573393,0,0.572103816,0.27311791,0,0.274321072,0,0.131144723,0,0,0.674974218,0.908387762,0.0596,1.003437607,0.287555861,1
Chivas 12(943),7,1.015469233,0,0.523375731,0,0,0.677982124,0,0.598573393,0,0.572103816,0.27311791,0,0.274321072,0,0.131144723,0,0,0.674974218,0.908387762,0.0596,1.003437607,0.287555861,1
Chivas 12(943),7,1.015469233,0,0.523375731,0,0,0.677982124,0,0.598573393,0,0.572103816,0.27311791,0,0.274321072,0,0.131144723,0,0,0.674974218,0.908387762,0.0596,1.003437607,0.287555861,1
Chivas 12(943),7,1.015469233,0,0.523375731,0,0,0.677982124,0,0.598573393,0,0.572103816,0.27311791,0,0.274321072,0,0.131144723,0,0,0.674974218,0.908387762,0.0596,1.003437607,0.287555861,1
Chivas 12(943),6,0.8704022,0,0.448607769,0,0,0.581127535,0,0.513062908,0,0.490374699,0.234101066,0,0.235132348,0,0.112409763,0,0,0.57854933,0.778618082,0.051,0.860089378,0.246476452,1
Chivas 12(943),9,1.3056033,0,0.672911654,0,0,0.871691303,0,0.769594362,0,0.735562049,0.351151599,0,0.352698522,0,0.168614644,0,0,0.867823995,1.167927123,0.0766,1.290134067,0.369714679,1
Chivas 12(943),5,0.725335167,0,0.373839808,0,0,0.484272946,0,0.427552424,0,0.408645583,0.195084221,0,0.195943623,0,0.0937,0,0,0.482124441,0.648848401,0.0425,0.716741148,0.205397044,3
Chivas 12(943),3,0.4352011,0,0.224303885,0,0,0.290563768,0,0.256531454,0,0.24518735,0.117050533,0,0.117566174,0,0.0562,0,0,0.289274665,0.389309041,0.0255,0.430044689,0.123238226,3
Chivas 12(943),9,1.3056033,0,0.672911654,0,0,0.871691303,0,0.769594362,0,0.735562049,0.351151599,0,0.352698522,0,0.168614644,0,0,0.867823995,1.167927123,0.0766,1.290134067,0.369714679,1
Chivas 12(943),7,1.015469233,0,0.523375731,0,0,0.677982124,0,0.598573393,0,0.572103816,0.27311791,0,0.274321072,0,0.131144723,0,0,0.674974218,0.908387762,0.0596,1.003437607,0.287555861,1
Chivas 12(943),9,1.3056033,0,0.672911654,0,0,0.871691303,0,0.769594362,0,0.735562049,0.351151599,0,0.352698522,0,0.168614644,0,0,0.867823995,1.167927123,0.0766,1.290134067,0.369714679,1
Chivas 12(943),7,1.015469233,0,0.523375731,0,0,0.677982124,0,0.598573393,0,0.572103816,0.27311791,0,0.274321072,0,0.131144723,0,0,0.674974218,0.908387762,0.0596,1.003437607,0.287555861,1
Chivas 12(943),9,1.3056033,0,0.672911654,0,0,0.871691303,0,0.769594362,0,0.735562049,0.351151599,0,0.352698522,0,0.168614644,0,0,0.867823995,1.167927123,0.0766,1.290134067,0.369714679,1
Chivas 12(943),7,1.015469233,0,0.523375731,0,0,0.677982124,0,0.598573393,0,0.572103816,0.27311791,0,0.274321072,0,0.131144723,0,0,0.674974218,0.908387762,0.0596,1.003437607,0.287555861,1
Chivas 12(943),6,0.8704022,0,0.448607769,0,0,0.581127535,0,0.513062908,0,0.490374699,0.234101066,0,0.235132348,0,0.112409763,0,0,0.57854933,0.778618082,0.051,0.860089378,0.246476452,1
Chivas 12(943),7,1.015469233,0,0.523375731,0,0,0.677982124,0,0.598573393,0,0.572103816,0.27311791,0,0.274321072,0,0.131144723,0,0,0.674974218,0.908387762,0.0596,1.003437607,0.287555861,1
Chivas 12(943),8,1.160536267,0,0.598143692,0,0,0.774836714,0,0.684083878,0,0.653832932,0.312134754,0,0.313509797,0,0.149879684,0,0,0.771399106,1.038157442,0.0681,1.146785837,0.32863527,1
Chivas 12(943),3,0.4352011,0,0.224303885,0,0,0.290563768,0,0.256531454,0,0.24518735,0.117050533,0,0.117566174,0,0.0562,0,0,0.289274665,0.389309041,0.0255,0.430044689,0.123238226,3
Chivas 12(943),7,1.015469233,0,0.523375731,0,0,0.677982124,0,0.598573393,0,0.572103816,0.27311791,0,0.274321072,0,0.131144723,0,0,0.674974218,0.908387762,0.0596,1.003437607,0.287555861,1
Chivas 12(943),9,1.3056033,0,0.672911654,0,0,0.871691303,0,0.769594362,0,0.735562049,0.351151599,0,0.352698522,0,0.168614644,0,0,0.867823995,1.167927123,0.0766,1.290134067,0.369714679,1
Chivas 12(943),8,1.160536267,0,0.598143692,0,0,0.774836714,0,0.684083878,0,0.653832932,0.312134754,0,0.313509797,0,0.149879684,0,0,0.771399106,1.038157442,0.0681,1.146785837,0.32863527,1
Chivas 12(943),9,1.3056033,0,0.672911654,0,0,0.871691303,0,0.769594362,0,0.735562049,0.351151599,0,0.352698522,0,0.168614644,0,0,0.867823995,1.167927123,0.0766,1.290134067,0.369714679,1
Chivas 12(943),4,0.580268133,0,0.299071846,0,0,0.387418357,0,0.342041939,0,0.326916466,0.156067377,0,0.156754899,0,0.0749,0,0,0.385699553,0.519078721,0.034,0.573392919,0.164317635,3
Chivas 12(943),7,1.015469233,0,0.523375731,0,0,0.677982124,0,0.598573393,0,0.572103816,0.27311791,0,0.274321072,0,0.131144723,0,0,0.674974218,0.908387762,0.0596,1.003437607,0.287555861,1
Chivas 12(943),4,0.580268133,0,0.299071846,0,0,0.387418357,0,0.342041939,0,0.326916466,0.156067377,0,0.156754899,0,0.0749,0,0,0.385699553,0.519078721,0.034,0.573392919,0.164317635,3
Chivas 12(943),7,1.015469233,0,0.523375731,0,0,0.677982124,0,0.598573393,0,0.572103816,0.27311791,0,0.274321072,0,0.131144723,0,0,0.674974218,0.908387762,0.0596,1.003437607,0.287555861,1
Chivas 12(943),7,1.015469233,0,0.523375731,0,0,0.677982124,0,0.598573393,0,0.572103816,0.27311791,0,0.274321072,0,0.131144723,0,0,0.674974218,0.908387762,0.0596,1.003437607,0.287555861,1
Chivas 12(943),7,1.015469233,0,0.523375731,0,0,0.677982124,0,0.598573393,0,0.572103816,0.27311791,0,0.274321072,0,0.131144723,0,0,0.674974218,0.908387762,0.0596,1.003437607,0.287555861,1
Chivas 12(943),9,1.3056033,0,0.672911654,0,0,0.871691303,0,0.769594362,0,0.735562049,0.351151599,0,0.352698522,0,0.168614644,0,0,0.867823995,1.167927123,0.0766,1.290134067,0.369714679,1
Chivas 12(943),8,1.160536267,0,0.598143692,0,0,0.774836714,0,0.684083878,0,0.653832932,0.312134754,0,0.313509797,0,0.149879684,0,0,0.771399106,1.038157442,0.0681,1.146785837,0.32863527,1
Chivas 12(943),7,1.015469233,0,0.523375731,0,0,0.677982124,0,0.598573393,0,0.572103816,0.27311791,0,0.274321072,0,0.131144723,0,0,0.674974218,0.908387762,0.0596,1.003437607,0.287555861,1
Chivas 12(943),7,1.015469233,0,0.523375731,0,0,0.677982124,0,0.598573393,0,0.572103816,0.27311791,0,0.274321072,0,0.131144723,0,0,0.674974218,0.908387762,0.0596,1.003437607,0.287555861,1
Chivas 12(943),6,0.8704022,0,0.448607769,0,0,0.581127535,0,0.513062908,0,0.490374699,0.234101066,0,0.235132348,0,0.112409763,0,0,0.57854933,0.778618082,0.051,0.860089378,0.246476452,1
Chivas 12(943),7,1.015469233,0,0.523375731,0,0,0.677982124,0,0.598573393,0,0.572103816,0.27311791,0,0.274321072,0,0.131144723,0,0,0.674974218,0.908387762,0.0596,1.003437607,0.287555861,1
Chivas 12(943),9,1.3056033,0,0.672911654,0,0,0.871691303,0,0.769594362,0,0.735562049,0.351151599,0,0.352698522,0,0.168614644,0,0,0.867823995,1.167927123,0.0766,1.290134067,0.369714679,1
Chivas 12(943),6,0.8704022,0,0.448607769,0,0,0.581127535,0,0.513062908,0,0.490374699,0.234101066,0,0.235132348,0,0.112409763,0,0,0.57854933,0.778618082,0.051,0.860089378,0.246476452,1
Chivas 12(943),4,0.580268133,0,0.299071846,0,0,0.387418357,0,0.342041939,0,0.326916466,0.156067377,0,0.156754899,0,0.0749,0,0,0.385699553,0.519078721,0.034,0.573392919,0.164317635,3
Chivas 12(943),7,1.015469233,0,0.523375731,0,0,0.677982124,0,0.598573393,0,0.572103816,0.27311791,0,0.274321072,0,0.131144723,0,0,0.674974218,0.908387762,0.0596,1.003437607,0.287555861,1
Chivas 12(943),5,0.725335167,0,0.373839808,0,0,0.484272946,0,0.427552424,0,0.408645583,0.195084221,0,0.195943623,0,0.0937,0,0,0.482124441,0.648848401,0.0425,0.716741148,0.205397044,3
Chivas 12(943),9,1.3056033,0,0.672911654,0,0,0.871691303,0,0.769594362,0,0.735562049,0.351151599,0,0.352698522,0,0.168614644,0,0,0.867823995,1.167927123,0.0766,1.290134067,0.369714679,1
Chivas 12(943),9,1.3056033,0,0.672911654,0,0,0.871691303,0,0.769594362,0,0.735562049,0.351151599,0,0.352698522,0,0.168614644,0,0,0.867823995,1.167927123,0.0766,1.290134067,0.369714679,1
Chivas 12(943),9,1.3056033,0,0.672911654,0,0,0.871691303,0,0.769594362,0,0.735562049,0.351151599,0,0.352698522,0,0.168614644,0,0,0.867823995,1.167927123,0.0766,1.290134067,0.369714679,1
Chivas 12(943),8,1.160536267,0,0.598143692,0,0,0.774836714,0,0.684083878,0,0.653832932,0.312134754,0,0.313509797,0,0.149879684,0,0,0.771399106,1.038157442,0.0681,1.146785837,0.32863527,1
Chivas 12(943),9,1.3056033,0,0.672911654,0,0,0.871691303,0,0.769594362,0,0.735562049,0.351151599,0,0.352698522,0,0.168614644,0,0,0.867823995,1.167927123,0.0766,1.290134067,0.369714679,1
Chivas 12(943),8,1.160536267,0,0.598143692,0,0,0.774836714,0,0.684083878,0,0.653832932,0.312134754,0,0.313509797,0,0.149879684,0,0,0.771399106,1.038157442,0.0681,1.146785837,0.32863527,1
Chivas 12(943),7,1.015469233,0,0.523375731,0,0,0.677982124,0,0.598573393,0,0.572103816,0.27311791,0,0.274321072,0,0.131144723,0,0,0.674974218,0.908387762,0.0596,1.003437607,0.287555861,1
Chivas 12(943),2,0.290134067,0,0.149535923,0,0,0.193709178,0,0.171020969,0,0.163458233,0.078,0,0.0784,0,0.0375,0,0,0.192849777,0.259539361,0.017,0.286696459,0.0822,3
Chivas 12(943),6,0.8704022,0,0.448607769,0,0,0.581127535,0,0.513062908,0,0.490374699,0.234101066,0,0.235132348,0,0.112409763,0,0,0.57854933,0.778618082,0.051,0.860089378,0.246476452,1
Chivas 12(943),4,0.580268133,0,0.299071846,0,0,0.387418357,0,0.342041939,0,0.326916466,0.156067377,0,0.156754899,0,0.0749,0,0,0.385699553,0.519078721,0.034,0.573392919,0.164317635,3
Chivas 12(943),6,0.8704022,0,0.448607769,0,0,0.581127535,0,0.513062908,0,0.490374699,0.234101066,0,0.235132348,0,0.112409763,0,0,0.57854933,0.778618082,0.051,0.860089378,0.246476452,1
Chivas 12(943),5,0.725335167,0,0.373839808,0,0,0.484272946,0,0.427552424,0,0.408645583,0.195084221,0,0.195943623,0,0.0937,0,0,0.482124441,0.648848401,0.0425,0.716741148,0.205397044,3
Chivas 12(943),7,1.015469233,0,0.523375731,0,0,0.677982124,0,0.598573393,0,0.572103816,0.27311791,0,0.274321072,0,0.131144723,0,0,0.674974218,0.908387762,0.0596,1.003437607,0.287555861,1
Chivas 12(943),5,0.725335167,0,0.373839808,0,0,0.484272946,0,0.427552424,0,0.408645583,0.195084221,0,0.195943623,0,0.0937,0,0,0.482124441,0.648848401,0.0425,0.716741148,0.205397044,3
Chivas 12(943),9,1.3056033,0,0.672911654,0,0,0.871691303,0,0.769594362,0,0.735562049,0.351151599,0,0.352698522,0,0.168614644,0,0,0.867823995,1.167927123,0.0766,1.290134067,0.369714679,1
Chivas 12(943),7,1.015469233,0,0.523375731,0,0,0.677982124,0,0.598573393,0,0.572103816,0.27311791,0,0.274321072,0,0.131144723,0,0,0.674974218,0.908387762,0.0596,1.003437607,0.287555861,1
Chivas 12(943),5,0.725335167,0,0.373839808,0,0,0.484272946,0,0.427552424,0,0.408645583,0.195084221,0,0.195943623,0,0.0937,0,0,0.482124441,0.648848401,0.0425,0.716741148,0.205397044,3
Chivas 12(943),7,1.015469233,0,0.523375731,0,0,0.677982124,0,0.598573393,0,0.572103816,0.27311791,0,0.274321072,0,0.131144723,0,0,0.674974218,0.908387762,0.0596,1.003437607,0.287555861,1
Chivas 12(943),9,1.3056033,0,0.672911654,0,0,0.871691303,0,0.769594362,0,0.735562049,0.351151599,0,0.352698522,0,0.168614644,0,0,0.867823995,1.167927123,0.0766,1.290134067,0.369714679,1
Chivas 12(943),7,1.015469233,0,0.523375731,0,0,0.677982124,0,0.598573393,0,0.572103816,0.27311791,0,0.274321072,0,0.131144723,0,0,0.674974218,0.908387762,0.0596,1.003437607,0.287555861,1
Chivas 12(943),8,1.160536267,0,0.598143692,0,0,0.774836714,0,0.684083878,0,0.653832932,0.312134754,0,0.313509797,0,0.149879684,0,0,0.771399106,1.038157442,0.0681,1.146785837,0.32863527,1
Chivas 12(943),6,0.8704022,0,0.448607769,0,0,0.581127535,0,0.513062908,0,0.490374699,0.234101066,0,0.235132348,0,0.112409763,0,0,0.57854933,0.778618082,0.051,0.860089378,0.246476452,1
Chivas 12(943),9,1.3056033,0,0.672911654,0,0,0.871691303,0,0.769594362,0,0.735562049,0.351151599,0,0.352698522,0,0.168614644,0,0,0.867823995,1.167927123,0.0766,1.290134067,0.369714679,1
Chivas 12(943),8,1.160536267,0,0.598143692,0,0,0.774836714,0,0.684083878,0,0.653832932,0.312134754,0,0.313509797,0,0.149879684,0,0,0.771399106,1.038157442,0.0681,1.146785837,0.32863527,1
Chivas 12(943),9,1.3056033,0,0.672911654,0,0,0.871691303,0,0.769594362,0,0.735562049,0.351151599,0,0.352698522,0,0.168614644,0,0,0.867823995,1.167927123,0.0766,1.290134067,0.369714679,1
Chivas 12(943),4,0.580268133,0,0.299071846,0,0,0.387418357,0,0.342041939,0,0.326916466,0.156067377,0,0.156754899,0,0.0749,0,0,0.385699553,0.519078721,0.034,0.573392919,0.164317635,3
Chivas 12(943),6,0.8704022,0,0.448607769,0,0,0.581127535,0,0.513062908,0,0.490374699,0.234101066,0,0.235132348,0,0.112409763,0,0,0.57854933,0.778618082,0.051,0.860089378,0.246476452,1
Chivas 12(943),9,1.3056033,0,0.672911654,0,0,0.871691303,0,0.769594362,0,0.735562049,0.351151599,0,0.352698522,0,0.168614644,0,0,0.867823995,1.167927123,0.0766,1.290134067,0.369714679,1
Chivas 12(943),9,1.3056033,0,0.672911654,0,0,0.871691303,0,0.769594362,0,0.735562049,0.351151599,0,0.352698522,0,0.168614644,0,0,0.867823995,1.167927123,0.0766,1.290134067,0.369714679,1
Chivas 12(943),1,0.145067033,0,0.0748,0,0,0.0969,0,0.0855,0,0.0817,0.039,0,0.0392,0,0.0187,0,0,0.0964,0.12976968,0.00851,0.14334823,0.0411,3
Chivas 12(943),8,1.160536267,0,0.598143692,0,0,0.774836714,0,0.684083878,0,0.653832932,0.312134754,0,0.313509797,0,0.149879684,0,0,0.771399106,1.038157442,0.0681,1.146785837,0.32863527,1
Chivas 12(943),7,1.015469233,0,0.523375731,0,0,0.677982124,0,0.598573393,0,0.572103816,0.27311791,0,0.274321072,0,0.131144723,0,0,0.674974218,0.908387762,0.0596,1.003437607,0.287555861,1
Chivas 12(943),7,1.015469233,0,0.523375731,0,0,0.677982124,0,0.598573393,0,0.572103816,0.27311791,0,0.274321072,0,0.131144723,0,0,0.674974218,0.908387762,0.0596,1.003437607,0.287555861,1
Chivas 12(943),5,0.725335167,0,0.373839808,0,0,0.484272946,0,0.427552424,0,0.408645583,0.195084221,0,0.195943623,0,0.0937,0,0,0.482124441,0.648848401,0.0425,0.716741148,0.205397044,3
Chivas 12(943),6,0.8704022,0,0.448607769,0,0,0.581127535,0,0.513062908,0,0.490374699,0.234101066,0,0.235132348,0,0.112409763,0,0,0.57854933,0.778618082,0.051,0.860089378,0.246476452,1
Chivas 12(943),7,1.015469233,0,0.523375731,0,0,0.677982124,0,0.598573393,0,0.572103816,0.27311791,0,0.274321072,0,0.131144723,0,0,0.674974218,0.908387762,0.0596,1.003437607,0.287555861,1
Chivas 12(943),6,0.8704022,0,0.448607769,0,0,0.581127535,0,0.513062908,0,0.490374699,0.234101066,0,0.235132348,0,0.112409763,0,0,0.57854933,0.778618082,0.051,0.860089378,0.246476452,1
Chivas 12(943),5,0.725335167,0,0.373839808,0,0,0.484272946,0,0.427552424,0,0.408645583,0.195084221,0,0.195943623,0,0.0937,0,0,0.482124441,0.648848401,0.0425,0.716741148,0.205397044,3
Chivas 12(943),7,1.015469233,0,0.523375731,0,0,0.677982124,0,0.598573393,0,0.572103816,0.27311791,0,0.274321072,0,0.131144723,0,0,0.674974218,0.908387762,0.0596,1.003437607,0.287555861,1
Chivas 12(943),2,0.290134067,0,0.149535923,0,0,0.193709178,0,0.171020969,0,0.163458233,0.078,0,0.0784,0,0.0375,0,0,0.192849777,0.259539361,0.017,0.286696459,0.0822,3
Chivas 12(943),9,1.3056033,0,0.672911654,0,0,0.871691303,0,0.769594362,0,0.735562049,0.351151599,0,0.352698522,0,0.168614644,0,0,0.867823995,1.167927123,0.0766,1.290134067,0.369714679,1
Chivas 12(943),9,1.3056033,0,0.672911654,0,0,0.871691303,0,0.769594362,0,0.735562049,0.351151599,0,0.352698522,0,0.168614644,0,0,0.867823995,1.167927123,0.0766,1.290134067,0.369714679,1
Chivas 12(943),8,1.160536267,0,0.598143692,0,0,0.774836714,0,0.684083878,0,0.653832932,0.312134754,0,0.313509797,0,0.149879684,0,0,0.771399106,1.038157442,0.0681,1.146785837,0.32863527,1
Chivas 12(943),8,1.160536267,0,0.598143692,0,0,0.774836714,0,0.684083878,0,0.653832932,0.312134754,0,0.313509797,0,0.149879684,0,0,0.771399106,1.038157442,0.0681,1.146785837,0.32863527,1
Chivas 12(943),9,1.3056033,0,0.672911654,0,0,0.871691303,0,0.769594362,0,0.735562049,0.351151599,0,0.352698522,0,0.168614644,0,0,0.867823995,1.167927123,0.0766,1.290134067,0.369714679,1
Chivas 12(943),9,1.3056033,0,0.672911654,0,0,0.871691303,0,0.769594362,0,0.735562049,0.351151599,0,0.352698522,0,0.168614644,0,0,0.867823995,1.167927123,0.0766,1.290134067,0.369714679,1
Chivas 12(943),6,0.8704022,0,0.448607769,0,0,0.581127535,0,0.513062908,0,0.490374699,0.234101066,0,0.235132348,0,0.112409763,0,0,0.57854933,0.778618082,0.051,0.860089378,0.246476452,1
Chivas 12(943),8,1.160536267,0,0.598143692,0,0,0.774836714,0,0.684083878,0,0.653832932,0.312134754,0,0.313509797,0,0.149879684,0,0,0.771399106,1.038157442,0.0681,1.146785837,0.32863527,1
Chivas 12(943),8,1.160536267,0,0.598143692,0,0,0.774836714,0,0.684083878,0,0.653832932,0.312134754,0,0.313509797,0,0.149879684,0,0,0.771399106,1.038157442,0.0681,1.146785837,0.32863527,1
Chivas 12(943),7,1.015469233,0,0.523375731,0,0,0.677982124,0,0.598573393,0,0.572103816,0.27311791,0,0.274321072,0,0.131144723,0,0,0.674974218,0.908387762,0.0596,1.003437607,0.287555861,1
Chivas 12(943),8,1.160536267,0,0.598143692,0,0,0.774836714,0,0.684083878,0,0.653832932,0.312134754,0,0.313509797,0,0.149879684,0,0,0.771399106,1.038157442,0.0681,1.146785837,0.32863527,1
Chivas 12(943),9,1.3056033,0,0.672911654,0,0,0.871691303,0,0.769594362,0,0.735562049,0.351151599,0,0.352698522,0,0.168614644,0,0,0.867823995,1.167927123,0.0766,1.290134067,0.369714679,1
Chivas 12(943),7,1.015469233,0,0.523375731,0,0,0.677982124,0,0.598573393,0,0.572103816,0.27311791,0,0.274321072,0,0.131144723,0,0,0.674974218,0.908387762,0.0596,1.003437607,0.287555861,1
Chivas 12(943),1,0.145067033,0,0.0748,0,0,0.0969,0,0.0855,0,0.0817,0.039,0,0.0392,0,0.0187,0,0,0.0964,0.12976968,0.00851,0.14334823,0.0411,3
Chivas 12(943),6,0.8704022,0,0.448607769,0,0,0.581127535,0,0.513062908,0,0.490374699,0.234101066,0,0.235132348,0,0.112409763,0,0,0.57854933,0.778618082,0.051,0.860089378,0.246476452,1
Chivas 12(943),9,1.3056033,0,0.672911654,0,0,0.871691303,0,0.769594362,0,0.735562049,0.351151599,0,0.352698522,0,0.168614644,0,0,0.867823995,1.167927123,0.0766,1.290134067,0.369714679,1
Chivas 12(943),8,1.160536267,0,0.598143692,0,0,0.774836714,0,0.684083878,0,0.653832932,0.312134754,0,0.313509797,0,0.149879684,0,0,0.771399106,1.038157442,0.0681,1.146785837,0.32863527,1
Chivas 12(943),8,1.160536267,0,0.598143692,0,0,0.774836714,0,0.684083878,0,0.653832932,0.312134754,0,0.313509797,0,0.149879684,0,0,0.771399106,1.038157442,0.0681,1.146785837,0.32863527,1
Chivas 12(943),4,0.580268133,0,0.299071846,0,0,0.387418357,0,0.342041939,0,0.326916466,0.156067377,0,0.156754899,0,0.0749,0,0,0.385699553,0.519078721,0.034,0.573392919,0.164317635,3
Chivas 12(943),9,1.3056033,0,0.672911654,0,0,0.871691303,0,0.769594362,0,0.735562049,0.351151599,0,0.352698522,0,0.168614644,0,0,0.867823995,1.167927123,0.0766,1.290134067,0.369714679,1
Chivas 12(943),7,1.015469233,0,0.523375731,0,0,0.677982124,0,0.598573393,0,0.572103816,0.27311791,0,0.274321072,0,0.131144723,0,0,0.674974218,0.908387762,0.0596,1.003437607,0.287555861,1
Chivas 12(943),7,1.015469233,0,0.523375731,0,0,0.677982124,0,0.598573393,0,0.572103816,0.27311791,0,0.274321072,0,0.131144723,0,0,0.674974218,0.908387762,0.0596,1.003437607,0.287555861,1
Chivas 12(943),4,0.580268133,0,0.299071846,0,0,0.387418357,0,0.342041939,0,0.326916466,0.156067377,0,0.156754899,0,0.0749,0,0,0.385699553,0.519078721,0.034,0.573392919,0.164317635,3
Chivas 12(943),6,0.8704022,0,0.448607769,0,0,0.581127535,0,0.513062908,0,0.490374699,0.234101066,0,0.235132348,0,0.112409763,0,0,0.57854933,0.778618082,0.051,0.860089378,0.246476452,1
Chivas 12(943),6,0.8704022,0,0.448607769,0,0,0.581127535,0,0.513062908,0,0.490374699,0.234101066,0,0.235132348,0,0.112409763,0,0,0.57854933,0.778618082,0.051,0.860089378,0.246476452,1
Chivas 12(943),8,1.160536267,0,0.598143692,0,0,0.774836714,0,0.684083878,0,0.653832932,0.312134754,0,0.313509797,0,0.149879684,0,0,0.771399106,1.038157442,0.0681,1.146785837,0.32863527,1
Chivas 12(943),9,1.3056033,0,0.672911654,0,0,0.871691303,0,0.769594362,0,0.735562049,0.351151599,0,0.352698522,0,0.168614644,0,0,0.867823995,1.167927123,0.0766,1.290134067,0.369714679,1
Chivas 12(943),7,1.015469233,0,0.523375731,0,0,0.677982124,0,0.598573393,0,0.572103816,0.27311791,0,0.274321072,0,0.131144723,0,0,0.674974218,0.908387762,0.0596,1.003437607,0.287555861,1
Chivas 12(943),9,1.3056033,0,0.672911654,0,0,0.871691303,0,0.769594362,0,0.735562049,0.351151599,0,0.352698522,0,0.168614644,0,0,0.867823995,1.167927123,0.0766,1.290134067,0.369714679,1
Chivas 12(943),9,1.3056033,0,0.672911654,0,0,0.871691303,0,0.769594362,0,0.735562049,0.351151599,0,0.352698522,0,0.168614644,0,0,0.867823995,1.167927123,0.0766,1.290134067,0.369714679,1
Chivas 12(943),4,0.580268133,0,0.299071846,0,0,0.387418357,0,0.342041939,0,0.326916466,0.156067377,0,0.156754899,0,0.0749,0,0,0.385699553,0.519078721,0.034,0.573392919,0.164317635,3
Chivas 12(943),5,0.725335167,0,0.373839808,0,0,0.484272946,0,0.427552424,0,0.408645583,0.195084221,0,0.195943623,0,0.0937,0,0,0.482124441,0.648848401,0.0425,0.716741148,0.205397044,3
Chivas 12(943),7,1.015469233,0,0.523375731,0,0,0.677982124,0,0.598573393,0,0.572103816,0.27311791,0,0.274321072,0,0.131144723,0,0,0.674974218,0.908387762,0.0596,1.003437607,0.287555861,1
Chivas 12(943),9,1.3056033,0,0.672911654,0,0,0.871691303,0,0.769594362,0,0.735562049,0.351151599,0,0.352698522,0,0.168614644,0,0,0.867823995,1.167927123,0.0766,1.290134067,0.369714679,1
Chivas 12(943),9,1.3056033,0,0.672911654,0,0,0.871691303,0,0.769594362,0,0.735562049,0.351151599,0,0.352698522,0,0.168614644,0,0,0.867823995,1.167927123,0.0766,1.290134067,0.369714679,1
Chivas 12(943),9,1.3056033,0,0.672911654,0,0,0.871691303,0,0.769594362,0,0.735562049,0.351151599,0,0.352698522,0,0.168614644,0,0,0.867823995,1.167927123,0.0766,1.290134067,0.369714679,1
Oaksmith Gold (436),5,0.477099237,0,0.318066158,0,0,0.561753768,0,0.416422,0,0.432569975,0.19377569,0,0.190839695,0,0.0294,0,0,0.545605794,0.741338814,0.048933255,0.818653357,0.225582306,3
Oaksmith Gold (436),9,0.858778626,0,0.572519084,0,0,1.011156782,0,0.749559601,0,0.778625954,0.348796242,0,0.34351145,0,0.0528,0,0,0.982090429,1.334409865,0.0881,1.473576042,0.40604815,1
Oaksmith Gold (436),7,0.667938931,0,0.445292621,0,0,0.786455275,0,0.5829908,0,0.605597964,0.271285966,0,0.267175572,0,0.0411,0,0,0.763848111,1.037874339,0.0685,1.1461147,0.315815228,1
Oaksmith Gold (436),8,0.763358779,0,0.508905852,0,0,0.898806029,0,0.666275201,0,0.692111959,0.310041104,0,0.305343511,0,0.047,0,0,0.87296927,1.186142102,0.0783,1.309845371,0.360931689,1
Oaksmith Gold (436),9,0.858778626,0,0.572519084,0,0,1.011156782,0,0.749559601,0,0.778625954,0.348796242,0,0.34351145,0,0.0528,0,0,0.982090429,1.334409865,0.0881,1.473576042,0.40604815,1
Oaksmith Gold (436),7,0.667938931,0,0.445292621,0,0,0.786455275,0,0.5829908,0,0.605597964,0.271285966,0,0.267175572,0,0.0411,0,0,0.763848111,1.037874339,0.0685,1.1461147,0.315815228,1
Oaksmith Gold (436),7,0.667938931,0,0.445292621,0,0,0.786455275,0,0.5829908,0,0.605597964,0.271285966,0,0.267175572,0,0.0411,0,0,0.763848111,1.037874339,0.0685,1.1461147,0.315815228,1
Oaksmith Gold (436),8,0.763358779,0,0.508905852,0,0,0.898806029,0,0.666275201,0,0.692111959,0.310041104,0,0.305343511,0,0.047,0,0,0.87296927,1.186142102,0.0783,1.309845371,0.360931689,1
Oaksmith Gold (436),8,0.763358779,0,0.508905852,0,0,0.898806029,0,0.666275201,0,0.692111959,0.310041104,0,0.305343511,0,0.047,0,0,0.87296927,1.186142102,0.0783,1.309845371,0.360931689,1
Oaksmith Gold (436),8,0.763358779,0,0.508905852,0,0,0.898806029,0,0.666275201,0,0.692111959,0.310041104,0,0.305343511,0,0.047,0,0,0.87296927,1.186142102,0.0783,1.309845371,0.360931689,1
Oaksmith Gold (436),7,0.667938931,0,0.445292621,0,0,0.786455275,0,0.5829908,0,0.605597964,0.271285966,0,0.267175572,0,0.0411,0,0,0.763848111,1.037874339,0.0685,1.1461147,0.315815228,1
Oaksmith Gold (436),8,0.763358779,0,0.508905852,0,0,0.898806029,0,0.666275201,0,0.692111959,0.310041104,0,0.305343511,0,0.047,0,0,0.87296927,1.186142102,0.0783,1.309845371,0.360931689,1
Oaksmith Gold (436),9,0.858778626,0,0.572519084,0,0,1.011156782,0,0.749559601,0,0.778625954,0.348796242,0,0.34351145,0,0.0528,0,0,0.982090429,1.334409865,0.0881,1.473576042,0.40604815,1
Oaksmith Gold (436),6,0.572519084,0,0.381679389,0,0,0.674104521,0,0.4997064,0,0.51908397,0.232530828,0,0.229007634,0,0.0352,0,0,0.654726952,0.889606577,0.0587,0.982384028,0.270698767,1
Oaksmith Gold (436),8,0.763358779,0,0.508905852,0,0,0.898806029,0,0.666275201,0,0.692111959,0.310041104,0,0.305343511,0,0.047,0,0,0.87296927,1.186142102,0.0783,1.309845371,0.360931689,1
Oaksmith Gold (436),8,0.763358779,0,0.508905852,0,0,0.898806029,0,0.666275201,0,0.692111959,0.310041104,0,0.305343511,0,0.047,0,0,0.87296927,1.186142102,0.0783,1.309845371,0.360931689,1
Oaksmith Gold (436),9,0.858778626,0,0.572519084,0,0,1.011156782,0,0.749559601,0,0.778625954,0.348796242,0,0.34351145,0,0.0528,0,0,0.982090429,1.334409865,0.0881,1.473576042,0.40604815,1
Oaksmith Gold (436),9,0.858778626,0,0.572519084,0,0,1.011156782,0,0.749559601,0,0.778625954,0.348796242,0,0.34351145,0,0.0528,0,0,0.982090429,1.334409865,0.0881,1.473576042,0.40604815,1
Oaksmith Gold (436),9,0.858778626,0,0.572519084,0,0,1.011156782,0,0.749559601,0,0.778625954,0.348796242,0,0.34351145,0,0.0528,0,0,0.982090429,1.334409865,0.0881,1.473576042,0.40604815,1
Oaksmith Gold (436),8,0.763358779,0,0.508905852,0,0,0.898806029,0,0.666275201,0,0.692111959,0.310041104,0,0.305343511,0,0.047,0,0,0.87296927,1.186142102,0.0783,1.309845371,0.360931689,1
Oaksmith Gold (436),7,0.667938931,0,0.445292621,0,0,0.786455275,0,0.5829908,0,0.605597964,0.271285966,0,0.267175572,0,0.0411,0,0,0.763848111,1.037874339,0.0685,1.1461147,0.315815228,1
Oaksmith Gold (436),8,0.763358779,0,0.508905852,0,0,0.898806029,0,0.666275201,0,0.692111959,0.310041104,0,0.305343511,0,0.047,0,0,0.87296927,1.186142102,0.0783,1.309845371,0.360931689,1
Oaksmith Gold (436),9,0.858778626,0,0.572519084,0,0,1.011156782,0,0.749559601,0,0.778625954,0.348796242,0,0.34351145,0,0.0528,0,0,0.982090429,1.334409865,0.0881,1.473576042,0.40604815,1
Oaksmith Gold (436),6,0.572519084,0,0.381679389,0,0,0.674104521,0,0.4997064,0,0.51908397,0.232530828,0,0.229007634,0,0.0352,0,0,0.654726952,0.889606577,0.0587,0.982384028,0.270698767,1
Oaksmith Gold (436),9,0.858778626,0,0.572519084,0,0,1.011156782,0,0.749559601,0,0.778625954,0.348796242,0,0.34351145,0,0.0528,0,0,0.982090429,1.334409865,0.0881,1.473576042,0.40604815,1
Oaksmith Gold (436),8,0.763358779,0,0.508905852,0,0,0.898806029,0,0.666275201,0,0.692111959,0.310041104,0,0.305343511,0,0.047,0,0,0.87296927,1.186142102,0.0783,1.309845371,0.360931689,1
Oaksmith Gold (436),7,0.667938931,0,0.445292621,0,0,0.786455275,0,0.5829908,0,0.605597964,0.271285966,0,0.267175572,0,0.0411,0,0,0.763848111,1.037874339,0.0685,1.1461147,0.315815228,1
Oaksmith Gold (436),9,0.858778626,0,0.572519084,0,0,1.011156782,0,0.749559601,0,0.778625954,0.348796242,0,0.34351145,0,0.0528,0,0,0.982090429,1.334409865,0.0881,1.473576042,0.40604815,1
Oaksmith Gold (436),9,0.858778626,0,0.572519084,0,0,1.011156782,0,0.749559601,0,0.778625954,0.348796242,0,0.34351145,0,0.0528,0,0,0.982090429,1.334409865,0.0881,1.473576042,0.40604815,1
Oaksmith Gold (436),7,0.667938931,0,0.445292621,0,0,0.786455275,0,0.5829908,0,0.605597964,0.271285966,0,0.267175572,0,0.0411,0,0,0.763848111,1.037874339,0.0685,1.1461147,0.315815228,1
Oaksmith Gold (436),7,0.667938931,0,0.445292621,0,0,0.786455275,0,0.5829908,0,0.605597964,0.271285966,0,0.267175572,0,0.0411,0,0,0.763848111,1.037874339,0.0685,1.1461147,0.315815228,1
Oaksmith Gold (436),8,0.763358779,0,0.508905852,0,0,0.898806029,0,0.666275201,0,0.692111959,0.310041104,0,0.305343511,0,0.047,0,0,0.87296927,1.186142102,0.0783,1.309845371,0.360931689,1
Oaksmith Gold (436),6,0.572519084,0,0.381679389,0,0,0.674104521,0,0.4997064,0,0.51908397,0.232530828,0,0.229007634,0,0.0352,0,0,0.654726952,0.889606577,0.0587,0.982384028,0.270698767,1
Oaksmith Gold (436),8,0.763358779,0,0.508905852,0,0,0.898806029,0,0.666275201,0,0.692111959,0.310041104,0,0.305343511,0,0.047,0,0,0.87296927,1.186142102,0.0783,1.309845371,0.360931689,1
Oaksmith Gold (436),8,0.763358779,0,0.508905852,0,0,0.898806029,0,0.666275201,0,0.692111959,0.310041104,0,0.305343511,0,0.047,0,0,0.87296927,1.186142102,0.0783,1.309845371,0.360931689,1
Oaksmith Gold (436),9,0.858778626,0,0.572519084,0,0,1.011156782,0,0.749559601,0,0.778625954,0.348796242,0,0.34351145,0,0.0528,0,0,0.982090429,1.334409865,0.0881,1.473576042,0.40604815,1
Oaksmith Gold (436),8,0.763358779,0,0.508905852,0,0,0.898806029,0,0.666275201,0,0.692111959,0.310041104,0,0.305343511,0,0.047,0,0,0.87296927,1.186142102,0.0783,1.309845371,0.360931689,1
Oaksmith Gold (436),8,0.763358779,0,0.508905852,0,0,0.898806029,0,0.666275201,0,0.692111959,0.310041104,0,0.305343511,0,0.047,0,0,0.87296927,1.186142102,0.0783,1.309845371,0.360931689,1
Oaksmith Gold (436),7,0.667938931,0,0.445292621,0,0,0.786455275,0,0.5829908,0,0.605597964,0.271285966,0,0.267175572,0,0.0411,0,0,0.763848111,1.037874339,0.0685,1.1461147,0.315815228,1
Oaksmith Gold (436),6,0.572519084,0,0.381679389,0,0,0.674104521,0,0.4997064,0,0.51908397,0.232530828,0,0.229007634,0,0.0352,0,0,0.654726952,0.889606577,0.0587,0.982384028,0.270698767,1
Oaksmith Gold (436),7,0.667938931,0,0.445292621,0,0,0.786455275,0,0.5829908,0,0.605597964,0.271285966,0,0.267175572,0,0.0411,0,0,0.763848111,1.037874339,0.0685,1.1461147,0.315815228,1
Oaksmith Gold (436),6,0.572519084,0,0.381679389,0,0,0.674104521,0,0.4997064,0,0.51908397,0.232530828,0,0.229007634,0,0.0352,0,0,0.654726952,0.889606577,0.0587,0.982384028,0.270698767,1
Oaksmith Gold (436),5,0.477099237,0,0.318066158,0,0,0.561753768,0,0.416422,0,0.432569975,0.19377569,0,0.190839695,0,0.0294,0,0,0.545605794,0.741338814,0.048933255,0.818653357,0.225582306,3
Oaksmith Gold (436),9,0.858778626,0,0.572519084,0,0,1.011156782,0,0.749559601,0,0.778625954,0.348796242,0,0.34351145,0,0.0528,0,0,0.982090429,1.334409865,0.0881,1.473576042,0.40604815,1
Oaksmith Gold (436),8,0.763358779,0,0.508905852,0,0,0.898806029,0,0.666275201,0,0.692111959,0.310041104,0,0.305343511,0,0.047,0,0,0.87296927,1.186142102,0.0783,1.309845371,0.360931689,1
Oaksmith Gold (436),7,0.667938931,0,0.445292621,0,0,0.786455275,0,0.5829908,0,0.605597964,0.271285966,0,0.267175572,0,0.0411,0,0,0.763848111,1.037874339,0.0685,1.1461147,0.315815228,1
Oaksmith Gold (436),6,0.572519084,0,0.381679389,0,0,0.674104521,0,0.4997064,0,0.51908397,0.232530828,0,0.229007634,0,0.0352,0,0,0.654726952,0.889606577,0.0587,0.982384028,0.270698767,1
Oaksmith Gold (436),9,0.858778626,0,0.572519084,0,0,1.011156782,0,0.749559601,0,0.778625954,0.348796242,0,0.34351145,0,0.0528,0,0,0.982090429,1.334409865,0.0881,1.473576042,0.40604815,1
Oaksmith Gold (436),9,0.858778626,0,0.572519084,0,0,1.011156782,0,0.749559601,0,0.778625954,0.348796242,0,0.34351145,0,0.0528,0,0,0.982090429,1.334409865,0.0881,1.473576042,0.40604815,1
Oaksmith Gold (436),7,0.667938931,0,0.445292621,0,0,0.786455275,0,0.5829908,0,0.605597964,0.271285966,0,0.267175572,0,0.0411,0,0,0.763848111,1.037874339,0.0685,1.1461147,0.315815228,1
Oaksmith Gold (436),5,0.477099237,0,0.318066158,0,0,0.561753768,0,0.416422,0,0.432569975,0.19377569,0,0.190839695,0,0.0294,0,0,0.545605794,0.741338814,0.048933255,0.818653357,0.225582306,3
Oaksmith Gold (436),8,0.763358779,0,0.508905852,0,0,0.898806029,0,0.666275201,0,0.692111959,0.310041104,0,0.305343511,0,0.047,0,0,0.87296927,1.186142102,0.0783,1.309845371,0.360931689,1
Oaksmith Gold (436),9,0.858778626,0,0.572519084,0,0,1.011156782,0,0.749559601,0,0.778625954,0.348796242,0,0.34351145,0,0.0528,0,0,0.982090429,1.334409865,0.0881,1.473576042,0.40604815,1
Oaksmith Gold (436),9,0.858778626,0,0.572519084,0,0,1.011156782,0,0.749559601,0,0.778625954,0.348796242,0,0.34351145,0,0.0528,0,0,0.982090429,1.334409865,0.0881,1.473576042,0.40604815,1
Oaksmith Gold (436),7,0.667938931,0,0.445292621,0,0,0.786455275,0,0.5829908,0,0.605597964,0.271285966,0,0.267175572,0,0.0411,0,0,0.763848111,1.037874339,0.0685,1.1461147,0.315815228,1
Oaksmith Gold (436),8,0.763358779,0,0.508905852,0,0,0.898806029,0,0.666275201,0,0.692111959,0.310041104,0,0.305343511,0,0.047,0,0,0.87296927,1.186142102,0.0783,1.309845371,0.360931689,1
Oaksmith Gold (436),6,0.572519084,0,0.381679389,0,0,0.674104521,0,0.4997064,0,0.51908397,0.232530828,0,0.229007634,0,0.0352,0,0,0.654726952,0.889606577,0.0587,0.982384028,0.270698767,1
Oaksmith Gold (436),8,0.763358779,0,0.508905852,0,0,0.898806029,0,0.666275201,0,0.692111959,0.310041104,0,0.305343511,0,0.047,0,0,0.87296927,1.186142102,0.0783,1.309845371,0.360931689,1
Oaksmith Gold (436),7,0.667938931,0,0.445292621,0,0,0.786455275,0,0.5829908,0,0.605597964,0.271285966,0,0.267175572,0,0.0411,0,0,0.763848111,1.037874339,0.0685,1.1461147,0.315815228,1
Oaksmith Gold (436),7,0.667938931,0,0.445292621,0,0,0.786455275,0,0.5829908,0,0.605597964,0.271285966,0,0.267175572,0,0.0411,0,0,0.763848111,1.037874339,0.0685,1.1461147,0.315815228,1
Oaksmith Gold (436),8,0.763358779,0,0.508905852,0,0,0.898806029,0,0.666275201,0,0.692111959,0.310041104,0,0.305343511,0,0.047,0,0,0.87296927,1.186142102,0.0783,1.309845371,0.360931689,1
Oaksmith Gold (436),5,0.477099237,0,0.318066158,0,0,0.561753768,0,0.416422,0,0.432569975,0.19377569,0,0.190839695,0,0.0294,0,0,0.545605794,0.741338814,0.048933255,0.818653357,0.225582306,3
Oaksmith Gold (436),7,0.667938931,0,0.445292621,0,0,0.786455275,0,0.5829908,0,0.605597964,0.271285966,0,0.267175572,0,0.0411,0,0,0.763848111,1.037874339,0.0685,1.1461147,0.315815228,1
Oaksmith Gold (436),7,0.667938931,0,0.445292621,0,0,0.786455275,0,0.5829908,0,0.605597964,0.271285966,0,0.267175572,0,0.0411,0,0,0.763848111,1.037874339,0.0685,1.1461147,0.315815228,1
Oaksmith Gold (436),9,0.858778626,0,0.572519084,0,0,1.011156782,0,0.749559601,0,0.778625954,0.348796242,0,0.34351145,0,0.0528,0,0,0.982090429,1.334409865,0.0881,1.473576042,0.40604815,1
Oaksmith Gold (436),8,0.763358779,0,0.508905852,0,0,0.898806029,0,0.666275201,0,0.692111959,0.310041104,0,0.305343511,0,0.047,0,0,0.87296927,1.186142102,0.0783,1.309845371,0.360931689,1
Oaksmith Gold (436),7,0.667938931,0,0.445292621,0,0,0.786455275,0,0.5829908,0,0.605597964,0.271285966,0,0.267175572,0,0.0411,0,0,0.763848111,1.037874339,0.0685,1.1461147,0.315815228,1
Oaksmith Gold (436),8,0.763358779,0,0.508905852,0,0,0.898806029,0,0.666275201,0,0.692111959,0.310041104,0,0.305343511,0,0.047,0,0,0.87296927,1.186142102,0.0783,1.309845371,0.360931689,1
Oaksmith Gold (436),8,0.763358779,0,0.508905852,0,0,0.898806029,0,0.666275201,0,0.692111959,0.310041104,0,0.305343511,0,0.047,0,0,0.87296927,1.186142102,0.0783,1.309845371,0.360931689,1
Oaksmith Gold (436),9,0.858778626,0,0.572519084,0,0,1.011156782,0,0.749559601,0,0.778625954,0.348796242,0,0.34351145,0,0.0528,0,0,0.982090429,1.334409865,0.0881,1.473576042,0.40604815,1
Oaksmith Gold (436),8,0.763358779,0,0.508905852,0,0,0.898806029,0,0.666275201,0,0.692111959,0.310041104,0,0.305343511,0,0.047,0,0,0.87296927,1.186142102,0.0783,1.309845371,0.360931689,1
Oaksmith Gold (436),7,0.667938931,0,0.445292621,0,0,0.786455275,0,0.5829908,0,0.605597964,0.271285966,0,0.267175572,0,0.0411,0,0,0.763848111,1.037874339,0.0685,1.1461147,0.315815228,1
Oaksmith Gold (436),1,0.0954,0,0.0636,0,0,0.112350754,0,0.0833,0,0.0865,0.0388,0,0.0382,0,0.00587,0,0,0.109121159,0.148267763,0.00979,0.163730671,0.0451,3
Oaksmith Gold (436),9,0.858778626,0,0.572519084,0,0,1.011156782,0,0.749559601,0,0.778625954,0.348796242,0,0.34351145,0,0.0528,0,0,0.982090429,1.334409865,0.0881,1.473576042,0.40604815,1
Oaksmith Gold (436),8,0.763358779,0,0.508905852,0,0,0.898806029,0,0.666275201,0,0.692111959,0.310041104,0,0.305343511,0,0.047,0,0,0.87296927,1.186142102,0.0783,1.309845371,0.360931689,1
Oaksmith Gold (436),9,0.858778626,0,0.572519084,0,0,1.011156782,0,0.749559601,0,0.778625954,0.348796242,0,0.34351145,0,0.0528,0,0,0.982090429,1.334409865,0.0881,1.473576042,0.40604815,1
Oaksmith Gold (436),8,0.763358779,0,0.508905852,0,0,0.898806029,0,0.666275201,0,0.692111959,0.310041104,0,0.305343511,0,0.047,0,0,0.87296927,1.186142102,0.0783,1.309845371,0.360931689,1
Oaksmith Gold (436),9,0.858778626,0,0.572519084,0,0,1.011156782,0,0.749559601,0,0.778625954,0.348796242,0,0.34351145,0,0.0528,0,0,0.982090429,1.334409865,0.0881,1.473576042,0.40604815,1
Oaksmith Gold (436),7,0.667938931,0,0.445292621,0,0,0.786455275,0,0.5829908,0,0.605597964,0.271285966,0,0.267175572,0,0.0411,0,0,0.763848111,1.037874339,0.0685,1.1461147,0.315815228,1
Oaksmith Gold (436),7,0.667938931,0,0.445292621,0,0,0.786455275,0,0.5829908,0,0.605597964,0.271285966,0,0.267175572,0,0.0411,0,0,0.763848111,1.037874339,0.0685,1.1461147,0.315815228,1
Oaksmith Gold (436),5,0.477099237,0,0.318066158,0,0,0.561753768,0,0.416422,0,0.432569975,0.19377569,0,0.190839695,0,0.0294,0,0,0.545605794,0.741338814,0.048933255,0.818653357,0.225582306,3
Oaksmith Gold (436),5,0.477099237,0,0.318066158,0,0,0.561753768,0,0.416422,0,0.432569975,0.19377569,0,0.190839695,0,0.0294,0,0,0.545605794,0.741338814,0.048933255,0.818653357,0.225582306,3
Oaksmith Gold (436),9,0.858778626,0,0.572519084,0,0,1.011156782,0,0.749559601,0,0.778625954,0.348796242,0,0.34351145,0,0.0528,0,0,0.982090429,1.334409865,0.0881,1.473576042,0.40604815,1
Oaksmith Gold (436),1,0.0954,0,0.0636,0,0,0.112350754,0,0.0833,0,0.0865,0.0388,0,0.0382,0,0.00587,0,0,0.109121159,0.148267763,0.00979,0.163730671,0.0451,3
Oaksmith Gold (436),9,0.858778626,0,0.572519084,0,0,1.011156782,0,0.749559601,0,0.778625954,0.348796242,0,0.34351145,0,0.0528,0,0,0.982090429,1.334409865,0.0881,1.473576042,0.40604815,1
Oaksmith Gold (436),9,0.858778626,0,0.572519084,0,0,1.011156782,0,0.749559601,0,0.778625954,0.348796242,0,0.34351145,0,0.0528,0,0,0.982090429,1.334409865,0.0881,1.473576042,0.40604815,1
Oaksmith Gold (436),8,0.763358779,0,0.508905852,0,0,0.898806029,0,0.666275201,0,0.692111959,0.310041104,0,0.305343511,0,0.047,0,0,0.87296927,1.186142102,0.0783,1.309845371,0.360931689,1
Oaksmith Gold (436),2,0.190839695,0,0.127226463,0,0,0.224701507,0,0.1665688,0,0.17302799,0.0775,0,0.0763,0,0.0117,0,0,0.218242317,0.296535526,0.0196,0.327461343,0.0902,3
Oaksmith Gold (436),6,0.572519084,0,0.381679389,0,0,0.674104521,0,0.4997064,0,0.51908397,0.232530828,0,0.229007634,0,0.0352,0,0,0.654726952,0.889606577,0.0587,0.982384028,0.270698767,1
Oaksmith Gold (436),8,0.763358779,0,0.508905852,0,0,0.898806029,0,0.666275201,0,0.692111959,0.310041104,0,0.305343511,0,0.047,0,0,0.87296927,1.186142102,0.0783,1.309845371,0.360931689,1
Oaksmith Gold (436),5,0.477099237,0,0.318066158,0,0,0.561753768,0,0.416422,0,0.432569975,0.19377569,0,0.190839695,0,0.0294,0,0,0.545605794,0.741338814,0.048933255,0.818653357,0.225582306,3
Oaksmith Gold (436),4,0.381679389,0,0.254452926,0,0,0.449403014,0,0.3331376,0,0.34605598,0.155020552,0,0.152671756,0,0.0235,0,0,0.436484635,0.593071051,0.0391,0.654922685,0.180465845,3
Oaksmith Gold (436),4,0.381679389,0,0.254452926,0,0,0.449403014,0,0.3331376,0,0.34605598,0.155020552,0,0.152671756,0,0.0235,0,0,0.436484635,0.593071051,0.0391,0.654922685,0.180465845,3
Oaksmith Gold (436),8,0.763358779,0,0.508905852,0,0,0.898806029,0,0.666275201,0,0.692111959,0.310041104,0,0.305343511,0,0.047,0,0,0.87296927,1.186142102,0.0783,1.309845371,0.360931689,1
Oaksmith Gold (436),6,0.572519084,0,0.381679389,0,0,0.674104521,0,0.4997064,0,0.51908397,0.232530828,0,0.229007634,0,0.0352,0,0,0.654726952,0.889606577,0.0587,0.982384028,0.270698767,1
Oaksmith Gold (436),7,0.667938931,0,0.445292621,0,0,0.786455275,0,0.5829908,0,0.605597964,0.271285966,0,0.267175572,0,0.0411,0,0,0.763848111,1.037874339,0.0685,1.1461147,0.315815228,1
Oaksmith Gold (436),4,0.381679389,0,0.254452926,0,0,0.449403014,0,0.3331376,0,0.34605598,0.155020552,0,0.152671756,0,0.0235,0,0,0.436484635,0.593071051,0.0391,0.654922685,0.180465845,3
Oaksmith Gold (436),9,0.858778626,0,0.572519084,0,0,1.011156782,0,0.749559601,0,0.778625954,0.348796242,0,0.34351145,0,0.0528,0,0,0.982090429,1.334409865,0.0881,1.473576042,0.40604815,1
Oaksmith Gold (436),7,0.667938931,0,0.445292621,0,0,0.786455275,0,0.5829908,0,0.605597964,0.271285966,0,0.267175572,0,0.0411,0,0,0.763848111,1.037874339,0.0685,1.1461147,0.315815228,1
Oaksmith Gold (436),8,0.763358779,0,0.508905852,0,0,0.898806029,0,0.666275201,0,0.692111959,0.310041104,0,0.305343511,0,0.047,0,0,0.87296927,1.186142102,0.0783,1.309845371,0.360931689,1
Oaksmith Gold (436),7,0.667938931,0,0.445292621,0,0,0.786455275,0,0.5829908,0,0.605597964,0.271285966,0,0.267175572,0,0.0411,0,0,0.763848111,1.037874339,0.0685,1.1461147,0.315815228,1
Oaksmith Gold (436),9,0.858778626,0,0.572519084,0,0,1.011156782,0,0.749559601,0,0.778625954,0.348796242,0,0.34351145,0,0.0528,0,0,0.982090429,1.334409865,0.0881,1.473576042,0.40604815,1
Oaksmith Gold (436),9,0.858778626,0,0.572519084,0,0,1.011156782,0,0.749559601,0,0.778625954,0.348796242,0,0.34351145,0,0.0528,0,0,0.982090429,1.334409865,0.0881,1.473576042,0.40604815,1
Oaksmith Gold (436),5,0.477099237,0,0.318066158,0,0,0.561753768,0,0.416422,0,0.432569975,0.19377569,0,0.190839695,0,0.0294,0,0,0.545605794,0.741338814,0.048933255,0.818653357,0.225582306,3
Oaksmith Gold (436),6,0.572519084,0,0.381679389,0,0,0.674104521,0,0.4997064,0,0.51908397,0.232530828,0,0.229007634,0,0.0352,0,0,0.654726952,0.889606577,0.0587,0.982384028,0.270698767,1
Oaksmith Gold (436),8,0.763358779,0,0.508905852,0,0,0.898806029,0,0.666275201,0,0.692111959,0.310041104,0,0.305343511,0,0.047,0,0,0.87296927,1.186142102,0.0783,1.309845371,0.360931689,1
Oaksmith Gold (436),8,0.763358779,0,0.508905852,0,0,0.898806029,0,0.666275201,0,0.692111959,0.310041104,0,0.305343511,0,0.047,0,0,0.87296927,1.186142102,0.0783,1.309845371,0.360931689,1
Oaksmith Gold (436),5,0.477099237,0,0.318066158,0,0,0.561753768,0,0.416422,0,0.432569975,0.19377569,0,0.190839695,0,0.0294,0,0,0.545605794,0.741338814,0.048933255,0.818653357,0.225582306,3
Oaksmith Gold (436),7,0.667938931,0,0.445292621,0,0,0.786455275,0,0.5829908,0,0.605597964,0.271285966,0,0.267175572,0,0.0411,0,0,0.763848111,1.037874339,0.0685,1.1461147,0.315815228,1
Oaksmith Gold (436),7,0.667938931,0,0.445292621,0,0,0.786455275,0,0.5829908,0,0.605597964,0.271285966,0,0.267175572,0,0.0411,0,0,0.763848111,1.037874339,0.0685,1.1461147,0.315815228,1
Oaksmith Gold (436),7,0.667938931,0,0.445292621,0,0,0.786455275,0,0.5829908,0,0.605597964,0.271285966,0,0.267175572,0,0.0411,0,0,0.763848111,1.037874339,0.0685,1.1461147,0.315815228,1
Oaksmith Gold (436),5,0.477099237,0,0.318066158,0,0,0.561753768,0,0.416422,0,0.432569975,0.19377569,0,0.190839695,0,0.0294,0,0,0.545605794,0.741338814,0.048933255,0.818653357,0.225582306,3
Oaksmith Gold (436),7,0.667938931,0,0.445292621,0,0,0.786455275,0,0.5829908,0,0.605597964,0.271285966,0,0.267175572,0,0.0411,0,0,0.763848111,1.037874339,0.0685,1.1461147,0.315815228,1
Oaksmith Gold (436),8,0.763358779,0,0.508905852,0,0,0.898806029,0,0.666275201,0,0.692111959,0.310041104,0,0.305343511,0,0.047,0,0,0.87296927,1.186142102,0.0783,1.309845371,0.360931689,1
Oaksmith Gold (436),6,0.572519084,0,0.381679389,0,0,0.674104521,0,0.4997064,0,0.51908397,0.232530828,0,0.229007634,0,0.0352,0,0,0.654726952,0.889606577,0.0587,0.982384028,0.270698767,1
Oaksmith Gold (436),5,0.477099237,0,0.318066158,0,0,0.561753768,0,0.416422,0,0.432569975,0.19377569,0,0.190839695,0,0.0294,0,0,0.545605794,0.741338814,0.048933255,0.818653357,0.225582306,3
Oaksmith Gold (436),9,0.858778626,0,0.572519084,0,0,1.011156782,0,0.749559601,0,0.778625954,0.348796242,0,0.34351145,0,0.0528,0,0,0.982090429,1.334409865,0.0881,1.473576042,0.40604815,1
Oaksmith Gold (436),8,0.763358779,0,0.508905852,0,0,0.898806029,0,0.666275201,0,0.692111959,0.310041104,0,0.305343511,0,0.047,0,0,0.87296927,1.186142102,0.0783,1.309845371,0.360931689,1
Oaksmith Gold (436),6,0.572519084,0,0.381679389,0,0,0.674104521,0,0.4997064,0,0.51908397,0.232530828,0,0.229007634,0,0.0352,0,0,0.654726952,0.889606577,0.0587,0.982384028,0.270698767,1
Oaksmith Gold (436),7,0.667938931,0,0.445292621,0,0,0.786455275,0,0.5829908,0,0.605597964,0.271285966,0,0.267175572,0,0.0411,0,0,0.763848111,1.037874339,0.0685,1.1461147,0.315815228,1
Oaksmith Gold (436),6,0.572519084,0,0.381679389,0,0,0.674104521,0,0.4997064,0,0.51908397,0.232530828,0,0.229007634,0,0.0352,0,0,0.654726952,0.889606577,0.0587,0.982384028,0.270698767,1
Oaksmith Gold (436),8,0.763358779,0,0.508905852,0,0,0.898806029,0,0.666275201,0,0.692111959,0.310041104,0,0.305343511,0,0.047,0,0,0.87296927,1.186142102,0.0783,1.309845371,0.360931689,1
Oaksmith Gold (436),8,0.763358779,0,0.508905852,0,0,0.898806029,0,0.666275201,0,0.692111959,0.310041104,0,0.305343511,0,0.047,0,0,0.87296927,1.186142102,0.0783,1.309845371,0.360931689,1
Oaksmith Gold (436),7,0.667938931,0,0.445292621,0,0,0.786455275,0,0.5829908,0,0.605597964,0.271285966,0,0.267175572,0,0.0411,0,0,0.763848111,1.037874339,0.0685,1.1461147,0.315815228,1
Oaksmith Gold (436),8,0.763358779,0,0.508905852,0,0,0.898806029,0,0.666275201,0,0.692111959,0.310041104,0,0.305343511,0,0.047,0,0,0.87296927,1.186142102,0.0783,1.309845371,0.360931689,1
Oaksmith Gold (436),3,0.286259542,0,0.190839695,0,0,0.337052261,0,0.2498532,0,0.259541985,0.116265414,0,0.114503817,0,0.0176,0,0,0.327363476,0.444803288,0.0294,0.491192014,0.135349383,3
Oaksmith Gold (436),7,0.667938931,0,0.445292621,0,0,0.786455275,0,0.5829908,0,0.605597964,0.271285966,0,0.267175572,0,0.0411,0,0,0.763848111,1.037874339,0.0685,1.1461147,0.315815228,1
Oaksmith Gold (436),8,0.763358779,0,0.508905852,0,0,0.898806029,0,0.666275201,0,0.692111959,0.310041104,0,0.305343511,0,0.047,0,0,0.87296927,1.186142102,0.0783,1.309845371,0.360931689,1
Oaksmith Gold (436),8,0.763358779,0,0.508905852,0,0,0.898806029,0,0.666275201,0,0.692111959,0.310041104,0,0.305343511,0,0.047,0,0,0.87296927,1.186142102,0.0783,1.309845371,0.360931689,1
Oaksmith Gold (436),7,0.667938931,0,0.445292621,0,0,0.786455275,0,0.5829908,0,0.605597964,0.271285966,0,0.267175572,0,0.0411,0,0,0.763848111,1.037874339,0.0685,1.1461147,0.315815228,1
Oaksmith Gold (436),8,0.763358779,0,0.508905852,0,0,0.898806029,0,0.666275201,0,0.692111959,0.310041104,0,0.305343511,0,0.047,0,0,0.87296927,1.186142102,0.0783,1.309845371,0.360931689,1
Oaksmith Gold (436),9,0.858778626,0,0.572519084,0,0,1.011156782,0,0.749559601,0,0.778625954,0.348796242,0,0.34351145,0,0.0528,0,0,0.982090429,1.334409865,0.0881,1.473576042,0.40604815,1
Oaksmith Gold (436),9,0.858778626,0,0.572519084,0,0,1.011156782,0,0.749559601,0,0.778625954,0.348796242,0,0.34351145,0,0.0528,0,0,0.982090429,1.334409865,0.0881,1.473576042,0.40604815,1
Oaksmith Gold (436),9,0.858778626,0,0.572519084,0,0,1.011156782,0,0.749559601,0,0.778625954,0.348796242,0,0.34351145,0,0.0528,0,0,0.982090429,1.334409865,0.0881,1.473576042,0.40604815,1
Oaksmith Gold (436),7,0.667938931,0,0.445292621,0,0,0.786455275,0,0.5829908,0,0.605597964,0.271285966,0,0.267175572,0,0.0411,0,0,0.763848111,1.037874339,0.0685,1.1461147,0.315815228,1
Oaksmith Gold (436),9,0.858778626,0,0.572519084,0,0,1.011156782,0,0.749559601,0,0.778625954,0.348796242,0,0.34351145,0,0.0528,0,0,0.982090429,1.334409865,0.0881,1.473576042,0.40604815,1
Oaksmith Gold (436),6,0.572519084,0,0.381679389,0,0,0.674104521,0,0.4997064,0,0.51908397,0.232530828,0,0.229007634,0,0.0352,0,0,0.654726952,0.889606577,0.0587,0.982384028,0.270698767,1
Oaksmith Gold (436),7,0.667938931,0,0.445292621,0,0,0.786455275,0,0.5829908,0,0.605597964,0.271285966,0,0.267175572,0,0.0411,0,0,0.763848111,1.037874339,0.0685,1.1461147,0.315815228,1
Oaksmith Gold (436),9,0.858778626,0,0.572519084,0,0,1.011156782,0,0.749559601,0,0.778625954,0.348796242,0,0.34351145,0,0.0528,0,0,0.982090429,1.334409865,0.0881,1.473576042,0.40604815,1
Oaksmith Gold (436),5,0.477099237,0,0.318066158,0,0,0.561753768,0,0.416422,0,0.432569975,0.19377569,0,0.190839695,0,0.0294,0,0,0.545605794,0.741338814,0.048933255,0.818653357,0.225582306,3
Oaksmith Gold (436),7,0.667938931,0,0.445292621,0,0,0.786455275,0,0.5829908,0,0.605597964,0.271285966,0,0.267175572,0,0.0411,0,0,0.763848111,1.037874339,0.0685,1.1461147,0.315815228,1
Oaksmith Gold (436),7,0.667938931,0,0.445292621,0,0,0.786455275,0,0.5829908,0,0.605597964,0.271285966,0,0.267175572,0,0.0411,0,0,0.763848111,1.037874339,0.0685,1.1461147,0.315815228,1
Oaksmith Gold (436),4,0.381679389,0,0.254452926,0,0,0.449403014,0,0.3331376,0,0.34605598,0.155020552,0,0.152671756,0,0.0235,0,0,0.436484635,0.593071051,0.0391,0.654922685,0.180465845,3
Oaksmith Gold (436),4,0.381679389,0,0.254452926,0,0,0.449403014,0,0.3331376,0,0.34605598,0.155020552,0,0.152671756,0,0.0235,0,0,0.436484635,0.593071051,0.0391,0.654922685,0.180465845,3
Oaksmith Gold (436),9,0.858778626,0,0.572519084,0,0,1.011156782,0,0.749559601,0,0.778625954,0.348796242,0,0.34351145,0,0.0528,0,0,0.982090429,1.334409865,0.0881,1.473576042,0.40604815,1
Oaksmith Gold (436),1,0.0954,0,0.0636,0,0,0.112350754,0,0.0833,0,0.0865,0.0388,0,0.0382,0,0.00587,0,0,0.109121159,0.148267763,0.00979,0.163730671,0.0451,3
Oaksmith Gold (436),8,0.763358779,0,0.508905852,0,0,0.898806029,0,0.666275201,0,0.692111959,0.310041104,0,0.305343511,0,0.047,0,0,0.87296927,1.186142102,0.0783,1.309845371,0.360931689,1
Oaksmith Gold (436),6,0.572519084,0,0.381679389,0,0,0.674104521,0,0.4997064,0,0.51908397,0.232530828,0,0.229007634,0,0.0352,0,0,0.654726952,0.889606577,0.0587,0.982384028,0.270698767,1
Oaksmith Gold (436),7,0.667938931,0,0.445292621,0,0,0.786455275,0,0.5829908,0,0.605597964,0.271285966,0,0.267175572,0,0.0411,0,0,0.763848111,1.037874339,0.0685,1.1461147,0.315815228,1
Oaksmith Gold (436),9,0.858778626,0,0.572519084,0,0,1.011156782,0,0.749559601,0,0.778625954,0.348796242,0,0.34351145,0,0.0528,0,0,0.982090429,1.334409865,0.0881,1.473576042,0.40604815,1
Oaksmith Gold (436),7,0.667938931,0,0.445292621,0,0,0.786455275,0,0.5829908,0,0.605597964,0.271285966,0,0.267175572,0,0.0411,0,0,0.763848111,1.037874339,0.0685,1.1461147,0.315815228,1
Oaksmith Gold (436),7,0.667938931,0,0.445292621,0,0,0.786455275,0,0.5829908,0,0.605597964,0.271285966,0,0.267175572,0,0.0411,0,0,0.763848111,1.037874339,0.0685,1.1461147,0.315815228,1
Oaksmith Gold (436),8,0.763358779,0,0.508905852,0,0,0.898806029,0,0.666275201,0,0.692111959,0.310041104,0,0.305343511,0,0.047,0,0,0.87296927,1.186142102,0.0783,1.309845371,0.360931689,1
Oaksmith Gold (436),9,0.858778626,0,0.572519084,0,0,1.011156782,0,0.749559601,0,0.778625954,0.348796242,0,0.34351145,0,0.0528,0,0,0.982090429,1.334409865,0.0881,1.473576042,0.40604815,1
Oaksmith Gold (436),7,0.667938931,0,0.445292621,0,0,0.786455275,0,0.5829908,0,0.605597964,0.271285966,0,0.267175572,0,0.0411,0,0,0.763848111,1.037874339,0.0685,1.1461147,0.315815228,1
Oaksmith Gold (436),7,0.667938931,0,0.445292621,0,0,0.786455275,0,0.5829908,0,0.605597964,0.271285966,0,0.267175572,0,0.0411,0,0,0.763848111,1.037874339,0.0685,1.1461147,0.315815228,1
Oaksmith Gold (436),7,0.667938931,0,0.445292621,0,0,0.786455275,0,0.5829908,0,0.605597964,0.271285966,0,0.267175572,0,0.0411,0,0,0.763848111,1.037874339,0.0685,1.1461147,0.315815228,1
Oaksmith Gold (436),9,0.858778626,0,0.572519084,0,0,1.011156782,0,0.749559601,0,0.778625954,0.348796242,0,0.34351145,0,0.0528,0,0,0.982090429,1.334409865,0.0881,1.473576042,0.40604815,1
Oaksmith Gold (436),8,0.763358779,0,0.508905852,0,0,0.898806029,0,0.666275201,0,0.692111959,0.310041104,0,0.305343511,0,0.047,0,0,0.87296927,1.186142102,0.0783,1.309845371,0.360931689,1
Oaksmith Gold (436),9,0.858778626,0,0.572519084,0,0,1.011156782,0,0.749559601,0,0.778625954,0.348796242,0,0.34351145,0,0.0528,0,0,0.982090429,1.334409865,0.0881,1.473576042,0.40604815,1
Oaksmith Gold (436),8,0.763358779,0,0.508905852,0,0,0.898806029,0,0.666275201,0,0.692111959,0.310041104,0,0.305343511,0,0.047,0,0,0.87296927,1.186142102,0.0783,1.309845371,0.360931689,1
Oaksmith Gold (436),9,0.858778626,0,0.572519084,0,0,1.011156782,0,0.749559601,0,0.778625954,0.348796242,0,0.34351145,0,0.0528,0,0,0.982090429,1.334409865,0.0881,1.473576042,0.40604815,1
Oaksmith Gold (436),4,0.381679389,0,0.254452926,0,0,0.449403014,0,0.3331376,0,0.34605598,0.155020552,0,0.152671756,0,0.0235,0,0,0.436484635,0.593071051,0.0391,0.654922685,0.180465845,3
Oaksmith Gold (436),8,0.763358779,0,0.508905852,0,0,0.898806029,0,0.666275201,0,0.692111959,0.310041104,0,0.305343511,0,0.047,0,0,0.87296927,1.186142102,0.0783,1.309845371,0.360931689,1
Oaksmith Gold (436),9,0.858778626,0,0.572519084,0,0,1.011156782,0,0.749559601,0,0.778625954,0.348796242,0,0.34351145,0,0.0528,0,0,0.982090429,1.334409865,0.0881,1.473576042,0.40604815,1
Oaksmith Gold (436),9,0.858778626,0,0.572519084,0,0,1.011156782,0,0.749559601,0,0.778625954,0.348796242,0,0.34351145,0,0.0528,0,0,0.982090429,1.334409865,0.0881,1.473576042,0.40604815,1
Oaksmith Gold (436),7,0.667938931,0,0.445292621,0,0,0.786455275,0,0.5829908,0,0.605597964,0.271285966,0,0.267175572,0,0.0411,0,0,0.763848111,1.037874339,0.0685,1.1461147,0.315815228,1
Oaksmith Gold (436),8,0.763358779,0,0.508905852,0,0,0.898806029,0,0.666275201,0,0.692111959,0.310041104,0,0.305343511,0,0.047,0,0,0.87296927,1.186142102,0.0783,1.309845371,0.360931689,1
Oaksmith Gold (436),7,0.667938931,0,0.445292621,0,0,0.786455275,0,0.5829908,0,0.605597964,0.271285966,0,0.267175572,0,0.0411,0,0,0.763848111,1.037874339,0.0685,1.1461147,0.315815228,1
Oaksmith Gold (436),9,0.858778626,0,0.572519084,0,0,1.011156782,0,0.749559601,0,0.778625954,0.348796242,0,0.34351145,0,0.0528,0,0,0.982090429,1.334409865,0.0881,1.473576042,0.40604815,1
Oaksmith Gold (436),6,0.572519084,0,0.381679389,0,0,0.674104521,0,0.4997064,0,0.51908397,0.232530828,0,0.229007634,0,0.0352,0,0,0.654726952,0.889606577,0.0587,0.982384028,0.270698767,1
Oaksmith Gold (436),6,0.572519084,0,0.381679389,0,0,0.674104521,0,0.4997064,0,0.51908397,0.232530828,0,0.229007634,0,0.0352,0,0,0.654726952,0.889606577,0.0587,0.982384028,0.270698767,1
Oaksmith Gold (436),9,0.858778626,0,0.572519084,0,0,1.011156782,0,0.749559601,0,0.778625954,0.348796242,0,0.34351145,0,0.0528,0,0,0.982090429,1.334409865,0.0881,1.473576042,0.40604815,1
Oaksmith Gold (436),9,0.858778626,0,0.572519084,0,0,1.011156782,0,0.749559601,0,0.778625954,0.348796242,0,0.34351145,0,0.0528,0,0,0.982090429,1.334409865,0.0881,1.473576042,0.40604815,1
Oaksmith Gold (436),4,0.381679389,0,0.254452926,0,0,0.449403014,0,0.3331376,0,0.34605598,0.155020552,0,0.152671756,0,0.0235,0,0,0.436484635,0.593071051,0.0391,0.654922685,0.180465845,3
Oaksmith Gold (436),9,0.858778626,0,0.572519084,0,0,1.011156782,0,0.749559601,0,0.778625954,0.348796242,0,0.34351145,0,0.0528,0,0,0.982090429,1.334409865,0.0881,1.473576042,0.40604815,1
Oaksmith Gold (436),8,0.763358779,0,0.508905852,0,0,0.898806029,0,0.666275201,0,0.692111959,0.310041104,0,0.305343511,0,0.047,0,0,0.87296927,1.186142102,0.0783,1.309845371,0.360931689,1
Oaksmith Gold (436),7,0.667938931,0,0.445292621,0,0,0.786455275,0,0.5829908,0,0.605597964,0.271285966,0,0.267175572,0,0.0411,0,0,0.763848111,1.037874339,0.0685,1.1461147,0.315815228,1
Oaksmith Gold (436),6,0.572519084,0,0.381679389,0,0,0.674104521,0,0.4997064,0,0.51908397,0.232530828,0,0.229007634,0,0.0352,0,0,0.654726952,0.889606577,0.0587,0.982384028,0.270698767,1
Oaksmith Gold (436),7,0.667938931,0,0.445292621,0,0,0.786455275,0,0.5829908,0,0.605597964,0.271285966,0,0.267175572,0,0.0411,0,0,0.763848111,1.037874339,0.0685,1.1461147,0.315815228,1
Oaksmith Gold (436),9,0.858778626,0,0.572519084,0,0,1.011156782,0,0.749559601,0,0.778625954,0.348796242,0,0.34351145,0,0.0528,0,0,0.982090429,1.334409865,0.0881,1.473576042,0.40604815,1
Oaksmith Gold (436),9,0.858778626,0,0.572519084,0,0,1.011156782,0,0.749559601,0,0.778625954,0.348796242,0,0.34351145,0,0.0528,0,0,0.982090429,1.334409865,0.0881,1.473576042,0.40604815,1
Oaksmith Gold (436),8,0.763358779,0,0.508905852,0,0,0.898806029,0,0.666275201,0,0.692111959,0.310041104,0,0.305343511,0,0.047,0,0,0.87296927,1.186142102,0.0783,1.309845371,0.360931689,1
Oaksmith Gold (436),6,0.572519084,0,0.381679389,0,0,0.674104521,0,0.4997064,0,0.51908397,0.232530828,0,0.229007634,0,0.0352,0,0,0.654726952,0.889606577,0.0587,0.982384028,0.270698767,1
Oaksmith Gold (436),9,0.858778626,0,0.572519084,0,0,1.011156782,0,0.749559601,0,0.778625954,0.348796242,0,0.34351145,0,0.0528,0,0,0.982090429,1.334409865,0.0881,1.473576042,0.40604815,1
Oaksmith Gold (436),8,0.763358779,0,0.508905852,0,0,0.898806029,0,0.666275201,0,0.692111959,0.310041104,0,0.305343511,0,0.047,0,0,0.87296927,1.186142102,0.0783,1.309845371,0.360931689,1
Oaksmith Gold (436),5,0.477099237,0,0.318066158,0,0,0.561753768,0,0.416422,0,0.432569975,0.19377569,0,0.190839695,0,0.0294,0,0,0.545605794,0.741338814,0.048933255,0.818653357,0.225582306,3
Oaksmith Gold (436),8,0.763358779,0,0.508905852,0,0,0.898806029,0,0.666275201,0,0.692111959,0.310041104,0,0.305343511,0,0.047,0,0,0.87296927,1.186142102,0.0783,1.309845371,0.360931689,1
Oaksmith Gold (436),9,0.858778626,0,0.572519084,0,0,1.011156782,0,0.749559601,0,0.778625954,0.348796242,0,0.34351145,0,0.0528,0,0,0.982090429,1.334409865,0.0881,1.473576042,0.40604815,1
Oaksmith Gold (436),5,0.477099237,0,0.318066158,0,0,0.561753768,0,0.416422,0,0.432569975,0.19377569,0,0.190839695,0,0.0294,0,0,0.545605794,0.741338814,0.048933255,0.818653357,0.225582306,3
Oaksmith Gold (436),5,0.477099237,0,0.318066158,0,0,0.561753768,0,0.416422,0,0.432569975,0.19377569,0,0.190839695,0,0.0294,0,0,0.545605794,0.741338814,0.048933255,0.818653357,0.225582306,3
Oaksmith Gold (436),9,0.858778626,0,0.572519084,0,0,1.011156782,0,0.749559601,0,0.778625954,0.348796242,0,0.34351145,0,0.0528,0,0,0.982090429,1.334409865,0.0881,1.473576042,0.40604815,1
Oaksmith Gold (436),6,0.572519084,0,0.381679389,0,0,0.674104521,0,0.4997064,0,0.51908397,0.232530828,0,0.229007634,0,0.0352,0,0,0.654726952,0.889606577,0.0587,0.982384028,0.270698767,1
Oaksmith Gold (436),9,0.858778626,0,0.572519084,0,0,1.011156782,0,0.749559601,0,0.778625954,0.348796242,0,0.34351145,0,0.0528,0,0,0.982090429,1.334409865,0.0881,1.473576042,0.40604815,1
Oaksmith Gold (436),9,0.858778626,0,0.572519084,0,0,1.011156782,0,0.749559601,0,0.778625954,0.348796242,0,0.34351145,0,0.0528,0,0,0.982090429,1.334409865,0.0881,1.473576042,0.40604815,1
Oaksmith Gold (436),5,0.477099237,0,0.318066158,0,0,0.561753768,0,0.416422,0,0.432569975,0.19377569,0,0.190839695,0,0.0294,0,0,0.545605794,0.741338814,0.048933255,0.818653357,0.225582306,3
Oaksmith Gold (436),6,0.572519084,0,0.381679389,0,0,0.674104521,0,0.4997064,0,0.51908397,0.232530828,0,0.229007634,0,0.0352,0,0,0.654726952,0.889606577,0.0587,0.982384028,0.270698767,1
Oaksmith Gold (436),6,0.572519084,0,0.381679389,0,0,0.674104521,0,0.4997064,0,0.51908397,0.232530828,0,0.229007634,0,0.0352,0,0,0.654726952,0.889606577,0.0587,0.982384028,0.270698767,1
Oaksmith Gold (436),9,0.858778626,0,0.572519084,0,0,1.011156782,0,0.749559601,0,0.778625954,0.348796242,0,0.34351145,0,0.0528,0,0,0.982090429,1.334409865,0.0881,1.473576042,0.40604815,1
Oaksmith Gold (436),8,0.763358779,0,0.508905852,0,0,0.898806029,0,0.666275201,0,0.692111959,0.310041104,0,0.305343511,0,0.047,0,0,0.87296927,1.186142102,0.0783,1.309845371,0.360931689,1
Oaksmith Gold (436),7,0.667938931,0,0.445292621,0,0,0.786455275,0,0.5829908,0,0.605597964,0.271285966,0,0.267175572,0,0.0411,0,0,0.763848111,1.037874339,0.0685,1.1461147,0.315815228,1
Oaksmith Gold (436),9,0.858778626,0,0.572519084,0,0,1.011156782,0,0.749559601,0,0.778625954,0.348796242,0,0.34351145,0,0.0528,0,0,0.982090429,1.334409865,0.0881,1.473576042,0.40604815,1
Oaksmith Gold (436),5,0.477099237,0,0.318066158,0,0,0.561753768,0,0.416422,0,0.432569975,0.19377569,0,0.190839695,0,0.0294,0,0,0.545605794,0.741338814,0.048933255,0.818653357,0.225582306,3
Oaksmith Gold (436),7,0.667938931,0,0.445292621,0,0,0.786455275,0,0.5829908,0,0.605597964,0.271285966,0,0.267175572,0,0.0411,0,0,0.763848111,1.037874339,0.0685,1.1461147,0.315815228,1
Oaksmith Gold (436),7,0.667938931,0,0.445292621,0,0,0.786455275,0,0.5829908,0,0.605597964,0.271285966,0,0.267175572,0,0.0411,0,0,0.763848111,1.037874339,0.0685,1.1461147,0.315815228,1
Oaksmith Gold (436),9,0.858778626,0,0.572519084,0,0,1.011156782,0,0.749559601,0,0.778625954,0.348796242,0,0.34351145,0,0.0528,0,0,0.982090429,1.334409865,0.0881,1.473576042,0.40604815,1
Oaksmith Gold (436),5,0.477099237,0,0.318066158,0,0,0.561753768,0,0.416422,0,0.432569975,0.19377569,0,0.190839695,0,0.0294,0,0,0.545605794,0.741338814,0.048933255,0.818653357,0.225582306,3
Oaksmith Gold (436),8,0.763358779,0,0.508905852,0,0,0.898806029,0,0.666275201,0,0.692111959,0.310041104,0,0.305343511,0,0.047,0,0,0.87296927,1.186142102,0.0783,1.309845371,0.360931689,1
Oaksmith Gold (436),9,0.858778626,0,0.572519084,0,0,1.011156782,0,0.749559601,0,0.778625954,0.348796242,0,0.34351145,0,0.0528,0,0,0.982090429,1.334409865,0.0881,1.473576042,0.40604815,1
Oaksmith Gold (436),9,0.858778626,0,0.572519084,0,0,1.011156782,0,0.749559601,0,0.778625954,0.348796242,0,0.34351145,0,0.0528,0,0,0.982090429,1.334409865,0.0881,1.473576042,0.40604815,1
Oaksmith Gold (436),8,0.763358779,0,0.508905852,0,0,0.898806029,0,0.666275201,0,0.692111959,0.310041104,0,0.305343511,0,0.047,0,0,0.87296927,1.186142102,0.0783,1.309845371,0.360931689,1
Oaksmith Gold (436),8,0.763358779,0,0.508905852,0,0,0.898806029,0,0.666275201,0,0.692111959,0.310041104,0,0.305343511,0,0.047,0,0,0.87296927,1.186142102,0.0783,1.309845371,0.360931689,1
Oaksmith Gold (436),7,0.667938931,0,0.445292621,0,0,0.786455275,0,0.5829908,0,0.605597964,0.271285966,0,0.267175572,0,0.0411,0,0,0.763848111,1.037874339,0.0685,1.1461147,0.315815228,1
Oaksmith Gold (436),7,0.667938931,0,0.445292621,0,0,0.786455275,0,0.5829908,0,0.605597964,0.271285966,0,0.267175572,0,0.0411,0,0,0.763848111,1.037874339,0.0685,1.1461147,0.315815228,1
Oaksmith Gold (436),8,0.763358779,0,0.508905852,0,0,0.898806029,0,0.666275201,0,0.692111959,0.310041104,0,0.305343511,0,0.047,0,0,0.87296927,1.186142102,0.0783,1.309845371,0.360931689,1
Oaksmith Gold (436),7,0.667938931,0,0.445292621,0,0,0.786455275,0,0.5829908,0,0.605597964,0.271285966,0,0.267175572,0,0.0411,0,0,0.763848111,1.037874339,0.0685,1.1461147,0.315815228,1
Oaksmith Gold (436),5,0.477099237,0,0.318066158,0,0,0.561753768,0,0.416422,0,0.432569975,0.19377569,0,0.190839695,0,0.0294,0,0,0.545605794,0.741338814,0.048933255,0.818653357,0.225582306,3
Oaksmith Gold (436),5,0.477099237,0,0.318066158,0,0,0.561753768,0,0.416422,0,0.432569975,0.19377569,0,0.190839695,0,0.0294,0,0,0.545605794,0.741338814,0.048933255,0.818653357,0.225582306,3
Oaksmith Gold (436),7,0.667938931,0,0.445292621,0,0,0.786455275,0,0.5829908,0,0.605597964,0.271285966,0,0.267175572,0,0.0411,0,0,0.763848111,1.037874339,0.0685,1.1461147,0.315815228,1
Oaksmith Gold (436),4,0.381679389,0,0.254452926,0,0,0.449403014,0,0.3331376,0,0.34605598,0.155020552,0,0.152671756,0,0.0235,0,0,0.436484635,0.593071051,0.0391,0.654922685,0.180465845,3
Oaksmith Gold (436),8,0.763358779,0,0.508905852,0,0,0.898806029,0,0.666275201,0,0.692111959,0.310041104,0,0.305343511,0,0.047,0,0,0.87296927,1.186142102,0.0783,1.309845371,0.360931689,1
Oaksmith Gold (436),7,0.667938931,0,0.445292621,0,0,0.786455275,0,0.5829908,0,0.605597964,0.271285966,0,0.267175572,0,0.0411,0,0,0.763848111,1.037874339,0.0685,1.1461147,0.315815228,1
Oaksmith Gold (436),7,0.667938931,0,0.445292621,0,0,0.786455275,0,0.5829908,0,0.605597964,0.271285966,0,0.267175572,0,0.0411,0,0,0.763848111,1.037874339,0.0685,1.1461147,0.315815228,1
Oaksmith Gold (436),8,0.763358779,0,0.508905852,0,0,0.898806029,0,0.666275201,0,0.692111959,0.310041104,0,0.305343511,0,0.047,0,0,0.87296927,1.186142102,0.0783,1.309845371,0.360931689,1
Oaksmith Gold (436),8,0.763358779,0,0.508905852,0,0,0.898806029,0,0.666275201,0,0.692111959,0.310041104,0,0.305343511,0,0.047,0,0,0.87296927,1.186142102,0.0783,1.309845371,0.360931689,1
Oaksmith Gold (436),7,0.667938931,0,0.445292621,0,0,0.786455275,0,0.5829908,0,0.605597964,0.271285966,0,0.267175572,0,0.0411,0,0,0.763848111,1.037874339,0.0685,1.1461147,0.315815228,1
Oaksmith Gold (436),9,0.858778626,0,0.572519084,0,0,1.011156782,0,0.749559601,0,0.778625954,0.348796242,0,0.34351145,0,0.0528,0,0,0.982090429,1.334409865,0.0881,1.473576042,0.40604815,1
Oaksmith Gold (436),6,0.572519084,0,0.381679389,0,0,0.674104521,0,0.4997064,0,0.51908397,0.232530828,0,0.229007634,0,0.0352,0,0,0.654726952,0.889606577,0.0587,0.982384028,0.270698767,1
Oaksmith Gold (436),6,0.572519084,0,0.381679389,0,0,0.674104521,0,0.4997064,0,0.51908397,0.232530828,0,0.229007634,0,0.0352,0,0,0.654726952,0.889606577,0.0587,0.982384028,0.270698767,1
Oaksmith Gold (436),8,0.763358779,0,0.508905852,0,0,0.898806029,0,0.666275201,0,0.692111959,0.310041104,0,0.305343511,0,0.047,0,0,0.87296927,1.186142102,0.0783,1.309845371,0.360931689,1
Oaksmith Gold (436),9,0.858778626,0,0.572519084,0,0,1.011156782,0,0.749559601,0,0.778625954,0.348796242,0,0.34351145,0,0.0528,0,0,0.982090429,1.334409865,0.0881,1.473576042,0.40604815,1
Oaksmith Gold (436),8,0.763358779,0,0.508905852,0,0,0.898806029,0,0.666275201,0,0.692111959,0.310041104,0,0.305343511,0,0.047,0,0,0.87296927,1.186142102,0.0783,1.309845371,0.360931689,1
Oaksmith Gold (436),8,0.763358779,0,0.508905852,0,0,0.898806029,0,0.666275201,0,0.692111959,0.310041104,0,0.305343511,0,0.047,0,0,0.87296927,1.186142102,0.0783,1.309845371,0.360931689,1
Oaksmith Gold (436),6,0.572519084,0,0.381679389,0,0,0.674104521,0,0.4997064,0,0.51908397,0.232530828,0,0.229007634,0,0.0352,0,0,0.654726952,0.889606577,0.0587,0.982384028,0.270698767,1
Oaksmith Gold (436),4,0.381679389,0,0.254452926,0,0,0.449403014,0,0.3331376,0,0.34605598,0.155020552,0,0.152671756,0,0.0235,0,0,0.436484635,0.593071051,0.0391,0.654922685,0.180465845,3
Oaksmith Gold (436),6,0.572519084,0,0.381679389,0,0,0.674104521,0,0.4997064,0,0.51908397,0.232530828,0,0.229007634,0,0.0352,0,0,0.654726952,0.889606577,0.0587,0.982384028,0.270698767,1
Oaksmith Gold (436),8,0.763358779,0,0.508905852,0,0,0.898806029,0,0.666275201,0,0.692111959,0.310041104,0,0.305343511,0,0.047,0,0,0.87296927,1.186142102,0.0783,1.309845371,0.360931689,1
Oaksmith Gold (436),4,0.381679389,0,0.254452926,0,0,0.449403014,0,0.3331376,0,0.34605598,0.155020552,0,0.152671756,0,0.0235,0,0,0.436484635,0.593071051,0.0391,0.654922685,0.180465845,3
Oaksmith Gold (436),6,0.572519084,0,0.381679389,0,0,0.674104521,0,0.4997064,0,0.51908397,0.232530828,0,0.229007634,0,0.0352,0,0,0.654726952,0.889606577,0.0587,0.982384028,0.270698767,1
Oaksmith Gold (436),8,0.763358779,0,0.508905852,0,0,0.898806029,0,0.666275201,0,0.692111959,0.310041104,0,0.305343511,0,0.047,0,0,0.87296927,1.186142102,0.0783,1.309845371,0.360931689,1
Oaksmith Gold (436),8,0.763358779,0,0.508905852,0,0,0.898806029,0,0.666275201,0,0.692111959,0.310041104,0,0.305343511,0,0.047,0,0,0.87296927,1.186142102,0.0783,1.309845371,0.360931689,1
Oaksmith Gold (436),8,0.763358779,0,0.508905852,0,0,0.898806029,0,0.666275201,0,0.692111959,0.310041104,0,0.305343511,0,0.047,0,0,0.87296927,1.186142102,0.0783,1.309845371,0.360931689,1
Oaksmith Gold (436),8,0.763358779,0,0.508905852,0,0,0.898806029,0,0.666275201,0,0.692111959,0.310041104,0,0.305343511,0,0.047,0,0,0.87296927,1.186142102,0.0783,1.309845371,0.360931689,1
Oaksmith Gold (436),8,0.763358779,0,0.508905852,0,0,0.898806029,0,0.666275201,0,0.692111959,0.310041104,0,0.305343511,0,0.047,0,0,0.87296927,1.186142102,0.0783,1.309845371,0.360931689,1
Oaksmith Gold (436),9,0.858778626,0,0.572519084,0,0,1.011156782,0,0.749559601,0,0.778625954,0.348796242,0,0.34351145,0,0.0528,0,0,0.982090429,1.334409865,0.0881,1.473576042,0.40604815,1
Oaksmith Gold (436),9,0.858778626,0,0.572519084,0,0,1.011156782,0,0.749559601,0,0.778625954,0.348796242,0,0.34351145,0,0.0528,0,0,0.982090429,1.334409865,0.0881,1.473576042,0.40604815,1
Oaksmith Gold (436),9,0.858778626,0,0.572519084,0,0,1.011156782,0,0.749559601,0,0.778625954,0.348796242,0,0.34351145,0,0.0528,0,0,0.982090429,1.334409865,0.0881,1.473576042,0.40604815,1
Oaksmith Gold (436),9,0.858778626,0,0.572519084,0,0,1.011156782,0,0.749559601,0,0.778625954,0.348796242,0,0.34351145,0,0.0528,0,0,0.982090429,1.334409865,0.0881,1.473576042,0.40604815,1
Oaksmith Gold (436),7,0.667938931,0,0.445292621,0,0,0.786455275,0,0.5829908,0,0.605597964,0.271285966,0,0.267175572,0,0.0411,0,0,0.763848111,1.037874339,0.0685,1.1461147,0.315815228,1
Oaksmith Gold (436),3,0.286259542,0,0.190839695,0,0,0.337052261,0,0.2498532,0,0.259541985,0.116265414,0,0.114503817,0,0.0176,0,0,0.327363476,0.444803288,0.0294,0.491192014,0.135349383,3
Oaksmith Gold (436),8,0.763358779,0,0.508905852,0,0,0.898806029,0,0.666275201,0,0.692111959,0.310041104,0,0.305343511,0,0.047,0,0,0.87296927,1.186142102,0.0783,1.309845371,0.360931689,1
Oaksmith Gold (436),8,0.763358779,0,0.508905852,0,0,0.898806029,0,0.666275201,0,0.692111959,0.310041104,0,0.305343511,0,0.047,0,0,0.87296927,1.186142102,0.0783,1.309845371,0.360931689,1
Oaksmith Gold (436),6,0.572519084,0,0.381679389,0,0,0.674104521,0,0.4997064,0,0.51908397,0.232530828,0,0.229007634,0,0.0352,0,0,0.654726952,0.889606577,0.0587,0.982384028,0.270698767,1
Oaksmith Gold (436),7,0.667938931,0,0.445292621,0,0,0.786455275,0,0.5829908,0,0.605597964,0.271285966,0,0.267175572,0,0.0411,0,0,0.763848111,1.037874339,0.0685,1.1461147,0.315815228,1
Oaksmith Gold (436),8,0.763358779,0,0.508905852,0,0,0.898806029,0,0.666275201,0,0.692111959,0.310041104,0,0.305343511,0,0.047,0,0,0.87296927,1.186142102,0.0783,1.309845371,0.360931689,1
Oaksmith Gold (436),6,0.572519084,0,0.381679389,0,0,0.674104521,0,0.4997064,0,0.51908397,0.232530828,0,0.229007634,0,0.0352,0,0,0.654726952,0.889606577,0.0587,0.982384028,0.270698767,1
Oaksmith Gold (436),7,0.667938931,0,0.445292621,0,0,0.786455275,0,0.5829908,0,0.605597964,0.271285966,0,0.267175572,0,0.0411,0,0,0.763848111,1.037874339,0.0685,1.1461147,0.315815228,1
Oaksmith Gold (436),8,0.763358779,0,0.508905852,0,0,0.898806029,0,0.666275201,0,0.692111959,0.310041104,0,0.305343511,0,0.047,0,0,0.87296927,1.186142102,0.0783,1.309845371,0.360931689,1
Oaksmith Gold (436),5,0.477099237,0,0.318066158,0,0,0.561753768,0,0.416422,0,0.432569975,0.19377569,0,0.190839695,0,0.0294,0,0,0.545605794,0.741338814,0.048933255,0.818653357,0.225582306,3
Oaksmith Gold (436),9,0.858778626,0,0.572519084,0,0,1.011156782,0,0.749559601,0,0.778625954,0.348796242,0,0.34351145,0,0.0528,0,0,0.982090429,1.334409865,0.0881,1.473576042,0.40604815,1
Oaksmith Gold (436),8,0.763358779,0,0.508905852,0,0,0.898806029,0,0.666275201,0,0.692111959,0.310041104,0,0.305343511,0,0.047,0,0,0.87296927,1.186142102,0.0783,1.309845371,0.360931689,1
Oaksmith Gold (436),9,0.858778626,0,0.572519084,0,0,1.011156782,0,0.749559601,0,0.778625954,0.348796242,0,0.34351145,0,0.0528,0,0,0.982090429,1.334409865,0.0881,1.473576042,0.40604815,1
Oaksmith Gold (436),6,0.572519084,0,0.381679389,0,0,0.674104521,0,0.4997064,0,0.51908397,0.232530828,0,0.229007634,0,0.0352,0,0,0.654726952,0.889606577,0.0587,0.982384028,0.270698767,1
Oaksmith Gold (436),9,0.858778626,0,0.572519084,0,0,1.011156782,0,0.749559601,0,0.778625954,0.348796242,0,0.34351145,0,0.0528,0,0,0.982090429,1.334409865,0.0881,1.473576042,0.40604815,1
Oaksmith Gold (436),6,0.572519084,0,0.381679389,0,0,0.674104521,0,0.4997064,0,0.51908397,0.232530828,0,0.229007634,0,0.0352,0,0,0.654726952,0.889606577,0.0587,0.982384028,0.270698767,1
Oaksmith Gold (436),9,0.858778626,0,0.572519084,0,0,1.011156782,0,0.749559601,0,0.778625954,0.348796242,0,0.34351145,0,0.0528,0,0,0.982090429,1.334409865,0.0881,1.473576042,0.40604815,1
Oaksmith Gold (436),9,0.858778626,0,0.572519084,0,0,1.011156782,0,0.749559601,0,0.778625954,0.348796242,0,0.34351145,0,0.0528,0,0,0.982090429,1.334409865,0.0881,1.473576042,0.40604815,1
Oaksmith Gold (436),5,0.477099237,0,0.318066158,0,0,0.561753768,0,0.416422,0,0.432569975,0.19377569,0,0.190839695,0,0.0294,0,0,0.545605794,0.741338814,0.048933255,0.818653357,0.225582306,3
Oaksmith Gold (436),9,0.858778626,0,0.572519084,0,0,1.011156782,0,0.749559601,0,0.778625954,0.348796242,0,0.34351145,0,0.0528,0,0,0.982090429,1.334409865,0.0881,1.473576042,0.40604815,1
Oaksmith Gold (436),8,0.763358779,0,0.508905852,0,0,0.898806029,0,0.666275201,0,0.692111959,0.310041104,0,0.305343511,0,0.047,0,0,0.87296927,1.186142102,0.0783,1.309845371,0.360931689,1
Oaksmith Gold (436),6,0.572519084,0,0.381679389,0,0,0.674104521,0,0.4997064,0,0.51908397,0.232530828,0,0.229007634,0,0.0352,0,0,0.654726952,0.889606577,0.0587,0.982384028,0.270698767,1
Oaksmith Gold (436),6,0.572519084,0,0.381679389,0,0,0.674104521,0,0.4997064,0,0.51908397,0.232530828,0,0.229007634,0,0.0352,0,0,0.654726952,0.889606577,0.0587,0.982384028,0.270698767,1
Oaksmith Gold (436),8,0.763358779,0,0.508905852,0,0,0.898806029,0,0.666275201,0,0.692111959,0.310041104,0,0.305343511,0,0.047,0,0,0.87296927,1.186142102,0.0783,1.309845371,0.360931689,1
Oaksmith Gold (436),9,0.858778626,0,0.572519084,0,0,1.011156782,0,0.749559601,0,0.778625954,0.348796242,0,0.34351145,0,0.0528,0,0,0.982090429,1.334409865,0.0881,1.473576042,0.40604815,1
Oaksmith Gold (436),8,0.763358779,0,0.508905852,0,0,0.898806029,0,0.666275201,0,0.692111959,0.310041104,0,0.305343511,0,0.047,0,0,0.87296927,1.186142102,0.0783,1.309845371,0.360931689,1
Oaksmith Gold (436),4,0.381679389,0,0.254452926,0,0,0.449403014,0,0.3331376,0,0.34605598,0.155020552,0,0.152671756,0,0.0235,0,0,0.436484635,0.593071051,0.0391,0.654922685,0.180465845,3
Oaksmith Gold (436),8,0.763358779,0,0.508905852,0,0,0.898806029,0,0.666275201,0,0.692111959,0.310041104,0,0.305343511,0,0.047,0,0,0.87296927,1.186142102,0.0783,1.309845371,0.360931689,1
Oaksmith Gold (436),5,0.477099237,0,0.318066158,0,0,0.561753768,0,0.416422,0,0.432569975,0.19377569,0,0.190839695,0,0.0294,0,0,0.545605794,0.741338814,0.048933255,0.818653357,0.225582306,3
Oaksmith Gold (436),5,0.477099237,0,0.318066158,0,0,0.561753768,0,0.416422,0,0.432569975,0.19377569,0,0.190839695,0,0.0294,0,0,0.545605794,0.741338814,0.048933255,0.818653357,0.225582306,3
Oaksmith Gold (436),8,0.763358779,0,0.508905852,0,0,0.898806029,0,0.666275201,0,0.692111959,0.310041104,0,0.305343511,0,0.047,0,0,0.87296927,1.186142102,0.0783,1.309845371,0.360931689,1
Oaksmith Gold (436),9,0.858778626,0,0.572519084,0,0,1.011156782,0,0.749559601,0,0.778625954,0.348796242,0,0.34351145,0,0.0528,0,0,0.982090429,1.334409865,0.0881,1.473576042,0.40604815,1
Oaksmith Gold (436),8,0.763358779,0,0.508905852,0,0,0.898806029,0,0.666275201,0,0.692111959,0.310041104,0,0.305343511,0,0.047,0,0,0.87296927,1.186142102,0.0783,1.309845371,0.360931689,1
Oaksmith Gold (436),8,0.763358779,0,0.508905852,0,0,0.898806029,0,0.666275201,0,0.692111959,0.310041104,0,0.305343511,0,0.047,0,0,0.87296927,1.186142102,0.0783,1.309845371,0.360931689,1
Oaksmith Gold (436),8,0.763358779,0,0.508905852,0,0,0.898806029,0,0.666275201,0,0.692111959,0.310041104,0,0.305343511,0,0.047,0,0,0.87296927,1.186142102,0.0783,1.309845371,0.360931689,1
Oaksmith Gold (436),5,0.477099237,0,0.318066158,0,0,0.561753768,0,0.416422,0,0.432569975,0.19377569,0,0.190839695,0,0.0294,0,0,0.545605794,0.741338814,0.048933255,0.818653357,0.225582306,3
Oaksmith Gold (436),9,0.858778626,0,0.572519084,0,0,1.011156782,0,0.749559601,0,0.778625954,0.348796242,0,0.34351145,0,0.0528,0,0,0.982090429,1.334409865,0.0881,1.473576042,0.40604815,1
Oaksmith Gold (436),7,0.667938931,0,0.445292621,0,0,0.786455275,0,0.5829908,0,0.605597964,0.271285966,0,0.267175572,0,0.0411,0,0,0.763848111,1.037874339,0.0685,1.1461147,0.315815228,1
Oaksmith Gold (436),5,0.477099237,0,0.318066158,0,0,0.561753768,0,0.416422,0,0.432569975,0.19377569,0,0.190839695,0,0.0294,0,0,0.545605794,0.741338814,0.048933255,0.818653357,0.225582306,3
Oaksmith Gold (436),6,0.572519084,0,0.381679389,0,0,0.674104521,0,0.4997064,0,0.51908397,0.232530828,0,0.229007634,0,0.0352,0,0,0.654726952,0.889606577,0.0587,0.982384028,0.270698767,1
Oaksmith Gold (436),9,0.858778626,0,0.572519084,0,0,1.011156782,0,0.749559601,0,0.778625954,0.348796242,0,0.34351145,0,0.0528,0,0,0.982090429,1.334409865,0.0881,1.473576042,0.40604815,1
Oaksmith Gold (436),9,0.858778626,0,0.572519084,0,0,1.011156782,0,0.749559601,0,0.778625954,0.348796242,0,0.34351145,0,0.0528,0,0,0.982090429,1.334409865,0.0881,1.473576042,0.40604815,1
Oaksmith Gold (436),9,0.858778626,0,0.572519084,0,0,1.011156782,0,0.749559601,0,0.778625954,0.348796242,0,0.34351145,0,0.0528,0,0,0.982090429,1.334409865,0.0881,1.473576042,0.40604815,1
Oaksmith Gold (436),1,0.0954,0,0.0636,0,0,0.112350754,0,0.0833,0,0.0865,0.0388,0,0.0382,0,0.00587,0,0,0.109121159,0.148267763,0.00979,0.163730671,0.0451,3
Oaksmith Gold (436),9,0.858778626,0,0.572519084,0,0,1.011156782,0,0.749559601,0,0.778625954,0.348796242,0,0.34351145,0,0.0528,0,0,0.982090429,1.334409865,0.0881,1.473576042,0.40604815,1
Oaksmith Gold (436),9,0.858778626,0,0.572519084,0,0,1.011156782,0,0.749559601,0,0.778625954,0.348796242,0,0.34351145,0,0.0528,0,0,0.982090429,1.334409865,0.0881,1.473576042,0.40604815,1
Oaksmith Gold (436),5,0.477099237,0,0.318066158,0,0,0.561753768,0,0.416422,0,0.432569975,0.19377569,0,0.190839695,0,0.0294,0,0,0.545605794,0.741338814,0.048933255,0.818653357,0.225582306,3
Oaksmith Gold (436),9,0.858778626,0,0.572519084,0,0,1.011156782,0,0.749559601,0,0.778625954,0.348796242,0,0.34351145,0,0.0528,0,0,0.982090429,1.334409865,0.0881,1.473576042,0.40604815,1
Oaksmith Gold (436),8,0.763358779,0,0.508905852,0,0,0.898806029,0,0.666275201,0,0.692111959,0.310041104,0,0.305343511,0,0.047,0,0,0.87296927,1.186142102,0.0783,1.309845371,0.360931689,1
Oaksmith Gold (436),6,0.572519084,0,0.381679389,0,0,0.674104521,0,0.4997064,0,0.51908397,0.232530828,0,0.229007634,0,0.0352,0,0,0.654726952,0.889606577,0.0587,0.982384028,0.270698767,1
Oaksmith Gold (436),9,0.858778626,0,0.572519084,0,0,1.011156782,0,0.749559601,0,0.778625954,0.348796242,0,0.34351145,0,0.0528,0,0,0.982090429,1.334409865,0.0881,1.473576042,0.40604815,1
Oaksmith Gold (436),9,0.858778626,0,0.572519084,0,0,1.011156782,0,0.749559601,0,0.778625954,0.348796242,0,0.34351145,0,0.0528,0,0,0.982090429,1.334409865,0.0881,1.473576042,0.40604815,1
Oaksmith Gold (436),5,0.477099237,0,0.318066158,0,0,0.561753768,0,0.416422,0,0.432569975,0.19377569,0,0.190839695,0,0.0294,0,0,0.545605794,0.741338814,0.048933255,0.818653357,0.225582306,3
Oaksmith Gold (436),9,0.858778626,0,0.572519084,0,0,1.011156782,0,0.749559601,0,0.778625954,0.348796242,0,0.34351145,0,0.0528,0,0,0.982090429,1.334409865,0.0881,1.473576042,0.40604815,1
Oaksmith Gold (436),8,0.763358779,0,0.508905852,0,0,0.898806029,0,0.666275201,0,0.692111959,0.310041104,0,0.305343511,0,0.047,0,0,0.87296927,1.186142102,0.0783,1.309845371,0.360931689,1
Oaksmith Gold (436),7,0.667938931,0,0.445292621,0,0,0.786455275,0,0.5829908,0,0.605597964,0.271285966,0,0.267175572,0,0.0411,0,0,0.763848111,1.037874339,0.0685,1.1461147,0.315815228,1
Oaksmith Gold (436),9,0.858778626,0,0.572519084,0,0,1.011156782,0,0.749559601,0,0.778625954,0.348796242,0,0.34351145,0,0.0528,0,0,0.982090429,1.334409865,0.0881,1.473576042,0.40604815,1
Oaksmith Gold (436),8,0.763358779,0,0.508905852,0,0,0.898806029,0,0.666275201,0,0.692111959,0.310041104,0,0.305343511,0,0.047,0,0,0.87296927,1.186142102,0.0783,1.309845371,0.360931689,1
Oaksmith Gold (436),9,0.858778626,0,0.572519084,0,0,1.011156782,0,0.749559601,0,0.778625954,0.348796242,0,0.34351145,0,0.0528,0,0,0.982090429,1.334409865,0.0881,1.473576042,0.40604815,1
427,7,0.569330698,0.147768992,0.321731149,0.0114,0,1.126429681,1.08009743,0.0361,0,0.432928551,0.30418667,0,0.134919514,0,0,0,0.0453,0.635307823,0.826814459,0,1.10740257,0.220294408,2
427,9,0.731996611,0.189988704,0.413654335,0.0146,0,1.448266733,1.388696696,0.0464,0,0.556622423,0.391097148,0,0.173467947,0,0,0,0.0583,0.816824343,1.063047162,0,1.423803304,0.283235668,2
427,7,0.569330698,0.147768992,0.321731149,0.0114,0,1.126429681,1.08009743,0.0361,0,0.432928551,0.30418667,0,0.134919514,0,0,0,0.0453,0.635307823,0.826814459,0,1.10740257,0.220294408,2
427,8,0.650663654,0.168878848,0.367692742,0.013,0,1.287348207,1.234397063,0.0412,0,0.494775487,0.347641909,0,0.154193731,0,0,0,0.0518,0.726066083,0.944930811,0,1.265602937,0.251765038,2
427,4,0.325331827,0.0844,0.183846371,0.0065,0,0.643674103,0.617198531,0.0206,0,0.247387744,0.173820955,0,0.0771,0,0,0,0.0259,0.363033042,0.472465405,0,0.632801469,0.125882519,3
427,7,0.569330698,0.147768992,0.321731149,0.0114,0,1.126429681,1.08009743,0.0361,0,0.432928551,0.30418667,0,0.134919514,0,0,0,0.0453,0.635307823,0.826814459,0,1.10740257,0.220294408,2
427,7,0.569330698,0.147768992,0.321731149,0.0114,0,1.126429681,1.08009743,0.0361,0,0.432928551,0.30418667,0,0.134919514,0,0,0,0.0453,0.635307823,0.826814459,0,1.10740257,0.220294408,2
427,6,0.487997741,0.126659136,0.275769557,0.00974,0,0.965511155,0.925797797,0.0309,0,0.371081615,0.260731432,0,0.115645298,0,0,0,0.0389,0.544549562,0.708698108,0,0.949202203,0.188823779,2
427,9,0.731996611,0.189988704,0.413654335,0.0146,0,1.448266733,1.388696696,0.0464,0,0.556622423,0.391097148,0,0.173467947,0,0,0,0.0583,0.816824343,1.063047162,0,1.423803304,0.283235668,2
427,8,0.650663654,0.168878848,0.367692742,0.013,0,1.287348207,1.234397063,0.0412,0,0.494775487,0.347641909,0,0.154193731,0,0,0,0.0518,0.726066083,0.944930811,0,1.265602937,0.251765038,2
427,8,0.650663654,0.168878848,0.367692742,0.013,0,1.287348207,1.234397063,0.0412,0,0.494775487,0.347641909,0,0.154193731,0,0,0,0.0518,0.726066083,0.944930811,0,1.265602937,0.251765038,2
427,8,0.650663654,0.168878848,0.367692742,0.013,0,1.287348207,1.234397063,0.0412,0,0.494775487,0.347641909,0,0.154193731,0,0,0,0.0518,0.726066083,0.944930811,0,1.265602937,0.251765038,2
427,5,0.406664784,0.10554928,0.229807964,0.00812,0,0.804592629,0.771498164,0.0258,0,0.309234679,0.217276193,0,0.0964,0,0,0,0.0324,0.453791302,0.590581757,0,0.791001836,0.157353149,3
427,7,0.569330698,0.147768992,0.321731149,0.0114,0,1.126429681,1.08009743,0.0361,0,0.432928551,0.30418667,0,0.134919514,0,0,0,0.0453,0.635307823,0.826814459,0,1.10740257,0.220294408,2
427,7,0.569330698,0.147768992,0.321731149,0.0114,0,1.126429681,1.08009743,0.0361,0,0.432928551,0.30418667,0,0.134919514,0,0,0,0.0453,0.635307823,0.826814459,0,1.10740257,0.220294408,2
427,7,0.569330698,0.147768992,0.321731149,0.0114,0,1.126429681,1.08009743,0.0361,0,0.432928551,0.30418667,0,0.134919514,0,0,0,0.0453,0.635307823,0.826814459,0,1.10740257,0.220294408,2
427,8,0.650663654,0.168878848,0.367692742,0.013,0,1.287348207,1.234397063,0.0412,0,0.494775487,0.347641909,0,0.154193731,0,0,0,0.0518,0.726066083,0.944930811,0,1.265602937,0.251765038,2
427,8,0.650663654,0.168878848,0.367692742,0.013,0,1.287348207,1.234397063,0.0412,0,0.494775487,0.347641909,0,0.154193731,0,0,0,0.0518,0.726066083,0.944930811,0,1.265602937,0.251765038,2
427,7,0.569330698,0.147768992,0.321731149,0.0114,0,1.126429681,1.08009743,0.0361,0,0.432928551,0.30418667,0,0.134919514,0,0,0,0.0453,0.635307823,0.826814459,0,1.10740257,0.220294408,2
427,6,0.487997741,0.126659136,0.275769557,0.00974,0,0.965511155,0.925797797,0.0309,0,0.371081615,0.260731432,0,0.115645298,0,0,0,0.0389,0.544549562,0.708698108,0,0.949202203,0.188823779,2
427,2,0.162665914,0.0422,0.0919,0.00325,0,0.321837052,0.308599266,0.0103,0,0.123693872,0.0869,0,0.0385,0,0,0,0.013,0.181516521,0.236232703,0,0.316400734,0.0629,3
427,8,0.650663654,0.168878848,0.367692742,0.013,0,1.287348207,1.234397063,0.0412,0,0.494775487,0.347641909,0,0.154193731,0,0,0,0.0518,0.726066083,0.944930811,0,1.265602937,0.251765038,2
427,7,0.569330698,0.147768992,0.321731149,0.0114,0,1.126429681,1.08009743,0.0361,0,0.432928551,0.30418667,0,0.134919514,0,0,0,0.0453,0.635307823,0.826814459,0,1.10740257,0.220294408,2
427,7,0.569330698,0.147768992,0.321731149,0.0114,0,1.126429681,1.08009743,0.0361,0,0.432928551,0.30418667,0,0.134919514,0,0,0,0.0453,0.635307823,0.826814459,0,1.10740257,0.220294408,2
427,8,0.650663654,0.168878848,0.367692742,0.013,0,1.287348207,1.234397063,0.0412,0,0.494775487,0.347641909,0,0.154193731,0,0,0,0.0518,0.726066083,0.944930811,0,1.265602937,0.251765038,2
427,7,0.569330698,0.147768992,0.321731149,0.0114,0,1.126429681,1.08009743,0.0361,0,0.432928551,0.30418667,0,0.134919514,0,0,0,0.0453,0.635307823,0.826814459,0,1.10740257,0.220294408,2
427,8,0.650663654,0.168878848,0.367692742,0.013,0,1.287348207,1.234397063,0.0412,0,0.494775487,0.347641909,0,0.154193731,0,0,0,0.0518,0.726066083,0.944930811,0,1.265602937,0.251765038,2
427,9,0.731996611,0.189988704,0.413654335,0.0146,0,1.448266733,1.388696696,0.0464,0,0.556622423,0.391097148,0,0.173467947,0,0,0,0.0583,0.816824343,1.063047162,0,1.423803304,0.283235668,2
427,7,0.569330698,0.147768992,0.321731149,0.0114,0,1.126429681,1.08009743,0.0361,0,0.432928551,0.30418667,0,0.134919514,0,0,0,0.0453,0.635307823,0.826814459,0,1.10740257,0.220294408,2
427,4,0.325331827,0.0844,0.183846371,0.0065,0,0.643674103,0.617198531,0.0206,0,0.247387744,0.173820955,0,0.0771,0,0,0,0.0259,0.363033042,0.472465405,0,0.632801469,0.125882519,3
427,8,0.650663654,0.168878848,0.367692742,0.013,0,1.287348207,1.234397063,0.0412,0,0.494775487,0.347641909,0,0.154193731,0,0,0,0.0518,0.726066083,0.944930811,0,1.265602937,0.251765038,2
427,6,0.487997741,0.126659136,0.275769557,0.00974,0,0.965511155,0.925797797,0.0309,0,0.371081615,0.260731432,0,0.115645298,0,0,0,0.0389,0.544549562,0.708698108,0,0.949202203,0.188823779,2
427,8,0.650663654,0.168878848,0.367692742,0.013,0,1.287348207,1.234397063,0.0412,0,0.494775487,0.347641909,0,0.154193731,0,0,0,0.0518,0.726066083,0.944930811,0,1.265602937,0.251765038,2
427,7,0.569330698,0.147768992,0.321731149,0.0114,0,1.126429681,1.08009743,0.0361,0,0.432928551,0.30418667,0,0.134919514,0,0,0,0.0453,0.635307823,0.826814459,0,1.10740257,0.220294408,2
427,5,0.406664784,0.10554928,0.229807964,0.00812,0,0.804592629,0.771498164,0.0258,0,0.309234679,0.217276193,0,0.0964,0,0,0,0.0324,0.453791302,0.590581757,0,0.791001836,0.157353149,3
427,7,0.569330698,0.147768992,0.321731149,0.0114,0,1.126429681,1.08009743,0.0361,0,0.432928551,0.30418667,0,0.134919514,0,0,0,0.0453,0.635307823,0.826814459,0,1.10740257,0.220294408,2
427,8,0.650663654,0.168878848,0.367692742,0.013,0,1.287348207,1.234397063,0.0412,0,0.494775487,0.347641909,0,0.154193731,0,0,0,0.0518,0.726066083,0.944930811,0,1.265602937,0.251765038,2
427,7,0.569330698,0.147768992,0.321731149,0.0114,0,1.126429681,1.08009743,0.0361,0,0.432928551,0.30418667,0,0.134919514,0,0,0,0.0453,0.635307823,0.826814459,0,1.10740257,0.220294408,2
427,9,0.731996611,0.189988704,0.413654335,0.0146,0,1.448266733,1.388696696,0.0464,0,0.556622423,0.391097148,0,0.173467947,0,0,0,0.0583,0.816824343,1.063047162,0,1.423803304,0.283235668,2
427,7,0.569330698,0.147768992,0.321731149,0.0114,0,1.126429681,1.08009743,0.0361,0,0.432928551,0.30418667,0,0.134919514,0,0,0,0.0453,0.635307823,0.826814459,0,1.10740257,0.220294408,2
427,5,0.406664784,0.10554928,0.229807964,0.00812,0,0.804592629,0.771498164,0.0258,0,0.309234679,0.217276193,0,0.0964,0,0,0,0.0324,0.453791302,0.590581757,0,0.791001836,0.157353149,3
427,8,0.650663654,0.168878848,0.367692742,0.013,0,1.287348207,1.234397063,0.0412,0,0.494775487,0.347641909,0,0.154193731,0,0,0,0.0518,0.726066083,0.944930811,0,1.265602937,0.251765038,2
427,6,0.487997741,0.126659136,0.275769557,0.00974,0,0.965511155,0.925797797,0.0309,0,0.371081615,0.260731432,0,0.115645298,0,0,0,0.0389,0.544549562,0.708698108,0,0.949202203,0.188823779,2
427,5,0.406664784,0.10554928,0.229807964,0.00812,0,0.804592629,0.771498164,0.0258,0,0.309234679,0.217276193,0,0.0964,0,0,0,0.0324,0.453791302,0.590581757,0,0.791001836,0.157353149,3
427,8,0.650663654,0.168878848,0.367692742,0.013,0,1.287348207,1.234397063,0.0412,0,0.494775487,0.347641909,0,0.154193731,0,0,0,0.0518,0.726066083,0.944930811,0,1.265602937,0.251765038,2
427,6,0.487997741,0.126659136,0.275769557,0.00974,0,0.965511155,0.925797797,0.0309,0,0.371081615,0.260731432,0,0.115645298,0,0,0,0.0389,0.544549562,0.708698108,0,0.949202203,0.188823779,2
427,8,0.650663654,0.168878848,0.367692742,0.013,0,1.287348207,1.234397063,0.0412,0,0.494775487,0.347641909,0,0.154193731,0,0,0,0.0518,0.726066083,0.944930811,0,1.265602937,0.251765038,2
427,9,0.731996611,0.189988704,0.413654335,0.0146,0,1.448266733,1.388696696,0.0464,0,0.556622423,0.391097148,0,0.173467947,0,0,0,0.0583,0.816824343,1.063047162,0,1.423803304,0.283235668,2
427,9,0.731996611,0.189988704,0.413654335,0.0146,0,1.448266733,1.388696696,0.0464,0,0.556622423,0.391097148,0,0.173467947,0,0,0,0.0583,0.816824343,1.063047162,0,1.423803304,0.283235668,2
427,7,0.569330698,0.147768992,0.321731149,0.0114,0,1.126429681,1.08009743,0.0361,0,0.432928551,0.30418667,0,0.134919514,0,0,0,0.0453,0.635307823,0.826814459,0,1.10740257,0.220294408,2
427,9,0.731996611,0.189988704,0.413654335,0.0146,0,1.448266733,1.388696696,0.0464,0,0.556622423,0.391097148,0,0.173467947,0,0,0,0.0583,0.816824343,1.063047162,0,1.423803304,0.283235668,2
427,9,0.731996611,0.189988704,0.413654335,0.0146,0,1.448266733,1.388696696,0.0464,0,0.556622423,0.391097148,0,0.173467947,0,0,0,0.0583,0.816824343,1.063047162,0,1.423803304,0.283235668,2
427,9,0.731996611,0.189988704,0.413654335,0.0146,0,1.448266733,1.388696696,0.0464,0,0.556622423,0.391097148,0,0.173467947,0,0,0,0.0583,0.816824343,1.063047162,0,1.423803304,0.283235668,2
427,9,0.731996611,0.189988704,0.413654335,0.0146,0,1.448266733,1.388696696,0.0464,0,0.556622423,0.391097148,0,0.173467947,0,0,0,0.0583,0.816824343,1.063047162,0,1.423803304,0.283235668,2
427,6,0.487997741,0.126659136,0.275769557,0.00974,0,0.965511155,0.925797797,0.0309,0,0.371081615,0.260731432,0,0.115645298,0,0,0,0.0389,0.544549562,0.708698108,0,0.949202203,0.188823779,2
427,9,0.731996611,0.189988704,0.413654335,0.0146,0,1.448266733,1.388696696,0.0464,0,0.556622423,0.391097148,0,0.173467947,0,0,0,0.0583,0.816824343,1.063047162,0,1.423803304,0.283235668,2
427,8,0.650663654,0.168878848,0.367692742,0.013,0,1.287348207,1.234397063,0.0412,0,0.494775487,0.347641909,0,0.154193731,0,0,0,0.0518,0.726066083,0.944930811,0,1.265602937,0.251765038,2
427,8,0.650663654,0.168878848,0.367692742,0.013,0,1.287348207,1.234397063,0.0412,0,0.494775487,0.347641909,0,0.154193731,0,0,0,0.0518,0.726066083,0.944930811,0,1.265602937,0.251765038,2
427,9,0.731996611,0.189988704,0.413654335,0.0146,0,1.448266733,1.388696696,0.0464,0,0.556622423,0.391097148,0,0.173467947,0,0,0,0.0583,0.816824343,1.063047162,0,1.423803304,0.283235668,2
427,7,0.569330698,0.147768992,0.321731149,0.0114,0,1.126429681,1.08009743,0.0361,0,0.432928551,0.30418667,0,0.134919514,0,0,0,0.0453,0.635307823,0.826814459,0,1.10740257,0.220294408,2
427,9,0.731996611,0.189988704,0.413654335,0.0146,0,1.448266733,1.388696696,0.0464,0,0.556622423,0.391097148,0,0.173467947,0,0,0,0.0583,0.816824343,1.063047162,0,1.423803304,0.283235668,2
427,7,0.569330698,0.147768992,0.321731149,0.0114,0,1.126429681,1.08009743,0.0361,0,0.432928551,0.30418667,0,0.134919514,0,0,0,0.0453,0.635307823,0.826814459,0,1.10740257,0.220294408,2
427,9,0.731996611,0.189988704,0.413654335,0.0146,0,1.448266733,1.388696696,0.0464,0,0.556622423,0.391097148,0,0.173467947,0,0,0,0.0583,0.816824343,1.063047162,0,1.423803304,0.283235668,2
427,6,0.487997741,0.126659136,0.275769557,0.00974,0,0.965511155,0.925797797,0.0309,0,0.371081615,0.260731432,0,0.115645298,0,0,0,0.0389,0.544549562,0.708698108,0,0.949202203,0.188823779,2
427,9,0.731996611,0.189988704,0.413654335,0.0146,0,1.448266733,1.388696696,0.0464,0,0.556622423,0.391097148,0,0.173467947,0,0,0,0.0583,0.816824343,1.063047162,0,1.423803304,0.283235668,2
427,8,0.650663654,0.168878848,0.367692742,0.013,0,1.287348207,1.234397063,0.0412,0,0.494775487,0.347641909,0,0.154193731,0,0,0,0.0518,0.726066083,0.944930811,0,1.265602937,0.251765038,2
427,9,0.731996611,0.189988704,0.413654335,0.0146,0,1.448266733,1.388696696,0.0464,0,0.556622423,0.391097148,0,0.173467947,0,0,0,0.0583,0.816824343,1.063047162,0,1.423803304,0.283235668,2
427,7,0.569330698,0.147768992,0.321731149,0.0114,0,1.126429681,1.08009743,0.0361,0,0.432928551,0.30418667,0,0.134919514,0,0,0,0.0453,0.635307823,0.826814459,0,1.10740257,0.220294408,2
427,7,0.569330698,0.147768992,0.321731149,0.0114,0,1.126429681,1.08009743,0.0361,0,0.432928551,0.30418667,0,0.134919514,0,0,0,0.0453,0.635307823,0.826814459,0,1.10740257,0.220294408,2
427,9,0.731996611,0.189988704,0.413654335,0.0146,0,1.448266733,1.388696696,0.0464,0,0.556622423,0.391097148,0,0.173467947,0,0,0,0.0583,0.816824343,1.063047162,0,1.423803304,0.283235668,2
427,8,0.650663654,0.168878848,0.367692742,0.013,0,1.287348207,1.234397063,0.0412,0,0.494775487,0.347641909,0,0.154193731,0,0,0,0.0518,0.726066083,0.944930811,0,1.265602937,0.251765038,2
427,8,0.650663654,0.168878848,0.367692742,0.013,0,1.287348207,1.234397063,0.0412,0,0.494775487,0.347641909,0,0.154193731,0,0,0,0.0518,0.726066083,0.944930811,0,1.265602937,0.251765038,2
427,8,0.650663654,0.168878848,0.367692742,0.013,0,1.287348207,1.234397063,0.0412,0,0.494775487,0.347641909,0,0.154193731,0,0,0,0.0518,0.726066083,0.944930811,0,1.265602937,0.251765038,2
427,9,0.731996611,0.189988704,0.413654335,0.0146,0,1.448266733,1.388696696,0.0464,0,0.556622423,0.391097148,0,0.173467947,0,0,0,0.0583,0.816824343,1.063047162,0,1.423803304,0.283235668,2
427,8,0.650663654,0.168878848,0.367692742,0.013,0,1.287348207,1.234397063,0.0412,0,0.494775487,0.347641909,0,0.154193731,0,0,0,0.0518,0.726066083,0.944930811,0,1.265602937,0.251765038,2
427,5,0.406664784,0.10554928,0.229807964,0.00812,0,0.804592629,0.771498164,0.0258,0,0.309234679,0.217276193,0,0.0964,0,0,0,0.0324,0.453791302,0.590581757,0,0.791001836,0.157353149,3
427,9,0.731996611,0.189988704,0.413654335,0.0146,0,1.448266733,1.388696696,0.0464,0,0.556622423,0.391097148,0,0.173467947,0,0,0,0.0583,0.816824343,1.063047162,0,1.423803304,0.283235668,2
427,9,0.731996611,0.189988704,0.413654335,0.0146,0,1.448266733,1.388696696,0.0464,0,0.556622423,0.391097148,0,0.173467947,0,0,0,0.0583,0.816824343,1.063047162,0,1.423803304,0.283235668,2
427,5,0.406664784,0.10554928,0.229807964,0.00812,0,0.804592629,0.771498164,0.0258,0,0.309234679,0.217276193,0,0.0964,0,0,0,0.0324,0.453791302,0.590581757,0,0.791001836,0.157353149,3
427,8,0.650663654,0.168878848,0.367692742,0.013,0,1.287348207,1.234397063,0.0412,0,0.494775487,0.347641909,0,0.154193731,0,0,0,0.0518,0.726066083,0.944930811,0,1.265602937,0.251765038,2
427,5,0.406664784,0.10554928,0.229807964,0.00812,0,0.804592629,0.771498164,0.0258,0,0.309234679,0.217276193,0,0.0964,0,0,0,0.0324,0.453791302,0.590581757,0,0.791001836,0.157353149,3
427,9,0.731996611,0.189988704,0.413654335,0.0146,0,1.448266733,1.388696696,0.0464,0,0.556622423,0.391097148,0,0.173467947,0,0,0,0.0583,0.816824343,1.063047162,0,1.423803304,0.283235668,2
427,1,0.0813,0.0211,0.046,0.00162,0,0.160918526,0.154299633,0.00515,0,0.0618,0.0435,0,0.0193,0,0,0,0.00648,0.0908,0.118116351,0,0.158200367,0.0315,3
427,6,0.487997741,0.126659136,0.275769557,0.00974,0,0.965511155,0.925797797,0.0309,0,0.371081615,0.260731432,0,0.115645298,0,0,0,0.0389,0.544549562,0.708698108,0,0.949202203,0.188823779,2
427,4,0.325331827,0.0844,0.183846371,0.0065,0,0.643674103,0.617198531,0.0206,0,0.247387744,0.173820955,0,0.0771,0,0,0,0.0259,0.363033042,0.472465405,0,0.632801469,0.125882519,3
427,4,0.325331827,0.0844,0.183846371,0.0065,0,0.643674103,0.617198531,0.0206,0,0.247387744,0.173820955,0,0.0771,0,0,0,0.0259,0.363033042,0.472465405,0,0.632801469,0.125882519,3
427,9,0.731996611,0.189988704,0.413654335,0.0146,0,1.448266733,1.388696696,0.0464,0,0.556622423,0.391097148,0,0.173467947,0,0,0,0.0583,0.816824343,1.063047162,0,1.423803304,0.283235668,2
427,5,0.406664784,0.10554928,0.229807964,0.00812,0,0.804592629,0.771498164,0.0258,0,0.309234679,0.217276193,0,0.0964,0,0,0,0.0324,0.453791302,0.590581757,0,0.791001836,0.157353149,3
427,5,0.406664784,0.10554928,0.229807964,0.00812,0,0.804592629,0.771498164,0.0258,0,0.309234679,0.217276193,0,0.0964,0,0,0,0.0324,0.453791302,0.590581757,0,0.791001836,0.157353149,3
427,5,0.406664784,0.10554928,0.229807964,0.00812,0,0.804592629,0.771498164,0.0258,0,0.309234679,0.217276193,0,0.0964,0,0,0,0.0324,0.453791302,0.590581757,0,0.791001836,0.157353149,3
427,9,0.731996611,0.189988704,0.413654335,0.0146,0,1.448266733,1.388696696,0.0464,0,0.556622423,0.391097148,0,0.173467947,0,0,0,0.0583,0.816824343,1.063047162,0,1.423803304,0.283235668,2
427,5,0.406664784,0.10554928,0.229807964,0.00812,0,0.804592629,0.771498164,0.0258,0,0.309234679,0.217276193,0,0.0964,0,0,0,0.0324,0.453791302,0.590581757,0,0.791001836,0.157353149,3
427,9,0.731996611,0.189988704,0.413654335,0.0146,0,1.448266733,1.388696696,0.0464,0,0.556622423,0.391097148,0,0.173467947,0,0,0,0.0583,0.816824343,1.063047162,0,1.423803304,0.283235668,2
427,2,0.162665914,0.0422,0.0919,0.00325,0,0.321837052,0.308599266,0.0103,0,0.123693872,0.0869,0,0.0385,0,0,0,0.013,0.181516521,0.236232703,0,0.316400734,0.0629,3
427,9,0.731996611,0.189988704,0.413654335,0.0146,0,1.448266733,1.388696696,0.0464,0,0.556622423,0.391097148,0,0.173467947,0,0,0,0.0583,0.816824343,1.063047162,0,1.423803304,0.283235668,2
427,7,0.569330698,0.147768992,0.321731149,0.0114,0,1.126429681,1.08009743,0.0361,0,0.432928551,0.30418667,0,0.134919514,0,0,0,0.0453,0.635307823,0.826814459,0,1.10740257,0.220294408,2
427,9,0.731996611,0.189988704,0.413654335,0.0146,0,1.448266733,1.388696696,0.0464,0,0.556622423,0.391097148,0,0.173467947,0,0,0,0.0583,0.816824343,1.063047162,0,1.423803304,0.283235668,2
427,2,0.162665914,0.0422,0.0919,0.00325,0,0.321837052,0.308599266,0.0103,0,0.123693872,0.0869,0,0.0385,0,0,0,0.013,0.181516521,0.236232703,0,0.316400734,0.0629,3
427,5,0.406664784,0.10554928,0.229807964,0.00812,0,0.804592629,0.771498164,0.0258,0,0.309234679,0.217276193,0,0.0964,0,0,0,0.0324,0.453791302,0.590581757,0,0.791001836,0.157353149,3
427,3,0.24399887,0.0633,0.137884778,0.00487,0,0.482755578,0.462898899,0.0155,0,0.185540808,0.130365716,0,0.0578,0,0,0,0.0194,0.272274781,0.354349054,0,0.474601101,0.0944,3
427,1,0.0813,0.0211,0.046,0.00162,0,0.160918526,0.154299633,0.00515,0,0.0618,0.0435,0,0.0193,0,0,0,0.00648,0.0908,0.118116351,0,0.158200367,0.0315,3
427,7,0.569330698,0.147768992,0.321731149,0.0114,0,1.126429681,1.08009743,0.0361,0,0.432928551,0.30418667,0,0.134919514,0,0,0,0.0453,0.635307823,0.826814459,0,1.10740257,0.220294408,2
427,8,0.650663654,0.168878848,0.367692742,0.013,0,1.287348207,1.234397063,0.0412,0,0.494775487,0.347641909,0,0.154193731,0,0,0,0.0518,0.726066083,0.944930811,0,1.265602937,0.251765038,2
427,9,0.731996611,0.189988704,0.413654335,0.0146,0,1.448266733,1.388696696,0.0464,0,0.556622423,0.391097148,0,0.173467947,0,0,0,0.0583,0.816824343,1.063047162,0,1.423803304,0.283235668,2
427,9,0.731996611,0.189988704,0.413654335,0.0146,0,1.448266733,1.388696696,0.0464,0,0.556622423,0.391097148,0,0.173467947,0,0,0,0.0583,0.816824343,1.063047162,0,1.423803304,0.283235668,2
427,7,0.569330698,0.147768992,0.321731149,0.0114,0,1.126429681,1.08009743,0.0361,0,0.432928551,0.30418667,0,0.134919514,0,0,0,0.0453,0.635307823,0.826814459,0,1.10740257,0.220294408,2
427,8,0.650663654,0.168878848,0.367692742,0.013,0,1.287348207,1.234397063,0.0412,0,0.494775487,0.347641909,0,0.154193731,0,0,0,0.0518,0.726066083,0.944930811,0,1.265602937,0.251765038,2
427,6,0.487997741,0.126659136,0.275769557,0.00974,0,0.965511155,0.925797797,0.0309,0,0.371081615,0.260731432,0,0.115645298,0,0,0,0.0389,0.544549562,0.708698108,0,0.949202203,0.188823779,2
427,8,0.650663654,0.168878848,0.367692742,0.013,0,1.287348207,1.234397063,0.0412,0,0.494775487,0.347641909,0,0.154193731,0,0,0,0.0518,0.726066083,0.944930811,0,1.265602937,0.251765038,2
427,9,0.731996611,0.189988704,0.413654335,0.0146,0,1.448266733,1.388696696,0.0464,0,0.556622423,0.391097148,0,0.173467947,0,0,0,0.0583,0.816824343,1.063047162,0,1.423803304,0.283235668,2
427,7,0.569330698,0.147768992,0.321731149,0.0114,0,1.126429681,1.08009743,0.0361,0,0.432928551,0.30418667,0,0.134919514,0,0,0,0.0453,0.635307823,0.826814459,0,1.10740257,0.220294408,2
427,7,0.569330698,0.147768992,0.321731149,0.0114,0,1.126429681,1.08009743,0.0361,0,0.432928551,0.30418667,0,0.134919514,0,0,0,0.0453,0.635307823,0.826814459,0,1.10740257,0.220294408,2
427,8,0.650663654,0.168878848,0.367692742,0.013,0,1.287348207,1.234397063,0.0412,0,0.494775487,0.347641909,0,0.154193731,0,0,0,0.0518,0.726066083,0.944930811,0,1.265602937,0.251765038,2
427,9,0.731996611,0.189988704,0.413654335,0.0146,0,1.448266733,1.388696696,0.0464,0,0.556622423,0.391097148,0,0.173467947,0,0,0,0.0583,0.816824343,1.063047162,0,1.423803304,0.283235668,2
427,9,0.731996611,0.189988704,0.413654335,0.0146,0,1.448266733,1.388696696,0.0464,0,0.556622423,0.391097148,0,0.173467947,0,0,0,0.0583,0.816824343,1.063047162,0,1.423803304,0.283235668,2
427,7,0.569330698,0.147768992,0.321731149,0.0114,0,1.126429681,1.08009743,0.0361,0,0.432928551,0.30418667,0,0.134919514,0,0,0,0.0453,0.635307823,0.826814459,0,1.10740257,0.220294408,2
427,6,0.487997741,0.126659136,0.275769557,0.00974,0,0.965511155,0.925797797,0.0309,0,0.371081615,0.260731432,0,0.115645298,0,0,0,0.0389,0.544549562,0.708698108,0,0.949202203,0.188823779,2
427,8,0.650663654,0.168878848,0.367692742,0.013,0,1.287348207,1.234397063,0.0412,0,0.494775487,0.347641909,0,0.154193731,0,0,0,0.0518,0.726066083,0.944930811,0,1.265602937,0.251765038,2
427,8,0.650663654,0.168878848,0.367692742,0.013,0,1.287348207,1.234397063,0.0412,0,0.494775487,0.347641909,0,0.154193731,0,0,0,0.0518,0.726066083,0.944930811,0,1.265602937,0.251765038,2
427,8,0.650663654,0.168878848,0.367692742,0.013,0,1.287348207,1.234397063,0.0412,0,0.494775487,0.347641909,0,0.154193731,0,0,0,0.0518,0.726066083,0.944930811,0,1.265602937,0.251765038,2
427,7,0.569330698,0.147768992,0.321731149,0.0114,0,1.126429681,1.08009743,0.0361,0,0.432928551,0.30418667,0,0.134919514,0,0,0,0.0453,0.635307823,0.826814459,0,1.10740257,0.220294408,2
427,8,0.650663654,0.168878848,0.367692742,0.013,0,1.287348207,1.234397063,0.0412,0,0.494775487,0.347641909,0,0.154193731,0,0,0,0.0518,0.726066083,0.944930811,0,1.265602937,0.251765038,2
427,7,0.569330698,0.147768992,0.321731149,0.0114,0,1.126429681,1.08009743,0.0361,0,0.432928551,0.30418667,0,0.134919514,0,0,0,0.0453,0.635307823,0.826814459,0,1.10740257,0.220294408,2
427,5,0.406664784,0.10554928,0.229807964,0.00812,0,0.804592629,0.771498164,0.0258,0,0.309234679,0.217276193,0,0.0964,0,0,0,0.0324,0.453791302,0.590581757,0,0.791001836,0.157353149,3
427,9,0.731996611,0.189988704,0.413654335,0.0146,0,1.448266733,1.388696696,0.0464,0,0.556622423,0.391097148,0,0.173467947,0,0,0,0.0583,0.816824343,1.063047162,0,1.423803304,0.283235668,2
427,7,0.569330698,0.147768992,0.321731149,0.0114,0,1.126429681,1.08009743,0.0361,0,0.432928551,0.30418667,0,0.134919514,0,0,0,0.0453,0.635307823,0.826814459,0,1.10740257,0.220294408,2
427,7,0.569330698,0.147768992,0.321731149,0.0114,0,1.126429681,1.08009743,0.0361,0,0.432928551,0.30418667,0,0.134919514,0,0,0,0.0453,0.635307823,0.826814459,0,1.10740257,0.220294408,2
427,5,0.406664784,0.10554928,0.229807964,0.00812,0,0.804592629,0.771498164,0.0258,0,0.309234679,0.217276193,0,0.0964,0,0,0,0.0324,0.453791302,0.590581757,0,0.791001836,0.157353149,3
427,5,0.406664784,0.10554928,0.229807964,0.00812,0,0.804592629,0.771498164,0.0258,0,0.309234679,0.217276193,0,0.0964,0,0,0,0.0324,0.453791302,0.590581757,0,0.791001836,0.157353149,3
427,6,0.487997741,0.126659136,0.275769557,0.00974,0,0.965511155,0.925797797,0.0309,0,0.371081615,0.260731432,0,0.115645298,0,0,0,0.0389,0.544549562,0.708698108,0,0.949202203,0.188823779,2
427,7,0.569330698,0.147768992,0.321731149,0.0114,0,1.126429681,1.08009743,0.0361,0,0.432928551,0.30418667,0,0.134919514,0,0,0,0.0453,0.635307823,0.826814459,0,1.10740257,0.220294408,2
427,7,0.569330698,0.147768992,0.321731149,0.0114,0,1.126429681,1.08009743,0.0361,0,0.432928551,0.30418667,0,0.134919514,0,0,0,0.0453,0.635307823,0.826814459,0,1.10740257,0.220294408,2
427,9,0.731996611,0.189988704,0.413654335,0.0146,0,1.448266733,1.388696696,0.0464,0,0.556622423,0.391097148,0,0.173467947,0,0,0,0.0583,0.816824343,1.063047162,0,1.423803304,0.283235668,2
427,5,0.406664784,0.10554928,0.229807964,0.00812,0,0.804592629,0.771498164,0.0258,0,0.309234679,0.217276193,0,0.0964,0,0,0,0.0324,0.453791302,0.590581757,0,0.791001836,0.157353149,3
427,8,0.650663654,0.168878848,0.367692742,0.013,0,1.287348207,1.234397063,0.0412,0,0.494775487,0.347641909,0,0.154193731,0,0,0,0.0518,0.726066083,0.944930811,0,1.265602937,0.251765038,2
427,8,0.650663654,0.168878848,0.367692742,0.013,0,1.287348207,1.234397063,0.0412,0,0.494775487,0.347641909,0,0.154193731,0,0,0,0.0518,0.726066083,0.944930811,0,1.265602937,0.251765038,2
427,9,0.731996611,0.189988704,0.413654335,0.0146,0,1.448266733,1.388696696,0.0464,0,0.556622423,0.391097148,0,0.173467947,0,0,0,0.0583,0.816824343,1.063047162,0,1.423803304,0.283235668,2
427,9,0.731996611,0.189988704,0.413654335,0.0146,0,1.448266733,1.388696696,0.0464,0,0.556622423,0.391097148,0,0.173467947,0,0,0,0.0583,0.816824343,1.063047162,0,1.423803304,0.283235668,2
427,6,0.487997741,0.126659136,0.275769557,0.00974,0,0.965511155,0.925797797,0.0309,0,0.371081615,0.260731432,0,0.115645298,0,0,0,0.0389,0.544549562,0.708698108,0,0.949202203,0.188823779,2
427,6,0.487997741,0.126659136,0.275769557,0.00974,0,0.965511155,0.925797797,0.0309,0,0.371081615,0.260731432,0,0.115645298,0,0,0,0.0389,0.544549562,0.708698108,0,0.949202203,0.188823779,2
427,8,0.650663654,0.168878848,0.367692742,0.013,0,1.287348207,1.234397063,0.0412,0,0.494775487,0.347641909,0,0.154193731,0,0,0,0.0518,0.726066083,0.944930811,0,1.265602937,0.251765038,2
427,8,0.650663654,0.168878848,0.367692742,0.013,0,1.287348207,1.234397063,0.0412,0,0.494775487,0.347641909,0,0.154193731,0,0,0,0.0518,0.726066083,0.944930811,0,1.265602937,0.251765038,2
427,7,0.569330698,0.147768992,0.321731149,0.0114,0,1.126429681,1.08009743,0.0361,0,0.432928551,0.30418667,0,0.134919514,0,0,0,0.0453,0.635307823,0.826814459,0,1.10740257,0.220294408,2
427,7,0.569330698,0.147768992,0.321731149,0.0114,0,1.126429681,1.08009743,0.0361,0,0.432928551,0.30418667,0,0.134919514,0,0,0,0.0453,0.635307823,0.826814459,0,1.10740257,0.220294408,2
427,8,0.650663654,0.168878848,0.367692742,0.013,0,1.287348207,1.234397063,0.0412,0,0.494775487,0.347641909,0,0.154193731,0,0,0,0.0518,0.726066083,0.944930811,0,1.265602937,0.251765038,2
427,8,0.650663654,0.168878848,0.367692742,0.013,0,1.287348207,1.234397063,0.0412,0,0.494775487,0.347641909,0,0.154193731,0,0,0,0.0518,0.726066083,0.944930811,0,1.265602937,0.251765038,2
427,9,0.731996611,0.189988704,0.413654335,0.0146,0,1.448266733,1.388696696,0.0464,0,0.556622423,0.391097148,0,0.173467947,0,0,0,0.0583,0.816824343,1.063047162,0,1.423803304,0.283235668,2
427,7,0.569330698,0.147768992,0.321731149,0.0114,0,1.126429681,1.08009743,0.0361,0,0.432928551,0.30418667,0,0.134919514,0,0,0,0.0453,0.635307823,0.826814459,0,1.10740257,0.220294408,2
427,7,0.569330698,0.147768992,0.321731149,0.0114,0,1.126429681,1.08009743,0.0361,0,0.432928551,0.30418667,0,0.134919514,0,0,0,0.0453,0.635307823,0.826814459,0,1.10740257,0.220294408,2
427,8,0.650663654,0.168878848,0.367692742,0.013,0,1.287348207,1.234397063,0.0412,0,0.494775487,0.347641909,0,0.154193731,0,0,0,0.0518,0.726066083,0.944930811,0,1.265602937,0.251765038,2
427,7,0.569330698,0.147768992,0.321731149,0.0114,0,1.126429681,1.08009743,0.0361,0,0.432928551,0.30418667,0,0.134919514,0,0,0,0.0453,0.635307823,0.826814459,0,1.10740257,0.220294408,2
427,7,0.569330698,0.147768992,0.321731149,0.0114,0,1.126429681,1.08009743,0.0361,0,0.432928551,0.30418667,0,0.134919514,0,0,0,0.0453,0.635307823,0.826814459,0,1.10740257,0.220294408,2
427,5,0.406664784,0.10554928,0.229807964,0.00812,0,0.804592629,0.771498164,0.0258,0,0.309234679,0.217276193,0,0.0964,0,0,0,0.0324,0.453791302,0.590581757,0,0.791001836,0.157353149,3
427,5,0.406664784,0.10554928,0.229807964,0.00812,0,0.804592629,0.771498164,0.0258,0,0.309234679,0.217276193,0,0.0964,0,0,0,0.0324,0.453791302,0.590581757,0,0.791001836,0.157353149,3
427,5,0.406664784,0.10554928,0.229807964,0.00812,0,0.804592629,0.771498164,0.0258,0,0.309234679,0.217276193,0,0.0964,0,0,0,0.0324,0.453791302,0.590581757,0,0.791001836,0.157353149,3
427,7,0.569330698,0.147768992,0.321731149,0.0114,0,1.126429681,1.08009743,0.0361,0,0.432928551,0.30418667,0,0.134919514,0,0,0,0.0453,0.635307823,0.826814459,0,1.10740257,0.220294408,2
427,7,0.569330698,0.147768992,0.321731149,0.0114,0,1.126429681,1.08009743,0.0361,0,0.432928551,0.30418667,0,0.134919514,0,0,0,0.0453,0.635307823,0.826814459,0,1.10740257,0.220294408,2
427,8,0.650663654,0.168878848,0.367692742,0.013,0,1.287348207,1.234397063,0.0412,0,0.494775487,0.347641909,0,0.154193731,0,0,0,0.0518,0.726066083,0.944930811,0,1.265602937,0.251765038,2
427,4,0.325331827,0.0844,0.183846371,0.0065,0,0.643674103,0.617198531,0.0206,0,0.247387744,0.173820955,0,0.0771,0,0,0,0.0259,0.363033042,0.472465405,0,0.632801469,0.125882519,3
427,9,0.731996611,0.189988704,0.413654335,0.0146,0,1.448266733,1.388696696,0.0464,0,0.556622423,0.391097148,0,0.173467947,0,0,0,0.0583,0.816824343,1.063047162,0,1.423803304,0.283235668,2
427,9,0.731996611,0.189988704,0.413654335,0.0146,0,1.448266733,1.388696696,0.0464,0,0.556622423,0.391097148,0,0.173467947,0,0,0,0.0583,0.816824343,1.063047162,0,1.423803304,0.283235668,2
427,8,0.650663654,0.168878848,0.367692742,0.013,0,1.287348207,1.234397063,0.0412,0,0.494775487,0.347641909,0,0.154193731,0,0,0,0.0518,0.726066083,0.944930811,0,1.265602937,0.251765038,2
427,9,0.731996611,0.189988704,0.413654335,0.0146,0,1.448266733,1.388696696,0.0464,0,0.556622423,0.391097148,0,0.173467947,0,0,0,0.0583,0.816824343,1.063047162,0,1.423803304,0.283235668,2
427,8,0.650663654,0.168878848,0.367692742,0.013,0,1.287348207,1.234397063,0.0412,0,0.494775487,0.347641909,0,0.154193731,0,0,0,0.0518,0.726066083,0.944930811,0,1.265602937,0.251765038,2
427,7,0.569330698,0.147768992,0.321731149,0.0114,0,1.126429681,1.08009743,0.0361,0,0.432928551,0.30418667,0,0.134919514,0,0,0,0.0453,0.635307823,0.826814459,0,1.10740257,0.220294408,2
427,8,0.650663654,0.168878848,0.367692742,0.013,0,1.287348207,1.234397063,0.0412,0,0.494775487,0.347641909,0,0.154193731,0,0,0,0.0518,0.726066083,0.944930811,0,1.265602937,0.251765038,2
427,9,0.731996611,0.189988704,0.413654335,0.0146,0,1.448266733,1.388696696,0.0464,0,0.556622423,0.391097148,0,0.173467947,0,0,0,0.0583,0.816824343,1.063047162,0,1.423803304,0.283235668,2
427,9,0.731996611,0.189988704,0.413654335,0.0146,0,1.448266733,1.388696696,0.0464,0,0.556622423,0.391097148,0,0.173467947,0,0,0,0.0583,0.816824343,1.063047162,0,1.423803304,0.283235668,2
427,6,0.487997741,0.126659136,0.275769557,0.00974,0,0.965511155,0.925797797,0.0309,0,0.371081615,0.260731432,0,0.115645298,0,0,0,0.0389,0.544549562,0.708698108,0,0.949202203,0.188823779,2
427,9,0.731996611,0.189988704,0.413654335,0.0146,0,1.448266733,1.388696696,0.0464,0,0.556622423,0.391097148,0,0.173467947,0,0,0,0.0583,0.816824343,1.063047162,0,1.423803304,0.283235668,2
427,4,0.325331827,0.0844,0.183846371,0.0065,0,0.643674103,0.617198531,0.0206,0,0.247387744,0.173820955,0,0.0771,0,0,0,0.0259,0.363033042,0.472465405,0,0.632801469,0.125882519,3
427,8,0.650663654,0.168878848,0.367692742,0.013,0,1.287348207,1.234397063,0.0412,0,0.494775487,0.347641909,0,0.154193731,0,0,0,0.0518,0.726066083,0.944930811,0,1.265602937,0.251765038,2
427,6,0.487997741,0.126659136,0.275769557,0.00974,0,0.965511155,0.925797797,0.0309,0,0.371081615,0.260731432,0,0.115645298,0,0,0,0.0389,0.544549562,0.708698108,0,0.949202203,0.188823779,2
427,9,0.731996611,0.189988704,0.413654335,0.0146,0,1.448266733,1.388696696,0.0464,0,0.556622423,0.391097148,0,0.173467947,0,0,0,0.0583,0.816824343,1.063047162,0,1.423803304,0.283235668,2
427,6,0.487997741,0.126659136,0.275769557,0.00974,0,0.965511155,0.925797797,0.0309,0,0.371081615,0.260731432,0,0.115645298,0,0,0,0.0389,0.544549562,0.708698108,0,0.949202203,0.188823779,2
427,2,0.162665914,0.0422,0.0919,0.00325,0,0.321837052,0.308599266,0.0103,0,0.123693872,0.0869,0,0.0385,0,0,0,0.013,0.181516521,0.236232703,0,0.316400734,0.0629,3
427,8,0.650663654,0.168878848,0.367692742,0.013,0,1.287348207,1.234397063,0.0412,0,0.494775487,0.347641909,0,0.154193731,0,0,0,0.0518,0.726066083,0.944930811,0,1.265602937,0.251765038,2
427,9,0.731996611,0.189988704,0.413654335,0.0146,0,1.448266733,1.388696696,0.0464,0,0.556622423,0.391097148,0,0.173467947,0,0,0,0.0583,0.816824343,1.063047162,0,1.423803304,0.283235668,2
427,5,0.406664784,0.10554928,0.229807964,0.00812,0,0.804592629,0.771498164,0.0258,0,0.309234679,0.217276193,0,0.0964,0,0,0,0.0324,0.453791302,0.590581757,0,0.791001836,0.157353149,3
427,5,0.406664784,0.10554928,0.229807964,0.00812,0,0.804592629,0.771498164,0.0258,0,0.309234679,0.217276193,0,0.0964,0,0,0,0.0324,0.453791302,0.590581757,0,0.791001836,0.157353149,3
427,6,0.487997741,0.126659136,0.275769557,0.00974,0,0.965511155,0.925797797,0.0309,0,0.371081615,0.260731432,0,0.115645298,0,0,0,0.0389,0.544549562,0.708698108,0,0.949202203,0.188823779,2
427,9,0.731996611,0.189988704,0.413654335,0.0146,0,1.448266733,1.388696696,0.0464,0,0.556622423,0.391097148,0,0.173467947,0,0,0,0.0583,0.816824343,1.063047162,0,1.423803304,0.283235668,2
427,7,0.569330698,0.147768992,0.321731149,0.0114,0,1.126429681,1.08009743,0.0361,0,0.432928551,0.30418667,0,0.134919514,0,0,0,0.0453,0.635307823,0.826814459,0,1.10740257,0.220294408,2
427,5,0.406664784,0.10554928,0.229807964,0.00812,0,0.804592629,0.771498164,0.0258,0,0.309234679,0.217276193,0,0.0964,0,0,0,0.0324,0.453791302,0.590581757,0,0.791001836,0.157353149,3
427,1,0.0813,0.0211,0.046,0.00162,0,0.160918526,0.154299633,0.00515,0,0.0618,0.0435,0,0.0193,0,0,0,0.00648,0.0908,0.118116351,0,0.158200367,0.0315,3
427,5,0.406664784,0.10554928,0.229807964,0.00812,0,0.804592629,0.771498164,0.0258,0,0.309234679,0.217276193,0,0.0964,0,0,0,0.0324,0.453791302,0.590581757,0,0.791001836,0.157353149,3
427,4,0.325331827,0.0844,0.183846371,0.0065,0,0.643674103,0.617198531,0.0206,0,0.247387744,0.173820955,0,0.0771,0,0,0,0.0259,0.363033042,0.472465405,0,0.632801469,0.125882519,3
427,6,0.487997741,0.126659136,0.275769557,0.00974,0,0.965511155,0.925797797,0.0309,0,0.371081615,0.260731432,0,0.115645298,0,0,0,0.0389,0.544549562,0.708698108,0,0.949202203,0.188823779,2
427,8,0.650663654,0.168878848,0.367692742,0.013,0,1.287348207,1.234397063,0.0412,0,0.494775487,0.347641909,0,0.154193731,0,0,0,0.0518,0.726066083,0.944930811,0,1.265602937,0.251765038,2
427,9,0.731996611,0.189988704,0.413654335,0.0146,0,1.448266733,1.388696696,0.0464,0,0.556622423,0.391097148,0,0.173467947,0,0,0,0.0583,0.816824343,1.063047162,0,1.423803304,0.283235668,2
427,1,0.0813,0.0211,0.046,0.00162,0,0.160918526,0.154299633,0.00515,0,0.0618,0.0435,0,0.0193,0,0,0,0.00648,0.0908,0.118116351,0,0.158200367,0.0315,3
427,9,0.731996611,0.189988704,0.413654335,0.0146,0,1.448266733,1.388696696,0.0464,0,0.556622423,0.391097148,0,0.173467947,0,0,0,0.0583,0.816824343,1.063047162,0,1.423803304,0.283235668,2
427,7,0.569330698,0.147768992,0.321731149,0.0114,0,1.126429681,1.08009743,0.0361,0,0.432928551,0.30418667,0,0.134919514,0,0,0,0.0453,0.635307823,0.826814459,0,1.10740257,0.220294408,2
427,8,0.650663654,0.168878848,0.367692742,0.013,0,1.287348207,1.234397063,0.0412,0,0.494775487,0.347641909,0,0.154193731,0,0,0,0.0518,0.726066083,0.944930811,0,1.265602937,0.251765038,2
427,4,0.325331827,0.0844,0.183846371,0.0065,0,0.643674103,0.617198531,0.0206,0,0.247387744,0.173820955,0,0.0771,0,0,0,0.0259,0.363033042,0.472465405,0,0.632801469,0.125882519,3
427,7,0.569330698,0.147768992,0.321731149,0.0114,0,1.126429681,1.08009743,0.0361,0,0.432928551,0.30418667,0,0.134919514,0,0,0,0.0453,0.635307823,0.826814459,0,1.10740257,0.220294408,2
427,5,0.406664784,0.10554928,0.229807964,0.00812,0,0.804592629,0.771498164,0.0258,0,0.309234679,0.217276193,0,0.0964,0,0,0,0.0324,0.453791302,0.590581757,0,0.791001836,0.157353149,3
427,8,0.650663654,0.168878848,0.367692742,0.013,0,1.287348207,1.234397063,0.0412,0,0.494775487,0.347641909,0,0.154193731,0,0,0,0.0518,0.726066083,0.944930811,0,1.265602937,0.251765038,2
427,9,0.731996611,0.189988704,0.413654335,0.0146,0,1.448266733,1.388696696,0.0464,0,0.556622423,0.391097148,0,0.173467947,0,0,0,0.0583,0.816824343,1.063047162,0,1.423803304,0.283235668,2
427,7,0.569330698,0.147768992,0.321731149,0.0114,0,1.126429681,1.08009743,0.0361,0,0.432928551,0.30418667,0,0.134919514,0,0,0,0.0453,0.635307823,0.826814459,0,1.10740257,0.220294408,2
427,6,0.487997741,0.126659136,0.275769557,0.00974,0,0.965511155,0.925797797,0.0309,0,0.371081615,0.260731432,0,0.115645298,0,0,0,0.0389,0.544549562,0.708698108,0,0.949202203,0.188823779,2
427,9,0.731996611,0.189988704,0.413654335,0.0146,0,1.448266733,1.388696696,0.0464,0,0.556622423,0.391097148,0,0.173467947,0,0,0,0.0583,0.816824343,1.063047162,0,1.423803304,0.283235668,2
427,7,0.569330698,0.147768992,0.321731149,0.0114,0,1.126429681,1.08009743,0.0361,0,0.432928551,0.30418667,0,0.134919514,0,0,0,0.0453,0.635307823,0.826814459,0,1.10740257,0.220294408,2
427,7,0.569330698,0.147768992,0.321731149,0.0114,0,1.126429681,1.08009743,0.0361,0,0.432928551,0.30418667,0,0.134919514,0,0,0,0.0453,0.635307823,0.826814459,0,1.10740257,0.220294408,2
427,8,0.650663654,0.168878848,0.367692742,0.013,0,1.287348207,1.234397063,0.0412,0,0.494775487,0.347641909,0,0.154193731,0,0,0,0.0518,0.726066083,0.944930811,0,1.265602937,0.251765038,2
427,9,0.731996611,0.189988704,0.413654335,0.0146,0,1.448266733,1.388696696,0.0464,0,0.556622423,0.391097148,0,0.173467947,0,0,0,0.0583,0.816824343,1.063047162,0,1.423803304,0.283235668,2
427,7,0.569330698,0.147768992,0.321731149,0.0114,0,1.126429681,1.08009743,0.0361,0,0.432928551,0.30418667,0,0.134919514,0,0,0,0.0453,0.635307823,0.826814459,0,1.10740257,0.220294408,2
427,8,0.650663654,0.168878848,0.367692742,0.013,0,1.287348207,1.234397063,0.0412,0,0.494775487,0.347641909,0,0.154193731,0,0,0,0.0518,0.726066083,0.944930811,0,1.265602937,0.251765038,2
427,8,0.650663654,0.168878848,0.367692742,0.013,0,1.287348207,1.234397063,0.0412,0,0.494775487,0.347641909,0,0.154193731,0,0,0,0.0518,0.726066083,0.944930811,0,1.265602937,0.251765038,2
427,5,0.406664784,0.10554928,0.229807964,0.00812,0,0.804592629,0.771498164,0.0258,0,0.309234679,0.217276193,0,0.0964,0,0,0,0.0324,0.453791302,0.590581757,0,0.791001836,0.157353149,3
427,8,0.650663654,0.168878848,0.367692742,0.013,0,1.287348207,1.234397063,0.0412,0,0.494775487,0.347641909,0,0.154193731,0,0,0,0.0518,0.726066083,0.944930811,0,1.265602937,0.251765038,2
427,6,0.487997741,0.126659136,0.275769557,0.00974,0,0.965511155,0.925797797,0.0309,0,0.371081615,0.260731432,0,0.115645298,0,0,0,0.0389,0.544549562,0.708698108,0,0.949202203,0.188823779,2
427,8,0.650663654,0.168878848,0.367692742,0.013,0,1.287348207,1.234397063,0.0412,0,0.494775487,0.347641909,0,0.154193731,0,0,0,0.0518,0.726066083,0.944930811,0,1.265602937,0.251765038,2
427,7,0.569330698,0.147768992,0.321731149,0.0114,0,1.126429681,1.08009743,0.0361,0,0.432928551,0.30418667,0,0.134919514,0,0,0,0.0453,0.635307823,0.826814459,0,1.10740257,0.220294408,2
427,4,0.325331827,0.0844,0.183846371,0.0065,0,0.643674103,0.617198531,0.0206,0,0.247387744,0.173820955,0,0.0771,0,0,0,0.0259,0.363033042,0.472465405,0,0.632801469,0.125882519,3
427,9,0.731996611,0.189988704,0.413654335,0.0146,0,1.448266733,1.388696696,0.0464,0,0.556622423,0.391097148,0,0.173467947,0,0,0,0.0583,0.816824343,1.063047162,0,1.423803304,0.283235668,2
427,8,0.650663654,0.168878848,0.367692742,0.013,0,1.287348207,1.234397063,0.0412,0,0.494775487,0.347641909,0,0.154193731,0,0,0,0.0518,0.726066083,0.944930811,0,1.265602937,0.251765038,2
427,7,0.569330698,0.147768992,0.321731149,0.0114,0,1.126429681,1.08009743,0.0361,0,0.432928551,0.30418667,0,0.134919514,0,0,0,0.0453,0.635307823,0.826814459,0,1.10740257,0.220294408,2
427,6,0.487997741,0.126659136,0.275769557,0.00974,0,0.965511155,0.925797797,0.0309,0,0.371081615,0.260731432,0,0.115645298,0,0,0,0.0389,0.544549562,0.708698108,0,0.949202203,0.188823779,2
427,8,0.650663654,0.168878848,0.367692742,0.013,0,1.287348207,1.234397063,0.0412,0,0.494775487,0.347641909,0,0.154193731,0,0,0,0.0518,0.726066083,0.944930811,0,1.265602937,0.251765038,2
427,8,0.650663654,0.168878848,0.367692742,0.013,0,1.287348207,1.234397063,0.0412,0,0.494775487,0.347641909,0,0.154193731,0,0,0,0.0518,0.726066083,0.944930811,0,1.265602937,0.251765038,2
427,8,0.650663654,0.168878848,0.367692742,0.013,0,1.287348207,1.234397063,0.0412,0,0.494775487,0.347641909,0,0.154193731,0,0,0,0.0518,0.726066083,0.944930811,0,1.265602937,0.251765038,2
427,8,0.650663654,0.168878848,0.367692742,0.013,0,1.287348207,1.234397063,0.0412,0,0.494775487,0.347641909,0,0.154193731,0,0,0,0.0518,0.726066083,0.944930811,0,1.265602937,0.251765038,2
427,7,0.569330698,0.147768992,0.321731149,0.0114,0,1.126429681,1.08009743,0.0361,0,0.432928551,0.30418667,0,0.134919514,0,0,0,0.0453,0.635307823,0.826814459,0,1.10740257,0.220294408,2
427,8,0.650663654,0.168878848,0.367692742,0.013,0,1.287348207,1.234397063,0.0412,0,0.494775487,0.347641909,0,0.154193731,0,0,0,0.0518,0.726066083,0.944930811,0,1.265602937,0.251765038,2
427,7,0.569330698,0.147768992,0.321731149,0.0114,0,1.126429681,1.08009743,0.0361,0,0.432928551,0.30418667,0,0.134919514,0,0,0,0.0453,0.635307823,0.826814459,0,1.10740257,0.220294408,2
427,7,0.569330698,0.147768992,0.321731149,0.0114,0,1.126429681,1.08009743,0.0361,0,0.432928551,0.30418667,0,0.134919514,0,0,0,0.0453,0.635307823,0.826814459,0,1.10740257,0.220294408,2
427,8,0.650663654,0.168878848,0.367692742,0.013,0,1.287348207,1.234397063,0.0412,0,0.494775487,0.347641909,0,0.154193731,0,0,0,0.0518,0.726066083,0.944930811,0,1.265602937,0.251765038,2
427,9,0.731996611,0.189988704,0.413654335,0.0146,0,1.448266733,1.388696696,0.0464,0,0.556622423,0.391097148,0,0.173467947,0,0,0,0.0583,0.816824343,1.063047162,0,1.423803304,0.283235668,2
427,8,0.650663654,0.168878848,0.367692742,0.013,0,1.287348207,1.234397063,0.0412,0,0.494775487,0.347641909,0,0.154193731,0,0,0,0.0518,0.726066083,0.944930811,0,1.265602937,0.251765038,2
427,4,0.325331827,0.0844,0.183846371,0.0065,0,0.643674103,0.617198531,0.0206,0,0.247387744,0.173820955,0,0.0771,0,0,0,0.0259,0.363033042,0.472465405,0,0.632801469,0.125882519,3
427,8,0.650663654,0.168878848,0.367692742,0.013,0,1.287348207,1.234397063,0.0412,0,0.494775487,0.347641909,0,0.154193731,0,0,0,0.0518,0.726066083,0.944930811,0,1.265602937,0.251765038,2
427,9,0.731996611,0.189988704,0.413654335,0.0146,0,1.448266733,1.388696696,0.0464,0,0.556622423,0.391097148,0,0.173467947,0,0,0,0.0583,0.816824343,1.063047162,0,1.423803304,0.283235668,2
427,9,0.731996611,0.189988704,0.413654335,0.0146,0,1.448266733,1.388696696,0.0464,0,0.556622423,0.391097148,0,0.173467947,0,0,0,0.0583,0.816824343,1.063047162,0,1.423803304,0.283235668,2
427,7,0.569330698,0.147768992,0.321731149,0.0114,0,1.126429681,1.08009743,0.0361,0,0.432928551,0.30418667,0,0.134919514,0,0,0,0.0453,0.635307823,0.826814459,0,1.10740257,0.220294408,2
427,4,0.325331827,0.0844,0.183846371,0.0065,0,0.643674103,0.617198531,0.0206,0,0.247387744,0.173820955,0,0.0771,0,0,0,0.0259,0.363033042,0.472465405,0,0.632801469,0.125882519,3
427,7,0.569330698,0.147768992,0.321731149,0.0114,0,1.126429681,1.08009743,0.0361,0,0.432928551,0.30418667,0,0.134919514,0,0,0,0.0453,0.635307823,0.826814459,0,1.10740257,0.220294408,2
427,9,0.731996611,0.189988704,0.413654335,0.0146,0,1.448266733,1.388696696,0.0464,0,0.556622423,0.391097148,0,0.173467947,0,0,0,0.0583,0.816824343,1.063047162,0,1.423803304,0.283235668,2
427,8,0.650663654,0.168878848,0.367692742,0.013,0,1.287348207,1.234397063,0.0412,0,0.494775487,0.347641909,0,0.154193731,0,0,0,0.0518,0.726066083,0.944930811,0,1.265602937,0.251765038,2
427,6,0.487997741,0.126659136,0.275769557,0.00974,0,0.965511155,0.925797797,0.0309,0,0.371081615,0.260731432,0,0.115645298,0,0,0,0.0389,0.544549562,0.708698108,0,0.949202203,0.188823779,2
427,5,0.406664784,0.10554928,0.229807964,0.00812,0,0.804592629,0.771498164,0.0258,0,0.309234679,0.217276193,0,0.0964,0,0,0,0.0324,0.453791302,0.590581757,0,0.791001836,0.157353149,3
427,8,0.650663654,0.168878848,0.367692742,0.013,0,1.287348207,1.234397063,0.0412,0,0.494775487,0.347641909,0,0.154193731,0,0,0,0.0518,0.726066083,0.944930811,0,1.265602937,0.251765038,2
427,7,0.569330698,0.147768992,0.321731149,0.0114,0,1.126429681,1.08009743,0.0361,0,0.432928551,0.30418667,0,0.134919514,0,0,0,0.0453,0.635307823,0.826814459,0,1.10740257,0.220294408,2
427,9,0.731996611,0.189988704,0.413654335,0.0146,0,1.448266733,1.388696696,0.0464,0,0.556622423,0.391097148,0,0.173467947,0,0,0,0.0583,0.816824343,1.063047162,0,1.423803304,0.283235668,2
427,8,0.650663654,0.168878848,0.367692742,0.013,0,1.287348207,1.234397063,0.0412,0,0.494775487,0.347641909,0,0.154193731,0,0,0,0.0518,0.726066083,0.944930811,0,1.265602937,0.251765038,2
427,6,0.487997741,0.126659136,0.275769557,0.00974,0,0.965511155,0.925797797,0.0309,0,0.371081615,0.260731432,0,0.115645298,0,0,0,0.0389,0.544549562,0.708698108,0,0.949202203,0.188823779,2
427,5,0.406664784,0.10554928,0.229807964,0.00812,0,0.804592629,0.771498164,0.0258,0,0.309234679,0.217276193,0,0.0964,0,0,0,0.0324,0.453791302,0.590581757,0,0.791001836,0.157353149,3
427,5,0.406664784,0.10554928,0.229807964,0.00812,0,0.804592629,0.771498164,0.0258,0,0.309234679,0.217276193,0,0.0964,0,0,0,0.0324,0.453791302,0.590581757,0,0.791001836,0.157353149,3
427,9,0.731996611,0.189988704,0.413654335,0.0146,0,1.448266733,1.388696696,0.0464,0,0.556622423,0.391097148,0,0.173467947,0,0,0,0.0583,0.816824343,1.063047162,0,1.423803304,0.283235668,2
427,6,0.487997741,0.126659136,0.275769557,0.00974,0,0.965511155,0.925797797,0.0309,0,0.371081615,0.260731432,0,0.115645298,0,0,0,0.0389,0.544549562,0.708698108,0,0.949202203,0.188823779,2
427,5,0.406664784,0.10554928,0.229807964,0.00812,0,0.804592629,0.771498164,0.0258,0,0.309234679,0.217276193,0,0.0964,0,0,0,0.0324,0.453791302,0.590581757,0,0.791001836,0.157353149,3
427,6,0.487997741,0.126659136,0.275769557,0.00974,0,0.965511155,0.925797797,0.0309,0,0.371081615,0.260731432,0,0.115645298,0,0,0,0.0389,0.544549562,0.708698108,0,0.949202203,0.188823779,2
427,9,0.731996611,0.189988704,0.413654335,0.0146,0,1.448266733,1.388696696,0.0464,0,0.556622423,0.391097148,0,0.173467947,0,0,0,0.0583,0.816824343,1.063047162,0,1.423803304,0.283235668,2
427,8,0.650663654,0.168878848,0.367692742,0.013,0,1.287348207,1.234397063,0.0412,0,0.494775487,0.347641909,0,0.154193731,0,0,0,0.0518,0.726066083,0.944930811,0,1.265602937,0.251765038,2
427,8,0.650663654,0.168878848,0.367692742,0.013,0,1.287348207,1.234397063,0.0412,0,0.494775487,0.347641909,0,0.154193731,0,0,0,0.0518,0.726066083,0.944930811,0,1.265602937,0.251765038,2
427,7,0.569330698,0.147768992,0.321731149,0.0114,0,1.126429681,1.08009743,0.0361,0,0.432928551,0.30418667,0,0.134919514,0,0,0,0.0453,0.635307823,0.826814459,0,1.10740257,0.220294408,2
427,6,0.487997741,0.126659136,0.275769557,0.00974,0,0.965511155,0.925797797,0.0309,0,0.371081615,0.260731432,0,0.115645298,0,0,0,0.0389,0.544549562,0.708698108,0,0.949202203,0.188823779,2
427,8,0.650663654,0.168878848,0.367692742,0.013,0,1.287348207,1.234397063,0.0412,0,0.494775487,0.347641909,0,0.154193731,0,0,0,0.0518,0.726066083,0.944930811,0,1.265602937,0.251765038,2
427,9,0.731996611,0.189988704,0.413654335,0.0146,0,1.448266733,1.388696696,0.0464,0,0.556622423,0.391097148,0,0.173467947,0,0,0,0.0583,0.816824343,1.063047162,0,1.423803304,0.283235668,2
427,9,0.731996611,0.189988704,0.413654335,0.0146,0,1.448266733,1.388696696,0.0464,0,0.556622423,0.391097148,0,0.173467947,0,0,0,0.0583,0.816824343,1.063047162,0,1.423803304,0.283235668,2
427,9,0.731996611,0.189988704,0.413654335,0.0146,0,1.448266733,1.388696696,0.0464,0,0.556622423,0.391097148,0,0.173467947,0,0,0,0.0583,0.816824343,1.063047162,0,1.423803304,0.283235668,2
427,7,0.569330698,0.147768992,0.321731149,0.0114,0,1.126429681,1.08009743,0.0361,0,0.432928551,0.30418667,0,0.134919514,0,0,0,0.0453,0.635307823,0.826814459,0,1.10740257,0.220294408,2
427,9,0.731996611,0.189988704,0.413654335,0.0146,0,1.448266733,1.388696696,0.0464,0,0.556622423,0.391097148,0,0.173467947,0,0,0,0.0583,0.816824343,1.063047162,0,1.423803304,0.283235668,2
427,7,0.569330698,0.147768992,0.321731149,0.0114,0,1.126429681,1.08009743,0.0361,0,0.432928551,0.30418667,0,0.134919514,0,0,0,0.0453,0.635307823,0.826814459,0,1.10740257,0.220294408,2
427,9,0.731996611,0.189988704,0.413654335,0.0146,0,1.448266733,1.388696696,0.0464,0,0.556622423,0.391097148,0,0.173467947,0,0,0,0.0583,0.816824343,1.063047162,0,1.423803304,0.283235668,2
427,5,0.406664784,0.10554928,0.229807964,0.00812,0,0.804592629,0.771498164,0.0258,0,0.309234679,0.217276193,0,0.0964,0,0,0,0.0324,0.453791302,0.590581757,0,0.791001836,0.157353149,3
427,9,0.731996611,0.189988704,0.413654335,0.0146,0,1.448266733,1.388696696,0.0464,0,0.556622423,0.391097148,0,0.173467947,0,0,0,0.0583,0.816824343,1.063047162,0,1.423803304,0.283235668,2
427,6,0.487997741,0.126659136,0.275769557,0.00974,0,0.965511155,0.925797797,0.0309,0,0.371081615,0.260731432,0,0.115645298,0,0,0,0.0389,0.544549562,0.708698108,0,0.949202203,0.188823779,2
427,9,0.731996611,0.189988704,0.413654335,0.0146,0,1.448266733,1.388696696,0.0464,0,0.556622423,0.391097148,0,0.173467947,0,0,0,0.0583,0.816824343,1.063047162,0,1.423803304,0.283235668,2
427,9,0.731996611,0.189988704,0.413654335,0.0146,0,1.448266733,1.388696696,0.0464,0,0.556622423,0.391097148,0,0.173467947,0,0,0,0.0583,0.816824343,1.063047162,0,1.423803304,0.283235668,2
427,5,0.406664784,0.10554928,0.229807964,0.00812,0,0.804592629,0.771498164,0.0258,0,0.309234679,0.217276193,0,0.0964,0,0,0,0.0324,0.453791302,0.590581757,0,0.791001836,0.157353149,3
427,8,0.650663654,0.168878848,0.367692742,0.013,0,1.287348207,1.234397063,0.0412,0,0.494775487,0.347641909,0,0.154193731,0,0,0,0.0518,0.726066083,0.944930811,0,1.265602937,0.251765038,2
427,5,0.406664784,0.10554928,0.229807964,0.00812,0,0.804592629,0.771498164,0.0258,0,0.309234679,0.217276193,0,0.0964,0,0,0,0.0324,0.453791302,0.590581757,0,0.791001836,0.157353149,3
427,9,0.731996611,0.189988704,0.413654335,0.0146,0,1.448266733,1.388696696,0.0464,0,0.556622423,0.391097148,0,0.173467947,0,0,0,0.0583,0.816824343,1.063047162,0,1.423803304,0.283235668,2
427,9,0.731996611,0.189988704,0.413654335,0.0146,0,1.448266733,1.388696696,0.0464,0,0.556622423,0.391097148,0,0.173467947,0,0,0,0.0583,0.816824343,1.063047162,0,1.423803304,0.283235668,2
427,8,0.650663654,0.168878848,0.367692742,0.013,0,1.287348207,1.234397063,0.0412,0,0.494775487,0.347641909,0,0.154193731,0,0,0,0.0518,0.726066083,0.944930811,0,1.265602937,0.251765038,2
427,6,0.487997741,0.126659136,0.275769557,0.00974,0,0.965511155,0.925797797,0.0309,0,0.371081615,0.260731432,0,0.115645298,0,0,0,0.0389,0.544549562,0.708698108,0,0.949202203,0.188823779,2
427,8,0.650663654,0.168878848,0.367692742,0.013,0,1.287348207,1.234397063,0.0412,0,0.494775487,0.347641909,0,0.154193731,0,0,0,0.0518,0.726066083,0.944930811,0,1.265602937,0.251765038,2
427,6,0.487997741,0.126659136,0.275769557,0.00974,0,0.965511155,0.925797797,0.0309,0,0.371081615,0.260731432,0,0.115645298,0,0,0,0.0389,0.544549562,0.708698108,0,0.949202203,0.188823779,2
427,8,0.650663654,0.168878848,0.367692742,0.013,0,1.287348207,1.234397063,0.0412,0,0.494775487,0.347641909,0,0.154193731,0,0,0,0.0518,0.726066083,0.944930811,0,1.265602937,0.251765038,2
427,2,0.162665914,0.0422,0.0919,0.00325,0,0.321837052,0.308599266,0.0103,0,0.123693872,0.0869,0,0.0385,0,0,0,0.013,0.181516521,0.236232703,0,0.316400734,0.0629,3
427,8,0.650663654,0.168878848,0.367692742,0.013,0,1.287348207,1.234397063,0.0412,0,0.494775487,0.347641909,0,0.154193731,0,0,0,0.0518,0.726066083,0.944930811,0,1.265602937,0.251765038,2
427,9,0.731996611,0.189988704,0.413654335,0.0146,0,1.448266733,1.388696696,0.0464,0,0.556622423,0.391097148,0,0.173467947,0,0,0,0.0583,0.816824343,1.063047162,0,1.423803304,0.283235668,2
427,9,0.731996611,0.189988704,0.413654335,0.0146,0,1.448266733,1.388696696,0.0464,0,0.556622423,0.391097148,0,0.173467947,0,0,0,0.0583,0.816824343,1.063047162,0,1.423803304,0.283235668,2
427,9,0.731996611,0.189988704,0.413654335,0.0146,0,1.448266733,1.388696696,0.0464,0,0.556622423,0.391097148,0,0.173467947,0,0,0,0.0583,0.816824343,1.063047162,0,1.423803304,0.283235668,2
427,5,0.406664784,0.10554928,0.229807964,0.00812,0,0.804592629,0.771498164,0.0258,0,0.309234679,0.217276193,0,0.0964,0,0,0,0.0324,0.453791302,0.590581757,0,0.791001836,0.157353149,3
427,9,0.731996611,0.189988704,0.413654335,0.0146,0,1.448266733,1.388696696,0.0464,0,0.556622423,0.391097148,0,0.173467947,0,0,0,0.0583,0.816824343,1.063047162,0,1.423803304,0.283235668,2
427,9,0.731996611,0.189988704,0.413654335,0.0146,0,1.448266733,1.388696696,0.0464,0,0.556622423,0.391097148,0,0.173467947,0,0,0,0.0583,0.816824343,1.063047162,0,1.423803304,0.283235668,2
427,5,0.406664784,0.10554928,0.229807964,0.00812,0,0.804592629,0.771498164,0.0258,0,0.309234679,0.217276193,0,0.0964,0,0,0,0.0324,0.453791302,0.590581757,0,0.791001836,0.157353149,3
427,7,0.569330698,0.147768992,0.321731149,0.0114,0,1.126429681,1.08009743,0.0361,0,0.432928551,0.30418667,0,0.134919514,0,0,0,0.0453,0.635307823,0.826814459,0,1.10740257,0.220294408,2
427,9,0.731996611,0.189988704,0.413654335,0.0146,0,1.448266733,1.388696696,0.0464,0,0.556622423,0.391097148,0,0.173467947,0,0,0,0.0583,0.816824343,1.063047162,0,1.423803304,0.283235668,2
427,9,0.731996611,0.189988704,0.413654335,0.0146,0,1.448266733,1.388696696,0.0464,0,0.556622423,0.391097148,0,0.173467947,0,0,0,0.0583,0.816824343,1.063047162,0,1.423803304,0.283235668,2
427,7,0.569330698,0.147768992,0.321731149,0.0114,0,1.126429681,1.08009743,0.0361,0,0.432928551,0.30418667,0,0.134919514,0,0,0,0.0453,0.635307823,0.826814459,0,1.10740257,0.220294408,2
427,9,0.731996611,0.189988704,0.413654335,0.0146,0,1.448266733,1.388696696,0.0464,0,0.556622423,0.391097148,0,0.173467947,0,0,0,0.0583,0.816824343,1.063047162,0,1.423803304,0.283235668,2
427,6,0.487997741,0.126659136,0.275769557,0.00974,0,0.965511155,0.925797797,0.0309,0,0.371081615,0.260731432,0,0.115645298,0,0,0,0.0389,0.544549562,0.708698108,0,0.949202203,0.188823779,2
427,7,0.569330698,0.147768992,0.321731149,0.0114,0,1.126429681,1.08009743,0.0361,0,0.432928551,0.30418667,0,0.134919514,0,0,0,0.0453,0.635307823,0.826814459,0,1.10740257,0.220294408,2
427,8,0.650663654,0.168878848,0.367692742,0.013,0,1.287348207,1.234397063,0.0412,0,0.494775487,0.347641909,0,0.154193731,0,0,0,0.0518,0.726066083,0.944930811,0,1.265602937,0.251765038,2
427,9,0.731996611,0.189988704,0.413654335,0.0146,0,1.448266733,1.388696696,0.0464,0,0.556622423,0.391097148,0,0.173467947,0,0,0,0.0583,0.816824343,1.063047162,0,1.423803304,0.283235668,2
427,6,0.487997741,0.126659136,0.275769557,0.00974,0,0.965511155,0.925797797,0.0309,0,0.371081615,0.260731432,0,0.115645298,0,0,0,0.0389,0.544549562,0.708698108,0,0.949202203,0.188823779,2
427,5,0.406664784,0.10554928,0.229807964,0.00812,0,0.804592629,0.771498164,0.0258,0,0.309234679,0.217276193,0,0.0964,0,0,0,0.0324,0.453791302,0.590581757,0,0.791001836,0.157353149,3
427,5,0.406664784,0.10554928,0.229807964,0.00812,0,0.804592629,0.771498164,0.0258,0,0.309234679,0.217276193,0,0.0964,0,0,0,0.0324,0.453791302,0.590581757,0,0.791001836,0.157353149,3
427,7,0.569330698,0.147768992,0.321731149,0.0114,0,1.126429681,1.08009743,0.0361,0,0.432928551,0.30418667,0,0.134919514,0,0,0,0.0453,0.635307823,0.826814459,0,1.10740257,0.220294408,2
427,9,0.731996611,0.189988704,0.413654335,0.0146,0,1.448266733,1.388696696,0.0464,0,0.556622423,0.391097148,0,0.173467947,0,0,0,0.0583,0.816824343,1.063047162,0,1.423803304,0.283235668,2
427,9,0.731996611,0.189988704,0.413654335,0.0146,0,1.448266733,1.388696696,0.0464,0,0.556622423,0.391097148,0,0.173467947,0,0,0,0.0583,0.816824343,1.063047162,0,1.423803304,0.283235668,2
427,9,0.731996611,0.189988704,0.413654335,0.0146,0,1.448266733,1.388696696,0.0464,0,0.556622423,0.391097148,0,0.173467947,0,0,0,0.0583,0.816824343,1.063047162,0,1.423803304,0.283235668,2
427,9,0.731996611,0.189988704,0.413654335,0.0146,0,1.448266733,1.388696696,0.0464,0,0.556622423,0.391097148,0,0.173467947,0,0,0,0.0583,0.816824343,1.063047162,0,1.423803304,0.283235668,2
427,5,0.406664784,0.10554928,0.229807964,0.00812,0,0.804592629,0.771498164,0.0258,0,0.309234679,0.217276193,0,0.0964,0,0,0,0.0324,0.453791302,0.590581757,0,0.791001836,0.157353149,3
427,7,0.569330698,0.147768992,0.321731149,0.0114,0,1.126429681,1.08009743,0.0361,0,0.432928551,0.30418667,0,0.134919514,0,0,0,0.0453,0.635307823,0.826814459,0,1.10740257,0.220294408,2
765,9,0.861164487,0,0.619890678,0,0,0.969628566,0.118873944,0.71777699,0.486241442,0.714922672,0.250508367,0,0.25252318,0.000672,0.105609761,0.0594,0.0972,0.836650934,1.092700035,0,1.5027144,0.313471261,1
765,9,0.861164487,0,0.619890678,0,0,0.969628566,0.118873944,0.71777699,0.486241442,0.714922672,0.250508367,0,0.25252318,0.000672,0.105609761,0.0594,0.0972,0.836650934,1.092700035,0,1.5027144,0.313471261,1
765,9,0.861164487,0,0.619890678,0,0,0.969628566,0.118873944,0.71777699,0.486241442,0.714922672,0.250508367,0,0.25252318,0.000672,0.105609761,0.0594,0.0972,0.836650934,1.092700035,0,1.5027144,0.313471261,1
765,8,0.765479544,0,0.551013936,0,0,0.861892058,0.105665728,0.638023991,0.432214615,0.63548682,0.222674104,0,0.224465049,0.000597,0.0939,0.0528,0.0864,0.743689719,0.97128892,0,1.335746134,0.278641121,1
765,8,0.765479544,0,0.551013936,0,0,0.861892058,0.105665728,0.638023991,0.432214615,0.63548682,0.222674104,0,0.224465049,0.000597,0.0939,0.0528,0.0864,0.743689719,0.97128892,0,1.335746134,0.278641121,1
765,8,0.765479544,0,0.551013936,0,0,0.861892058,0.105665728,0.638023991,0.432214615,0.63548682,0.222674104,0,0.224465049,0.000597,0.0939,0.0528,0.0864,0.743689719,0.97128892,0,1.335746134,0.278641121,1
765,8,0.765479544,0,0.551013936,0,0,0.861892058,0.105665728,0.638023991,0.432214615,0.63548682,0.222674104,0,0.224465049,0.000597,0.0939,0.0528,0.0864,0.743689719,0.97128892,0,1.335746134,0.278641121,1
765,7,0.669794601,0,0.482137194,0,0,0.754155551,0.0925,0.558270992,0.378187788,0.556050967,0.194839841,0,0.196406918,0.000522,0.0821,0.0462,0.0756,0.650728504,0.849877805,0,1.168777867,0.243810981,1
765,8,0.765479544,0,0.551013936,0,0,0.861892058,0.105665728,0.638023991,0.432214615,0.63548682,0.222674104,0,0.224465049,0.000597,0.0939,0.0528,0.0864,0.743689719,0.97128892,0,1.335746134,0.278641121,1
765,7,0.669794601,0,0.482137194,0,0,0.754155551,0.0925,0.558270992,0.378187788,0.556050967,0.194839841,0,0.196406918,0.000522,0.0821,0.0462,0.0756,0.650728504,0.849877805,0,1.168777867,0.243810981,1
765,7,0.669794601,0,0.482137194,0,0,0.754155551,0.0925,0.558270992,0.378187788,0.556050967,0.194839841,0,0.196406918,0.000522,0.0821,0.0462,0.0756,0.650728504,0.849877805,0,1.168777867,0.243810981,1
765,8,0.765479544,0,0.551013936,0,0,0.861892058,0.105665728,0.638023991,0.432214615,0.63548682,0.222674104,0,0.224465049,0.000597,0.0939,0.0528,0.0864,0.743689719,0.97128892,0,1.335746134,0.278641121,1
765,8,0.765479544,0,0.551013936,0,0,0.861892058,0.105665728,0.638023991,0.432214615,0.63548682,0.222674104,0,0.224465049,0.000597,0.0939,0.0528,0.0864,0.743689719,0.97128892,0,1.335746134,0.278641121,1
765,7,0.669794601,0,0.482137194,0,0,0.754155551,0.0925,0.558270992,0.378187788,0.556050967,0.194839841,0,0.196406918,0.000522,0.0821,0.0462,0.0756,0.650728504,0.849877805,0,1.168777867,0.243810981,1
765,6,0.574109658,0,0.413260452,0,0,0.646419044,0.0792,0.478517993,0.324160961,0.476615115,0.167005578,0,0.168348786,0.000448,0.0704,0.0396,0.0648,0.557767289,0.72846669,0,1.0018096,0.208980841,3
765,6,0.574109658,0,0.413260452,0,0,0.646419044,0.0792,0.478517993,0.324160961,0.476615115,0.167005578,0,0.168348786,0.000448,0.0704,0.0396,0.0648,0.557767289,0.72846669,0,1.0018096,0.208980841,3
765,8,0.765479544,0,0.551013936,0,0,0.861892058,0.105665728,0.638023991,0.432214615,0.63548682,0.222674104,0,0.224465049,0.000597,0.0939,0.0528,0.0864,0.743689719,0.97128892,0,1.335746134,0.278641121,1
765,9,0.861164487,0,0.619890678,0,0,0.969628566,0.118873944,0.71777699,0.486241442,0.714922672,0.250508367,0,0.25252318,0.000672,0.105609761,0.0594,0.0972,0.836650934,1.092700035,0,1.5027144,0.313471261,1
765,8,0.765479544,0,0.551013936,0,0,0.861892058,0.105665728,0.638023991,0.432214615,0.63548682,0.222674104,0,0.224465049,0.000597,0.0939,0.0528,0.0864,0.743689719,0.97128892,0,1.335746134,0.278641121,1
765,7,0.669794601,0,0.482137194,0,0,0.754155551,0.0925,0.558270992,0.378187788,0.556050967,0.194839841,0,0.196406918,0.000522,0.0821,0.0462,0.0756,0.650728504,0.849877805,0,1.168777867,0.243810981,1
765,5,0.478424715,0,0.34438371,0,0,0.538682536,0.066,0.398764994,0.270134134,0.397179262,0.139171315,0,0.140290655,0.000373,0.0587,0.033,0.054,0.464806074,0.607055575,0,0.834841334,0.174150701,3
765,7,0.669794601,0,0.482137194,0,0,0.754155551,0.0925,0.558270992,0.378187788,0.556050967,0.194839841,0,0.196406918,0.000522,0.0821,0.0462,0.0756,0.650728504,0.849877805,0,1.168777867,0.243810981,1
765,7,0.669794601,0,0.482137194,0,0,0.754155551,0.0925,0.558270992,0.378187788,0.556050967,0.194839841,0,0.196406918,0.000522,0.0821,0.0462,0.0756,0.650728504,0.849877805,0,1.168777867,0.243810981,1
765,8,0.765479544,0,0.551013936,0,0,0.861892058,0.105665728,0.638023991,0.432214615,0.63548682,0.222674104,0,0.224465049,0.000597,0.0939,0.0528,0.0864,0.743689719,0.97128892,0,1.335746134,0.278641121,1
765,6,0.574109658,0,0.413260452,0,0,0.646419044,0.0792,0.478517993,0.324160961,0.476615115,0.167005578,0,0.168348786,0.000448,0.0704,0.0396,0.0648,0.557767289,0.72846669,0,1.0018096,0.208980841,3
765,6,0.574109658,0,0.413260452,0,0,0.646419044,0.0792,0.478517993,0.324160961,0.476615115,0.167005578,0,0.168348786,0.000448,0.0704,0.0396,0.0648,0.557767289,0.72846669,0,1.0018096,0.208980841,3
765,8,0.765479544,0,0.551013936,0,0,0.861892058,0.105665728,0.638023991,0.432214615,0.63548682,0.222674104,0,0.224465049,0.000597,0.0939,0.0528,0.0864,0.743689719,0.97128892,0,1.335746134,0.278641121,1
765,9,0.861164487,0,0.619890678,0,0,0.969628566,0.118873944,0.71777699,0.486241442,0.714922672,0.250508367,0,0.25252318,0.000672,0.105609761,0.0594,0.0972,0.836650934,1.092700035,0,1.5027144,0.313471261,1
765,8,0.765479544,0,0.551013936,0,0,0.861892058,0.105665728,0.638023991,0.432214615,0.63548682,0.222674104,0,0.224465049,0.000597,0.0939,0.0528,0.0864,0.743689719,0.97128892,0,1.335746134,0.278641121,1
765,7,0.669794601,0,0.482137194,0,0,0.754155551,0.0925,0.558270992,0.378187788,0.556050967,0.194839841,0,0.196406918,0.000522,0.0821,0.0462,0.0756,0.650728504,0.849877805,0,1.168777867,0.243810981,1
765,9,0.861164487,0,0.619890678,0,0,0.969628566,0.118873944,0.71777699,0.486241442,0.714922672,0.250508367,0,0.25252318,0.000672,0.105609761,0.0594,0.0972,0.836650934,1.092700035,0,1.5027144,0.313471261,1
765,7,0.669794601,0,0.482137194,0,0,0.754155551,0.0925,0.558270992,0.378187788,0.556050967,0.194839841,0,0.196406918,0.000522,0.0821,0.0462,0.0756,0.650728504,0.849877805,0,1.168777867,0.243810981,1
765,8,0.765479544,0,0.551013936,0,0,0.861892058,0.105665728,0.638023991,0.432214615,0.63548682,0.222674104,0,0.224465049,0.000597,0.0939,0.0528,0.0864,0.743689719,0.97128892,0,1.335746134,0.278641121,1
765,8,0.765479544,0,0.551013936,0,0,0.861892058,0.105665728,0.638023991,0.432214615,0.63548682,0.222674104,0,0.224465049,0.000597,0.0939,0.0528,0.0864,0.743689719,0.97128892,0,1.335746134,0.278641121,1
765,9,0.861164487,0,0.619890678,0,0,0.969628566,0.118873944,0.71777699,0.486241442,0.714922672,0.250508367,0,0.25252318,0.000672,0.105609761,0.0594,0.0972,0.836650934,1.092700035,0,1.5027144,0.313471261,1
765,8,0.765479544,0,0.551013936,0,0,0.861892058,0.105665728,0.638023991,0.432214615,0.63548682,0.222674104,0,0.224465049,0.000597,0.0939,0.0528,0.0864,0.743689719,0.97128892,0,1.335746134,0.278641121,1
765,9,0.861164487,0,0.619890678,0,0,0.969628566,0.118873944,0.71777699,0.486241442,0.714922672,0.250508367,0,0.25252318,0.000672,0.105609761,0.0594,0.0972,0.836650934,1.092700035,0,1.5027144,0.313471261,1
765,8,0.765479544,0,0.551013936,0,0,0.861892058,0.105665728,0.638023991,0.432214615,0.63548682,0.222674104,0,0.224465049,0.000597,0.0939,0.0528,0.0864,0.743689719,0.97128892,0,1.335746134,0.278641121,1
765,8,0.765479544,0,0.551013936,0,0,0.861892058,0.105665728,0.638023991,0.432214615,0.63548682,0.222674104,0,0.224465049,0.000597,0.0939,0.0528,0.0864,0.743689719,0.97128892,0,1.335746134,0.278641121,1
765,9,0.861164487,0,0.619890678,0,0,0.969628566,0.118873944,0.71777699,0.486241442,0.714922672,0.250508367,0,0.25252318,0.000672,0.105609761,0.0594,0.0972,0.836650934,1.092700035,0,1.5027144,0.313471261,1
765,5,0.478424715,0,0.34438371,0,0,0.538682536,0.066,0.398764994,0.270134134,0.397179262,0.139171315,0,0.140290655,0.000373,0.0587,0.033,0.054,0.464806074,0.607055575,0,0.834841334,0.174150701,3
765,6,0.574109658,0,0.413260452,0,0,0.646419044,0.0792,0.478517993,0.324160961,0.476615115,0.167005578,0,0.168348786,0.000448,0.0704,0.0396,0.0648,0.557767289,0.72846669,0,1.0018096,0.208980841,3
765,5,0.478424715,0,0.34438371,0,0,0.538682536,0.066,0.398764994,0.270134134,0.397179262,0.139171315,0,0.140290655,0.000373,0.0587,0.033,0.054,0.464806074,0.607055575,0,0.834841334,0.174150701,3
765,5,0.478424715,0,0.34438371,0,0,0.538682536,0.066,0.398764994,0.270134134,0.397179262,0.139171315,0,0.140290655,0.000373,0.0587,0.033,0.054,0.464806074,0.607055575,0,0.834841334,0.174150701,3
765,9,0.861164487,0,0.619890678,0,0,0.969628566,0.118873944,0.71777699,0.486241442,0.714922672,0.250508367,0,0.25252318,0.000672,0.105609761,0.0594,0.0972,0.836650934,1.092700035,0,1.5027144,0.313471261,1
765,7,0.669794601,0,0.482137194,0,0,0.754155551,0.0925,0.558270992,0.378187788,0.556050967,0.194839841,0,0.196406918,0.000522,0.0821,0.0462,0.0756,0.650728504,0.849877805,0,1.168777867,0.243810981,1
765,5,0.478424715,0,0.34438371,0,0,0.538682536,0.066,0.398764994,0.270134134,0.397179262,0.139171315,0,0.140290655,0.000373,0.0587,0.033,0.054,0.464806074,0.607055575,0,0.834841334,0.174150701,3
765,6,0.574109658,0,0.413260452,0,0,0.646419044,0.0792,0.478517993,0.324160961,0.476615115,0.167005578,0,0.168348786,0.000448,0.0704,0.0396,0.0648,0.557767289,0.72846669,0,1.0018096,0.208980841,3
765,8,0.765479544,0,0.551013936,0,0,0.861892058,0.105665728,0.638023991,0.432214615,0.63548682,0.222674104,0,0.224465049,0.000597,0.0939,0.0528,0.0864,0.743689719,0.97128892,0,1.335746134,0.278641121,1
765,6,0.574109658,0,0.413260452,0,0,0.646419044,0.0792,0.478517993,0.324160961,0.476615115,0.167005578,0,0.168348786,0.000448,0.0704,0.0396,0.0648,0.557767289,0.72846669,0,1.0018096,0.208980841,3
765,9,0.861164487,0,0.619890678,0,0,0.969628566,0.118873944,0.71777699,0.486241442,0.714922672,0.250508367,0,0.25252318,0.000672,0.105609761,0.0594,0.0972,0.836650934,1.092700035,0,1.5027144,0.313471261,1
765,9,0.861164487,0,0.619890678,0,0,0.969628566,0.118873944,0.71777699,0.486241442,0.714922672,0.250508367,0,0.25252318,0.000672,0.105609761,0.0594,0.0972,0.836650934,1.092700035,0,1.5027144,0.313471261,1
765,9,0.861164487,0,0.619890678,0,0,0.969628566,0.118873944,0.71777699,0.486241442,0.714922672,0.250508367,0,0.25252318,0.000672,0.105609761,0.0594,0.0972,0.836650934,1.092700035,0,1.5027144,0.313471261,1
765,9,0.861164487,0,0.619890678,0,0,0.969628566,0.118873944,0.71777699,0.486241442,0.714922672,0.250508367,0,0.25252318,0.000672,0.105609761,0.0594,0.0972,0.836650934,1.092700035,0,1.5027144,0.313471261,1
765,4,0.382739772,0,0.275506968,0,0,0.430946029,0.0528,0.319011996,0.216107307,0.31774341,0.111337052,0,0.112232524,0.000298,0.0469,0.0264,0.0432,0.371844859,0.48564446,0,0.667873067,0.13932056,3
765,9,0.861164487,0,0.619890678,0,0,0.969628566,0.118873944,0.71777699,0.486241442,0.714922672,0.250508367,0,0.25252318,0.000672,0.105609761,0.0594,0.0972,0.836650934,1.092700035,0,1.5027144,0.313471261,1
765,9,0.861164487,0,0.619890678,0,0,0.969628566,0.118873944,0.71777699,0.486241442,0.714922672,0.250508367,0,0.25252318,0.000672,0.105609761,0.0594,0.0972,0.836650934,1.092700035,0,1.5027144,0.313471261,1
765,7,0.669794601,0,0.482137194,0,0,0.754155551,0.0925,0.558270992,0.378187788,0.556050967,0.194839841,0,0.196406918,0.000522,0.0821,0.0462,0.0756,0.650728504,0.849877805,0,1.168777867,0.243810981,1
765,6,0.574109658,0,0.413260452,0,0,0.646419044,0.0792,0.478517993,0.324160961,0.476615115,0.167005578,0,0.168348786,0.000448,0.0704,0.0396,0.0648,0.557767289,0.72846669,0,1.0018096,0.208980841,3
765,7,0.669794601,0,0.482137194,0,0,0.754155551,0.0925,0.558270992,0.378187788,0.556050967,0.194839841,0,0.196406918,0.000522,0.0821,0.0462,0.0756,0.650728504,0.849877805,0,1.168777867,0.243810981,1
765,9,0.861164487,0,0.619890678,0,0,0.969628566,0.118873944,0.71777699,0.486241442,0.714922672,0.250508367,0,0.25252318,0.000672,0.105609761,0.0594,0.0972,0.836650934,1.092700035,0,1.5027144,0.313471261,1
765,9,0.861164487,0,0.619890678,0,0,0.969628566,0.118873944,0.71777699,0.486241442,0.714922672,0.250508367,0,0.25252318,0.000672,0.105609761,0.0594,0.0972,0.836650934,1.092700035,0,1.5027144,0.313471261,1
765,9,0.861164487,0,0.619890678,0,0,0.969628566,0.118873944,0.71777699,0.486241442,0.714922672,0.250508367,0,0.25252318,0.000672,0.105609761,0.0594,0.0972,0.836650934,1.092700035,0,1.5027144,0.313471261,1
765,7,0.669794601,0,0.482137194,0,0,0.754155551,0.0925,0.558270992,0.378187788,0.556050967,0.194839841,0,0.196406918,0.000522,0.0821,0.0462,0.0756,0.650728504,0.849877805,0,1.168777867,0.243810981,1
765,9,0.861164487,0,0.619890678,0,0,0.969628566,0.118873944,0.71777699,0.486241442,0.714922672,0.250508367,0,0.25252318,0.000672,0.105609761,0.0594,0.0972,0.836650934,1.092700035,0,1.5027144,0.313471261,1
765,7,0.669794601,0,0.482137194,0,0,0.754155551,0.0925,0.558270992,0.378187788,0.556050967,0.194839841,0,0.196406918,0.000522,0.0821,0.0462,0.0756,0.650728504,0.849877805,0,1.168777867,0.243810981,1
765,8,0.765479544,0,0.551013936,0,0,0.861892058,0.105665728,0.638023991,0.432214615,0.63548682,0.222674104,0,0.224465049,0.000597,0.0939,0.0528,0.0864,0.743689719,0.97128892,0,1.335746134,0.278641121,1
765,7,0.669794601,0,0.482137194,0,0,0.754155551,0.0925,0.558270992,0.378187788,0.556050967,0.194839841,0,0.196406918,0.000522,0.0821,0.0462,0.0756,0.650728504,0.849877805,0,1.168777867,0.243810981,1
765,8,0.765479544,0,0.551013936,0,0,0.861892058,0.105665728,0.638023991,0.432214615,0.63548682,0.222674104,0,0.224465049,0.000597,0.0939,0.0528,0.0864,0.743689719,0.97128892,0,1.335746134,0.278641121,1
765,8,0.765479544,0,0.551013936,0,0,0.861892058,0.105665728,0.638023991,0.432214615,0.63548682,0.222674104,0,0.224465049,0.000597,0.0939,0.0528,0.0864,0.743689719,0.97128892,0,1.335746134,0.278641121,1
765,5,0.478424715,0,0.34438371,0,0,0.538682536,0.066,0.398764994,0.270134134,0.397179262,0.139171315,0,0.140290655,0.000373,0.0587,0.033,0.054,0.464806074,0.607055575,0,0.834841334,0.174150701,3
765,7,0.669794601,0,0.482137194,0,0,0.754155551,0.0925,0.558270992,0.378187788,0.556050967,0.194839841,0,0.196406918,0.000522,0.0821,0.0462,0.0756,0.650728504,0.849877805,0,1.168777867,0.243810981,1
765,5,0.478424715,0,0.34438371,0,0,0.538682536,0.066,0.398764994,0.270134134,0.397179262,0.139171315,0,0.140290655,0.000373,0.0587,0.033,0.054,0.464806074,0.607055575,0,0.834841334,0.174150701,3
765,8,0.765479544,0,0.551013936,0,0,0.861892058,0.105665728,0.638023991,0.432214615,0.63548682,0.222674104,0,0.224465049,0.000597,0.0939,0.0528,0.0864,0.743689719,0.97128892,0,1.335746134,0.278641121,1
765,8,0.765479544,0,0.551013936,0,0,0.861892058,0.105665728,0.638023991,0.432214615,0.63548682,0.222674104,0,0.224465049,0.000597,0.0939,0.0528,0.0864,0.743689719,0.97128892,0,1.335746134,0.278641121,1
765,8,0.765479544,0,0.551013936,0,0,0.861892058,0.105665728,0.638023991,0.432214615,0.63548682,0.222674104,0,0.224465049,0.000597,0.0939,0.0528,0.0864,0.743689719,0.97128892,0,1.335746134,0.278641121,1
765,9,0.861164487,0,0.619890678,0,0,0.969628566,0.118873944,0.71777699,0.486241442,0.714922672,0.250508367,0,0.25252318,0.000672,0.105609761,0.0594,0.0972,0.836650934,1.092700035,0,1.5027144,0.313471261,1
765,9,0.861164487,0,0.619890678,0,0,0.969628566,0.118873944,0.71777699,0.486241442,0.714922672,0.250508367,0,0.25252318,0.000672,0.105609761,0.0594,0.0972,0.836650934,1.092700035,0,1.5027144,0.313471261,1
765,9,0.861164487,0,0.619890678,0,0,0.969628566,0.118873944,0.71777699,0.486241442,0.714922672,0.250508367,0,0.25252318,0.000672,0.105609761,0.0594,0.0972,0.836650934,1.092700035,0,1.5027144,0.313471261,1
765,5,0.478424715,0,0.34438371,0,0,0.538682536,0.066,0.398764994,0.270134134,0.397179262,0.139171315,0,0.140290655,0.000373,0.0587,0.033,0.054,0.464806074,0.607055575,0,0.834841334,0.174150701,3
765,8,0.765479544,0,0.551013936,0,0,0.861892058,0.105665728,0.638023991,0.432214615,0.63548682,0.222674104,0,0.224465049,0.000597,0.0939,0.0528,0.0864,0.743689719,0.97128892,0,1.335746134,0.278641121,1
765,5,0.478424715,0,0.34438371,0,0,0.538682536,0.066,0.398764994,0.270134134,0.397179262,0.139171315,0,0.140290655,0.000373,0.0587,0.033,0.054,0.464806074,0.607055575,0,0.834841334,0.174150701,3
765,6,0.574109658,0,0.413260452,0,0,0.646419044,0.0792,0.478517993,0.324160961,0.476615115,0.167005578,0,0.168348786,0.000448,0.0704,0.0396,0.0648,0.557767289,0.72846669,0,1.0018096,0.208980841,3
765,6,0.574109658,0,0.413260452,0,0,0.646419044,0.0792,0.478517993,0.324160961,0.476615115,0.167005578,0,0.168348786,0.000448,0.0704,0.0396,0.0648,0.557767289,0.72846669,0,1.0018096,0.208980841,3
765,7,0.669794601,0,0.482137194,0,0,0.754155551,0.0925,0.558270992,0.378187788,0.556050967,0.194839841,0,0.196406918,0.000522,0.0821,0.0462,0.0756,0.650728504,0.849877805,0,1.168777867,0.243810981,1
765,6,0.574109658,0,0.413260452,0,0,0.646419044,0.0792,0.478517993,0.324160961,0.476615115,0.167005578,0,0.168348786,0.000448,0.0704,0.0396,0.0648,0.557767289,0.72846669,0,1.0018096,0.208980841,3
765,9,0.861164487,0,0.619890678,0,0,0.969628566,0.118873944,0.71777699,0.486241442,0.714922672,0.250508367,0,0.25252318,0.000672,0.105609761,0.0594,0.0972,0.836650934,1.092700035,0,1.5027144,0.313471261,1
765,8,0.765479544,0,0.551013936,0,0,0.861892058,0.105665728,0.638023991,0.432214615,0.63548682,0.222674104,0,0.224465049,0.000597,0.0939,0.0528,0.0864,0.743689719,0.97128892,0,1.335746134,0.278641121,1
765,8,0.765479544,0,0.551013936,0,0,0.861892058,0.105665728,0.638023991,0.432214615,0.63548682,0.222674104,0,0.224465049,0.000597,0.0939,0.0528,0.0864,0.743689719,0.97128892,0,1.335746134,0.278641121,1
765,9,0.861164487,0,0.619890678,0,0,0.969628566,0.118873944,0.71777699,0.486241442,0.714922672,0.250508367,0,0.25252318,0.000672,0.105609761,0.0594,0.0972,0.836650934,1.092700035,0,1.5027144,0.313471261,1
765,5,0.478424715,0,0.34438371,0,0,0.538682536,0.066,0.398764994,0.270134134,0.397179262,0.139171315,0,0.140290655,0.000373,0.0587,0.033,0.054,0.464806074,0.607055575,0,0.834841334,0.174150701,3
765,5,0.478424715,0,0.34438371,0,0,0.538682536,0.066,0.398764994,0.270134134,0.397179262,0.139171315,0,0.140290655,0.000373,0.0587,0.033,0.054,0.464806074,0.607055575,0,0.834841334,0.174150701,3
765,4,0.382739772,0,0.275506968,0,0,0.430946029,0.0528,0.319011996,0.216107307,0.31774341,0.111337052,0,0.112232524,0.000298,0.0469,0.0264,0.0432,0.371844859,0.48564446,0,0.667873067,0.13932056,3
765,3,0.287054829,0,0.206630226,0,0,0.323209522,0.0396,0.239258997,0.162080481,0.238307557,0.0835,0,0.0842,0.000224,0.0352,0.0198,0.0324,0.278883645,0.364233345,0,0.5009048,0.10449042,3
765,8,0.765479544,0,0.551013936,0,0,0.861892058,0.105665728,0.638023991,0.432214615,0.63548682,0.222674104,0,0.224465049,0.000597,0.0939,0.0528,0.0864,0.743689719,0.97128892,0,1.335746134,0.278641121,1
765,5,0.478424715,0,0.34438371,0,0,0.538682536,0.066,0.398764994,0.270134134,0.397179262,0.139171315,0,0.140290655,0.000373,0.0587,0.033,0.054,0.464806074,0.607055575,0,0.834841334,0.174150701,3
765,8,0.765479544,0,0.551013936,0,0,0.861892058,0.105665728,0.638023991,0.432214615,0.63548682,0.222674104,0,0.224465049,0.000597,0.0939,0.0528,0.0864,0.743689719,0.97128892,0,1.335746134,0.278641121,1
765,9,0.861164487,0,0.619890678,0,0,0.969628566,0.118873944,0.71777699,0.486241442,0.714922672,0.250508367,0,0.25252318,0.000672,0.105609761,0.0594,0.0972,0.836650934,1.092700035,0,1.5027144,0.313471261,1
765,9,0.861164487,0,0.619890678,0,0,0.969628566,0.118873944,0.71777699,0.486241442,0.714922672,0.250508367,0,0.25252318,0.000672,0.105609761,0.0594,0.0972,0.836650934,1.092700035,0,1.5027144,0.313471261,1
765,8,0.765479544,0,0.551013936,0,0,0.861892058,0.105665728,0.638023991,0.432214615,0.63548682,0.222674104,0,0.224465049,0.000597,0.0939,0.0528,0.0864,0.743689719,0.97128892,0,1.335746134,0.278641121,1
765,6,0.574109658,0,0.413260452,0,0,0.646419044,0.0792,0.478517993,0.324160961,0.476615115,0.167005578,0,0.168348786,0.000448,0.0704,0.0396,0.0648,0.557767289,0.72846669,0,1.0018096,0.208980841,3
765,6,0.574109658,0,0.413260452,0,0,0.646419044,0.0792,0.478517993,0.324160961,0.476615115,0.167005578,0,0.168348786,0.000448,0.0704,0.0396,0.0648,0.557767289,0.72846669,0,1.0018096,0.208980841,3
765,3,0.287054829,0,0.206630226,0,0,0.323209522,0.0396,0.239258997,0.162080481,0.238307557,0.0835,0,0.0842,0.000224,0.0352,0.0198,0.0324,0.278883645,0.364233345,0,0.5009048,0.10449042,3
765,7,0.669794601,0,0.482137194,0,0,0.754155551,0.0925,0.558270992,0.378187788,0.556050967,0.194839841,0,0.196406918,0.000522,0.0821,0.0462,0.0756,0.650728504,0.849877805,0,1.168777867,0.243810981,1
765,4,0.382739772,0,0.275506968,0,0,0.430946029,0.0528,0.319011996,0.216107307,0.31774341,0.111337052,0,0.112232524,0.000298,0.0469,0.0264,0.0432,0.371844859,0.48564446,0,0.667873067,0.13932056,3
765,8,0.765479544,0,0.551013936,0,0,0.861892058,0.105665728,0.638023991,0.432214615,0.63548682,0.222674104,0,0.224465049,0.000597,0.0939,0.0528,0.0864,0.743689719,0.97128892,0,1.335746134,0.278641121,1
765,8,0.765479544,0,0.551013936,0,0,0.861892058,0.105665728,0.638023991,0.432214615,0.63548682,0.222674104,0,0.224465049,0.000597,0.0939,0.0528,0.0864,0.743689719,0.97128892,0,1.335746134,0.278641121,1
765,9,0.861164487,0,0.619890678,0,0,0.969628566,0.118873944,0.71777699,0.486241442,0.714922672,0.250508367,0,0.25252318,0.000672,0.105609761,0.0594,0.0972,0.836650934,1.092700035,0,1.5027144,0.313471261,1
765,9,0.861164487,0,0.619890678,0,0,0.969628566,0.118873944,0.71777699,0.486241442,0.714922672,0.250508367,0,0.25252318,0.000672,0.105609761,0.0594,0.0972,0.836650934,1.092700035,0,1.5027144,0.313471261,1
765,7,0.669794601,0,0.482137194,0,0,0.754155551,0.0925,0.558270992,0.378187788,0.556050967,0.194839841,0,0.196406918,0.000522,0.0821,0.0462,0.0756,0.650728504,0.849877805,0,1.168777867,0.243810981,1
765,7,0.669794601,0,0.482137194,0,0,0.754155551,0.0925,0.558270992,0.378187788,0.556050967,0.194839841,0,0.196406918,0.000522,0.0821,0.0462,0.0756,0.650728504,0.849877805,0,1.168777867,0.243810981,1
765,7,0.669794601,0,0.482137194,0,0,0.754155551,0.0925,0.558270992,0.378187788,0.556050967,0.194839841,0,0.196406918,0.000522,0.0821,0.0462,0.0756,0.650728504,0.849877805,0,1.168777867,0.243810981,1
765,8,0.765479544,0,0.551013936,0,0,0.861892058,0.105665728,0.638023991,0.432214615,0.63548682,0.222674104,0,0.224465049,0.000597,0.0939,0.0528,0.0864,0.743689719,0.97128892,0,1.335746134,0.278641121,1
765,8,0.765479544,0,0.551013936,0,0,0.861892058,0.105665728,0.638023991,0.432214615,0.63548682,0.222674104,0,0.224465049,0.000597,0.0939,0.0528,0.0864,0.743689719,0.97128892,0,1.335746134,0.278641121,1
765,6,0.574109658,0,0.413260452,0,0,0.646419044,0.0792,0.478517993,0.324160961,0.476615115,0.167005578,0,0.168348786,0.000448,0.0704,0.0396,0.0648,0.557767289,0.72846669,0,1.0018096,0.208980841,3
765,8,0.765479544,0,0.551013936,0,0,0.861892058,0.105665728,0.638023991,0.432214615,0.63548682,0.222674104,0,0.224465049,0.000597,0.0939,0.0528,0.0864,0.743689719,0.97128892,0,1.335746134,0.278641121,1
765,9,0.861164487,0,0.619890678,0,0,0.969628566,0.118873944,0.71777699,0.486241442,0.714922672,0.250508367,0,0.25252318,0.000672,0.105609761,0.0594,0.0972,0.836650934,1.092700035,0,1.5027144,0.313471261,1
765,8,0.765479544,0,0.551013936,0,0,0.861892058,0.105665728,0.638023991,0.432214615,0.63548682,0.222674104,0,0.224465049,0.000597,0.0939,0.0528,0.0864,0.743689719,0.97128892,0,1.335746134,0.278641121,1
765,9,0.861164487,0,0.619890678,0,0,0.969628566,0.118873944,0.71777699,0.486241442,0.714922672,0.250508367,0,0.25252318,0.000672,0.105609761,0.0594,0.0972,0.836650934,1.092700035,0,1.5027144,0.313471261,1
765,7,0.669794601,0,0.482137194,0,0,0.754155551,0.0925,0.558270992,0.378187788,0.556050967,0.194839841,0,0.196406918,0.000522,0.0821,0.0462,0.0756,0.650728504,0.849877805,0,1.168777867,0.243810981,1
765,7,0.669794601,0,0.482137194,0,0,0.754155551,0.0925,0.558270992,0.378187788,0.556050967,0.194839841,0,0.196406918,0.000522,0.0821,0.0462,0.0756,0.650728504,0.849877805,0,1.168777867,0.243810981,1
765,5,0.478424715,0,0.34438371,0,0,0.538682536,0.066,0.398764994,0.270134134,0.397179262,0.139171315,0,0.140290655,0.000373,0.0587,0.033,0.054,0.464806074,0.607055575,0,0.834841334,0.174150701,3
765,8,0.765479544,0,0.551013936,0,0,0.861892058,0.105665728,0.638023991,0.432214615,0.63548682,0.222674104,0,0.224465049,0.000597,0.0939,0.0528,0.0864,0.743689719,0.97128892,0,1.335746134,0.278641121,1
765,8,0.765479544,0,0.551013936,0,0,0.861892058,0.105665728,0.638023991,0.432214615,0.63548682,0.222674104,0,0.224465049,0.000597,0.0939,0.0528,0.0864,0.743689719,0.97128892,0,1.335746134,0.278641121,1
765,9,0.861164487,0,0.619890678,0,0,0.969628566,0.118873944,0.71777699,0.486241442,0.714922672,0.250508367,0,0.25252318,0.000672,0.105609761,0.0594,0.0972,0.836650934,1.092700035,0,1.5027144,0.313471261,1
765,8,0.765479544,0,0.551013936,0,0,0.861892058,0.105665728,0.638023991,0.432214615,0.63548682,0.222674104,0,0.224465049,0.000597,0.0939,0.0528,0.0864,0.743689719,0.97128892,0,1.335746134,0.278641121,1
765,6,0.574109658,0,0.413260452,0,0,0.646419044,0.0792,0.478517993,0.324160961,0.476615115,0.167005578,0,0.168348786,0.000448,0.0704,0.0396,0.0648,0.557767289,0.72846669,0,1.0018096,0.208980841,3
765,8,0.765479544,0,0.551013936,0,0,0.861892058,0.105665728,0.638023991,0.432214615,0.63548682,0.222674104,0,0.224465049,0.000597,0.0939,0.0528,0.0864,0.743689719,0.97128892,0,1.335746134,0.278641121,1
765,9,0.861164487,0,0.619890678,0,0,0.969628566,0.118873944,0.71777699,0.486241442,0.714922672,0.250508367,0,0.25252318,0.000672,0.105609761,0.0594,0.0972,0.836650934,1.092700035,0,1.5027144,0.313471261,1
765,5,0.478424715,0,0.34438371,0,0,0.538682536,0.066,0.398764994,0.270134134,0.397179262,0.139171315,0,0.140290655,0.000373,0.0587,0.033,0.054,0.464806074,0.607055575,0,0.834841334,0.174150701,3
765,7,0.669794601,0,0.482137194,0,0,0.754155551,0.0925,0.558270992,0.378187788,0.556050967,0.194839841,0,0.196406918,0.000522,0.0821,0.0462,0.0756,0.650728504,0.849877805,0,1.168777867,0.243810981,1
765,8,0.765479544,0,0.551013936,0,0,0.861892058,0.105665728,0.638023991,0.432214615,0.63548682,0.222674104,0,0.224465049,0.000597,0.0939,0.0528,0.0864,0.743689719,0.97128892,0,1.335746134,0.278641121,1
765,6,0.574109658,0,0.413260452,0,0,0.646419044,0.0792,0.478517993,0.324160961,0.476615115,0.167005578,0,0.168348786,0.000448,0.0704,0.0396,0.0648,0.557767289,0.72846669,0,1.0018096,0.208980841,3
765,8,0.765479544,0,0.551013936,0,0,0.861892058,0.105665728,0.638023991,0.432214615,0.63548682,0.222674104,0,0.224465049,0.000597,0.0939,0.0528,0.0864,0.743689719,0.97128892,0,1.335746134,0.278641121,1
765,4,0.382739772,0,0.275506968,0,0,0.430946029,0.0528,0.319011996,0.216107307,0.31774341,0.111337052,0,0.112232524,0.000298,0.0469,0.0264,0.0432,0.371844859,0.48564446,0,0.667873067,0.13932056,3
765,8,0.765479544,0,0.551013936,0,0,0.861892058,0.105665728,0.638023991,0.432214615,0.63548682,0.222674104,0,0.224465049,0.000597,0.0939,0.0528,0.0864,0.743689719,0.97128892,0,1.335746134,0.278641121,1
765,5,0.478424715,0,0.34438371,0,0,0.538682536,0.066,0.398764994,0.270134134,0.397179262,0.139171315,0,0.140290655,0.000373,0.0587,0.033,0.054,0.464806074,0.607055575,0,0.834841334,0.174150701,3
765,9,0.861164487,0,0.619890678,0,0,0.969628566,0.118873944,0.71777699,0.486241442,0.714922672,0.250508367,0,0.25252318,0.000672,0.105609761,0.0594,0.0972,0.836650934,1.092700035,0,1.5027144,0.313471261,1
765,8,0.765479544,0,0.551013936,0,0,0.861892058,0.105665728,0.638023991,0.432214615,0.63548682,0.222674104,0,0.224465049,0.000597,0.0939,0.0528,0.0864,0.743689719,0.97128892,0,1.335746134,0.278641121,1
765,6,0.574109658,0,0.413260452,0,0,0.646419044,0.0792,0.478517993,0.324160961,0.476615115,0.167005578,0,0.168348786,0.000448,0.0704,0.0396,0.0648,0.557767289,0.72846669,0,1.0018096,0.208980841,3
765,7,0.669794601,0,0.482137194,0,0,0.754155551,0.0925,0.558270992,0.378187788,0.556050967,0.194839841,0,0.196406918,0.000522,0.0821,0.0462,0.0756,0.650728504,0.849877805,0,1.168777867,0.243810981,1
765,9,0.861164487,0,0.619890678,0,0,0.969628566,0.118873944,0.71777699,0.486241442,0.714922672,0.250508367,0,0.25252318,0.000672,0.105609761,0.0594,0.0972,0.836650934,1.092700035,0,1.5027144,0.313471261,1
765,8,0.765479544,0,0.551013936,0,0,0.861892058,0.105665728,0.638023991,0.432214615,0.63548682,0.222674104,0,0.224465049,0.000597,0.0939,0.0528,0.0864,0.743689719,0.97128892,0,1.335746134,0.278641121,1
765,7,0.669794601,0,0.482137194,0,0,0.754155551,0.0925,0.558270992,0.378187788,0.556050967,0.194839841,0,0.196406918,0.000522,0.0821,0.0462,0.0756,0.650728504,0.849877805,0,1.168777867,0.243810981,1
765,7,0.669794601,0,0.482137194,0,0,0.754155551,0.0925,0.558270992,0.378187788,0.556050967,0.194839841,0,0.196406918,0.000522,0.0821,0.0462,0.0756,0.650728504,0.849877805,0,1.168777867,0.243810981,1
765,7,0.669794601,0,0.482137194,0,0,0.754155551,0.0925,0.558270992,0.378187788,0.556050967,0.194839841,0,0.196406918,0.000522,0.0821,0.0462,0.0756,0.650728504,0.849877805,0,1.168777867,0.243810981,1
765,7,0.669794601,0,0.482137194,0,0,0.754155551,0.0925,0.558270992,0.378187788,0.556050967,0.194839841,0,0.196406918,0.000522,0.0821,0.0462,0.0756,0.650728504,0.849877805,0,1.168777867,0.243810981,1
765,7,0.669794601,0,0.482137194,0,0,0.754155551,0.0925,0.558270992,0.378187788,0.556050967,0.194839841,0,0.196406918,0.000522,0.0821,0.0462,0.0756,0.650728504,0.849877805,0,1.168777867,0.243810981,1
765,8,0.765479544,0,0.551013936,0,0,0.861892058,0.105665728,0.638023991,0.432214615,0.63548682,0.222674104,0,0.224465049,0.000597,0.0939,0.0528,0.0864,0.743689719,0.97128892,0,1.335746134,0.278641121,1
765,5,0.478424715,0,0.34438371,0,0,0.538682536,0.066,0.398764994,0.270134134,0.397179262,0.139171315,0,0.140290655,0.000373,0.0587,0.033,0.054,0.464806074,0.607055575,0,0.834841334,0.174150701,3
765,4,0.382739772,0,0.275506968,0,0,0.430946029,0.0528,0.319011996,0.216107307,0.31774341,0.111337052,0,0.112232524,0.000298,0.0469,0.0264,0.0432,0.371844859,0.48564446,0,0.667873067,0.13932056,3
765,9,0.861164487,0,0.619890678,0,0,0.969628566,0.118873944,0.71777699,0.486241442,0.714922672,0.250508367,0,0.25252318,0.000672,0.105609761,0.0594,0.0972,0.836650934,1.092700035,0,1.5027144,0.313471261,1
765,6,0.574109658,0,0.413260452,0,0,0.646419044,0.0792,0.478517993,0.324160961,0.476615115,0.167005578,0,0.168348786,0.000448,0.0704,0.0396,0.0648,0.557767289,0.72846669,0,1.0018096,0.208980841,3
765,9,0.861164487,0,0.619890678,0,0,0.969628566,0.118873944,0.71777699,0.486241442,0.714922672,0.250508367,0,0.25252318,0.000672,0.105609761,0.0594,0.0972,0.836650934,1.092700035,0,1.5027144,0.313471261,1
765,9,0.861164487,0,0.619890678,0,0,0.969628566,0.118873944,0.71777699,0.486241442,0.714922672,0.250508367,0,0.25252318,0.000672,0.105609761,0.0594,0.0972,0.836650934,1.092700035,0,1.5027144,0.313471261,1
765,9,0.861164487,0,0.619890678,0,0,0.969628566,0.118873944,0.71777699,0.486241442,0.714922672,0.250508367,0,0.25252318,0.000672,0.105609761,0.0594,0.0972,0.836650934,1.092700035,0,1.5027144,0.313471261,1
765,9,0.861164487,0,0.619890678,0,0,0.969628566,0.118873944,0.71777699,0.486241442,0.714922672,0.250508367,0,0.25252318,0.000672,0.105609761,0.0594,0.0972,0.836650934,1.092700035,0,1.5027144,0.313471261,1
765,3,0.287054829,0,0.206630226,0,0,0.323209522,0.0396,0.239258997,0.162080481,0.238307557,0.0835,0,0.0842,0.000224,0.0352,0.0198,0.0324,0.278883645,0.364233345,0,0.5009048,0.10449042,3
765,5,0.478424715,0,0.34438371,0,0,0.538682536,0.066,0.398764994,0.270134134,0.397179262,0.139171315,0,0.140290655,0.000373,0.0587,0.033,0.054,0.464806074,0.607055575,0,0.834841334,0.174150701,3
765,9,0.861164487,0,0.619890678,0,0,0.969628566,0.118873944,0.71777699,0.486241442,0.714922672,0.250508367,0,0.25252318,0.000672,0.105609761,0.0594,0.0972,0.836650934,1.092700035,0,1.5027144,0.313471261,1
765,9,0.861164487,0,0.619890678,0,0,0.969628566,0.118873944,0.71777699,0.486241442,0.714922672,0.250508367,0,0.25252318,0.000672,0.105609761,0.0594,0.0972,0.836650934,1.092700035,0,1.5027144,0.313471261,1
765,9,0.861164487,0,0.619890678,0,0,0.969628566,0.118873944,0.71777699,0.486241442,0.714922672,0.250508367,0,0.25252318,0.000672,0.105609761,0.0594,0.0972,0.836650934,1.092700035,0,1.5027144,0.313471261,1
765,5,0.478424715,0,0.34438371,0,0,0.538682536,0.066,0.398764994,0.270134134,0.397179262,0.139171315,0,0.140290655,0.000373,0.0587,0.033,0.054,0.464806074,0.607055575,0,0.834841334,0.174150701,3
765,7,0.669794601,0,0.482137194,0,0,0.754155551,0.0925,0.558270992,0.378187788,0.556050967,0.194839841,0,0.196406918,0.000522,0.0821,0.0462,0.0756,0.650728504,0.849877805,0,1.168777867,0.243810981,1
765,5,0.478424715,0,0.34438371,0,0,0.538682536,0.066,0.398764994,0.270134134,0.397179262,0.139171315,0,0.140290655,0.000373,0.0587,0.033,0.054,0.464806074,0.607055575,0,0.834841334,0.174150701,3
765,9,0.861164487,0,0.619890678,0,0,0.969628566,0.118873944,0.71777699,0.486241442,0.714922672,0.250508367,0,0.25252318,0.000672,0.105609761,0.0594,0.0972,0.836650934,1.092700035,0,1.5027144,0.313471261,1
765,6,0.574109658,0,0.413260452,0,0,0.646419044,0.0792,0.478517993,0.324160961,0.476615115,0.167005578,0,0.168348786,0.000448,0.0704,0.0396,0.0648,0.557767289,0.72846669,0,1.0018096,0.208980841,3
765,5,0.478424715,0,0.34438371,0,0,0.538682536,0.066,0.398764994,0.270134134,0.397179262,0.139171315,0,0.140290655,0.000373,0.0587,0.033,0.054,0.464806074,0.607055575,0,0.834841334,0.174150701,3
765,7,0.669794601,0,0.482137194,0,0,0.754155551,0.0925,0.558270992,0.378187788,0.556050967,0.194839841,0,0.196406918,0.000522,0.0821,0.0462,0.0756,0.650728504,0.849877805,0,1.168777867,0.243810981,1
765,8,0.765479544,0,0.551013936,0,0,0.861892058,0.105665728,0.638023991,0.432214615,0.63548682,0.222674104,0,0.224465049,0.000597,0.0939,0.0528,0.0864,0.743689719,0.97128892,0,1.335746134,0.278641121,1
765,5,0.478424715,0,0.34438371,0,0,0.538682536,0.066,0.398764994,0.270134134,0.397179262,0.139171315,0,0.140290655,0.000373,0.0587,0.033,0.054,0.464806074,0.607055575,0,0.834841334,0.174150701,3
765,8,0.765479544,0,0.551013936,0,0,0.861892058,0.105665728,0.638023991,0.432214615,0.63548682,0.222674104,0,0.224465049,0.000597,0.0939,0.0528,0.0864,0.743689719,0.97128892,0,1.335746134,0.278641121,1
765,5,0.478424715,0,0.34438371,0,0,0.538682536,0.066,0.398764994,0.270134134,0.397179262,0.139171315,0,0.140290655,0.000373,0.0587,0.033,0.054,0.464806074,0.607055575,0,0.834841334,0.174150701,3
765,9,0.861164487,0,0.619890678,0,0,0.969628566,0.118873944,0.71777699,0.486241442,0.714922672,0.250508367,0,0.25252318,0.000672,0.105609761,0.0594,0.0972,0.836650934,1.092700035,0,1.5027144,0.313471261,1
765,7,0.669794601,0,0.482137194,0,0,0.754155551,0.0925,0.558270992,0.378187788,0.556050967,0.194839841,0,0.196406918,0.000522,0.0821,0.0462,0.0756,0.650728504,0.849877805,0,1.168777867,0.243810981,1
765,5,0.478424715,0,0.34438371,0,0,0.538682536,0.066,0.398764994,0.270134134,0.397179262,0.139171315,0,0.140290655,0.000373,0.0587,0.033,0.054,0.464806074,0.607055575,0,0.834841334,0.174150701,3
765,1,0.0957,0,0.0689,0,0,0.107736507,0.0132,0.0798,0.054,0.0794,0.0278,0,0.0281,7.46E-05,0.0117,0.0066,0.0108,0.093,0.121411115,0,0.166968267,0.0348,3
765,8,0.765479544,0,0.551013936,0,0,0.861892058,0.105665728,0.638023991,0.432214615,0.63548682,0.222674104,0,0.224465049,0.000597,0.0939,0.0528,0.0864,0.743689719,0.97128892,0,1.335746134,0.278641121,1
765,6,0.574109658,0,0.413260452,0,0,0.646419044,0.0792,0.478517993,0.324160961,0.476615115,0.167005578,0,0.168348786,0.000448,0.0704,0.0396,0.0648,0.557767289,0.72846669,0,1.0018096,0.208980841,3
765,6,0.574109658,0,0.413260452,0,0,0.646419044,0.0792,0.478517993,0.324160961,0.476615115,0.167005578,0,0.168348786,0.000448,0.0704,0.0396,0.0648,0.557767289,0.72846669,0,1.0018096,0.208980841,3
765,7,0.669794601,0,0.482137194,0,0,0.754155551,0.0925,0.558270992,0.378187788,0.556050967,0.194839841,0,0.196406918,0.000522,0.0821,0.0462,0.0756,0.650728504,0.849877805,0,1.168777867,0.243810981,1
765,9,0.861164487,0,0.619890678,0,0,0.969628566,0.118873944,0.71777699,0.486241442,0.714922672,0.250508367,0,0.25252318,0.000672,0.105609761,0.0594,0.0972,0.836650934,1.092700035,0,1.5027144,0.313471261,1
765,9,0.861164487,0,0.619890678,0,0,0.969628566,0.118873944,0.71777699,0.486241442,0.714922672,0.250508367,0,0.25252318,0.000672,0.105609761,0.0594,0.0972,0.836650934,1.092700035,0,1.5027144,0.313471261,1
765,7,0.669794601,0,0.482137194,0,0,0.754155551,0.0925,0.558270992,0.378187788,0.556050967,0.194839841,0,0.196406918,0.000522,0.0821,0.0462,0.0756,0.650728504,0.849877805,0,1.168777867,0.243810981,1
765,7,0.669794601,0,0.482137194,0,0,0.754155551,0.0925,0.558270992,0.378187788,0.556050967,0.194839841,0,0.196406918,0.000522,0.0821,0.0462,0.0756,0.650728504,0.849877805,0,1.168777867,0.243810981,1
765,9,0.861164487,0,0.619890678,0,0,0.969628566,0.118873944,0.71777699,0.486241442,0.714922672,0.250508367,0,0.25252318,0.000672,0.105609761,0.0594,0.0972,0.836650934,1.092700035,0,1.5027144,0.313471261,1
765,8,0.765479544,0,0.551013936,0,0,0.861892058,0.105665728,0.638023991,0.432214615,0.63548682,0.222674104,0,0.224465049,0.000597,0.0939,0.0528,0.0864,0.743689719,0.97128892,0,1.335746134,0.278641121,1
765,9,0.861164487,0,0.619890678,0,0,0.969628566,0.118873944,0.71777699,0.486241442,0.714922672,0.250508367,0,0.25252318,0.000672,0.105609761,0.0594,0.0972,0.836650934,1.092700035,0,1.5027144,0.313471261,1
765,9,0.861164487,0,0.619890678,0,0,0.969628566,0.118873944,0.71777699,0.486241442,0.714922672,0.250508367,0,0.25252318,0.000672,0.105609761,0.0594,0.0972,0.836650934,1.092700035,0,1.5027144,0.313471261,1
765,1,0.0957,0,0.0689,0,0,0.107736507,0.0132,0.0798,0.054,0.0794,0.0278,0,0.0281,7.46E-05,0.0117,0.0066,0.0108,0.093,0.121411115,0,0.166968267,0.0348,3
765,9,0.861164487,0,0.619890678,0,0,0.969628566,0.118873944,0.71777699,0.486241442,0.714922672,0.250508367,0,0.25252318,0.000672,0.105609761,0.0594,0.0972,0.836650934,1.092700035,0,1.5027144,0.313471261,1
765,7,0.669794601,0,0.482137194,0,0,0.754155551,0.0925,0.558270992,0.378187788,0.556050967,0.194839841,0,0.196406918,0.000522,0.0821,0.0462,0.0756,0.650728504,0.849877805,0,1.168777867,0.243810981,1
765,9,0.861164487,0,0.619890678,0,0,0.969628566,0.118873944,0.71777699,0.486241442,0.714922672,0.250508367,0,0.25252318,0.000672,0.105609761,0.0594,0.0972,0.836650934,1.092700035,0,1.5027144,0.313471261,1
765,5,0.478424715,0,0.34438371,0,0,0.538682536,0.066,0.398764994,0.270134134,0.397179262,0.139171315,0,0.140290655,0.000373,0.0587,0.033,0.054,0.464806074,0.607055575,0,0.834841334,0.174150701,3
765,9,0.861164487,0,0.619890678,0,0,0.969628566,0.118873944,0.71777699,0.486241442,0.714922672,0.250508367,0,0.25252318,0.000672,0.105609761,0.0594,0.0972,0.836650934,1.092700035,0,1.5027144,0.313471261,1
765,9,0.861164487,0,0.619890678,0,0,0.969628566,0.118873944,0.71777699,0.486241442,0.714922672,0.250508367,0,0.25252318,0.000672,0.105609761,0.0594,0.0972,0.836650934,1.092700035,0,1.5027144,0.313471261,1
765,9,0.861164487,0,0.619890678,0,0,0.969628566,0.118873944,0.71777699,0.486241442,0.714922672,0.250508367,0,0.25252318,0.000672,0.105609761,0.0594,0.0972,0.836650934,1.092700035,0,1.5027144,0.313471261,1
765,9,0.861164487,0,0.619890678,0,0,0.969628566,0.118873944,0.71777699,0.486241442,0.714922672,0.250508367,0,0.25252318,0.000672,0.105609761,0.0594,0.0972,0.836650934,1.092700035,0,1.5027144,0.313471261,1
765,9,0.861164487,0,0.619890678,0,0,0.969628566,0.118873944,0.71777699,0.486241442,0.714922672,0.250508367,0,0.25252318,0.000672,0.105609761,0.0594,0.0972,0.836650934,1.092700035,0,1.5027144,0.313471261,1
765,7,0.669794601,0,0.482137194,0,0,0.754155551,0.0925,0.558270992,0.378187788,0.556050967,0.194839841,0,0.196406918,0.000522,0.0821,0.0462,0.0756,0.650728504,0.849877805,0,1.168777867,0.243810981,1
765,5,0.478424715,0,0.34438371,0,0,0.538682536,0.066,0.398764994,0.270134134,0.397179262,0.139171315,0,0.140290655,0.000373,0.0587,0.033,0.054,0.464806074,0.607055575,0,0.834841334,0.174150701,3
765,7,0.669794601,0,0.482137194,0,0,0.754155551,0.0925,0.558270992,0.378187788,0.556050967,0.194839841,0,0.196406918,0.000522,0.0821,0.0462,0.0756,0.650728504,0.849877805,0,1.168777867,0.243810981,1
765,9,0.861164487,0,0.619890678,0,0,0.969628566,0.118873944,0.71777699,0.486241442,0.714922672,0.250508367,0,0.25252318,0.000672,0.105609761,0.0594,0.0972,0.836650934,1.092700035,0,1.5027144,0.313471261,1
765,5,0.478424715,0,0.34438371,0,0,0.538682536,0.066,0.398764994,0.270134134,0.397179262,0.139171315,0,0.140290655,0.000373,0.0587,0.033,0.054,0.464806074,0.607055575,0,0.834841334,0.174150701,3
765,9,0.861164487,0,0.619890678,0,0,0.969628566,0.118873944,0.71777699,0.486241442,0.714922672,0.250508367,0,0.25252318,0.000672,0.105609761,0.0594,0.0972,0.836650934,1.092700035,0,1.5027144,0.313471261,1
765,7,0.669794601,0,0.482137194,0,0,0.754155551,0.0925,0.558270992,0.378187788,0.556050967,0.194839841,0,0.196406918,0.000522,0.0821,0.0462,0.0756,0.650728504,0.849877805,0,1.168777867,0.243810981,1
765,8,0.765479544,0,0.551013936,0,0,0.861892058,0.105665728,0.638023991,0.432214615,0.63548682,0.222674104,0,0.224465049,0.000597,0.0939,0.0528,0.0864,0.743689719,0.97128892,0,1.335746134,0.278641121,1
765,7,0.669794601,0,0.482137194,0,0,0.754155551,0.0925,0.558270992,0.378187788,0.556050967,0.194839841,0,0.196406918,0.000522,0.0821,0.0462,0.0756,0.650728504,0.849877805,0,1.168777867,0.243810981,1
765,8,0.765479544,0,0.551013936,0,0,0.861892058,0.105665728,0.638023991,0.432214615,0.63548682,0.222674104,0,0.224465049,0.000597,0.0939,0.0528,0.0864,0.743689719,0.97128892,0,1.335746134,0.278641121,1
765,5,0.478424715,0,0.34438371,0,0,0.538682536,0.066,0.398764994,0.270134134,0.397179262,0.139171315,0,0.140290655,0.000373,0.0587,0.033,0.054,0.464806074,0.607055575,0,0.834841334,0.174150701,3
765,9,0.861164487,0,0.619890678,0,0,0.969628566,0.118873944,0.71777699,0.486241442,0.714922672,0.250508367,0,0.25252318,0.000672,0.105609761,0.0594,0.0972,0.836650934,1.092700035,0,1.5027144,0.313471261,1
765,8,0.765479544,0,0.551013936,0,0,0.861892058,0.105665728,0.638023991,0.432214615,0.63548682,0.222674104,0,0.224465049,0.000597,0.0939,0.0528,0.0864,0.743689719,0.97128892,0,1.335746134,0.278641121,1
765,8,0.765479544,0,0.551013936,0,0,0.861892058,0.105665728,0.638023991,0.432214615,0.63548682,0.222674104,0,0.224465049,0.000597,0.0939,0.0528,0.0864,0.743689719,0.97128892,0,1.335746134,0.278641121,1
765,8,0.765479544,0,0.551013936,0,0,0.861892058,0.105665728,0.638023991,0.432214615,0.63548682,0.222674104,0,0.224465049,0.000597,0.0939,0.0528,0.0864,0.743689719,0.97128892,0,1.335746134,0.278641121,1
765,6,0.574109658,0,0.413260452,0,0,0.646419044,0.0792,0.478517993,0.324160961,0.476615115,0.167005578,0,0.168348786,0.000448,0.0704,0.0396,0.0648,0.557767289,0.72846669,0,1.0018096,0.208980841,3
765,7,0.669794601,0,0.482137194,0,0,0.754155551,0.0925,0.558270992,0.378187788,0.556050967,0.194839841,0,0.196406918,0.000522,0.0821,0.0462,0.0756,0.650728504,0.849877805,0,1.168777867,0.243810981,1
765,7,0.669794601,0,0.482137194,0,0,0.754155551,0.0925,0.558270992,0.378187788,0.556050967,0.194839841,0,0.196406918,0.000522,0.0821,0.0462,0.0756,0.650728504,0.849877805,0,1.168777867,0.243810981,1
765,2,0.191369886,0,0.137753484,0,0,0.215473015,0.0264,0.159505998,0.108053654,0.158871705,0.0557,0,0.0561,0.000149,0.0235,0.0132,0.0216,0.18592243,0.24282223,0,0.333936533,0.0697,3
765,7,0.669794601,0,0.482137194,0,0,0.754155551,0.0925,0.558270992,0.378187788,0.556050967,0.194839841,0,0.196406918,0.000522,0.0821,0.0462,0.0756,0.650728504,0.849877805,0,1.168777867,0.243810981,1
765,7,0.669794601,0,0.482137194,0,0,0.754155551,0.0925,0.558270992,0.378187788,0.556050967,0.194839841,0,0.196406918,0.000522,0.0821,0.0462,0.0756,0.650728504,0.849877805,0,1.168777867,0.243810981,1
765,4,0.382739772,0,0.275506968,0,0,0.430946029,0.0528,0.319011996,0.216107307,0.31774341,0.111337052,0,0.112232524,0.000298,0.0469,0.0264,0.0432,0.371844859,0.48564446,0,0.667873067,0.13932056,3
765,7,0.669794601,0,0.482137194,0,0,0.754155551,0.0925,0.558270992,0.378187788,0.556050967,0.194839841,0,0.196406918,0.000522,0.0821,0.0462,0.0756,0.650728504,0.849877805,0,1.168777867,0.243810981,1
765,7,0.669794601,0,0.482137194,0,0,0.754155551,0.0925,0.558270992,0.378187788,0.556050967,0.194839841,0,0.196406918,0.000522,0.0821,0.0462,0.0756,0.650728504,0.849877805,0,1.168777867,0.243810981,1
765,8,0.765479544,0,0.551013936,0,0,0.861892058,0.105665728,0.638023991,0.432214615,0.63548682,0.222674104,0,0.224465049,0.000597,0.0939,0.0528,0.0864,0.743689719,0.97128892,0,1.335746134,0.278641121,1
765,8,0.765479544,0,0.551013936,0,0,0.861892058,0.105665728,0.638023991,0.432214615,0.63548682,0.222674104,0,0.224465049,0.000597,0.0939,0.0528,0.0864,0.743689719,0.97128892,0,1.335746134,0.278641121,1
765,8,0.765479544,0,0.551013936,0,0,0.861892058,0.105665728,0.638023991,0.432214615,0.63548682,0.222674104,0,0.224465049,0.000597,0.0939,0.0528,0.0864,0.743689719,0.97128892,0,1.335746134,0.278641121,1
765,7,0.669794601,0,0.482137194,0,0,0.754155551,0.0925,0.558270992,0.378187788,0.556050967,0.194839841,0,0.196406918,0.000522,0.0821,0.0462,0.0756,0.650728504,0.849877805,0,1.168777867,0.243810981,1
765,7,0.669794601,0,0.482137194,0,0,0.754155551,0.0925,0.558270992,0.378187788,0.556050967,0.194839841,0,0.196406918,0.000522,0.0821,0.0462,0.0756,0.650728504,0.849877805,0,1.168777867,0.243810981,1
765,8,0.765479544,0,0.551013936,0,0,0.861892058,0.105665728,0.638023991,0.432214615,0.63548682,0.222674104,0,0.224465049,0.000597,0.0939,0.0528,0.0864,0.743689719,0.97128892,0,1.335746134,0.278641121,1
765,7,0.669794601,0,0.482137194,0,0,0.754155551,0.0925,0.558270992,0.378187788,0.556050967,0.194839841,0,0.196406918,0.000522,0.0821,0.0462,0.0756,0.650728504,0.849877805,0,1.168777867,0.243810981,1
765,5,0.478424715,0,0.34438371,0,0,0.538682536,0.066,0.398764994,0.270134134,0.397179262,0.139171315,0,0.140290655,0.000373,0.0587,0.033,0.054,0.464806074,0.607055575,0,0.834841334,0.174150701,3
765,8,0.765479544,0,0.551013936,0,0,0.861892058,0.105665728,0.638023991,0.432214615,0.63548682,0.222674104,0,0.224465049,0.000597,0.0939,0.0528,0.0864,0.743689719,0.97128892,0,1.335746134,0.278641121,1
765,6,0.574109658,0,0.413260452,0,0,0.646419044,0.0792,0.478517993,0.324160961,0.476615115,0.167005578,0,0.168348786,0.000448,0.0704,0.0396,0.0648,0.557767289,0.72846669,0,1.0018096,0.208980841,3
765,7,0.669794601,0,0.482137194,0,0,0.754155551,0.0925,0.558270992,0.378187788,0.556050967,0.194839841,0,0.196406918,0.000522,0.0821,0.0462,0.0756,0.650728504,0.849877805,0,1.168777867,0.243810981,1
765,8,0.765479544,0,0.551013936,0,0,0.861892058,0.105665728,0.638023991,0.432214615,0.63548682,0.222674104,0,0.224465049,0.000597,0.0939,0.0528,0.0864,0.743689719,0.97128892,0,1.335746134,0.278641121,1
765,8,0.765479544,0,0.551013936,0,0,0.861892058,0.105665728,0.638023991,0.432214615,0.63548682,0.222674104,0,0.224465049,0.000597,0.0939,0.0528,0.0864,0.743689719,0.97128892,0,1.335746134,0.278641121,1
765,9,0.861164487,0,0.619890678,0,0,0.969628566,0.118873944,0.71777699,0.486241442,0.714922672,0.250508367,0,0.25252318,0.000672,0.105609761,0.0594,0.0972,0.836650934,1.092700035,0,1.5027144,0.313471261,1
765,8,0.765479544,0,0.551013936,0,0,0.861892058,0.105665728,0.638023991,0.432214615,0.63548682,0.222674104,0,0.224465049,0.000597,0.0939,0.0528,0.0864,0.743689719,0.97128892,0,1.335746134,0.278641121,1
765,9,0.861164487,0,0.619890678,0,0,0.969628566,0.118873944,0.71777699,0.486241442,0.714922672,0.250508367,0,0.25252318,0.000672,0.105609761,0.0594,0.0972,0.836650934,1.092700035,0,1.5027144,0.313471261,1
765,9,0.861164487,0,0.619890678,0,0,0.969628566,0.118873944,0.71777699,0.486241442,0.714922672,0.250508367,0,0.25252318,0.000672,0.105609761,0.0594,0.0972,0.836650934,1.092700035,0,1.5027144,0.313471261,1
765,9,0.861164487,0,0.619890678,0,0,0.969628566,0.118873944,0.71777699,0.486241442,0.714922672,0.250508367,0,0.25252318,0.000672,0.105609761,0.0594,0.0972,0.836650934,1.092700035,0,1.5027144,0.313471261,1
765,4,0.382739772,0,0.275506968,0,0,0.430946029,0.0528,0.319011996,0.216107307,0.31774341,0.111337052,0,0.112232524,0.000298,0.0469,0.0264,0.0432,0.371844859,0.48564446,0,0.667873067,0.13932056,3
765,6,0.574109658,0,0.413260452,0,0,0.646419044,0.0792,0.478517993,0.324160961,0.476615115,0.167005578,0,0.168348786,0.000448,0.0704,0.0396,0.0648,0.557767289,0.72846669,0,1.0018096,0.208980841,3
765,8,0.765479544,0,0.551013936,0,0,0.861892058,0.105665728,0.638023991,0.432214615,0.63548682,0.222674104,0,0.224465049,0.000597,0.0939,0.0528,0.0864,0.743689719,0.97128892,0,1.335746134,0.278641121,1
765,8,0.765479544,0,0.551013936,0,0,0.861892058,0.105665728,0.638023991,0.432214615,0.63548682,0.222674104,0,0.224465049,0.000597,0.0939,0.0528,0.0864,0.743689719,0.97128892,0,1.335746134,0.278641121,1
765,2,0.191369886,0,0.137753484,0,0,0.215473015,0.0264,0.159505998,0.108053654,0.158871705,0.0557,0,0.0561,0.000149,0.0235,0.0132,0.0216,0.18592243,0.24282223,0,0.333936533,0.0697,3
765,7,0.669794601,0,0.482137194,0,0,0.754155551,0.0925,0.558270992,0.378187788,0.556050967,0.194839841,0,0.196406918,0.000522,0.0821,0.0462,0.0756,0.650728504,0.849877805,0,1.168777867,0.243810981,1
765,8,0.765479544,0,0.551013936,0,0,0.861892058,0.105665728,0.638023991,0.432214615,0.63548682,0.222674104,0,0.224465049,0.000597,0.0939,0.0528,0.0864,0.743689719,0.97128892,0,1.335746134,0.278641121,1
765,4,0.382739772,0,0.275506968,0,0,0.430946029,0.0528,0.319011996,0.216107307,0.31774341,0.111337052,0,0.112232524,0.000298,0.0469,0.0264,0.0432,0.371844859,0.48564446,0,0.667873067,0.13932056,3
765,7,0.669794601,0,0.482137194,0,0,0.754155551,0.0925,0.558270992,0.378187788,0.556050967,0.194839841,0,0.196406918,0.000522,0.0821,0.0462,0.0756,0.650728504,0.849877805,0,1.168777867,0.243810981,1
765,8,0.765479544,0,0.551013936,0,0,0.861892058,0.105665728,0.638023991,0.432214615,0.63548682,0.222674104,0,0.224465049,0.000597,0.0939,0.0528,0.0864,0.743689719,0.97128892,0,1.335746134,0.278641121,1
765,8,0.765479544,0,0.551013936,0,0,0.861892058,0.105665728,0.638023991,0.432214615,0.63548682,0.222674104,0,0.224465049,0.000597,0.0939,0.0528,0.0864,0.743689719,0.97128892,0,1.335746134,0.278641121,1
765,7,0.669794601,0,0.482137194,0,0,0.754155551,0.0925,0.558270992,0.378187788,0.556050967,0.194839841,0,0.196406918,0.000522,0.0821,0.0462,0.0756,0.650728504,0.849877805,0,1.168777867,0.243810981,1
765,8,0.765479544,0,0.551013936,0,0,0.861892058,0.105665728,0.638023991,0.432214615,0.63548682,0.222674104,0,0.224465049,0.000597,0.0939,0.0528,0.0864,0.743689719,0.97128892,0,1.335746134,0.278641121,1
765,7,0.669794601,0,0.482137194,0,0,0.754155551,0.0925,0.558270992,0.378187788,0.556050967,0.194839841,0,0.196406918,0.000522,0.0821,0.0462,0.0756,0.650728504,0.849877805,0,1.168777867,0.243810981,1
765,9,0.861164487,0,0.619890678,0,0,0.969628566,0.118873944,0.71777699,0.486241442,0.714922672,0.250508367,0,0.25252318,0.000672,0.105609761,0.0594,0.0972,0.836650934,1.092700035,0,1.5027144,0.313471261,1
765,8,0.765479544,0,0.551013936,0,0,0.861892058,0.105665728,0.638023991,0.432214615,0.63548682,0.222674104,0,0.224465049,0.000597,0.0939,0.0528,0.0864,0.743689719,0.97128892,0,1.335746134,0.278641121,1
765,9,0.861164487,0,0.619890678,0,0,0.969628566,0.118873944,0.71777699,0.486241442,0.714922672,0.250508367,0,0.25252318,0.000672,0.105609761,0.0594,0.0972,0.836650934,1.092700035,0,1.5027144,0.313471261,1
765,6,0.574109658,0,0.413260452,0,0,0.646419044,0.0792,0.478517993,0.324160961,0.476615115,0.167005578,0,0.168348786,0.000448,0.0704,0.0396,0.0648,0.557767289,0.72846669,0,1.0018096,0.208980841,3
765,6,0.574109658,0,0.413260452,0,0,0.646419044,0.0792,0.478517993,0.324160961,0.476615115,0.167005578,0,0.168348786,0.000448,0.0704,0.0396,0.0648,0.557767289,0.72846669,0,1.0018096,0.208980841,3
765,9,0.861164487,0,0.619890678,0,0,0.969628566,0.118873944,0.71777699,0.486241442,0.714922672,0.250508367,0,0.25252318,0.000672,0.105609761,0.0594,0.0972,0.836650934,1.092700035,0,1.5027144,0.313471261,1
765,6,0.574109658,0,0.413260452,0,0,0.646419044,0.0792,0.478517993,0.324160961,0.476615115,0.167005578,0,0.168348786,0.000448,0.0704,0.0396,0.0648,0.557767289,0.72846669,0,1.0018096,0.208980841,3
765,9,0.861164487,0,0.619890678,0,0,0.969628566,0.118873944,0.71777699,0.486241442,0.714922672,0.250508367,0,0.25252318,0.000672,0.105609761,0.0594,0.0972,0.836650934,1.092700035,0,1.5027144,0.313471261,1
765,9,0.861164487,0,0.619890678,0,0,0.969628566,0.118873944,0.71777699,0.486241442,0.714922672,0.250508367,0,0.25252318,0.000672,0.105609761,0.0594,0.0972,0.836650934,1.092700035,0,1.5027144,0.313471261,1
765,7,0.669794601,0,0.482137194,0,0,0.754155551,0.0925,0.558270992,0.378187788,0.556050967,0.194839841,0,0.196406918,0.000522,0.0821,0.0462,0.0756,0.650728504,0.849877805,0,1.168777867,0.243810981,1
765,8,0.765479544,0,0.551013936,0,0,0.861892058,0.105665728,0.638023991,0.432214615,0.63548682,0.222674104,0,0.224465049,0.000597,0.0939,0.0528,0.0864,0.743689719,0.97128892,0,1.335746134,0.278641121,1
765,7,0.669794601,0,0.482137194,0,0,0.754155551,0.0925,0.558270992,0.378187788,0.556050967,0.194839841,0,0.196406918,0.000522,0.0821,0.0462,0.0756,0.650728504,0.849877805,0,1.168777867,0.243810981,1
765,5,0.478424715,0,0.34438371,0,0,0.538682536,0.066,0.398764994,0.270134134,0.397179262,0.139171315,0,0.140290655,0.000373,0.0587,0.033,0.054,0.464806074,0.607055575,0,0.834841334,0.174150701,3
765,9,0.861164487,0,0.619890678,0,0,0.969628566,0.118873944,0.71777699,0.486241442,0.714922672,0.250508367,0,0.25252318,0.000672,0.105609761,0.0594,0.0972,0.836650934,1.092700035,0,1.5027144,0.313471261,1
765,8,0.765479544,0,0.551013936,0,0,0.861892058,0.105665728,0.638023991,0.432214615,0.63548682,0.222674104,0,0.224465049,0.000597,0.0939,0.0528,0.0864,0.743689719,0.97128892,0,1.335746134,0.278641121,1
765,9,0.861164487,0,0.619890678,0,0,0.969628566,0.118873944,0.71777699,0.486241442,0.714922672,0.250508367,0,0.25252318,0.000672,0.105609761,0.0594,0.0972,0.836650934,1.092700035,0,1.5027144,0.313471261,1
765,5,0.478424715,0,0.34438371,0,0,0.538682536,0.066,0.398764994,0.270134134,0.397179262,0.139171315,0,0.140290655,0.000373,0.0587,0.033,0.054,0.464806074,0.607055575,0,0.834841334,0.174150701,3
765,9,0.861164487,0,0.619890678,0,0,0.969628566,0.118873944,0.71777699,0.486241442,0.714922672,0.250508367,0,0.25252318,0.000672,0.105609761,0.0594,0.0972,0.836650934,1.092700035,0,1.5027144,0.313471261,1
765,8,0.765479544,0,0.551013936,0,0,0.861892058,0.105665728,0.638023991,0.432214615,0.63548682,0.222674104,0,0.224465049,0.000597,0.0939,0.0528,0.0864,0.743689719,0.97128892,0,1.335746134,0.278641121,1
765,9,0.861164487,0,0.619890678,0,0,0.969628566,0.118873944,0.71777699,0.486241442,0.714922672,0.250508367,0,0.25252318,0.000672,0.105609761,0.0594,0.0972,0.836650934,1.092700035,0,1.5027144,0.313471261,1
765,9,0.861164487,0,0.619890678,0,0,0.969628566,0.118873944,0.71777699,0.486241442,0.714922672,0.250508367,0,0.25252318,0.000672,0.105609761,0.0594,0.0972,0.836650934,1.092700035,0,1.5027144,0.313471261,1
765,7,0.669794601,0,0.482137194,0,0,0.754155551,0.0925,0.558270992,0.378187788,0.556050967,0.194839841,0,0.196406918,0.000522,0.0821,0.0462,0.0756,0.650728504,0.849877805,0,1.168777867,0.243810981,1
765,4,0.382739772,0,0.275506968,0,0,0.430946029,0.0528,0.319011996,0.216107307,0.31774341,0.111337052,0,0.112232524,0.000298,0.0469,0.0264,0.0432,0.371844859,0.48564446,0,0.667873067,0.13932056,3
765,9,0.861164487,0,0.619890678,0,0,0.969628566,0.118873944,0.71777699,0.486241442,0.714922672,0.250508367,0,0.25252318,0.000672,0.105609761,0.0594,0.0972,0.836650934,1.092700035,0,1.5027144,0.313471261,1
765,7,0.669794601,0,0.482137194,0,0,0.754155551,0.0925,0.558270992,0.378187788,0.556050967,0.194839841,0,0.196406918,0.000522,0.0821,0.0462,0.0756,0.650728504,0.849877805,0,1.168777867,0.243810981,1
765,9,0.861164487,0,0.619890678,0,0,0.969628566,0.118873944,0.71777699,0.486241442,0.714922672,0.250508367,0,0.25252318,0.000672,0.105609761,0.0594,0.0972,0.836650934,1.092700035,0,1.5027144,0.313471261,1
765,6,0.574109658,0,0.413260452,0,0,0.646419044,0.0792,0.478517993,0.324160961,0.476615115,0.167005578,0,0.168348786,0.000448,0.0704,0.0396,0.0648,0.557767289,0.72846669,0,1.0018096,0.208980841,3
765,8,0.765479544,0,0.551013936,0,0,0.861892058,0.105665728,0.638023991,0.432214615,0.63548682,0.222674104,0,0.224465049,0.000597,0.0939,0.0528,0.0864,0.743689719,0.97128892,0,1.335746134,0.278641121,1
765,7,0.669794601,0,0.482137194,0,0,0.754155551,0.0925,0.558270992,0.378187788,0.556050967,0.194839841,0,0.196406918,0.000522,0.0821,0.0462,0.0756,0.650728504,0.849877805,0,1.168777867,0.243810981,1
765,7,0.669794601,0,0.482137194,0,0,0.754155551,0.0925,0.558270992,0.378187788,0.556050967,0.194839841,0,0.196406918,0.000522,0.0821,0.0462,0.0756,0.650728504,0.849877805,0,1.168777867,0.243810981,1
765,9,0.861164487,0,0.619890678,0,0,0.969628566,0.118873944,0.71777699,0.486241442,0.714922672,0.250508367,0,0.25252318,0.000672,0.105609761,0.0594,0.0972,0.836650934,1.092700035,0,1.5027144,0.313471261,1
765,7,0.669794601,0,0.482137194,0,0,0.754155551,0.0925,0.558270992,0.378187788,0.556050967,0.194839841,0,0.196406918,0.000522,0.0821,0.0462,0.0756,0.650728504,0.849877805,0,1.168777867,0.243810981,1
765,9,0.861164487,0,0.619890678,0,0,0.969628566,0.118873944,0.71777699,0.486241442,0.714922672,0.250508367,0,0.25252318,0.000672,0.105609761,0.0594,0.0972,0.836650934,1.092700035,0,1.5027144,0.313471261,1
765,9,0.861164487,0,0.619890678,0,0,0.969628566,0.118873944,0.71777699,0.486241442,0.714922672,0.250508367,0,0.25252318,0.000672,0.105609761,0.0594,0.0972,0.836650934,1.092700035,0,1.5027144,0.313471261,1
765,5,0.478424715,0,0.34438371,0,0,0.538682536,0.066,0.398764994,0.270134134,0.397179262,0.139171315,0,0.140290655,0.000373,0.0587,0.033,0.054,0.464806074,0.607055575,0,0.834841334,0.174150701,3
765,8,0.765479544,0,0.551013936,0,0,0.861892058,0.105665728,0.638023991,0.432214615,0.63548682,0.222674104,0,0.224465049,0.000597,0.0939,0.0528,0.0864,0.743689719,0.97128892,0,1.335746134,0.278641121,1
765,9,0.861164487,0,0.619890678,0,0,0.969628566,0.118873944,0.71777699,0.486241442,0.714922672,0.250508367,0,0.25252318,0.000672,0.105609761,0.0594,0.0972,0.836650934,1.092700035,0,1.5027144,0.313471261,1
765,6,0.574109658,0,0.413260452,0,0,0.646419044,0.0792,0.478517993,0.324160961,0.476615115,0.167005578,0,0.168348786,0.000448,0.0704,0.0396,0.0648,0.557767289,0.72846669,0,1.0018096,0.208980841,3
765,5,0.478424715,0,0.34438371,0,0,0.538682536,0.066,0.398764994,0.270134134,0.397179262,0.139171315,0,0.140290655,0.000373,0.0587,0.033,0.054,0.464806074,0.607055575,0,0.834841334,0.174150701,3
765,1,0.0957,0,0.0689,0,0,0.107736507,0.0132,0.0798,0.054,0.0794,0.0278,0,0.0281,7.46E-05,0.0117,0.0066,0.0108,0.093,0.121411115,0,0.166968267,0.0348,3
765,4,0.382739772,0,0.275506968,0,0,0.430946029,0.0528,0.319011996,0.216107307,0.31774341,0.111337052,0,0.112232524,0.000298,0.0469,0.0264,0.0432,0.371844859,0.48564446,0,0.667873067,0.13932056,3
765,1,0.0957,0,0.0689,0,0,0.107736507,0.0132,0.0798,0.054,0.0794,0.0278,0,0.0281,7.46E-05,0.0117,0.0066,0.0108,0.093,0.121411115,0,0.166968267,0.0348,3
765,6,0.574109658,0,0.413260452,0,0,0.646419044,0.0792,0.478517993,0.324160961,0.476615115,0.167005578,0,0.168348786,0.000448,0.0704,0.0396,0.0648,0.557767289,0.72846669,0,1.0018096,0.208980841,3
765,6,0.574109658,0,0.413260452,0,0,0.646419044,0.0792,0.478517993,0.324160961,0.476615115,0.167005578,0,0.168348786,0.000448,0.0704,0.0396,0.0648,0.557767289,0.72846669,0,1.0018096,0.208980841,3
765,7,0.669794601,0,0.482137194,0,0,0.754155551,0.0925,0.558270992,0.378187788,0.556050967,0.194839841,0,0.196406918,0.000522,0.0821,0.0462,0.0756,0.650728504,0.849877805,0,1.168777867,0.243810981,1
765,8,0.765479544,0,0.551013936,0,0,0.861892058,0.105665728,0.638023991,0.432214615,0.63548682,0.222674104,0,0.224465049,0.000597,0.0939,0.0528,0.0864,0.743689719,0.97128892,0,1.335746134,0.278641121,1
765,4,0.382739772,0,0.275506968,0,0,0.430946029,0.0528,0.319011996,0.216107307,0.31774341,0.111337052,0,0.112232524,0.000298,0.0469,0.0264,0.0432,0.371844859,0.48564446,0,0.667873067,0.13932056,3
765,8,0.765479544,0,0.551013936,0,0,0.861892058,0.105665728,0.638023991,0.432214615,0.63548682,0.222674104,0,0.224465049,0.000597,0.0939,0.0528,0.0864,0.743689719,0.97128892,0,1.335746134,0.278641121,1
765,5,0.478424715,0,0.34438371,0,0,0.538682536,0.066,0.398764994,0.270134134,0.397179262,0.139171315,0,0.140290655,0.000373,0.0587,0.033,0.054,0.464806074,0.607055575,0,0.834841334,0.174150701,3
765,4,0.382739772,0,0.275506968,0,0,0.430946029,0.0528,0.319011996,0.216107307,0.31774341,0.111337052,0,0.112232524,0.000298,0.0469,0.0264,0.0432,0.371844859,0.48564446,0,0.667873067,0.13932056,3
765,2,0.191369886,0,0.137753484,0,0,0.215473015,0.0264,0.159505998,0.108053654,0.158871705,0.0557,0,0.0561,0.000149,0.0235,0.0132,0.0216,0.18592243,0.24282223,0,0.333936533,0.0697,3
765,7,0.669794601,0,0.482137194,0,0,0.754155551,0.0925,0.558270992,0.378187788,0.556050967,0.194839841,0,0.196406918,0.000522,0.0821,0.0462,0.0756,0.650728504,0.849877805,0,1.168777867,0.243810981,1
765,8,0.765479544,0,0.551013936,0,0,0.861892058,0.105665728,0.638023991,0.432214615,0.63548682,0.222674104,0,0.224465049,0.000597,0.0939,0.0528,0.0864,0.743689719,0.97128892,0,1.335746134,0.278641121,1
