,Name,Rating,Observation,UT_Fruit-No_rating,Esters-No_rating,_Dried_Fruit-No_rating,Brown spices No_rating,UT_Vanilla-No_rating,UT_Wood-No_rating,New_Wood-No_rating,Aged_Wood-No_rating,UT_Smoky-No_rating,UT_Rubber-No_rating,UT_Sugars-_No_rating,Caramel_rating,Brown_Sugar-No_rating,UT Floral No_rating,UT__Green_rating,Hay/Tea-No_rating,UT_Dry_Fragant-_Pa_rating,Sweet_rating,Bitter_rating,Sour_rating,Alcoholic_strength_rating,Viscous_rating,Cluster
0,201,8,1,0.649995846,0,0.434659799,0,0,0.666611282,0,0.663288195,1.020187755,0.925147462,0.208025255,0,0.185428263,0,0.0492,0,0,0.760986957,0.983633796,0.0685,1.085320263,0.299077843,1
1,201,7,2,0.568746365,0,0.380327324,0,0,0.583284872,0,0.58037717,0.892664285,0.809504029,0.182022098,0,0.16224973,0,0.043,0,0,0.665863587,0.860679571,0.0599,0.94965523,0.261693113,1
2,201,7,3,0.568746365,0,0.380327324,0,0,0.583284872,0,0.58037717,0.892664285,0.809504029,0.182022098,0,0.16224973,0,0.043,0,0,0.665863587,0.860679571,0.0599,0.94965523,0.261693113,1
3,201,7,4,0.568746365,0,0.380327324,0,0,0.583284872,0,0.58037717,0.892664285,0.809504029,0.182022098,0,0.16224973,0,0.043,0,0,0.665863587,0.860679571,0.0599,0.94965523,0.261693113,1
4,201,9,5,0.731245327,0,0.488992274,0,0,0.749937692,0,0.746199219,1.147711224,1.040790895,0.234028412,0,0.208606796,0,0.0553,0,0,0.856110326,1.10658802,0.077,1.220985295,0.336462574,1
5,201,6,6,0.487496885,0,0.325994849,0,0,0.499958461,0,0.497466146,0.765140816,0.693860597,0.156018942,0,0.139071197,0,0.0369,0,0,0.570740218,0.737725347,0.0513,0.813990197,0.224308383,3
6,201,7,7,0.568746365,0,0.380327324,0,0,0.583284872,0,0.58037717,0.892664285,0.809504029,0.182022098,0,0.16224973,0,0.043,0,0,0.665863587,0.860679571,0.0599,0.94965523,0.261693113,1
7,201,9,8,0.731245327,0,0.488992274,0,0,0.749937692,0,0.746199219,1.147711224,1.040790895,0.234028412,0,0.208606796,0,0.0553,0,0,0.856110326,1.10658802,0.077,1.220985295,0.336462574,1
8,201,9,9,0.731245327,0,0.488992274,0,0,0.749937692,0,0.746199219,1.147711224,1.040790895,0.234028412,0,0.208606796,0,0.0553,0,0,0.856110326,1.10658802,0.077,1.220985295,0.336462574,1
9,201,8,10,0.649995846,0,0.434659799,0,0,0.666611282,0,0.663288195,1.020187755,0.925147462,0.208025255,0,0.185428263,0,0.0492,0,0,0.760986957,0.983633796,0.0685,1.085320263,0.299077843,1
10,201,6,11,0.487496885,0,0.325994849,0,0,0.499958461,0,0.497466146,0.765140816,0.693860597,0.156018942,0,0.139071197,0,0.0369,0,0,0.570740218,0.737725347,0.0513,0.813990197,0.224308383,3
11,201,6,12,0.487496885,0,0.325994849,0,0,0.499958461,0,0.497466146,0.765140816,0.693860597,0.156018942,0,0.139071197,0,0.0369,0,0,0.570740218,0.737725347,0.0513,0.813990197,0.224308383,3
12,201,2,13,0.162498962,0,0.10866495,0,0,0.16665282,0,0.165822049,0.255046939,0.231286866,0.052,0,0.0464,0,0.0123,0,0,0.190246739,0.245908449,0.0171,0.271330066,0.0748,3
13,201,8,14,0.649995846,0,0.434659799,0,0,0.666611282,0,0.663288195,1.020187755,0.925147462,0.208025255,0,0.185428263,0,0.0492,0,0,0.760986957,0.983633796,0.0685,1.085320263,0.299077843,1
14,201,9,15,0.731245327,0,0.488992274,0,0,0.749937692,0,0.746199219,1.147711224,1.040790895,0.234028412,0,0.208606796,0,0.0553,0,0,0.856110326,1.10658802,0.077,1.220985295,0.336462574,1
15,201,8,16,0.649995846,0,0.434659799,0,0,0.666611282,0,0.663288195,1.020187755,0.925147462,0.208025255,0,0.185428263,0,0.0492,0,0,0.760986957,0.983633796,0.0685,1.085320263,0.299077843,1
16,201,6,17,0.487496885,0,0.325994849,0,0,0.499958461,0,0.497466146,0.765140816,0.693860597,0.156018942,0,0.139071197,0,0.0369,0,0,0.570740218,0.737725347,0.0513,0.813990197,0.224308383,3
17,201,8,18,0.649995846,0,0.434659799,0,0,0.666611282,0,0.663288195,1.020187755,0.925147462,0.208025255,0,0.185428263,0,0.0492,0,0,0.760986957,0.983633796,0.0685,1.085320263,0.299077843,1
18,201,9,19,0.731245327,0,0.488992274,0,0,0.749937692,0,0.746199219,1.147711224,1.040790895,0.234028412,0,0.208606796,0,0.0553,0,0,0.856110326,1.10658802,0.077,1.220985295,0.336462574,1
19,201,6,20,0.487496885,0,0.325994849,0,0,0.499958461,0,0.497466146,0.765140816,0.693860597,0.156018942,0,0.139071197,0,0.0369,0,0,0.570740218,0.737725347,0.0513,0.813990197,0.224308383,3
20,201,8,21,0.649995846,0,0.434659799,0,0,0.666611282,0,0.663288195,1.020187755,0.925147462,0.208025255,0,0.185428263,0,0.0492,0,0,0.760986957,0.983633796,0.0685,1.085320263,0.299077843,1
21,201,9,22,0.731245327,0,0.488992274,0,0,0.749937692,0,0.746199219,1.147711224,1.040790895,0.234028412,0,0.208606796,0,0.0553,0,0,0.856110326,1.10658802,0.077,1.220985295,0.336462574,1
22,201,7,23,0.568746365,0,0.380327324,0,0,0.583284872,0,0.58037717,0.892664285,0.809504029,0.182022098,0,0.16224973,0,0.043,0,0,0.665863587,0.860679571,0.0599,0.94965523,0.261693113,1
23,201,9,24,0.731245327,0,0.488992274,0,0,0.749937692,0,0.746199219,1.147711224,1.040790895,0.234028412,0,0.208606796,0,0.0553,0,0,0.856110326,1.10658802,0.077,1.220985295,0.336462574,1
24,201,8,25,0.649995846,0,0.434659799,0,0,0.666611282,0,0.663288195,1.020187755,0.925147462,0.208025255,0,0.185428263,0,0.0492,0,0,0.760986957,0.983633796,0.0685,1.085320263,0.299077843,1
25,201,8,26,0.649995846,0,0.434659799,0,0,0.666611282,0,0.663288195,1.020187755,0.925147462,0.208025255,0,0.185428263,0,0.0492,0,0,0.760986957,0.983633796,0.0685,1.085320263,0.299077843,1
26,201,9,27,0.731245327,0,0.488992274,0,0,0.749937692,0,0.746199219,1.147711224,1.040790895,0.234028412,0,0.208606796,0,0.0553,0,0,0.856110326,1.10658802,0.077,1.220985295,0.336462574,1
27,201,6,28,0.487496885,0,0.325994849,0,0,0.499958461,0,0.497466146,0.765140816,0.693860597,0.156018942,0,0.139071197,0,0.0369,0,0,0.570740218,0.737725347,0.0513,0.813990197,0.224308383,3
28,201,7,29,0.568746365,0,0.380327324,0,0,0.583284872,0,0.58037717,0.892664285,0.809504029,0.182022098,0,0.16224973,0,0.043,0,0,0.665863587,0.860679571,0.0599,0.94965523,0.261693113,1
29,201,8,30,0.649995846,0,0.434659799,0,0,0.666611282,0,0.663288195,1.020187755,0.925147462,0.208025255,0,0.185428263,0,0.0492,0,0,0.760986957,0.983633796,0.0685,1.085320263,0.299077843,1
30,201,7,31,0.568746365,0,0.380327324,0,0,0.583284872,0,0.58037717,0.892664285,0.809504029,0.182022098,0,0.16224973,0,0.043,0,0,0.665863587,0.860679571,0.0599,0.94965523,0.261693113,1
31,201,7,32,0.568746365,0,0.380327324,0,0,0.583284872,0,0.58037717,0.892664285,0.809504029,0.182022098,0,0.16224973,0,0.043,0,0,0.665863587,0.860679571,0.0599,0.94965523,0.261693113,1
32,201,9,33,0.731245327,0,0.488992274,0,0,0.749937692,0,0.746199219,1.147711224,1.040790895,0.234028412,0,0.208606796,0,0.0553,0,0,0.856110326,1.10658802,0.077,1.220985295,0.336462574,1
33,201,8,34,0.649995846,0,0.434659799,0,0,0.666611282,0,0.663288195,1.020187755,0.925147462,0.208025255,0,0.185428263,0,0.0492,0,0,0.760986957,0.983633796,0.0685,1.085320263,0.299077843,1
34,201,8,35,0.649995846,0,0.434659799,0,0,0.666611282,0,0.663288195,1.020187755,0.925147462,0.208025255,0,0.185428263,0,0.0492,0,0,0.760986957,0.983633796,0.0685,1.085320263,0.299077843,1
35,201,9,36,0.731245327,0,0.488992274,0,0,0.749937692,0,0.746199219,1.147711224,1.040790895,0.234028412,0,0.208606796,0,0.0553,0,0,0.856110326,1.10658802,0.077,1.220985295,0.336462574,1
36,201,8,37,0.649995846,0,0.434659799,0,0,0.666611282,0,0.663288195,1.020187755,0.925147462,0.208025255,0,0.185428263,0,0.0492,0,0,0.760986957,0.983633796,0.0685,1.085320263,0.299077843,1
37,201,9,38,0.731245327,0,0.488992274,0,0,0.749937692,0,0.746199219,1.147711224,1.040790895,0.234028412,0,0.208606796,0,0.0553,0,0,0.856110326,1.10658802,0.077,1.220985295,0.336462574,1
38,201,8,39,0.649995846,0,0.434659799,0,0,0.666611282,0,0.663288195,1.020187755,0.925147462,0.208025255,0,0.185428263,0,0.0492,0,0,0.760986957,0.983633796,0.0685,1.085320263,0.299077843,1
39,201,6,40,0.487496885,0,0.325994849,0,0,0.499958461,0,0.497466146,0.765140816,0.693860597,0.156018942,0,0.139071197,0,0.0369,0,0,0.570740218,0.737725347,0.0513,0.813990197,0.224308383,3
40,201,9,41,0.731245327,0,0.488992274,0,0,0.749937692,0,0.746199219,1.147711224,1.040790895,0.234028412,0,0.208606796,0,0.0553,0,0,0.856110326,1.10658802,0.077,1.220985295,0.336462574,1
41,201,8,42,0.649995846,0,0.434659799,0,0,0.666611282,0,0.663288195,1.020187755,0.925147462,0.208025255,0,0.185428263,0,0.0492,0,0,0.760986957,0.983633796,0.0685,1.085320263,0.299077843,1
42,201,4,43,0.324997923,0,0.217329899,0,0,0.333305641,0,0.331644097,0.510093877,0.462573731,0.104012628,0,0.0927,0,0.0246,0,0,0.380493478,0.491816898,0.0342,0.542660131,0.149538922,3
43,201,9,44,0.731245327,0,0.488992274,0,0,0.749937692,0,0.746199219,1.147711224,1.040790895,0.234028412,0,0.208606796,0,0.0553,0,0,0.856110326,1.10658802,0.077,1.220985295,0.336462574,1
44,201,6,45,0.487496885,0,0.325994849,0,0,0.499958461,0,0.497466146,0.765140816,0.693860597,0.156018942,0,0.139071197,0,0.0369,0,0,0.570740218,0.737725347,0.0513,0.813990197,0.224308383,3
45,201,5,46,0.406247404,0,0.271662374,0,0,0.416632051,0,0.414555122,0.637617347,0.578217164,0.130015785,0,0.115892664,0,0.0307,0,0,0.475616848,0.614771122,0.0428,0.678325164,0.186923652,3
46,201,8,47,0.649995846,0,0.434659799,0,0,0.666611282,0,0.663288195,1.020187755,0.925147462,0.208025255,0,0.185428263,0,0.0492,0,0,0.760986957,0.983633796,0.0685,1.085320263,0.299077843,1
47,201,8,48,0.649995846,0,0.434659799,0,0,0.666611282,0,0.663288195,1.020187755,0.925147462,0.208025255,0,0.185428263,0,0.0492,0,0,0.760986957,0.983633796,0.0685,1.085320263,0.299077843,1
48,201,8,49,0.649995846,0,0.434659799,0,0,0.666611282,0,0.663288195,1.020187755,0.925147462,0.208025255,0,0.185428263,0,0.0492,0,0,0.760986957,0.983633796,0.0685,1.085320263,0.299077843,1
49,201,6,50,0.487496885,0,0.325994849,0,0,0.499958461,0,0.497466146,0.765140816,0.693860597,0.156018942,0,0.139071197,0,0.0369,0,0,0.570740218,0.737725347,0.0513,0.813990197,0.224308383,3
50,201,6,51,0.487496885,0,0.325994849,0,0,0.499958461,0,0.497466146,0.765140816,0.693860597,0.156018942,0,0.139071197,0,0.0369,0,0,0.570740218,0.737725347,0.0513,0.813990197,0.224308383,3
51,201,7,52,0.568746365,0,0.380327324,0,0,0.583284872,0,0.58037717,0.892664285,0.809504029,0.182022098,0,0.16224973,0,0.043,0,0,0.665863587,0.860679571,0.0599,0.94965523,0.261693113,1
52,201,6,53,0.487496885,0,0.325994849,0,0,0.499958461,0,0.497466146,0.765140816,0.693860597,0.156018942,0,0.139071197,0,0.0369,0,0,0.570740218,0.737725347,0.0513,0.813990197,0.224308383,3
53,201,9,54,0.731245327,0,0.488992274,0,0,0.749937692,0,0.746199219,1.147711224,1.040790895,0.234028412,0,0.208606796,0,0.0553,0,0,0.856110326,1.10658802,0.077,1.220985295,0.336462574,1
54,201,7,55,0.568746365,0,0.380327324,0,0,0.583284872,0,0.58037717,0.892664285,0.809504029,0.182022098,0,0.16224973,0,0.043,0,0,0.665863587,0.860679571,0.0599,0.94965523,0.261693113,1
55,201,8,56,0.649995846,0,0.434659799,0,0,0.666611282,0,0.663288195,1.020187755,0.925147462,0.208025255,0,0.185428263,0,0.0492,0,0,0.760986957,0.983633796,0.0685,1.085320263,0.299077843,1
56,201,9,57,0.731245327,0,0.488992274,0,0,0.749937692,0,0.746199219,1.147711224,1.040790895,0.234028412,0,0.208606796,0,0.0553,0,0,0.856110326,1.10658802,0.077,1.220985295,0.336462574,1
57,201,9,58,0.731245327,0,0.488992274,0,0,0.749937692,0,0.746199219,1.147711224,1.040790895,0.234028412,0,0.208606796,0,0.0553,0,0,0.856110326,1.10658802,0.077,1.220985295,0.336462574,1
58,201,9,59,0.731245327,0,0.488992274,0,0,0.749937692,0,0.746199219,1.147711224,1.040790895,0.234028412,0,0.208606796,0,0.0553,0,0,0.856110326,1.10658802,0.077,1.220985295,0.336462574,1
59,201,9,60,0.731245327,0,0.488992274,0,0,0.749937692,0,0.746199219,1.147711224,1.040790895,0.234028412,0,0.208606796,0,0.0553,0,0,0.856110326,1.10658802,0.077,1.220985295,0.336462574,1
60,201,8,61,0.649995846,0,0.434659799,0,0,0.666611282,0,0.663288195,1.020187755,0.925147462,0.208025255,0,0.185428263,0,0.0492,0,0,0.760986957,0.983633796,0.0685,1.085320263,0.299077843,1
61,201,8,62,0.649995846,0,0.434659799,0,0,0.666611282,0,0.663288195,1.020187755,0.925147462,0.208025255,0,0.185428263,0,0.0492,0,0,0.760986957,0.983633796,0.0685,1.085320263,0.299077843,1
62,201,7,63,0.568746365,0,0.380327324,0,0,0.583284872,0,0.58037717,0.892664285,0.809504029,0.182022098,0,0.16224973,0,0.043,0,0,0.665863587,0.860679571,0.0599,0.94965523,0.261693113,1
63,201,8,64,0.649995846,0,0.434659799,0,0,0.666611282,0,0.663288195,1.020187755,0.925147462,0.208025255,0,0.185428263,0,0.0492,0,0,0.760986957,0.983633796,0.0685,1.085320263,0.299077843,1
64,201,6,65,0.487496885,0,0.325994849,0,0,0.499958461,0,0.497466146,0.765140816,0.693860597,0.156018942,0,0.139071197,0,0.0369,0,0,0.570740218,0.737725347,0.0513,0.813990197,0.224308383,3
65,201,8,66,0.649995846,0,0.434659799,0,0,0.666611282,0,0.663288195,1.020187755,0.925147462,0.208025255,0,0.185428263,0,0.0492,0,0,0.760986957,0.983633796,0.0685,1.085320263,0.299077843,1
66,201,9,67,0.731245327,0,0.488992274,0,0,0.749937692,0,0.746199219,1.147711224,1.040790895,0.234028412,0,0.208606796,0,0.0553,0,0,0.856110326,1.10658802,0.077,1.220985295,0.336462574,1
67,201,9,68,0.731245327,0,0.488992274,0,0,0.749937692,0,0.746199219,1.147711224,1.040790895,0.234028412,0,0.208606796,0,0.0553,0,0,0.856110326,1.10658802,0.077,1.220985295,0.336462574,1
68,201,8,69,0.649995846,0,0.434659799,0,0,0.666611282,0,0.663288195,1.020187755,0.925147462,0.208025255,0,0.185428263,0,0.0492,0,0,0.760986957,0.983633796,0.0685,1.085320263,0.299077843,1
69,201,5,70,0.406247404,0,0.271662374,0,0,0.416632051,0,0.414555122,0.637617347,0.578217164,0.130015785,0,0.115892664,0,0.0307,0,0,0.475616848,0.614771122,0.0428,0.678325164,0.186923652,3
70,201,9,71,0.731245327,0,0.488992274,0,0,0.749937692,0,0.746199219,1.147711224,1.040790895,0.234028412,0,0.208606796,0,0.0553,0,0,0.856110326,1.10658802,0.077,1.220985295,0.336462574,1
71,201,5,72,0.406247404,0,0.271662374,0,0,0.416632051,0,0.414555122,0.637617347,0.578217164,0.130015785,0,0.115892664,0,0.0307,0,0,0.475616848,0.614771122,0.0428,0.678325164,0.186923652,3
72,201,6,73,0.487496885,0,0.325994849,0,0,0.499958461,0,0.497466146,0.765140816,0.693860597,0.156018942,0,0.139071197,0,0.0369,0,0,0.570740218,0.737725347,0.0513,0.813990197,0.224308383,3
73,201,8,74,0.649995846,0,0.434659799,0,0,0.666611282,0,0.663288195,1.020187755,0.925147462,0.208025255,0,0.185428263,0,0.0492,0,0,0.760986957,0.983633796,0.0685,1.085320263,0.299077843,1
74,201,9,75,0.731245327,0,0.488992274,0,0,0.749937692,0,0.746199219,1.147711224,1.040790895,0.234028412,0,0.208606796,0,0.0553,0,0,0.856110326,1.10658802,0.077,1.220985295,0.336462574,1
75,201,9,76,0.731245327,0,0.488992274,0,0,0.749937692,0,0.746199219,1.147711224,1.040790895,0.234028412,0,0.208606796,0,0.0553,0,0,0.856110326,1.10658802,0.077,1.220985295,0.336462574,1
76,201,8,77,0.649995846,0,0.434659799,0,0,0.666611282,0,0.663288195,1.020187755,0.925147462,0.208025255,0,0.185428263,0,0.0492,0,0,0.760986957,0.983633796,0.0685,1.085320263,0.299077843,1
77,201,9,78,0.731245327,0,0.488992274,0,0,0.749937692,0,0.746199219,1.147711224,1.040790895,0.234028412,0,0.208606796,0,0.0553,0,0,0.856110326,1.10658802,0.077,1.220985295,0.336462574,1
78,201,4,79,0.324997923,0,0.217329899,0,0,0.333305641,0,0.331644097,0.510093877,0.462573731,0.104012628,0,0.0927,0,0.0246,0,0,0.380493478,0.491816898,0.0342,0.542660131,0.149538922,3
79,201,7,80,0.568746365,0,0.380327324,0,0,0.583284872,0,0.58037717,0.892664285,0.809504029,0.182022098,0,0.16224973,0,0.043,0,0,0.665863587,0.860679571,0.0599,0.94965523,0.261693113,1
80,201,8,81,0.649995846,0,0.434659799,0,0,0.666611282,0,0.663288195,1.020187755,0.925147462,0.208025255,0,0.185428263,0,0.0492,0,0,0.760986957,0.983633796,0.0685,1.085320263,0.299077843,1
81,201,1,82,0.0812,0,0.0543,0,0,0.0833,0,0.0829,0.127523469,0.115643433,0.026,0,0.0232,0,0.00615,0,0,0.0951,0.122954224,0.00856,0.135665033,0.0374,3
82,201,5,83,0.406247404,0,0.271662374,0,0,0.416632051,0,0.414555122,0.637617347,0.578217164,0.130015785,0,0.115892664,0,0.0307,0,0,0.475616848,0.614771122,0.0428,0.678325164,0.186923652,3
83,201,6,84,0.487496885,0,0.325994849,0,0,0.499958461,0,0.497466146,0.765140816,0.693860597,0.156018942,0,0.139071197,0,0.0369,0,0,0.570740218,0.737725347,0.0513,0.813990197,0.224308383,3
84,201,4,85,0.324997923,0,0.217329899,0,0,0.333305641,0,0.331644097,0.510093877,0.462573731,0.104012628,0,0.0927,0,0.0246,0,0,0.380493478,0.491816898,0.0342,0.542660131,0.149538922,3
85,201,9,86,0.731245327,0,0.488992274,0,0,0.749937692,0,0.746199219,1.147711224,1.040790895,0.234028412,0,0.208606796,0,0.0553,0,0,0.856110326,1.10658802,0.077,1.220985295,0.336462574,1
86,201,9,87,0.731245327,0,0.488992274,0,0,0.749937692,0,0.746199219,1.147711224,1.040790895,0.234028412,0,0.208606796,0,0.0553,0,0,0.856110326,1.10658802,0.077,1.220985295,0.336462574,1
87,201,8,88,0.649995846,0,0.434659799,0,0,0.666611282,0,0.663288195,1.020187755,0.925147462,0.208025255,0,0.185428263,0,0.0492,0,0,0.760986957,0.983633796,0.0685,1.085320263,0.299077843,1
88,201,8,89,0.649995846,0,0.434659799,0,0,0.666611282,0,0.663288195,1.020187755,0.925147462,0.208025255,0,0.185428263,0,0.0492,0,0,0.760986957,0.983633796,0.0685,1.085320263,0.299077843,1
89,201,8,90,0.649995846,0,0.434659799,0,0,0.666611282,0,0.663288195,1.020187755,0.925147462,0.208025255,0,0.185428263,0,0.0492,0,0,0.760986957,0.983633796,0.0685,1.085320263,0.299077843,1
90,201,8,91,0.649995846,0,0.434659799,0,0,0.666611282,0,0.663288195,1.020187755,0.925147462,0.208025255,0,0.185428263,0,0.0492,0,0,0.760986957,0.983633796,0.0685,1.085320263,0.299077843,1
91,201,8,92,0.649995846,0,0.434659799,0,0,0.666611282,0,0.663288195,1.020187755,0.925147462,0.208025255,0,0.185428263,0,0.0492,0,0,0.760986957,0.983633796,0.0685,1.085320263,0.299077843,1
92,201,6,93,0.487496885,0,0.325994849,0,0,0.499958461,0,0.497466146,0.765140816,0.693860597,0.156018942,0,0.139071197,0,0.0369,0,0,0.570740218,0.737725347,0.0513,0.813990197,0.224308383,3
93,201,9,94,0.731245327,0,0.488992274,0,0,0.749937692,0,0.746199219,1.147711224,1.040790895,0.234028412,0,0.208606796,0,0.0553,0,0,0.856110326,1.10658802,0.077,1.220985295,0.336462574,1
94,201,5,95,0.406247404,0,0.271662374,0,0,0.416632051,0,0.414555122,0.637617347,0.578217164,0.130015785,0,0.115892664,0,0.0307,0,0,0.475616848,0.614771122,0.0428,0.678325164,0.186923652,3
95,201,8,96,0.649995846,0,0.434659799,0,0,0.666611282,0,0.663288195,1.020187755,0.925147462,0.208025255,0,0.185428263,0,0.0492,0,0,0.760986957,0.983633796,0.0685,1.085320263,0.299077843,1
96,201,5,97,0.406247404,0,0.271662374,0,0,0.416632051,0,0.414555122,0.637617347,0.578217164,0.130015785,0,0.115892664,0,0.0307,0,0,0.475616848,0.614771122,0.0428,0.678325164,0.186923652,3
97,201,9,98,0.731245327,0,0.488992274,0,0,0.749937692,0,0.746199219,1.147711224,1.040790895,0.234028412,0,0.208606796,0,0.0553,0,0,0.856110326,1.10658802,0.077,1.220985295,0.336462574,1
98,201,5,99,0.406247404,0,0.271662374,0,0,0.416632051,0,0.414555122,0.637617347,0.578217164,0.130015785,0,0.115892664,0,0.0307,0,0,0.475616848,0.614771122,0.0428,0.678325164,0.186923652,3
99,201,8,100,0.649995846,0,0.434659799,0,0,0.666611282,0,0.663288195,1.020187755,0.925147462,0.208025255,0,0.185428263,0,0.0492,0,0,0.760986957,0.983633796,0.0685,1.085320263,0.299077843,1
100,201,9,101,0.731245327,0,0.488992274,0,0,0.749937692,0,0.746199219,1.147711224,1.040790895,0.234028412,0,0.208606796,0,0.0553,0,0,0.856110326,1.10658802,0.077,1.220985295,0.336462574,1
101,201,9,102,0.731245327,0,0.488992274,0,0,0.749937692,0,0.746199219,1.147711224,1.040790895,0.234028412,0,0.208606796,0,0.0553,0,0,0.856110326,1.10658802,0.077,1.220985295,0.336462574,1
102,201,7,103,0.568746365,0,0.380327324,0,0,0.583284872,0,0.58037717,0.892664285,0.809504029,0.182022098,0,0.16224973,0,0.043,0,0,0.665863587,0.860679571,0.0599,0.94965523,0.261693113,1
103,201,9,104,0.731245327,0,0.488992274,0,0,0.749937692,0,0.746199219,1.147711224,1.040790895,0.234028412,0,0.208606796,0,0.0553,0,0,0.856110326,1.10658802,0.077,1.220985295,0.336462574,1
104,201,7,105,0.568746365,0,0.380327324,0,0,0.583284872,0,0.58037717,0.892664285,0.809504029,0.182022098,0,0.16224973,0,0.043,0,0,0.665863587,0.860679571,0.0599,0.94965523,0.261693113,1
105,201,4,106,0.324997923,0,0.217329899,0,0,0.333305641,0,0.331644097,0.510093877,0.462573731,0.104012628,0,0.0927,0,0.0246,0,0,0.380493478,0.491816898,0.0342,0.542660131,0.149538922,3
106,201,5,107,0.406247404,0,0.271662374,0,0,0.416632051,0,0.414555122,0.637617347,0.578217164,0.130015785,0,0.115892664,0,0.0307,0,0,0.475616848,0.614771122,0.0428,0.678325164,0.186923652,3
107,201,5,108,0.406247404,0,0.271662374,0,0,0.416632051,0,0.414555122,0.637617347,0.578217164,0.130015785,0,0.115892664,0,0.0307,0,0,0.475616848,0.614771122,0.0428,0.678325164,0.186923652,3
108,201,8,109,0.649995846,0,0.434659799,0,0,0.666611282,0,0.663288195,1.020187755,0.925147462,0.208025255,0,0.185428263,0,0.0492,0,0,0.760986957,0.983633796,0.0685,1.085320263,0.299077843,1
109,201,8,110,0.649995846,0,0.434659799,0,0,0.666611282,0,0.663288195,1.020187755,0.925147462,0.208025255,0,0.185428263,0,0.0492,0,0,0.760986957,0.983633796,0.0685,1.085320263,0.299077843,1
110,201,8,111,0.649995846,0,0.434659799,0,0,0.666611282,0,0.663288195,1.020187755,0.925147462,0.208025255,0,0.185428263,0,0.0492,0,0,0.760986957,0.983633796,0.0685,1.085320263,0.299077843,1
111,201,8,112,0.649995846,0,0.434659799,0,0,0.666611282,0,0.663288195,1.020187755,0.925147462,0.208025255,0,0.185428263,0,0.0492,0,0,0.760986957,0.983633796,0.0685,1.085320263,0.299077843,1
112,201,6,113,0.487496885,0,0.325994849,0,0,0.499958461,0,0.497466146,0.765140816,0.693860597,0.156018942,0,0.139071197,0,0.0369,0,0,0.570740218,0.737725347,0.0513,0.813990197,0.224308383,3
113,201,9,114,0.731245327,0,0.488992274,0,0,0.749937692,0,0.746199219,1.147711224,1.040790895,0.234028412,0,0.208606796,0,0.0553,0,0,0.856110326,1.10658802,0.077,1.220985295,0.336462574,1
114,201,7,115,0.568746365,0,0.380327324,0,0,0.583284872,0,0.58037717,0.892664285,0.809504029,0.182022098,0,0.16224973,0,0.043,0,0,0.665863587,0.860679571,0.0599,0.94965523,0.261693113,1
115,201,3,116,0.243748442,0,0.162997425,0,0,0.249979231,0,0.248733073,0.382570408,0.346930298,0.078,0,0.0695,0,0.0184,0,0,0.285370109,0.368862673,0.0257,0.406995098,0.112154191,3
116,201,8,117,0.649995846,0,0.434659799,0,0,0.666611282,0,0.663288195,1.020187755,0.925147462,0.208025255,0,0.185428263,0,0.0492,0,0,0.760986957,0.983633796,0.0685,1.085320263,0.299077843,1
117,201,7,118,0.568746365,0,0.380327324,0,0,0.583284872,0,0.58037717,0.892664285,0.809504029,0.182022098,0,0.16224973,0,0.043,0,0,0.665863587,0.860679571,0.0599,0.94965523,0.261693113,1
118,201,8,119,0.649995846,0,0.434659799,0,0,0.666611282,0,0.663288195,1.020187755,0.925147462,0.208025255,0,0.185428263,0,0.0492,0,0,0.760986957,0.983633796,0.0685,1.085320263,0.299077843,1
119,201,9,120,0.731245327,0,0.488992274,0,0,0.749937692,0,0.746199219,1.147711224,1.040790895,0.234028412,0,0.208606796,0,0.0553,0,0,0.856110326,1.10658802,0.077,1.220985295,0.336462574,1
120,201,6,121,0.487496885,0,0.325994849,0,0,0.499958461,0,0.497466146,0.765140816,0.693860597,0.156018942,0,0.139071197,0,0.0369,0,0,0.570740218,0.737725347,0.0513,0.813990197,0.224308383,3
121,201,8,122,0.649995846,0,0.434659799,0,0,0.666611282,0,0.663288195,1.020187755,0.925147462,0.208025255,0,0.185428263,0,0.0492,0,0,0.760986957,0.983633796,0.0685,1.085320263,0.299077843,1
122,201,8,123,0.649995846,0,0.434659799,0,0,0.666611282,0,0.663288195,1.020187755,0.925147462,0.208025255,0,0.185428263,0,0.0492,0,0,0.760986957,0.983633796,0.0685,1.085320263,0.299077843,1
123,201,6,124,0.487496885,0,0.325994849,0,0,0.499958461,0,0.497466146,0.765140816,0.693860597,0.156018942,0,0.139071197,0,0.0369,0,0,0.570740218,0.737725347,0.0513,0.813990197,0.224308383,3
124,201,7,125,0.568746365,0,0.380327324,0,0,0.583284872,0,0.58037717,0.892664285,0.809504029,0.182022098,0,0.16224973,0,0.043,0,0,0.665863587,0.860679571,0.0599,0.94965523,0.261693113,1
125,201,8,126,0.649995846,0,0.434659799,0,0,0.666611282,0,0.663288195,1.020187755,0.925147462,0.208025255,0,0.185428263,0,0.0492,0,0,0.760986957,0.983633796,0.0685,1.085320263,0.299077843,1
126,201,8,127,0.649995846,0,0.434659799,0,0,0.666611282,0,0.663288195,1.020187755,0.925147462,0.208025255,0,0.185428263,0,0.0492,0,0,0.760986957,0.983633796,0.0685,1.085320263,0.299077843,1
127,201,5,128,0.406247404,0,0.271662374,0,0,0.416632051,0,0.414555122,0.637617347,0.578217164,0.130015785,0,0.115892664,0,0.0307,0,0,0.475616848,0.614771122,0.0428,0.678325164,0.186923652,3
128,201,6,129,0.487496885,0,0.325994849,0,0,0.499958461,0,0.497466146,0.765140816,0.693860597,0.156018942,0,0.139071197,0,0.0369,0,0,0.570740218,0.737725347,0.0513,0.813990197,0.224308383,3
129,201,8,130,0.649995846,0,0.434659799,0,0,0.666611282,0,0.663288195,1.020187755,0.925147462,0.208025255,0,0.185428263,0,0.0492,0,0,0.760986957,0.983633796,0.0685,1.085320263,0.299077843,1
130,201,9,131,0.731245327,0,0.488992274,0,0,0.749937692,0,0.746199219,1.147711224,1.040790895,0.234028412,0,0.208606796,0,0.0553,0,0,0.856110326,1.10658802,0.077,1.220985295,0.336462574,1
131,201,7,132,0.568746365,0,0.380327324,0,0,0.583284872,0,0.58037717,0.892664285,0.809504029,0.182022098,0,0.16224973,0,0.043,0,0,0.665863587,0.860679571,0.0599,0.94965523,0.261693113,1
132,201,8,133,0.649995846,0,0.434659799,0,0,0.666611282,0,0.663288195,1.020187755,0.925147462,0.208025255,0,0.185428263,0,0.0492,0,0,0.760986957,0.983633796,0.0685,1.085320263,0.299077843,1
133,201,5,134,0.406247404,0,0.271662374,0,0,0.416632051,0,0.414555122,0.637617347,0.578217164,0.130015785,0,0.115892664,0,0.0307,0,0,0.475616848,0.614771122,0.0428,0.678325164,0.186923652,3
134,201,8,135,0.649995846,0,0.434659799,0,0,0.666611282,0,0.663288195,1.020187755,0.925147462,0.208025255,0,0.185428263,0,0.0492,0,0,0.760986957,0.983633796,0.0685,1.085320263,0.299077843,1
135,201,8,136,0.649995846,0,0.434659799,0,0,0.666611282,0,0.663288195,1.020187755,0.925147462,0.208025255,0,0.185428263,0,0.0492,0,0,0.760986957,0.983633796,0.0685,1.085320263,0.299077843,1
136,201,5,137,0.406247404,0,0.271662374,0,0,0.416632051,0,0.414555122,0.637617347,0.578217164,0.130015785,0,0.115892664,0,0.0307,0,0,0.475616848,0.614771122,0.0428,0.678325164,0.186923652,3
137,201,8,138,0.649995846,0,0.434659799,0,0,0.666611282,0,0.663288195,1.020187755,0.925147462,0.208025255,0,0.185428263,0,0.0492,0,0,0.760986957,0.983633796,0.0685,1.085320263,0.299077843,1
138,201,8,139,0.649995846,0,0.434659799,0,0,0.666611282,0,0.663288195,1.020187755,0.925147462,0.208025255,0,0.185428263,0,0.0492,0,0,0.760986957,0.983633796,0.0685,1.085320263,0.299077843,1
139,201,5,140,0.406247404,0,0.271662374,0,0,0.416632051,0,0.414555122,0.637617347,0.578217164,0.130015785,0,0.115892664,0,0.0307,0,0,0.475616848,0.614771122,0.0428,0.678325164,0.186923652,3
140,201,9,141,0.731245327,0,0.488992274,0,0,0.749937692,0,0.746199219,1.147711224,1.040790895,0.234028412,0,0.208606796,0,0.0553,0,0,0.856110326,1.10658802,0.077,1.220985295,0.336462574,1
141,201,5,142,0.406247404,0,0.271662374,0,0,0.416632051,0,0.414555122,0.637617347,0.578217164,0.130015785,0,0.115892664,0,0.0307,0,0,0.475616848,0.614771122,0.0428,0.678325164,0.186923652,3
142,201,7,143,0.568746365,0,0.380327324,0,0,0.583284872,0,0.58037717,0.892664285,0.809504029,0.182022098,0,0.16224973,0,0.043,0,0,0.665863587,0.860679571,0.0599,0.94965523,0.261693113,1
143,201,7,144,0.568746365,0,0.380327324,0,0,0.583284872,0,0.58037717,0.892664285,0.809504029,0.182022098,0,0.16224973,0,0.043,0,0,0.665863587,0.860679571,0.0599,0.94965523,0.261693113,1
144,201,9,145,0.731245327,0,0.488992274,0,0,0.749937692,0,0.746199219,1.147711224,1.040790895,0.234028412,0,0.208606796,0,0.0553,0,0,0.856110326,1.10658802,0.077,1.220985295,0.336462574,1
145,201,7,146,0.568746365,0,0.380327324,0,0,0.583284872,0,0.58037717,0.892664285,0.809504029,0.182022098,0,0.16224973,0,0.043,0,0,0.665863587,0.860679571,0.0599,0.94965523,0.261693113,1
146,201,8,147,0.649995846,0,0.434659799,0,0,0.666611282,0,0.663288195,1.020187755,0.925147462,0.208025255,0,0.185428263,0,0.0492,0,0,0.760986957,0.983633796,0.0685,1.085320263,0.299077843,1
147,201,8,148,0.649995846,0,0.434659799,0,0,0.666611282,0,0.663288195,1.020187755,0.925147462,0.208025255,0,0.185428263,0,0.0492,0,0,0.760986957,0.983633796,0.0685,1.085320263,0.299077843,1
148,201,7,149,0.568746365,0,0.380327324,0,0,0.583284872,0,0.58037717,0.892664285,0.809504029,0.182022098,0,0.16224973,0,0.043,0,0,0.665863587,0.860679571,0.0599,0.94965523,0.261693113,1
149,201,5,150,0.406247404,0,0.271662374,0,0,0.416632051,0,0.414555122,0.637617347,0.578217164,0.130015785,0,0.115892664,0,0.0307,0,0,0.475616848,0.614771122,0.0428,0.678325164,0.186923652,3
150,201,8,151,0.649995846,0,0.434659799,0,0,0.666611282,0,0.663288195,1.020187755,0.925147462,0.208025255,0,0.185428263,0,0.0492,0,0,0.760986957,0.983633796,0.0685,1.085320263,0.299077843,1
151,201,9,152,0.731245327,0,0.488992274,0,0,0.749937692,0,0.746199219,1.147711224,1.040790895,0.234028412,0,0.208606796,0,0.0553,0,0,0.856110326,1.10658802,0.077,1.220985295,0.336462574,1
152,201,5,153,0.406247404,0,0.271662374,0,0,0.416632051,0,0.414555122,0.637617347,0.578217164,0.130015785,0,0.115892664,0,0.0307,0,0,0.475616848,0.614771122,0.0428,0.678325164,0.186923652,3
153,201,8,154,0.649995846,0,0.434659799,0,0,0.666611282,0,0.663288195,1.020187755,0.925147462,0.208025255,0,0.185428263,0,0.0492,0,0,0.760986957,0.983633796,0.0685,1.085320263,0.299077843,1
154,201,2,155,0.162498962,0,0.10866495,0,0,0.16665282,0,0.165822049,0.255046939,0.231286866,0.052,0,0.0464,0,0.0123,0,0,0.190246739,0.245908449,0.0171,0.271330066,0.0748,3
155,201,7,156,0.568746365,0,0.380327324,0,0,0.583284872,0,0.58037717,0.892664285,0.809504029,0.182022098,0,0.16224973,0,0.043,0,0,0.665863587,0.860679571,0.0599,0.94965523,0.261693113,1
156,201,8,157,0.649995846,0,0.434659799,0,0,0.666611282,0,0.663288195,1.020187755,0.925147462,0.208025255,0,0.185428263,0,0.0492,0,0,0.760986957,0.983633796,0.0685,1.085320263,0.299077843,1
157,201,9,158,0.731245327,0,0.488992274,0,0,0.749937692,0,0.746199219,1.147711224,1.040790895,0.234028412,0,0.208606796,0,0.0553,0,0,0.856110326,1.10658802,0.077,1.220985295,0.336462574,1
158,201,7,159,0.568746365,0,0.380327324,0,0,0.583284872,0,0.58037717,0.892664285,0.809504029,0.182022098,0,0.16224973,0,0.043,0,0,0.665863587,0.860679571,0.0599,0.94965523,0.261693113,1
159,201,6,160,0.487496885,0,0.325994849,0,0,0.499958461,0,0.497466146,0.765140816,0.693860597,0.156018942,0,0.139071197,0,0.0369,0,0,0.570740218,0.737725347,0.0513,0.813990197,0.224308383,3
160,201,4,161,0.324997923,0,0.217329899,0,0,0.333305641,0,0.331644097,0.510093877,0.462573731,0.104012628,0,0.0927,0,0.0246,0,0,0.380493478,0.491816898,0.0342,0.542660131,0.149538922,3
161,201,7,162,0.568746365,0,0.380327324,0,0,0.583284872,0,0.58037717,0.892664285,0.809504029,0.182022098,0,0.16224973,0,0.043,0,0,0.665863587,0.860679571,0.0599,0.94965523,0.261693113,1
162,201,9,163,0.731245327,0,0.488992274,0,0,0.749937692,0,0.746199219,1.147711224,1.040790895,0.234028412,0,0.208606796,0,0.0553,0,0,0.856110326,1.10658802,0.077,1.220985295,0.336462574,1
163,201,8,164,0.649995846,0,0.434659799,0,0,0.666611282,0,0.663288195,1.020187755,0.925147462,0.208025255,0,0.185428263,0,0.0492,0,0,0.760986957,0.983633796,0.0685,1.085320263,0.299077843,1
164,201,9,165,0.731245327,0,0.488992274,0,0,0.749937692,0,0.746199219,1.147711224,1.040790895,0.234028412,0,0.208606796,0,0.0553,0,0,0.856110326,1.10658802,0.077,1.220985295,0.336462574,1
165,201,7,166,0.568746365,0,0.380327324,0,0,0.583284872,0,0.58037717,0.892664285,0.809504029,0.182022098,0,0.16224973,0,0.043,0,0,0.665863587,0.860679571,0.0599,0.94965523,0.261693113,1
166,201,7,167,0.568746365,0,0.380327324,0,0,0.583284872,0,0.58037717,0.892664285,0.809504029,0.182022098,0,0.16224973,0,0.043,0,0,0.665863587,0.860679571,0.0599,0.94965523,0.261693113,1
167,201,7,168,0.568746365,0,0.380327324,0,0,0.583284872,0,0.58037717,0.892664285,0.809504029,0.182022098,0,0.16224973,0,0.043,0,0,0.665863587,0.860679571,0.0599,0.94965523,0.261693113,1
168,201,6,169,0.487496885,0,0.325994849,0,0,0.499958461,0,0.497466146,0.765140816,0.693860597,0.156018942,0,0.139071197,0,0.0369,0,0,0.570740218,0.737725347,0.0513,0.813990197,0.224308383,3
169,201,1,170,0.0812,0,0.0543,0,0,0.0833,0,0.0829,0.127523469,0.115643433,0.026,0,0.0232,0,0.00615,0,0,0.0951,0.122954224,0.00856,0.135665033,0.0374,3
170,201,9,171,0.731245327,0,0.488992274,0,0,0.749937692,0,0.746199219,1.147711224,1.040790895,0.234028412,0,0.208606796,0,0.0553,0,0,0.856110326,1.10658802,0.077,1.220985295,0.336462574,1
171,201,9,172,0.731245327,0,0.488992274,0,0,0.749937692,0,0.746199219,1.147711224,1.040790895,0.234028412,0,0.208606796,0,0.0553,0,0,0.856110326,1.10658802,0.077,1.220985295,0.336462574,1
172,201,8,173,0.649995846,0,0.434659799,0,0,0.666611282,0,0.663288195,1.020187755,0.925147462,0.208025255,0,0.185428263,0,0.0492,0,0,0.760986957,0.983633796,0.0685,1.085320263,0.299077843,1
173,201,8,174,0.649995846,0,0.434659799,0,0,0.666611282,0,0.663288195,1.020187755,0.925147462,0.208025255,0,0.185428263,0,0.0492,0,0,0.760986957,0.983633796,0.0685,1.085320263,0.299077843,1
174,201,8,175,0.649995846,0,0.434659799,0,0,0.666611282,0,0.663288195,1.020187755,0.925147462,0.208025255,0,0.185428263,0,0.0492,0,0,0.760986957,0.983633796,0.0685,1.085320263,0.299077843,1
175,201,9,176,0.731245327,0,0.488992274,0,0,0.749937692,0,0.746199219,1.147711224,1.040790895,0.234028412,0,0.208606796,0,0.0553,0,0,0.856110326,1.10658802,0.077,1.220985295,0.336462574,1
176,201,8,177,0.649995846,0,0.434659799,0,0,0.666611282,0,0.663288195,1.020187755,0.925147462,0.208025255,0,0.185428263,0,0.0492,0,0,0.760986957,0.983633796,0.0685,1.085320263,0.299077843,1
177,201,9,178,0.731245327,0,0.488992274,0,0,0.749937692,0,0.746199219,1.147711224,1.040790895,0.234028412,0,0.208606796,0,0.0553,0,0,0.856110326,1.10658802,0.077,1.220985295,0.336462574,1
178,201,4,179,0.324997923,0,0.217329899,0,0,0.333305641,0,0.331644097,0.510093877,0.462573731,0.104012628,0,0.0927,0,0.0246,0,0,0.380493478,0.491816898,0.0342,0.542660131,0.149538922,3
179,201,6,180,0.487496885,0,0.325994849,0,0,0.499958461,0,0.497466146,0.765140816,0.693860597,0.156018942,0,0.139071197,0,0.0369,0,0,0.570740218,0.737725347,0.0513,0.813990197,0.224308383,3
180,201,6,181,0.487496885,0,0.325994849,0,0,0.499958461,0,0.497466146,0.765140816,0.693860597,0.156018942,0,0.139071197,0,0.0369,0,0,0.570740218,0.737725347,0.0513,0.813990197,0.224308383,3
181,201,5,182,0.406247404,0,0.271662374,0,0,0.416632051,0,0.414555122,0.637617347,0.578217164,0.130015785,0,0.115892664,0,0.0307,0,0,0.475616848,0.614771122,0.0428,0.678325164,0.186923652,3
182,201,3,183,0.243748442,0,0.162997425,0,0,0.249979231,0,0.248733073,0.382570408,0.346930298,0.078,0,0.0695,0,0.0184,0,0,0.285370109,0.368862673,0.0257,0.406995098,0.112154191,3
183,201,5,184,0.406247404,0,0.271662374,0,0,0.416632051,0,0.414555122,0.637617347,0.578217164,0.130015785,0,0.115892664,0,0.0307,0,0,0.475616848,0.614771122,0.0428,0.678325164,0.186923652,3
184,201,5,185,0.406247404,0,0.271662374,0,0,0.416632051,0,0.414555122,0.637617347,0.578217164,0.130015785,0,0.115892664,0,0.0307,0,0,0.475616848,0.614771122,0.0428,0.678325164,0.186923652,3
185,201,9,186,0.731245327,0,0.488992274,0,0,0.749937692,0,0.746199219,1.147711224,1.040790895,0.234028412,0,0.208606796,0,0.0553,0,0,0.856110326,1.10658802,0.077,1.220985295,0.336462574,1
186,201,9,187,0.731245327,0,0.488992274,0,0,0.749937692,0,0.746199219,1.147711224,1.040790895,0.234028412,0,0.208606796,0,0.0553,0,0,0.856110326,1.10658802,0.077,1.220985295,0.336462574,1
187,201,7,188,0.568746365,0,0.380327324,0,0,0.583284872,0,0.58037717,0.892664285,0.809504029,0.182022098,0,0.16224973,0,0.043,0,0,0.665863587,0.860679571,0.0599,0.94965523,0.261693113,1
188,201,7,189,0.568746365,0,0.380327324,0,0,0.583284872,0,0.58037717,0.892664285,0.809504029,0.182022098,0,0.16224973,0,0.043,0,0,0.665863587,0.860679571,0.0599,0.94965523,0.261693113,1
189,201,8,190,0.649995846,0,0.434659799,0,0,0.666611282,0,0.663288195,1.020187755,0.925147462,0.208025255,0,0.185428263,0,0.0492,0,0,0.760986957,0.983633796,0.0685,1.085320263,0.299077843,1
190,201,9,191,0.731245327,0,0.488992274,0,0,0.749937692,0,0.746199219,1.147711224,1.040790895,0.234028412,0,0.208606796,0,0.0553,0,0,0.856110326,1.10658802,0.077,1.220985295,0.336462574,1
191,201,9,192,0.731245327,0,0.488992274,0,0,0.749937692,0,0.746199219,1.147711224,1.040790895,0.234028412,0,0.208606796,0,0.0553,0,0,0.856110326,1.10658802,0.077,1.220985295,0.336462574,1
192,201,7,193,0.568746365,0,0.380327324,0,0,0.583284872,0,0.58037717,0.892664285,0.809504029,0.182022098,0,0.16224973,0,0.043,0,0,0.665863587,0.860679571,0.0599,0.94965523,0.261693113,1
193,201,9,194,0.731245327,0,0.488992274,0,0,0.749937692,0,0.746199219,1.147711224,1.040790895,0.234028412,0,0.208606796,0,0.0553,0,0,0.856110326,1.10658802,0.077,1.220985295,0.336462574,1
194,201,9,195,0.731245327,0,0.488992274,0,0,0.749937692,0,0.746199219,1.147711224,1.040790895,0.234028412,0,0.208606796,0,0.0553,0,0,0.856110326,1.10658802,0.077,1.220985295,0.336462574,1
195,201,5,196,0.406247404,0,0.271662374,0,0,0.416632051,0,0.414555122,0.637617347,0.578217164,0.130015785,0,0.115892664,0,0.0307,0,0,0.475616848,0.614771122,0.0428,0.678325164,0.186923652,3
196,201,7,197,0.568746365,0,0.380327324,0,0,0.583284872,0,0.58037717,0.892664285,0.809504029,0.182022098,0,0.16224973,0,0.043,0,0,0.665863587,0.860679571,0.0599,0.94965523,0.261693113,1
197,201,7,198,0.568746365,0,0.380327324,0,0,0.583284872,0,0.58037717,0.892664285,0.809504029,0.182022098,0,0.16224973,0,0.043,0,0,0.665863587,0.860679571,0.0599,0.94965523,0.261693113,1
198,201,7,199,0.568746365,0,0.380327324,0,0,0.583284872,0,0.58037717,0.892664285,0.809504029,0.182022098,0,0.16224973,0,0.043,0,0,0.665863587,0.860679571,0.0599,0.94965523,0.261693113,1
199,201,6,200,0.487496885,0,0.325994849,0,0,0.499958461,0,0.497466146,0.765140816,0.693860597,0.156018942,0,0.139071197,0,0.0369,0,0,0.570740218,0.737725347,0.0513,0.813990197,0.224308383,3
200,201,5,201,0.406247404,0,0.271662374,0,0,0.416632051,0,0.414555122,0.637617347,0.578217164,0.130015785,0,0.115892664,0,0.0307,0,0,0.475616848,0.614771122,0.0428,0.678325164,0.186923652,3
201,201,8,202,0.649995846,0,0.434659799,0,0,0.666611282,0,0.663288195,1.020187755,0.925147462,0.208025255,0,0.185428263,0,0.0492,0,0,0.760986957,0.983633796,0.0685,1.085320263,0.299077843,1
202,201,8,203,0.649995846,0,0.434659799,0,0,0.666611282,0,0.663288195,1.020187755,0.925147462,0.208025255,0,0.185428263,0,0.0492,0,0,0.760986957,0.983633796,0.0685,1.085320263,0.299077843,1
203,201,9,204,0.731245327,0,0.488992274,0,0,0.749937692,0,0.746199219,1.147711224,1.040790895,0.234028412,0,0.208606796,0,0.0553,0,0,0.856110326,1.10658802,0.077,1.220985295,0.336462574,1
204,201,8,205,0.649995846,0,0.434659799,0,0,0.666611282,0,0.663288195,1.020187755,0.925147462,0.208025255,0,0.185428263,0,0.0492,0,0,0.760986957,0.983633796,0.0685,1.085320263,0.299077843,1
205,201,7,206,0.568746365,0,0.380327324,0,0,0.583284872,0,0.58037717,0.892664285,0.809504029,0.182022098,0,0.16224973,0,0.043,0,0,0.665863587,0.860679571,0.0599,0.94965523,0.261693113,1
206,201,9,207,0.731245327,0,0.488992274,0,0,0.749937692,0,0.746199219,1.147711224,1.040790895,0.234028412,0,0.208606796,0,0.0553,0,0,0.856110326,1.10658802,0.077,1.220985295,0.336462574,1
207,201,8,208,0.649995846,0,0.434659799,0,0,0.666611282,0,0.663288195,1.020187755,0.925147462,0.208025255,0,0.185428263,0,0.0492,0,0,0.760986957,0.983633796,0.0685,1.085320263,0.299077843,1
208,201,8,209,0.649995846,0,0.434659799,0,0,0.666611282,0,0.663288195,1.020187755,0.925147462,0.208025255,0,0.185428263,0,0.0492,0,0,0.760986957,0.983633796,0.0685,1.085320263,0.299077843,1
209,201,8,210,0.649995846,0,0.434659799,0,0,0.666611282,0,0.663288195,1.020187755,0.925147462,0.208025255,0,0.185428263,0,0.0492,0,0,0.760986957,0.983633796,0.0685,1.085320263,0.299077843,1
210,201,8,211,0.649995846,0,0.434659799,0,0,0.666611282,0,0.663288195,1.020187755,0.925147462,0.208025255,0,0.185428263,0,0.0492,0,0,0.760986957,0.983633796,0.0685,1.085320263,0.299077843,1
211,201,8,212,0.649995846,0,0.434659799,0,0,0.666611282,0,0.663288195,1.020187755,0.925147462,0.208025255,0,0.185428263,0,0.0492,0,0,0.760986957,0.983633796,0.0685,1.085320263,0.299077843,1
212,201,8,213,0.649995846,0,0.434659799,0,0,0.666611282,0,0.663288195,1.020187755,0.925147462,0.208025255,0,0.185428263,0,0.0492,0,0,0.760986957,0.983633796,0.0685,1.085320263,0.299077843,1
213,201,8,214,0.649995846,0,0.434659799,0,0,0.666611282,0,0.663288195,1.020187755,0.925147462,0.208025255,0,0.185428263,0,0.0492,0,0,0.760986957,0.983633796,0.0685,1.085320263,0.299077843,1
214,201,6,215,0.487496885,0,0.325994849,0,0,0.499958461,0,0.497466146,0.765140816,0.693860597,0.156018942,0,0.139071197,0,0.0369,0,0,0.570740218,0.737725347,0.0513,0.813990197,0.224308383,3
215,201,8,216,0.649995846,0,0.434659799,0,0,0.666611282,0,0.663288195,1.020187755,0.925147462,0.208025255,0,0.185428263,0,0.0492,0,0,0.760986957,0.983633796,0.0685,1.085320263,0.299077843,1
216,201,6,217,0.487496885,0,0.325994849,0,0,0.499958461,0,0.497466146,0.765140816,0.693860597,0.156018942,0,0.139071197,0,0.0369,0,0,0.570740218,0.737725347,0.0513,0.813990197,0.224308383,3
217,201,6,218,0.487496885,0,0.325994849,0,0,0.499958461,0,0.497466146,0.765140816,0.693860597,0.156018942,0,0.139071197,0,0.0369,0,0,0.570740218,0.737725347,0.0513,0.813990197,0.224308383,3
218,201,9,219,0.731245327,0,0.488992274,0,0,0.749937692,0,0.746199219,1.147711224,1.040790895,0.234028412,0,0.208606796,0,0.0553,0,0,0.856110326,1.10658802,0.077,1.220985295,0.336462574,1
219,201,8,220,0.649995846,0,0.434659799,0,0,0.666611282,0,0.663288195,1.020187755,0.925147462,0.208025255,0,0.185428263,0,0.0492,0,0,0.760986957,0.983633796,0.0685,1.085320263,0.299077843,1
220,201,5,221,0.406247404,0,0.271662374,0,0,0.416632051,0,0.414555122,0.637617347,0.578217164,0.130015785,0,0.115892664,0,0.0307,0,0,0.475616848,0.614771122,0.0428,0.678325164,0.186923652,3
221,201,8,222,0.649995846,0,0.434659799,0,0,0.666611282,0,0.663288195,1.020187755,0.925147462,0.208025255,0,0.185428263,0,0.0492,0,0,0.760986957,0.983633796,0.0685,1.085320263,0.299077843,1
222,201,7,223,0.568746365,0,0.380327324,0,0,0.583284872,0,0.58037717,0.892664285,0.809504029,0.182022098,0,0.16224973,0,0.043,0,0,0.665863587,0.860679571,0.0599,0.94965523,0.261693113,1
223,201,8,224,0.649995846,0,0.434659799,0,0,0.666611282,0,0.663288195,1.020187755,0.925147462,0.208025255,0,0.185428263,0,0.0492,0,0,0.760986957,0.983633796,0.0685,1.085320263,0.299077843,1
224,201,8,225,0.649995846,0,0.434659799,0,0,0.666611282,0,0.663288195,1.020187755,0.925147462,0.208025255,0,0.185428263,0,0.0492,0,0,0.760986957,0.983633796,0.0685,1.085320263,0.299077843,1
225,201,8,226,0.649995846,0,0.434659799,0,0,0.666611282,0,0.663288195,1.020187755,0.925147462,0.208025255,0,0.185428263,0,0.0492,0,0,0.760986957,0.983633796,0.0685,1.085320263,0.299077843,1
226,201,6,227,0.487496885,0,0.325994849,0,0,0.499958461,0,0.497466146,0.765140816,0.693860597,0.156018942,0,0.139071197,0,0.0369,0,0,0.570740218,0.737725347,0.0513,0.813990197,0.224308383,3
227,201,8,228,0.649995846,0,0.434659799,0,0,0.666611282,0,0.663288195,1.020187755,0.925147462,0.208025255,0,0.185428263,0,0.0492,0,0,0.760986957,0.983633796,0.0685,1.085320263,0.299077843,1
228,201,7,229,0.568746365,0,0.380327324,0,0,0.583284872,0,0.58037717,0.892664285,0.809504029,0.182022098,0,0.16224973,0,0.043,0,0,0.665863587,0.860679571,0.0599,0.94965523,0.261693113,1
229,201,8,230,0.649995846,0,0.434659799,0,0,0.666611282,0,0.663288195,1.020187755,0.925147462,0.208025255,0,0.185428263,0,0.0492,0,0,0.760986957,0.983633796,0.0685,1.085320263,0.299077843,1
230,201,7,231,0.568746365,0,0.380327324,0,0,0.583284872,0,0.58037717,0.892664285,0.809504029,0.182022098,0,0.16224973,0,0.043,0,0,0.665863587,0.860679571,0.0599,0.94965523,0.261693113,1
231,201,6,232,0.487496885,0,0.325994849,0,0,0.499958461,0,0.497466146,0.765140816,0.693860597,0.156018942,0,0.139071197,0,0.0369,0,0,0.570740218,0.737725347,0.0513,0.813990197,0.224308383,3
232,201,8,233,0.649995846,0,0.434659799,0,0,0.666611282,0,0.663288195,1.020187755,0.925147462,0.208025255,0,0.185428263,0,0.0492,0,0,0.760986957,0.983633796,0.0685,1.085320263,0.299077843,1
233,201,8,234,0.649995846,0,0.434659799,0,0,0.666611282,0,0.663288195,1.020187755,0.925147462,0.208025255,0,0.185428263,0,0.0492,0,0,0.760986957,0.983633796,0.0685,1.085320263,0.299077843,1
234,201,8,235,0.649995846,0,0.434659799,0,0,0.666611282,0,0.663288195,1.020187755,0.925147462,0.208025255,0,0.185428263,0,0.0492,0,0,0.760986957,0.983633796,0.0685,1.085320263,0.299077843,1
235,201,9,236,0.731245327,0,0.488992274,0,0,0.749937692,0,0.746199219,1.147711224,1.040790895,0.234028412,0,0.208606796,0,0.0553,0,0,0.856110326,1.10658802,0.077,1.220985295,0.336462574,1
236,201,2,237,0.162498962,0,0.10866495,0,0,0.16665282,0,0.165822049,0.255046939,0.231286866,0.052,0,0.0464,0,0.0123,0,0,0.190246739,0.245908449,0.0171,0.271330066,0.0748,3
237,201,6,238,0.487496885,0,0.325994849,0,0,0.499958461,0,0.497466146,0.765140816,0.693860597,0.156018942,0,0.139071197,0,0.0369,0,0,0.570740218,0.737725347,0.0513,0.813990197,0.224308383,3
238,201,7,239,0.568746365,0,0.380327324,0,0,0.583284872,0,0.58037717,0.892664285,0.809504029,0.182022098,0,0.16224973,0,0.043,0,0,0.665863587,0.860679571,0.0599,0.94965523,0.261693113,1
239,201,7,240,0.568746365,0,0.380327324,0,0,0.583284872,0,0.58037717,0.892664285,0.809504029,0.182022098,0,0.16224973,0,0.043,0,0,0.665863587,0.860679571,0.0599,0.94965523,0.261693113,1
240,201,9,241,0.731245327,0,0.488992274,0,0,0.749937692,0,0.746199219,1.147711224,1.040790895,0.234028412,0,0.208606796,0,0.0553,0,0,0.856110326,1.10658802,0.077,1.220985295,0.336462574,1
241,201,8,242,0.649995846,0,0.434659799,0,0,0.666611282,0,0.663288195,1.020187755,0.925147462,0.208025255,0,0.185428263,0,0.0492,0,0,0.760986957,0.983633796,0.0685,1.085320263,0.299077843,1
242,201,5,243,0.406247404,0,0.271662374,0,0,0.416632051,0,0.414555122,0.637617347,0.578217164,0.130015785,0,0.115892664,0,0.0307,0,0,0.475616848,0.614771122,0.0428,0.678325164,0.186923652,3
243,201,7,244,0.568746365,0,0.380327324,0,0,0.583284872,0,0.58037717,0.892664285,0.809504029,0.182022098,0,0.16224973,0,0.043,0,0,0.665863587,0.860679571,0.0599,0.94965523,0.261693113,1
244,201,2,245,0.162498962,0,0.10866495,0,0,0.16665282,0,0.165822049,0.255046939,0.231286866,0.052,0,0.0464,0,0.0123,0,0,0.190246739,0.245908449,0.0171,0.271330066,0.0748,3
245,201,8,246,0.649995846,0,0.434659799,0,0,0.666611282,0,0.663288195,1.020187755,0.925147462,0.208025255,0,0.185428263,0,0.0492,0,0,0.760986957,0.983633796,0.0685,1.085320263,0.299077843,1
246,201,7,247,0.568746365,0,0.380327324,0,0,0.583284872,0,0.58037717,0.892664285,0.809504029,0.182022098,0,0.16224973,0,0.043,0,0,0.665863587,0.860679571,0.0599,0.94965523,0.261693113,1
247,201,8,248,0.649995846,0,0.434659799,0,0,0.666611282,0,0.663288195,1.020187755,0.925147462,0.208025255,0,0.185428263,0,0.0492,0,0,0.760986957,0.983633796,0.0685,1.085320263,0.299077843,1
248,201,5,249,0.406247404,0,0.271662374,0,0,0.416632051,0,0.414555122,0.637617347,0.578217164,0.130015785,0,0.115892664,0,0.0307,0,0,0.475616848,0.614771122,0.0428,0.678325164,0.186923652,3
249,201,9,250,0.731245327,0,0.488992274,0,0,0.749937692,0,0.746199219,1.147711224,1.040790895,0.234028412,0,0.208606796,0,0.0553,0,0,0.856110326,1.10658802,0.077,1.220985295,0.336462574,1
250,201,7,251,0.568746365,0,0.380327324,0,0,0.583284872,0,0.58037717,0.892664285,0.809504029,0.182022098,0,0.16224973,0,0.043,0,0,0.665863587,0.860679571,0.0599,0.94965523,0.261693113,1
251,201,6,252,0.487496885,0,0.325994849,0,0,0.499958461,0,0.497466146,0.765140816,0.693860597,0.156018942,0,0.139071197,0,0.0369,0,0,0.570740218,0.737725347,0.0513,0.813990197,0.224308383,3
252,201,9,253,0.731245327,0,0.488992274,0,0,0.749937692,0,0.746199219,1.147711224,1.040790895,0.234028412,0,0.208606796,0,0.0553,0,0,0.856110326,1.10658802,0.077,1.220985295,0.336462574,1
253,201,9,254,0.731245327,0,0.488992274,0,0,0.749937692,0,0.746199219,1.147711224,1.040790895,0.234028412,0,0.208606796,0,0.0553,0,0,0.856110326,1.10658802,0.077,1.220985295,0.336462574,1
254,201,9,255,0.731245327,0,0.488992274,0,0,0.749937692,0,0.746199219,1.147711224,1.040790895,0.234028412,0,0.208606796,0,0.0553,0,0,0.856110326,1.10658802,0.077,1.220985295,0.336462574,1
255,201,9,256,0.731245327,0,0.488992274,0,0,0.749937692,0,0.746199219,1.147711224,1.040790895,0.234028412,0,0.208606796,0,0.0553,0,0,0.856110326,1.10658802,0.077,1.220985295,0.336462574,1
256,201,5,257,0.406247404,0,0.271662374,0,0,0.416632051,0,0.414555122,0.637617347,0.578217164,0.130015785,0,0.115892664,0,0.0307,0,0,0.475616848,0.614771122,0.0428,0.678325164,0.186923652,3
257,201,8,258,0.649995846,0,0.434659799,0,0,0.666611282,0,0.663288195,1.020187755,0.925147462,0.208025255,0,0.185428263,0,0.0492,0,0,0.760986957,0.983633796,0.0685,1.085320263,0.299077843,1
258,201,9,259,0.731245327,0,0.488992274,0,0,0.749937692,0,0.746199219,1.147711224,1.040790895,0.234028412,0,0.208606796,0,0.0553,0,0,0.856110326,1.10658802,0.077,1.220985295,0.336462574,1
259,201,6,260,0.487496885,0,0.325994849,0,0,0.499958461,0,0.497466146,0.765140816,0.693860597,0.156018942,0,0.139071197,0,0.0369,0,0,0.570740218,0.737725347,0.0513,0.813990197,0.224308383,3
260,201,8,261,0.649995846,0,0.434659799,0,0,0.666611282,0,0.663288195,1.020187755,0.925147462,0.208025255,0,0.185428263,0,0.0492,0,0,0.760986957,0.983633796,0.0685,1.085320263,0.299077843,1
261,201,4,262,0.324997923,0,0.217329899,0,0,0.333305641,0,0.331644097,0.510093877,0.462573731,0.104012628,0,0.0927,0,0.0246,0,0,0.380493478,0.491816898,0.0342,0.542660131,0.149538922,3
262,201,8,263,0.649995846,0,0.434659799,0,0,0.666611282,0,0.663288195,1.020187755,0.925147462,0.208025255,0,0.185428263,0,0.0492,0,0,0.760986957,0.983633796,0.0685,1.085320263,0.299077843,1
263,201,9,264,0.731245327,0,0.488992274,0,0,0.749937692,0,0.746199219,1.147711224,1.040790895,0.234028412,0,0.208606796,0,0.0553,0,0,0.856110326,1.10658802,0.077,1.220985295,0.336462574,1
264,201,4,265,0.324997923,0,0.217329899,0,0,0.333305641,0,0.331644097,0.510093877,0.462573731,0.104012628,0,0.0927,0,0.0246,0,0,0.380493478,0.491816898,0.0342,0.542660131,0.149538922,3
265,201,9,266,0.731245327,0,0.488992274,0,0,0.749937692,0,0.746199219,1.147711224,1.040790895,0.234028412,0,0.208606796,0,0.0553,0,0,0.856110326,1.10658802,0.077,1.220985295,0.336462574,1
266,201,7,267,0.568746365,0,0.380327324,0,0,0.583284872,0,0.58037717,0.892664285,0.809504029,0.182022098,0,0.16224973,0,0.043,0,0,0.665863587,0.860679571,0.0599,0.94965523,0.261693113,1
267,201,2,268,0.162498962,0,0.10866495,0,0,0.16665282,0,0.165822049,0.255046939,0.231286866,0.052,0,0.0464,0,0.0123,0,0,0.190246739,0.245908449,0.0171,0.271330066,0.0748,3
268,201,9,269,0.731245327,0,0.488992274,0,0,0.749937692,0,0.746199219,1.147711224,1.040790895,0.234028412,0,0.208606796,0,0.0553,0,0,0.856110326,1.10658802,0.077,1.220985295,0.336462574,1
269,201,6,270,0.487496885,0,0.325994849,0,0,0.499958461,0,0.497466146,0.765140816,0.693860597,0.156018942,0,0.139071197,0,0.0369,0,0,0.570740218,0.737725347,0.0513,0.813990197,0.224308383,3
270,201,7,271,0.568746365,0,0.380327324,0,0,0.583284872,0,0.58037717,0.892664285,0.809504029,0.182022098,0,0.16224973,0,0.043,0,0,0.665863587,0.860679571,0.0599,0.94965523,0.261693113,1
271,201,9,272,0.731245327,0,0.488992274,0,0,0.749937692,0,0.746199219,1.147711224,1.040790895,0.234028412,0,0.208606796,0,0.0553,0,0,0.856110326,1.10658802,0.077,1.220985295,0.336462574,1
272,201,2,273,0.162498962,0,0.10866495,0,0,0.16665282,0,0.165822049,0.255046939,0.231286866,0.052,0,0.0464,0,0.0123,0,0,0.190246739,0.245908449,0.0171,0.271330066,0.0748,3
273,201,7,274,0.568746365,0,0.380327324,0,0,0.583284872,0,0.58037717,0.892664285,0.809504029,0.182022098,0,0.16224973,0,0.043,0,0,0.665863587,0.860679571,0.0599,0.94965523,0.261693113,1
274,201,9,275,0.731245327,0,0.488992274,0,0,0.749937692,0,0.746199219,1.147711224,1.040790895,0.234028412,0,0.208606796,0,0.0553,0,0,0.856110326,1.10658802,0.077,1.220985295,0.336462574,1
275,201,5,276,0.406247404,0,0.271662374,0,0,0.416632051,0,0.414555122,0.637617347,0.578217164,0.130015785,0,0.115892664,0,0.0307,0,0,0.475616848,0.614771122,0.0428,0.678325164,0.186923652,3
276,201,9,277,0.731245327,0,0.488992274,0,0,0.749937692,0,0.746199219,1.147711224,1.040790895,0.234028412,0,0.208606796,0,0.0553,0,0,0.856110326,1.10658802,0.077,1.220985295,0.336462574,1
277,201,8,278,0.649995846,0,0.434659799,0,0,0.666611282,0,0.663288195,1.020187755,0.925147462,0.208025255,0,0.185428263,0,0.0492,0,0,0.760986957,0.983633796,0.0685,1.085320263,0.299077843,1
278,201,7,279,0.568746365,0,0.380327324,0,0,0.583284872,0,0.58037717,0.892664285,0.809504029,0.182022098,0,0.16224973,0,0.043,0,0,0.665863587,0.860679571,0.0599,0.94965523,0.261693113,1
279,201,9,280,0.731245327,0,0.488992274,0,0,0.749937692,0,0.746199219,1.147711224,1.040790895,0.234028412,0,0.208606796,0,0.0553,0,0,0.856110326,1.10658802,0.077,1.220985295,0.336462574,1
280,201,6,281,0.487496885,0,0.325994849,0,0,0.499958461,0,0.497466146,0.765140816,0.693860597,0.156018942,0,0.139071197,0,0.0369,0,0,0.570740218,0.737725347,0.0513,0.813990197,0.224308383,3
281,201,5,282,0.406247404,0,0.271662374,0,0,0.416632051,0,0.414555122,0.637617347,0.578217164,0.130015785,0,0.115892664,0,0.0307,0,0,0.475616848,0.614771122,0.0428,0.678325164,0.186923652,3
282,201,8,283,0.649995846,0,0.434659799,0,0,0.666611282,0,0.663288195,1.020187755,0.925147462,0.208025255,0,0.185428263,0,0.0492,0,0,0.760986957,0.983633796,0.0685,1.085320263,0.299077843,1
283,201,9,284,0.731245327,0,0.488992274,0,0,0.749937692,0,0.746199219,1.147711224,1.040790895,0.234028412,0,0.208606796,0,0.0553,0,0,0.856110326,1.10658802,0.077,1.220985295,0.336462574,1
284,201,5,285,0.406247404,0,0.271662374,0,0,0.416632051,0,0.414555122,0.637617347,0.578217164,0.130015785,0,0.115892664,0,0.0307,0,0,0.475616848,0.614771122,0.0428,0.678325164,0.186923652,3
285,201,9,286,0.731245327,0,0.488992274,0,0,0.749937692,0,0.746199219,1.147711224,1.040790895,0.234028412,0,0.208606796,0,0.0553,0,0,0.856110326,1.10658802,0.077,1.220985295,0.336462574,1
286,201,1,287,0.0812,0,0.0543,0,0,0.0833,0,0.0829,0.127523469,0.115643433,0.026,0,0.0232,0,0.00615,0,0,0.0951,0.122954224,0.00856,0.135665033,0.0374,3
287,201,9,288,0.731245327,0,0.488992274,0,0,0.749937692,0,0.746199219,1.147711224,1.040790895,0.234028412,0,0.208606796,0,0.0553,0,0,0.856110326,1.10658802,0.077,1.220985295,0.336462574,1
288,201,8,289,0.649995846,0,0.434659799,0,0,0.666611282,0,0.663288195,1.020187755,0.925147462,0.208025255,0,0.185428263,0,0.0492,0,0,0.760986957,0.983633796,0.0685,1.085320263,0.299077843,1
289,201,1,290,0.0812,0,0.0543,0,0,0.0833,0,0.0829,0.127523469,0.115643433,0.026,0,0.0232,0,0.00615,0,0,0.0951,0.122954224,0.00856,0.135665033,0.0374,3
290,201,5,291,0.406247404,0,0.271662374,0,0,0.416632051,0,0.414555122,0.637617347,0.578217164,0.130015785,0,0.115892664,0,0.0307,0,0,0.475616848,0.614771122,0.0428,0.678325164,0.186923652,3
291,201,7,292,0.568746365,0,0.380327324,0,0,0.583284872,0,0.58037717,0.892664285,0.809504029,0.182022098,0,0.16224973,0,0.043,0,0,0.665863587,0.860679571,0.0599,0.94965523,0.261693113,1
292,201,8,293,0.649995846,0,0.434659799,0,0,0.666611282,0,0.663288195,1.020187755,0.925147462,0.208025255,0,0.185428263,0,0.0492,0,0,0.760986957,0.983633796,0.0685,1.085320263,0.299077843,1
293,201,9,294,0.731245327,0,0.488992274,0,0,0.749937692,0,0.746199219,1.147711224,1.040790895,0.234028412,0,0.208606796,0,0.0553,0,0,0.856110326,1.10658802,0.077,1.220985295,0.336462574,1
294,201,8,295,0.649995846,0,0.434659799,0,0,0.666611282,0,0.663288195,1.020187755,0.925147462,0.208025255,0,0.185428263,0,0.0492,0,0,0.760986957,0.983633796,0.0685,1.085320263,0.299077843,1
295,201,7,296,0.568746365,0,0.380327324,0,0,0.583284872,0,0.58037717,0.892664285,0.809504029,0.182022098,0,0.16224973,0,0.043,0,0,0.665863587,0.860679571,0.0599,0.94965523,0.261693113,1
296,201,8,297,0.649995846,0,0.434659799,0,0,0.666611282,0,0.663288195,1.020187755,0.925147462,0.208025255,0,0.185428263,0,0.0492,0,0,0.760986957,0.983633796,0.0685,1.085320263,0.299077843,1
297,201,9,298,0.731245327,0,0.488992274,0,0,0.749937692,0,0.746199219,1.147711224,1.040790895,0.234028412,0,0.208606796,0,0.0553,0,0,0.856110326,1.10658802,0.077,1.220985295,0.336462574,1
298,201,7,299,0.568746365,0,0.380327324,0,0,0.583284872,0,0.58037717,0.892664285,0.809504029,0.182022098,0,0.16224973,0,0.043,0,0,0.665863587,0.860679571,0.0599,0.94965523,0.261693113,1
299,201,9,300,0.731245327,0,0.488992274,0,0,0.749937692,0,0.746199219,1.147711224,1.040790895,0.234028412,0,0.208606796,0,0.0553,0,0,0.856110326,1.10658802,0.077,1.220985295,0.336462574,1
300,201,3,301,0.243748442,0,0.162997425,0,0,0.249979231,0,0.248733073,0.382570408,0.346930298,0.078,0,0.0695,0,0.0184,0,0,0.285370109,0.368862673,0.0257,0.406995098,0.112154191,3
301,201,9,302,0.731245327,0,0.488992274,0,0,0.749937692,0,0.746199219,1.147711224,1.040790895,0.234028412,0,0.208606796,0,0.0553,0,0,0.856110326,1.10658802,0.077,1.220985295,0.336462574,1
302,201,5,303,0.406247404,0,0.271662374,0,0,0.416632051,0,0.414555122,0.637617347,0.578217164,0.130015785,0,0.115892664,0,0.0307,0,0,0.475616848,0.614771122,0.0428,0.678325164,0.186923652,3
303,201,7,304,0.568746365,0,0.380327324,0,0,0.583284872,0,0.58037717,0.892664285,0.809504029,0.182022098,0,0.16224973,0,0.043,0,0,0.665863587,0.860679571,0.0599,0.94965523,0.261693113,1
304,201,7,305,0.568746365,0,0.380327324,0,0,0.583284872,0,0.58037717,0.892664285,0.809504029,0.182022098,0,0.16224973,0,0.043,0,0,0.665863587,0.860679571,0.0599,0.94965523,0.261693113,1
305,201,5,306,0.406247404,0,0.271662374,0,0,0.416632051,0,0.414555122,0.637617347,0.578217164,0.130015785,0,0.115892664,0,0.0307,0,0,0.475616848,0.614771122,0.0428,0.678325164,0.186923652,3
306,201,9,307,0.731245327,0,0.488992274,0,0,0.749937692,0,0.746199219,1.147711224,1.040790895,0.234028412,0,0.208606796,0,0.0553,0,0,0.856110326,1.10658802,0.077,1.220985295,0.336462574,1
307,201,8,308,0.649995846,0,0.434659799,0,0,0.666611282,0,0.663288195,1.020187755,0.925147462,0.208025255,0,0.185428263,0,0.0492,0,0,0.760986957,0.983633796,0.0685,1.085320263,0.299077843,1
308,Signature Rare(582),8,1,0.909813769,0,0.583385646,0,0,0.678803097,0,0.374973844,0.157355095,0.791797447,0.208411802,0,0.172421009,0,0.190834903,0,0,0.960870475,1.180163214,0.0804,1.319104415,0.391713748,1
309,Signature Rare(582),1,2,0.113726721,0,0.0729,0,0,0.0849,0,0.0469,0.0197,0.099,0.0261,0,0.0216,0,0.0239,0,0,0.120108809,0.147520402,0.01,0.164888052,0.049,3
310,Signature Rare(582),7,3,0.796087047,0,0.51046244,0,0,0.59395271,0,0.328102113,0.137685708,0.692822766,0.182360326,0,0.150868383,0,0.16698054,0,0,0.840761666,1.032642812,0.070307596,1.154216363,0.342749529,1
311,Signature Rare(582),8,4,0.909813769,0,0.583385646,0,0,0.678803097,0,0.374973844,0.157355095,0.791797447,0.208411802,0,0.172421009,0,0.190834903,0,0,0.960870475,1.180163214,0.0804,1.319104415,0.391713748,1
312,Signature Rare(582),7,5,0.796087047,0,0.51046244,0,0,0.59395271,0,0.328102113,0.137685708,0.692822766,0.182360326,0,0.150868383,0,0.16698054,0,0,0.840761666,1.032642812,0.070307596,1.154216363,0.342749529,1
313,Signature Rare(582),7,6,0.796087047,0,0.51046244,0,0,0.59395271,0,0.328102113,0.137685708,0.692822766,0.182360326,0,0.150868383,0,0.16698054,0,0,0.840761666,1.032642812,0.070307596,1.154216363,0.342749529,1
314,Signature Rare(582),6,7,0.682360326,0,0.437539234,0,0,0.509102323,0,0.281230383,0.118016321,0.593848085,0.156308851,0,0.129315756,0,0.143126177,0,0,0.720652856,0.88512241,0.0603,0.989328311,0.293785311,1
315,Signature Rare(582),7,8,0.796087047,0,0.51046244,0,0,0.59395271,0,0.328102113,0.137685708,0.692822766,0.182360326,0,0.150868383,0,0.16698054,0,0,0.840761666,1.032642812,0.070307596,1.154216363,0.342749529,1
316,Signature Rare(582),8,9,0.909813769,0,0.583385646,0,0,0.678803097,0,0.374973844,0.157355095,0.791797447,0.208411802,0,0.172421009,0,0.190834903,0,0,0.960870475,1.180163214,0.0804,1.319104415,0.391713748,1
317,Signature Rare(582),9,10,1.02354049,0,0.656308851,0,0,0.763653484,0,0.421845574,0.177024482,0.890772128,0.234463277,0,0.193973635,0,0.214689266,0,0,1.080979284,1.327683616,0.0904,1.483992467,0.440677966,1
318,Signature Rare(582),8,11,0.909813769,0,0.583385646,0,0,0.678803097,0,0.374973844,0.157355095,0.791797447,0.208411802,0,0.172421009,0,0.190834903,0,0,0.960870475,1.180163214,0.0804,1.319104415,0.391713748,1
319,Signature Rare(582),7,12,0.796087047,0,0.51046244,0,0,0.59395271,0,0.328102113,0.137685708,0.692822766,0.182360326,0,0.150868383,0,0.16698054,0,0,0.840761666,1.032642812,0.070307596,1.154216363,0.342749529,1
320,Signature Rare(582),9,13,1.02354049,0,0.656308851,0,0,0.763653484,0,0.421845574,0.177024482,0.890772128,0.234463277,0,0.193973635,0,0.214689266,0,0,1.080979284,1.327683616,0.0904,1.483992467,0.440677966,1
321,Signature Rare(582),8,14,0.909813769,0,0.583385646,0,0,0.678803097,0,0.374973844,0.157355095,0.791797447,0.208411802,0,0.172421009,0,0.190834903,0,0,0.960870475,1.180163214,0.0804,1.319104415,0.391713748,1
322,Signature Rare(582),5,15,0.568633605,0,0.364616028,0,0,0.424251936,0,0.234358652,0.0983,0.494873404,0.130257376,0,0.10776313,0,0.119271814,0,0,0.600544047,0.737602009,0.0502,0.824440259,0.244821092,3
323,Signature Rare(582),8,16,0.909813769,0,0.583385646,0,0,0.678803097,0,0.374973844,0.157355095,0.791797447,0.208411802,0,0.172421009,0,0.190834903,0,0,0.960870475,1.180163214,0.0804,1.319104415,0.391713748,1
324,Signature Rare(582),7,17,0.796087047,0,0.51046244,0,0,0.59395271,0,0.328102113,0.137685708,0.692822766,0.182360326,0,0.150868383,0,0.16698054,0,0,0.840761666,1.032642812,0.070307596,1.154216363,0.342749529,1
325,Signature Rare(582),8,18,0.909813769,0,0.583385646,0,0,0.678803097,0,0.374973844,0.157355095,0.791797447,0.208411802,0,0.172421009,0,0.190834903,0,0,0.960870475,1.180163214,0.0804,1.319104415,0.391713748,1
326,Signature Rare(582),8,19,0.909813769,0,0.583385646,0,0,0.678803097,0,0.374973844,0.157355095,0.791797447,0.208411802,0,0.172421009,0,0.190834903,0,0,0.960870475,1.180163214,0.0804,1.319104415,0.391713748,1
327,Signature Rare(582),8,20,0.909813769,0,0.583385646,0,0,0.678803097,0,0.374973844,0.157355095,0.791797447,0.208411802,0,0.172421009,0,0.190834903,0,0,0.960870475,1.180163214,0.0804,1.319104415,0.391713748,1
328,Signature Rare(582),7,21,0.796087047,0,0.51046244,0,0,0.59395271,0,0.328102113,0.137685708,0.692822766,0.182360326,0,0.150868383,0,0.16698054,0,0,0.840761666,1.032642812,0.070307596,1.154216363,0.342749529,1
329,Signature Rare(582),8,22,0.909813769,0,0.583385646,0,0,0.678803097,0,0.374973844,0.157355095,0.791797447,0.208411802,0,0.172421009,0,0.190834903,0,0,0.960870475,1.180163214,0.0804,1.319104415,0.391713748,1
330,Signature Rare(582),7,23,0.796087047,0,0.51046244,0,0,0.59395271,0,0.328102113,0.137685708,0.692822766,0.182360326,0,0.150868383,0,0.16698054,0,0,0.840761666,1.032642812,0.070307596,1.154216363,0.342749529,1
331,Signature Rare(582),8,24,0.909813769,0,0.583385646,0,0,0.678803097,0,0.374973844,0.157355095,0.791797447,0.208411802,0,0.172421009,0,0.190834903,0,0,0.960870475,1.180163214,0.0804,1.319104415,0.391713748,1
332,Signature Rare(582),8,25,0.909813769,0,0.583385646,0,0,0.678803097,0,0.374973844,0.157355095,0.791797447,0.208411802,0,0.172421009,0,0.190834903,0,0,0.960870475,1.180163214,0.0804,1.319104415,0.391713748,1
333,Signature Rare(582),9,26,1.02354049,0,0.656308851,0,0,0.763653484,0,0.421845574,0.177024482,0.890772128,0.234463277,0,0.193973635,0,0.214689266,0,0,1.080979284,1.327683616,0.0904,1.483992467,0.440677966,1
334,Signature Rare(582),7,27,0.796087047,0,0.51046244,0,0,0.59395271,0,0.328102113,0.137685708,0.692822766,0.182360326,0,0.150868383,0,0.16698054,0,0,0.840761666,1.032642812,0.070307596,1.154216363,0.342749529,1
335,Signature Rare(582),9,28,1.02354049,0,0.656308851,0,0,0.763653484,0,0.421845574,0.177024482,0.890772128,0.234463277,0,0.193973635,0,0.214689266,0,0,1.080979284,1.327683616,0.0904,1.483992467,0.440677966,1
336,Signature Rare(582),8,29,0.909813769,0,0.583385646,0,0,0.678803097,0,0.374973844,0.157355095,0.791797447,0.208411802,0,0.172421009,0,0.190834903,0,0,0.960870475,1.180163214,0.0804,1.319104415,0.391713748,1
337,Signature Rare(582),8,30,0.909813769,0,0.583385646,0,0,0.678803097,0,0.374973844,0.157355095,0.791797447,0.208411802,0,0.172421009,0,0.190834903,0,0,0.960870475,1.180163214,0.0804,1.319104415,0.391713748,1
338,Signature Rare(582),6,31,0.682360326,0,0.437539234,0,0,0.509102323,0,0.281230383,0.118016321,0.593848085,0.156308851,0,0.129315756,0,0.143126177,0,0,0.720652856,0.88512241,0.0603,0.989328311,0.293785311,1
339,Signature Rare(582),8,32,0.909813769,0,0.583385646,0,0,0.678803097,0,0.374973844,0.157355095,0.791797447,0.208411802,0,0.172421009,0,0.190834903,0,0,0.960870475,1.180163214,0.0804,1.319104415,0.391713748,1
340,Signature Rare(582),8,33,0.909813769,0,0.583385646,0,0,0.678803097,0,0.374973844,0.157355095,0.791797447,0.208411802,0,0.172421009,0,0.190834903,0,0,0.960870475,1.180163214,0.0804,1.319104415,0.391713748,1
341,Signature Rare(582),6,34,0.682360326,0,0.437539234,0,0,0.509102323,0,0.281230383,0.118016321,0.593848085,0.156308851,0,0.129315756,0,0.143126177,0,0,0.720652856,0.88512241,0.0603,0.989328311,0.293785311,1
342,Signature Rare(582),7,35,0.796087047,0,0.51046244,0,0,0.59395271,0,0.328102113,0.137685708,0.692822766,0.182360326,0,0.150868383,0,0.16698054,0,0,0.840761666,1.032642812,0.070307596,1.154216363,0.342749529,1
343,Signature Rare(582),8,36,0.909813769,0,0.583385646,0,0,0.678803097,0,0.374973844,0.157355095,0.791797447,0.208411802,0,0.172421009,0,0.190834903,0,0,0.960870475,1.180163214,0.0804,1.319104415,0.391713748,1
344,Signature Rare(582),8,37,0.909813769,0,0.583385646,0,0,0.678803097,0,0.374973844,0.157355095,0.791797447,0.208411802,0,0.172421009,0,0.190834903,0,0,0.960870475,1.180163214,0.0804,1.319104415,0.391713748,1
345,Signature Rare(582),8,38,0.909813769,0,0.583385646,0,0,0.678803097,0,0.374973844,0.157355095,0.791797447,0.208411802,0,0.172421009,0,0.190834903,0,0,0.960870475,1.180163214,0.0804,1.319104415,0.391713748,1
346,Signature Rare(582),9,39,1.02354049,0,0.656308851,0,0,0.763653484,0,0.421845574,0.177024482,0.890772128,0.234463277,0,0.193973635,0,0.214689266,0,0,1.080979284,1.327683616,0.0904,1.483992467,0.440677966,1
347,Signature Rare(582),7,40,0.796087047,0,0.51046244,0,0,0.59395271,0,0.328102113,0.137685708,0.692822766,0.182360326,0,0.150868383,0,0.16698054,0,0,0.840761666,1.032642812,0.070307596,1.154216363,0.342749529,1
348,Signature Rare(582),8,41,0.909813769,0,0.583385646,0,0,0.678803097,0,0.374973844,0.157355095,0.791797447,0.208411802,0,0.172421009,0,0.190834903,0,0,0.960870475,1.180163214,0.0804,1.319104415,0.391713748,1
349,Signature Rare(582),8,42,0.909813769,0,0.583385646,0,0,0.678803097,0,0.374973844,0.157355095,0.791797447,0.208411802,0,0.172421009,0,0.190834903,0,0,0.960870475,1.180163214,0.0804,1.319104415,0.391713748,1
350,Signature Rare(582),9,43,1.02354049,0,0.656308851,0,0,0.763653484,0,0.421845574,0.177024482,0.890772128,0.234463277,0,0.193973635,0,0.214689266,0,0,1.080979284,1.327683616,0.0904,1.483992467,0.440677966,1
351,Signature Rare(582),6,44,0.682360326,0,0.437539234,0,0,0.509102323,0,0.281230383,0.118016321,0.593848085,0.156308851,0,0.129315756,0,0.143126177,0,0,0.720652856,0.88512241,0.0603,0.989328311,0.293785311,1
352,Signature Rare(582),6,45,0.682360326,0,0.437539234,0,0,0.509102323,0,0.281230383,0.118016321,0.593848085,0.156308851,0,0.129315756,0,0.143126177,0,0,0.720652856,0.88512241,0.0603,0.989328311,0.293785311,1
353,Signature Rare(582),8,46,0.909813769,0,0.583385646,0,0,0.678803097,0,0.374973844,0.157355095,0.791797447,0.208411802,0,0.172421009,0,0.190834903,0,0,0.960870475,1.180163214,0.0804,1.319104415,0.391713748,1
354,Signature Rare(582),8,47,0.909813769,0,0.583385646,0,0,0.678803097,0,0.374973844,0.157355095,0.791797447,0.208411802,0,0.172421009,0,0.190834903,0,0,0.960870475,1.180163214,0.0804,1.319104415,0.391713748,1
355,Signature Rare(582),9,48,1.02354049,0,0.656308851,0,0,0.763653484,0,0.421845574,0.177024482,0.890772128,0.234463277,0,0.193973635,0,0.214689266,0,0,1.080979284,1.327683616,0.0904,1.483992467,0.440677966,1
356,Signature Rare(582),9,49,1.02354049,0,0.656308851,0,0,0.763653484,0,0.421845574,0.177024482,0.890772128,0.234463277,0,0.193973635,0,0.214689266,0,0,1.080979284,1.327683616,0.0904,1.483992467,0.440677966,1
357,Signature Rare(582),7,50,0.796087047,0,0.51046244,0,0,0.59395271,0,0.328102113,0.137685708,0.692822766,0.182360326,0,0.150868383,0,0.16698054,0,0,0.840761666,1.032642812,0.070307596,1.154216363,0.342749529,1
358,Signature Rare(582),9,51,1.02354049,0,0.656308851,0,0,0.763653484,0,0.421845574,0.177024482,0.890772128,0.234463277,0,0.193973635,0,0.214689266,0,0,1.080979284,1.327683616,0.0904,1.483992467,0.440677966,1
359,Signature Rare(582),7,52,0.796087047,0,0.51046244,0,0,0.59395271,0,0.328102113,0.137685708,0.692822766,0.182360326,0,0.150868383,0,0.16698054,0,0,0.840761666,1.032642812,0.070307596,1.154216363,0.342749529,1
360,Signature Rare(582),8,53,0.909813769,0,0.583385646,0,0,0.678803097,0,0.374973844,0.157355095,0.791797447,0.208411802,0,0.172421009,0,0.190834903,0,0,0.960870475,1.180163214,0.0804,1.319104415,0.391713748,1
361,Signature Rare(582),5,54,0.568633605,0,0.364616028,0,0,0.424251936,0,0.234358652,0.0983,0.494873404,0.130257376,0,0.10776313,0,0.119271814,0,0,0.600544047,0.737602009,0.0502,0.824440259,0.244821092,3
362,Signature Rare(582),8,55,0.909813769,0,0.583385646,0,0,0.678803097,0,0.374973844,0.157355095,0.791797447,0.208411802,0,0.172421009,0,0.190834903,0,0,0.960870475,1.180163214,0.0804,1.319104415,0.391713748,1
363,Signature Rare(582),9,56,1.02354049,0,0.656308851,0,0,0.763653484,0,0.421845574,0.177024482,0.890772128,0.234463277,0,0.193973635,0,0.214689266,0,0,1.080979284,1.327683616,0.0904,1.483992467,0.440677966,1
364,Signature Rare(582),2,57,0.227453442,0,0.145846411,0,0,0.169700774,0,0.0937,0.0393,0.197949362,0.0521,0,0.0431,0,0.0477,0,0,0.240217619,0.295040803,0.0201,0.329776104,0.0979,3
365,Signature Rare(582),9,58,1.02354049,0,0.656308851,0,0,0.763653484,0,0.421845574,0.177024482,0.890772128,0.234463277,0,0.193973635,0,0.214689266,0,0,1.080979284,1.327683616,0.0904,1.483992467,0.440677966,1
366,Signature Rare(582),4,59,0.454906884,0,0.291692823,0,0,0.339401548,0,0.187486922,0.0787,0.395898724,0.104205901,0,0.0862,0,0.0954,0,0,0.480435238,0.590081607,0.0402,0.659552208,0.195856874,3
367,Signature Rare(582),9,60,1.02354049,0,0.656308851,0,0,0.763653484,0,0.421845574,0.177024482,0.890772128,0.234463277,0,0.193973635,0,0.214689266,0,0,1.080979284,1.327683616,0.0904,1.483992467,0.440677966,1
368,Signature Rare(582),9,61,1.02354049,0,0.656308851,0,0,0.763653484,0,0.421845574,0.177024482,0.890772128,0.234463277,0,0.193973635,0,0.214689266,0,0,1.080979284,1.327683616,0.0904,1.483992467,0.440677966,1
369,Signature Rare(582),9,62,1.02354049,0,0.656308851,0,0,0.763653484,0,0.421845574,0.177024482,0.890772128,0.234463277,0,0.193973635,0,0.214689266,0,0,1.080979284,1.327683616,0.0904,1.483992467,0.440677966,1
370,Signature Rare(582),9,63,1.02354049,0,0.656308851,0,0,0.763653484,0,0.421845574,0.177024482,0.890772128,0.234463277,0,0.193973635,0,0.214689266,0,0,1.080979284,1.327683616,0.0904,1.483992467,0.440677966,1
371,Signature Rare(582),5,64,0.568633605,0,0.364616028,0,0,0.424251936,0,0.234358652,0.0983,0.494873404,0.130257376,0,0.10776313,0,0.119271814,0,0,0.600544047,0.737602009,0.0502,0.824440259,0.244821092,3
372,Signature Rare(582),8,65,0.909813769,0,0.583385646,0,0,0.678803097,0,0.374973844,0.157355095,0.791797447,0.208411802,0,0.172421009,0,0.190834903,0,0,0.960870475,1.180163214,0.0804,1.319104415,0.391713748,1
373,Signature Rare(582),9,66,1.02354049,0,0.656308851,0,0,0.763653484,0,0.421845574,0.177024482,0.890772128,0.234463277,0,0.193973635,0,0.214689266,0,0,1.080979284,1.327683616,0.0904,1.483992467,0.440677966,1
374,Signature Rare(582),7,67,0.796087047,0,0.51046244,0,0,0.59395271,0,0.328102113,0.137685708,0.692822766,0.182360326,0,0.150868383,0,0.16698054,0,0,0.840761666,1.032642812,0.070307596,1.154216363,0.342749529,1
375,Signature Rare(582),9,68,1.02354049,0,0.656308851,0,0,0.763653484,0,0.421845574,0.177024482,0.890772128,0.234463277,0,0.193973635,0,0.214689266,0,0,1.080979284,1.327683616,0.0904,1.483992467,0.440677966,1
376,Signature Rare(582),6,69,0.682360326,0,0.437539234,0,0,0.509102323,0,0.281230383,0.118016321,0.593848085,0.156308851,0,0.129315756,0,0.143126177,0,0,0.720652856,0.88512241,0.0603,0.989328311,0.293785311,1
377,Signature Rare(582),5,70,0.568633605,0,0.364616028,0,0,0.424251936,0,0.234358652,0.0983,0.494873404,0.130257376,0,0.10776313,0,0.119271814,0,0,0.600544047,0.737602009,0.0502,0.824440259,0.244821092,3
378,Signature Rare(582),8,71,0.909813769,0,0.583385646,0,0,0.678803097,0,0.374973844,0.157355095,0.791797447,0.208411802,0,0.172421009,0,0.190834903,0,0,0.960870475,1.180163214,0.0804,1.319104415,0.391713748,1
379,Signature Rare(582),8,72,0.909813769,0,0.583385646,0,0,0.678803097,0,0.374973844,0.157355095,0.791797447,0.208411802,0,0.172421009,0,0.190834903,0,0,0.960870475,1.180163214,0.0804,1.319104415,0.391713748,1
380,Signature Rare(582),6,73,0.682360326,0,0.437539234,0,0,0.509102323,0,0.281230383,0.118016321,0.593848085,0.156308851,0,0.129315756,0,0.143126177,0,0,0.720652856,0.88512241,0.0603,0.989328311,0.293785311,1
381,Signature Rare(582),8,74,0.909813769,0,0.583385646,0,0,0.678803097,0,0.374973844,0.157355095,0.791797447,0.208411802,0,0.172421009,0,0.190834903,0,0,0.960870475,1.180163214,0.0804,1.319104415,0.391713748,1
382,Signature Rare(582),7,75,0.796087047,0,0.51046244,0,0,0.59395271,0,0.328102113,0.137685708,0.692822766,0.182360326,0,0.150868383,0,0.16698054,0,0,0.840761666,1.032642812,0.070307596,1.154216363,0.342749529,1
383,Signature Rare(582),6,76,0.682360326,0,0.437539234,0,0,0.509102323,0,0.281230383,0.118016321,0.593848085,0.156308851,0,0.129315756,0,0.143126177,0,0,0.720652856,0.88512241,0.0603,0.989328311,0.293785311,1
384,Signature Rare(582),8,77,0.909813769,0,0.583385646,0,0,0.678803097,0,0.374973844,0.157355095,0.791797447,0.208411802,0,0.172421009,0,0.190834903,0,0,0.960870475,1.180163214,0.0804,1.319104415,0.391713748,1
385,Signature Rare(582),9,78,1.02354049,0,0.656308851,0,0,0.763653484,0,0.421845574,0.177024482,0.890772128,0.234463277,0,0.193973635,0,0.214689266,0,0,1.080979284,1.327683616,0.0904,1.483992467,0.440677966,1
386,Signature Rare(582),8,79,0.909813769,0,0.583385646,0,0,0.678803097,0,0.374973844,0.157355095,0.791797447,0.208411802,0,0.172421009,0,0.190834903,0,0,0.960870475,1.180163214,0.0804,1.319104415,0.391713748,1
387,Signature Rare(582),8,80,0.909813769,0,0.583385646,0,0,0.678803097,0,0.374973844,0.157355095,0.791797447,0.208411802,0,0.172421009,0,0.190834903,0,0,0.960870475,1.180163214,0.0804,1.319104415,0.391713748,1
388,Signature Rare(582),5,81,0.568633605,0,0.364616028,0,0,0.424251936,0,0.234358652,0.0983,0.494873404,0.130257376,0,0.10776313,0,0.119271814,0,0,0.600544047,0.737602009,0.0502,0.824440259,0.244821092,3
389,Signature Rare(582),9,82,1.02354049,0,0.656308851,0,0,0.763653484,0,0.421845574,0.177024482,0.890772128,0.234463277,0,0.193973635,0,0.214689266,0,0,1.080979284,1.327683616,0.0904,1.483992467,0.440677966,1
390,Signature Rare(582),9,83,1.02354049,0,0.656308851,0,0,0.763653484,0,0.421845574,0.177024482,0.890772128,0.234463277,0,0.193973635,0,0.214689266,0,0,1.080979284,1.327683616,0.0904,1.483992467,0.440677966,1
391,Signature Rare(582),9,84,1.02354049,0,0.656308851,0,0,0.763653484,0,0.421845574,0.177024482,0.890772128,0.234463277,0,0.193973635,0,0.214689266,0,0,1.080979284,1.327683616,0.0904,1.483992467,0.440677966,1
392,Signature Rare(582),9,85,1.02354049,0,0.656308851,0,0,0.763653484,0,0.421845574,0.177024482,0.890772128,0.234463277,0,0.193973635,0,0.214689266,0,0,1.080979284,1.327683616,0.0904,1.483992467,0.440677966,1
393,Signature Rare(582),9,86,1.02354049,0,0.656308851,0,0,0.763653484,0,0.421845574,0.177024482,0.890772128,0.234463277,0,0.193973635,0,0.214689266,0,0,1.080979284,1.327683616,0.0904,1.483992467,0.440677966,1
394,Signature Rare(582),8,87,0.909813769,0,0.583385646,0,0,0.678803097,0,0.374973844,0.157355095,0.791797447,0.208411802,0,0.172421009,0,0.190834903,0,0,0.960870475,1.180163214,0.0804,1.319104415,0.391713748,1
395,Signature Rare(582),1,88,0.113726721,0,0.0729,0,0,0.0849,0,0.0469,0.0197,0.099,0.0261,0,0.0216,0,0.0239,0,0,0.120108809,0.147520402,0.01,0.164888052,0.049,3
396,Signature Rare(582),8,89,0.909813769,0,0.583385646,0,0,0.678803097,0,0.374973844,0.157355095,0.791797447,0.208411802,0,0.172421009,0,0.190834903,0,0,0.960870475,1.180163214,0.0804,1.319104415,0.391713748,1
397,Signature Rare(582),8,90,0.909813769,0,0.583385646,0,0,0.678803097,0,0.374973844,0.157355095,0.791797447,0.208411802,0,0.172421009,0,0.190834903,0,0,0.960870475,1.180163214,0.0804,1.319104415,0.391713748,1
398,Signature Rare(582),7,91,0.796087047,0,0.51046244,0,0,0.59395271,0,0.328102113,0.137685708,0.692822766,0.182360326,0,0.150868383,0,0.16698054,0,0,0.840761666,1.032642812,0.070307596,1.154216363,0.342749529,1
399,Signature Rare(582),8,92,0.909813769,0,0.583385646,0,0,0.678803097,0,0.374973844,0.157355095,0.791797447,0.208411802,0,0.172421009,0,0.190834903,0,0,0.960870475,1.180163214,0.0804,1.319104415,0.391713748,1
400,Signature Rare(582),9,93,1.02354049,0,0.656308851,0,0,0.763653484,0,0.421845574,0.177024482,0.890772128,0.234463277,0,0.193973635,0,0.214689266,0,0,1.080979284,1.327683616,0.0904,1.483992467,0.440677966,1
401,Signature Rare(582),5,94,0.568633605,0,0.364616028,0,0,0.424251936,0,0.234358652,0.0983,0.494873404,0.130257376,0,0.10776313,0,0.119271814,0,0,0.600544047,0.737602009,0.0502,0.824440259,0.244821092,3
402,Signature Rare(582),8,95,0.909813769,0,0.583385646,0,0,0.678803097,0,0.374973844,0.157355095,0.791797447,0.208411802,0,0.172421009,0,0.190834903,0,0,0.960870475,1.180163214,0.0804,1.319104415,0.391713748,1
403,Signature Rare(582),7,96,0.796087047,0,0.51046244,0,0,0.59395271,0,0.328102113,0.137685708,0.692822766,0.182360326,0,0.150868383,0,0.16698054,0,0,0.840761666,1.032642812,0.070307596,1.154216363,0.342749529,1
404,Signature Rare(582),8,97,0.909813769,0,0.583385646,0,0,0.678803097,0,0.374973844,0.157355095,0.791797447,0.208411802,0,0.172421009,0,0.190834903,0,0,0.960870475,1.180163214,0.0804,1.319104415,0.391713748,1
405,Signature Rare(582),8,98,0.909813769,0,0.583385646,0,0,0.678803097,0,0.374973844,0.157355095,0.791797447,0.208411802,0,0.172421009,0,0.190834903,0,0,0.960870475,1.180163214,0.0804,1.319104415,0.391713748,1
406,Signature Rare(582),8,99,0.909813769,0,0.583385646,0,0,0.678803097,0,0.374973844,0.157355095,0.791797447,0.208411802,0,0.172421009,0,0.190834903,0,0,0.960870475,1.180163214,0.0804,1.319104415,0.391713748,1
407,Signature Rare(582),6,100,0.682360326,0,0.437539234,0,0,0.509102323,0,0.281230383,0.118016321,0.593848085,0.156308851,0,0.129315756,0,0.143126177,0,0,0.720652856,0.88512241,0.0603,0.989328311,0.293785311,1
408,Signature Rare(582),6,101,0.682360326,0,0.437539234,0,0,0.509102323,0,0.281230383,0.118016321,0.593848085,0.156308851,0,0.129315756,0,0.143126177,0,0,0.720652856,0.88512241,0.0603,0.989328311,0.293785311,1
409,Signature Rare(582),6,102,0.682360326,0,0.437539234,0,0,0.509102323,0,0.281230383,0.118016321,0.593848085,0.156308851,0,0.129315756,0,0.143126177,0,0,0.720652856,0.88512241,0.0603,0.989328311,0.293785311,1
410,Signature Rare(582),6,103,0.682360326,0,0.437539234,0,0,0.509102323,0,0.281230383,0.118016321,0.593848085,0.156308851,0,0.129315756,0,0.143126177,0,0,0.720652856,0.88512241,0.0603,0.989328311,0.293785311,1
411,Signature Rare(582),3,104,0.341180163,0,0.218769617,0,0,0.254551161,0,0.140615191,0.059,0.296924043,0.0782,0,0.0647,0,0.0716,0,0,0.360326428,0.442561205,0.0301,0.494664156,0.146892655,3
412,Signature Rare(582),3,105,0.341180163,0,0.218769617,0,0,0.254551161,0,0.140615191,0.059,0.296924043,0.0782,0,0.0647,0,0.0716,0,0,0.360326428,0.442561205,0.0301,0.494664156,0.146892655,3
413,Signature Rare(582),9,106,1.02354049,0,0.656308851,0,0,0.763653484,0,0.421845574,0.177024482,0.890772128,0.234463277,0,0.193973635,0,0.214689266,0,0,1.080979284,1.327683616,0.0904,1.483992467,0.440677966,1
414,Signature Rare(582),5,107,0.568633605,0,0.364616028,0,0,0.424251936,0,0.234358652,0.0983,0.494873404,0.130257376,0,0.10776313,0,0.119271814,0,0,0.600544047,0.737602009,0.0502,0.824440259,0.244821092,3
415,Signature Rare(582),9,108,1.02354049,0,0.656308851,0,0,0.763653484,0,0.421845574,0.177024482,0.890772128,0.234463277,0,0.193973635,0,0.214689266,0,0,1.080979284,1.327683616,0.0904,1.483992467,0.440677966,1
416,Signature Rare(582),8,109,0.909813769,0,0.583385646,0,0,0.678803097,0,0.374973844,0.157355095,0.791797447,0.208411802,0,0.172421009,0,0.190834903,0,0,0.960870475,1.180163214,0.0804,1.319104415,0.391713748,1
417,Signature Rare(582),7,110,0.796087047,0,0.51046244,0,0,0.59395271,0,0.328102113,0.137685708,0.692822766,0.182360326,0,0.150868383,0,0.16698054,0,0,0.840761666,1.032642812,0.070307596,1.154216363,0.342749529,1
418,Signature Rare(582),7,111,0.796087047,0,0.51046244,0,0,0.59395271,0,0.328102113,0.137685708,0.692822766,0.182360326,0,0.150868383,0,0.16698054,0,0,0.840761666,1.032642812,0.070307596,1.154216363,0.342749529,1
419,Signature Rare(582),8,112,0.909813769,0,0.583385646,0,0,0.678803097,0,0.374973844,0.157355095,0.791797447,0.208411802,0,0.172421009,0,0.190834903,0,0,0.960870475,1.180163214,0.0804,1.319104415,0.391713748,1
420,Signature Rare(582),7,113,0.796087047,0,0.51046244,0,0,0.59395271,0,0.328102113,0.137685708,0.692822766,0.182360326,0,0.150868383,0,0.16698054,0,0,0.840761666,1.032642812,0.070307596,1.154216363,0.342749529,1
421,Signature Rare(582),8,114,0.909813769,0,0.583385646,0,0,0.678803097,0,0.374973844,0.157355095,0.791797447,0.208411802,0,0.172421009,0,0.190834903,0,0,0.960870475,1.180163214,0.0804,1.319104415,0.391713748,1
422,Signature Rare(582),8,115,0.909813769,0,0.583385646,0,0,0.678803097,0,0.374973844,0.157355095,0.791797447,0.208411802,0,0.172421009,0,0.190834903,0,0,0.960870475,1.180163214,0.0804,1.319104415,0.391713748,1
423,Signature Rare(582),9,116,1.02354049,0,0.656308851,0,0,0.763653484,0,0.421845574,0.177024482,0.890772128,0.234463277,0,0.193973635,0,0.214689266,0,0,1.080979284,1.327683616,0.0904,1.483992467,0.440677966,1
424,Signature Rare(582),8,117,0.909813769,0,0.583385646,0,0,0.678803097,0,0.374973844,0.157355095,0.791797447,0.208411802,0,0.172421009,0,0.190834903,0,0,0.960870475,1.180163214,0.0804,1.319104415,0.391713748,1
425,Signature Rare(582),8,118,0.909813769,0,0.583385646,0,0,0.678803097,0,0.374973844,0.157355095,0.791797447,0.208411802,0,0.172421009,0,0.190834903,0,0,0.960870475,1.180163214,0.0804,1.319104415,0.391713748,1
426,Signature Rare(582),7,119,0.796087047,0,0.51046244,0,0,0.59395271,0,0.328102113,0.137685708,0.692822766,0.182360326,0,0.150868383,0,0.16698054,0,0,0.840761666,1.032642812,0.070307596,1.154216363,0.342749529,1
427,Signature Rare(582),8,120,0.909813769,0,0.583385646,0,0,0.678803097,0,0.374973844,0.157355095,0.791797447,0.208411802,0,0.172421009,0,0.190834903,0,0,0.960870475,1.180163214,0.0804,1.319104415,0.391713748,1
428,Signature Rare(582),8,121,0.909813769,0,0.583385646,0,0,0.678803097,0,0.374973844,0.157355095,0.791797447,0.208411802,0,0.172421009,0,0.190834903,0,0,0.960870475,1.180163214,0.0804,1.319104415,0.391713748,1
429,Signature Rare(582),6,122,0.682360326,0,0.437539234,0,0,0.509102323,0,0.281230383,0.118016321,0.593848085,0.156308851,0,0.129315756,0,0.143126177,0,0,0.720652856,0.88512241,0.0603,0.989328311,0.293785311,1
430,Signature Rare(582),6,123,0.682360326,0,0.437539234,0,0,0.509102323,0,0.281230383,0.118016321,0.593848085,0.156308851,0,0.129315756,0,0.143126177,0,0,0.720652856,0.88512241,0.0603,0.989328311,0.293785311,1
431,Signature Rare(582),9,124,1.02354049,0,0.656308851,0,0,0.763653484,0,0.421845574,0.177024482,0.890772128,0.234463277,0,0.193973635,0,0.214689266,0,0,1.080979284,1.327683616,0.0904,1.483992467,0.440677966,1
432,Signature Rare(582),8,125,0.909813769,0,0.583385646,0,0,0.678803097,0,0.374973844,0.157355095,0.791797447,0.208411802,0,0.172421009,0,0.190834903,0,0,0.960870475,1.180163214,0.0804,1.319104415,0.391713748,1
433,Signature Rare(582),6,126,0.682360326,0,0.437539234,0,0,0.509102323,0,0.281230383,0.118016321,0.593848085,0.156308851,0,0.129315756,0,0.143126177,0,0,0.720652856,0.88512241,0.0603,0.989328311,0.293785311,1
434,Signature Rare(582),8,127,0.909813769,0,0.583385646,0,0,0.678803097,0,0.374973844,0.157355095,0.791797447,0.208411802,0,0.172421009,0,0.190834903,0,0,0.960870475,1.180163214,0.0804,1.319104415,0.391713748,1
435,Signature Rare(582),8,128,0.909813769,0,0.583385646,0,0,0.678803097,0,0.374973844,0.157355095,0.791797447,0.208411802,0,0.172421009,0,0.190834903,0,0,0.960870475,1.180163214,0.0804,1.319104415,0.391713748,1
436,Signature Rare(582),1,129,0.113726721,0,0.0729,0,0,0.0849,0,0.0469,0.0197,0.099,0.0261,0,0.0216,0,0.0239,0,0,0.120108809,0.147520402,0.01,0.164888052,0.049,3
437,Signature Rare(582),8,130,0.909813769,0,0.583385646,0,0,0.678803097,0,0.374973844,0.157355095,0.791797447,0.208411802,0,0.172421009,0,0.190834903,0,0,0.960870475,1.180163214,0.0804,1.319104415,0.391713748,1
438,Signature Rare(582),9,131,1.02354049,0,0.656308851,0,0,0.763653484,0,0.421845574,0.177024482,0.890772128,0.234463277,0,0.193973635,0,0.214689266,0,0,1.080979284,1.327683616,0.0904,1.483992467,0.440677966,1
439,Signature Rare(582),7,132,0.796087047,0,0.51046244,0,0,0.59395271,0,0.328102113,0.137685708,0.692822766,0.182360326,0,0.150868383,0,0.16698054,0,0,0.840761666,1.032642812,0.070307596,1.154216363,0.342749529,1
440,Signature Rare(582),8,133,0.909813769,0,0.583385646,0,0,0.678803097,0,0.374973844,0.157355095,0.791797447,0.208411802,0,0.172421009,0,0.190834903,0,0,0.960870475,1.180163214,0.0804,1.319104415,0.391713748,1
441,Signature Rare(582),8,134,0.909813769,0,0.583385646,0,0,0.678803097,0,0.374973844,0.157355095,0.791797447,0.208411802,0,0.172421009,0,0.190834903,0,0,0.960870475,1.180163214,0.0804,1.319104415,0.391713748,1
442,Signature Rare(582),9,135,1.02354049,0,0.656308851,0,0,0.763653484,0,0.421845574,0.177024482,0.890772128,0.234463277,0,0.193973635,0,0.214689266,0,0,1.080979284,1.327683616,0.0904,1.483992467,0.440677966,1
443,Signature Rare(582),9,136,1.02354049,0,0.656308851,0,0,0.763653484,0,0.421845574,0.177024482,0.890772128,0.234463277,0,0.193973635,0,0.214689266,0,0,1.080979284,1.327683616,0.0904,1.483992467,0.440677966,1
444,Signature Rare(582),7,137,0.796087047,0,0.51046244,0,0,0.59395271,0,0.328102113,0.137685708,0.692822766,0.182360326,0,0.150868383,0,0.16698054,0,0,0.840761666,1.032642812,0.070307596,1.154216363,0.342749529,1
445,Signature Rare(582),9,138,1.02354049,0,0.656308851,0,0,0.763653484,0,0.421845574,0.177024482,0.890772128,0.234463277,0,0.193973635,0,0.214689266,0,0,1.080979284,1.327683616,0.0904,1.483992467,0.440677966,1
446,Signature Rare(582),6,139,0.682360326,0,0.437539234,0,0,0.509102323,0,0.281230383,0.118016321,0.593848085,0.156308851,0,0.129315756,0,0.143126177,0,0,0.720652856,0.88512241,0.0603,0.989328311,0.293785311,1
447,Signature Rare(582),4,140,0.454906884,0,0.291692823,0,0,0.339401548,0,0.187486922,0.0787,0.395898724,0.104205901,0,0.0862,0,0.0954,0,0,0.480435238,0.590081607,0.0402,0.659552208,0.195856874,3
448,Signature Rare(582),9,141,1.02354049,0,0.656308851,0,0,0.763653484,0,0.421845574,0.177024482,0.890772128,0.234463277,0,0.193973635,0,0.214689266,0,0,1.080979284,1.327683616,0.0904,1.483992467,0.440677966,1
449,Signature Rare(582),8,142,0.909813769,0,0.583385646,0,0,0.678803097,0,0.374973844,0.157355095,0.791797447,0.208411802,0,0.172421009,0,0.190834903,0,0,0.960870475,1.180163214,0.0804,1.319104415,0.391713748,1
450,Signature Rare(582),9,143,1.02354049,0,0.656308851,0,0,0.763653484,0,0.421845574,0.177024482,0.890772128,0.234463277,0,0.193973635,0,0.214689266,0,0,1.080979284,1.327683616,0.0904,1.483992467,0.440677966,1
451,Signature Rare(582),9,144,1.02354049,0,0.656308851,0,0,0.763653484,0,0.421845574,0.177024482,0.890772128,0.234463277,0,0.193973635,0,0.214689266,0,0,1.080979284,1.327683616,0.0904,1.483992467,0.440677966,1
452,Signature Rare(582),5,145,0.568633605,0,0.364616028,0,0,0.424251936,0,0.234358652,0.0983,0.494873404,0.130257376,0,0.10776313,0,0.119271814,0,0,0.600544047,0.737602009,0.0502,0.824440259,0.244821092,3
453,Signature Rare(582),6,146,0.682360326,0,0.437539234,0,0,0.509102323,0,0.281230383,0.118016321,0.593848085,0.156308851,0,0.129315756,0,0.143126177,0,0,0.720652856,0.88512241,0.0603,0.989328311,0.293785311,1
454,Signature Rare(582),6,147,0.682360326,0,0.437539234,0,0,0.509102323,0,0.281230383,0.118016321,0.593848085,0.156308851,0,0.129315756,0,0.143126177,0,0,0.720652856,0.88512241,0.0603,0.989328311,0.293785311,1
455,Signature Rare(582),8,148,0.909813769,0,0.583385646,0,0,0.678803097,0,0.374973844,0.157355095,0.791797447,0.208411802,0,0.172421009,0,0.190834903,0,0,0.960870475,1.180163214,0.0804,1.319104415,0.391713748,1
456,Signature Rare(582),8,149,0.909813769,0,0.583385646,0,0,0.678803097,0,0.374973844,0.157355095,0.791797447,0.208411802,0,0.172421009,0,0.190834903,0,0,0.960870475,1.180163214,0.0804,1.319104415,0.391713748,1
457,Signature Rare(582),7,150,0.796087047,0,0.51046244,0,0,0.59395271,0,0.328102113,0.137685708,0.692822766,0.182360326,0,0.150868383,0,0.16698054,0,0,0.840761666,1.032642812,0.070307596,1.154216363,0.342749529,1
458,Signature Rare(582),8,151,0.909813769,0,0.583385646,0,0,0.678803097,0,0.374973844,0.157355095,0.791797447,0.208411802,0,0.172421009,0,0.190834903,0,0,0.960870475,1.180163214,0.0804,1.319104415,0.391713748,1
459,Signature Rare(582),9,152,1.02354049,0,0.656308851,0,0,0.763653484,0,0.421845574,0.177024482,0.890772128,0.234463277,0,0.193973635,0,0.214689266,0,0,1.080979284,1.327683616,0.0904,1.483992467,0.440677966,1
460,Signature Rare(582),4,153,0.454906884,0,0.291692823,0,0,0.339401548,0,0.187486922,0.0787,0.395898724,0.104205901,0,0.0862,0,0.0954,0,0,0.480435238,0.590081607,0.0402,0.659552208,0.195856874,3
461,Signature Rare(582),8,154,0.909813769,0,0.583385646,0,0,0.678803097,0,0.374973844,0.157355095,0.791797447,0.208411802,0,0.172421009,0,0.190834903,0,0,0.960870475,1.180163214,0.0804,1.319104415,0.391713748,1
462,Signature Rare(582),9,155,1.02354049,0,0.656308851,0,0,0.763653484,0,0.421845574,0.177024482,0.890772128,0.234463277,0,0.193973635,0,0.214689266,0,0,1.080979284,1.327683616,0.0904,1.483992467,0.440677966,1
463,Signature Rare(582),6,156,0.682360326,0,0.437539234,0,0,0.509102323,0,0.281230383,0.118016321,0.593848085,0.156308851,0,0.129315756,0,0.143126177,0,0,0.720652856,0.88512241,0.0603,0.989328311,0.293785311,1
464,Signature Rare(582),7,157,0.796087047,0,0.51046244,0,0,0.59395271,0,0.328102113,0.137685708,0.692822766,0.182360326,0,0.150868383,0,0.16698054,0,0,0.840761666,1.032642812,0.070307596,1.154216363,0.342749529,1
465,Signature Rare(582),6,158,0.682360326,0,0.437539234,0,0,0.509102323,0,0.281230383,0.118016321,0.593848085,0.156308851,0,0.129315756,0,0.143126177,0,0,0.720652856,0.88512241,0.0603,0.989328311,0.293785311,1
466,Signature Rare(582),6,159,0.682360326,0,0.437539234,0,0,0.509102323,0,0.281230383,0.118016321,0.593848085,0.156308851,0,0.129315756,0,0.143126177,0,0,0.720652856,0.88512241,0.0603,0.989328311,0.293785311,1
467,Signature Rare(582),9,160,1.02354049,0,0.656308851,0,0,0.763653484,0,0.421845574,0.177024482,0.890772128,0.234463277,0,0.193973635,0,0.214689266,0,0,1.080979284,1.327683616,0.0904,1.483992467,0.440677966,1
468,Signature Rare(582),9,161,1.02354049,0,0.656308851,0,0,0.763653484,0,0.421845574,0.177024482,0.890772128,0.234463277,0,0.193973635,0,0.214689266,0,0,1.080979284,1.327683616,0.0904,1.483992467,0.440677966,1
469,Signature Rare(582),4,162,0.454906884,0,0.291692823,0,0,0.339401548,0,0.187486922,0.0787,0.395898724,0.104205901,0,0.0862,0,0.0954,0,0,0.480435238,0.590081607,0.0402,0.659552208,0.195856874,3
470,Signature Rare(582),7,163,0.796087047,0,0.51046244,0,0,0.59395271,0,0.328102113,0.137685708,0.692822766,0.182360326,0,0.150868383,0,0.16698054,0,0,0.840761666,1.032642812,0.070307596,1.154216363,0.342749529,1
471,Signature Rare(582),7,164,0.796087047,0,0.51046244,0,0,0.59395271,0,0.328102113,0.137685708,0.692822766,0.182360326,0,0.150868383,0,0.16698054,0,0,0.840761666,1.032642812,0.070307596,1.154216363,0.342749529,1
472,Signature Rare(582),9,165,1.02354049,0,0.656308851,0,0,0.763653484,0,0.421845574,0.177024482,0.890772128,0.234463277,0,0.193973635,0,0.214689266,0,0,1.080979284,1.327683616,0.0904,1.483992467,0.440677966,1
473,Signature Rare(582),9,166,1.02354049,0,0.656308851,0,0,0.763653484,0,0.421845574,0.177024482,0.890772128,0.234463277,0,0.193973635,0,0.214689266,0,0,1.080979284,1.327683616,0.0904,1.483992467,0.440677966,1
474,Signature Rare(582),8,167,0.909813769,0,0.583385646,0,0,0.678803097,0,0.374973844,0.157355095,0.791797447,0.208411802,0,0.172421009,0,0.190834903,0,0,0.960870475,1.180163214,0.0804,1.319104415,0.391713748,1
475,Signature Rare(582),4,168,0.454906884,0,0.291692823,0,0,0.339401548,0,0.187486922,0.0787,0.395898724,0.104205901,0,0.0862,0,0.0954,0,0,0.480435238,0.590081607,0.0402,0.659552208,0.195856874,3
476,Signature Rare(582),9,169,1.02354049,0,0.656308851,0,0,0.763653484,0,0.421845574,0.177024482,0.890772128,0.234463277,0,0.193973635,0,0.214689266,0,0,1.080979284,1.327683616,0.0904,1.483992467,0.440677966,1
477,Signature Rare(582),8,170,0.909813769,0,0.583385646,0,0,0.678803097,0,0.374973844,0.157355095,0.791797447,0.208411802,0,0.172421009,0,0.190834903,0,0,0.960870475,1.180163214,0.0804,1.319104415,0.391713748,1
478,Signature Rare(582),5,171,0.568633605,0,0.364616028,0,0,0.424251936,0,0.234358652,0.0983,0.494873404,0.130257376,0,0.10776313,0,0.119271814,0,0,0.600544047,0.737602009,0.0502,0.824440259,0.244821092,3
479,Signature Rare(582),9,172,1.02354049,0,0.656308851,0,0,0.763653484,0,0.421845574,0.177024482,0.890772128,0.234463277,0,0.193973635,0,0.214689266,0,0,1.080979284,1.327683616,0.0904,1.483992467,0.440677966,1
480,Signature Rare(582),5,173,0.568633605,0,0.364616028,0,0,0.424251936,0,0.234358652,0.0983,0.494873404,0.130257376,0,0.10776313,0,0.119271814,0,0,0.600544047,0.737602009,0.0502,0.824440259,0.244821092,3
481,Signature Rare(582),8,174,0.909813769,0,0.583385646,0,0,0.678803097,0,0.374973844,0.157355095,0.791797447,0.208411802,0,0.172421009,0,0.190834903,0,0,0.960870475,1.180163214,0.0804,1.319104415,0.391713748,1
482,Signature Rare(582),6,175,0.682360326,0,0.437539234,0,0,0.509102323,0,0.281230383,0.118016321,0.593848085,0.156308851,0,0.129315756,0,0.143126177,0,0,0.720652856,0.88512241,0.0603,0.989328311,0.293785311,1
483,Signature Rare(582),9,176,1.02354049,0,0.656308851,0,0,0.763653484,0,0.421845574,0.177024482,0.890772128,0.234463277,0,0.193973635,0,0.214689266,0,0,1.080979284,1.327683616,0.0904,1.483992467,0.440677966,1
484,Signature Rare(582),7,177,0.796087047,0,0.51046244,0,0,0.59395271,0,0.328102113,0.137685708,0.692822766,0.182360326,0,0.150868383,0,0.16698054,0,0,0.840761666,1.032642812,0.070307596,1.154216363,0.342749529,1
485,Signature Rare(582),3,178,0.341180163,0,0.218769617,0,0,0.254551161,0,0.140615191,0.059,0.296924043,0.0782,0,0.0647,0,0.0716,0,0,0.360326428,0.442561205,0.0301,0.494664156,0.146892655,3
486,Signature Rare(582),7,179,0.796087047,0,0.51046244,0,0,0.59395271,0,0.328102113,0.137685708,0.692822766,0.182360326,0,0.150868383,0,0.16698054,0,0,0.840761666,1.032642812,0.070307596,1.154216363,0.342749529,1
487,Signature Rare(582),6,180,0.682360326,0,0.437539234,0,0,0.509102323,0,0.281230383,0.118016321,0.593848085,0.156308851,0,0.129315756,0,0.143126177,0,0,0.720652856,0.88512241,0.0603,0.989328311,0.293785311,1
488,Signature Rare(582),9,181,1.02354049,0,0.656308851,0,0,0.763653484,0,0.421845574,0.177024482,0.890772128,0.234463277,0,0.193973635,0,0.214689266,0,0,1.080979284,1.327683616,0.0904,1.483992467,0.440677966,1
489,Signature Rare(582),9,182,1.02354049,0,0.656308851,0,0,0.763653484,0,0.421845574,0.177024482,0.890772128,0.234463277,0,0.193973635,0,0.214689266,0,0,1.080979284,1.327683616,0.0904,1.483992467,0.440677966,1
490,Signature Rare(582),5,183,0.568633605,0,0.364616028,0,0,0.424251936,0,0.234358652,0.0983,0.494873404,0.130257376,0,0.10776313,0,0.119271814,0,0,0.600544047,0.737602009,0.0502,0.824440259,0.244821092,3
491,Signature Rare(582),7,184,0.796087047,0,0.51046244,0,0,0.59395271,0,0.328102113,0.137685708,0.692822766,0.182360326,0,0.150868383,0,0.16698054,0,0,0.840761666,1.032642812,0.070307596,1.154216363,0.342749529,1
492,Signature Rare(582),4,185,0.454906884,0,0.291692823,0,0,0.339401548,0,0.187486922,0.0787,0.395898724,0.104205901,0,0.0862,0,0.0954,0,0,0.480435238,0.590081607,0.0402,0.659552208,0.195856874,3
493,Signature Rare(582),9,186,1.02354049,0,0.656308851,0,0,0.763653484,0,0.421845574,0.177024482,0.890772128,0.234463277,0,0.193973635,0,0.214689266,0,0,1.080979284,1.327683616,0.0904,1.483992467,0.440677966,1
494,Signature Rare(582),7,187,0.796087047,0,0.51046244,0,0,0.59395271,0,0.328102113,0.137685708,0.692822766,0.182360326,0,0.150868383,0,0.16698054,0,0,0.840761666,1.032642812,0.070307596,1.154216363,0.342749529,1
495,Signature Rare(582),9,188,1.02354049,0,0.656308851,0,0,0.763653484,0,0.421845574,0.177024482,0.890772128,0.234463277,0,0.193973635,0,0.214689266,0,0,1.080979284,1.327683616,0.0904,1.483992467,0.440677966,1
496,Signature Rare(582),9,189,1.02354049,0,0.656308851,0,0,0.763653484,0,0.421845574,0.177024482,0.890772128,0.234463277,0,0.193973635,0,0.214689266,0,0,1.080979284,1.327683616,0.0904,1.483992467,0.440677966,1
497,Signature Rare(582),9,190,1.02354049,0,0.656308851,0,0,0.763653484,0,0.421845574,0.177024482,0.890772128,0.234463277,0,0.193973635,0,0.214689266,0,0,1.080979284,1.327683616,0.0904,1.483992467,0.440677966,1
498,Signature Rare(582),8,191,0.909813769,0,0.583385646,0,0,0.678803097,0,0.374973844,0.157355095,0.791797447,0.208411802,0,0.172421009,0,0.190834903,0,0,0.960870475,1.180163214,0.0804,1.319104415,0.391713748,1
499,Signature Rare(582),5,192,0.568633605,0,0.364616028,0,0,0.424251936,0,0.234358652,0.0983,0.494873404,0.130257376,0,0.10776313,0,0.119271814,0,0,0.600544047,0.737602009,0.0502,0.824440259,0.244821092,3
500,Signature Rare(582),9,193,1.02354049,0,0.656308851,0,0,0.763653484,0,0.421845574,0.177024482,0.890772128,0.234463277,0,0.193973635,0,0.214689266,0,0,1.080979284,1.327683616,0.0904,1.483992467,0.440677966,1
501,Signature Rare(582),7,194,0.796087047,0,0.51046244,0,0,0.59395271,0,0.328102113,0.137685708,0.692822766,0.182360326,0,0.150868383,0,0.16698054,0,0,0.840761666,1.032642812,0.070307596,1.154216363,0.342749529,1
502,Signature Rare(582),5,195,0.568633605,0,0.364616028,0,0,0.424251936,0,0.234358652,0.0983,0.494873404,0.130257376,0,0.10776313,0,0.119271814,0,0,0.600544047,0.737602009,0.0502,0.824440259,0.244821092,3
503,Signature Rare(582),9,196,1.02354049,0,0.656308851,0,0,0.763653484,0,0.421845574,0.177024482,0.890772128,0.234463277,0,0.193973635,0,0.214689266,0,0,1.080979284,1.327683616,0.0904,1.483992467,0.440677966,1
504,Signature Rare(582),6,197,0.682360326,0,0.437539234,0,0,0.509102323,0,0.281230383,0.118016321,0.593848085,0.156308851,0,0.129315756,0,0.143126177,0,0,0.720652856,0.88512241,0.0603,0.989328311,0.293785311,1
505,Signature Rare(582),6,198,0.682360326,0,0.437539234,0,0,0.509102323,0,0.281230383,0.118016321,0.593848085,0.156308851,0,0.129315756,0,0.143126177,0,0,0.720652856,0.88512241,0.0603,0.989328311,0.293785311,1
506,Signature Rare(582),1,199,0.113726721,0,0.0729,0,0,0.0849,0,0.0469,0.0197,0.099,0.0261,0,0.0216,0,0.0239,0,0,0.120108809,0.147520402,0.01,0.164888052,0.049,3
507,Signature Rare(582),8,200,0.909813769,0,0.583385646,0,0,0.678803097,0,0.374973844,0.157355095,0.791797447,0.208411802,0,0.172421009,0,0.190834903,0,0,0.960870475,1.180163214,0.0804,1.319104415,0.391713748,1
508,Signature Rare(582),8,201,0.909813769,0,0.583385646,0,0,0.678803097,0,0.374973844,0.157355095,0.791797447,0.208411802,0,0.172421009,0,0.190834903,0,0,0.960870475,1.180163214,0.0804,1.319104415,0.391713748,1
509,Signature Rare(582),8,202,0.909813769,0,0.583385646,0,0,0.678803097,0,0.374973844,0.157355095,0.791797447,0.208411802,0,0.172421009,0,0.190834903,0,0,0.960870475,1.180163214,0.0804,1.319104415,0.391713748,1
510,Signature Rare(582),8,203,0.909813769,0,0.583385646,0,0,0.678803097,0,0.374973844,0.157355095,0.791797447,0.208411802,0,0.172421009,0,0.190834903,0,0,0.960870475,1.180163214,0.0804,1.319104415,0.391713748,1
511,Signature Rare(582),9,204,1.02354049,0,0.656308851,0,0,0.763653484,0,0.421845574,0.177024482,0.890772128,0.234463277,0,0.193973635,0,0.214689266,0,0,1.080979284,1.327683616,0.0904,1.483992467,0.440677966,1
512,Signature Rare(582),1,205,0.113726721,0,0.0729,0,0,0.0849,0,0.0469,0.0197,0.099,0.0261,0,0.0216,0,0.0239,0,0,0.120108809,0.147520402,0.01,0.164888052,0.049,3
513,Signature Rare(582),5,206,0.568633605,0,0.364616028,0,0,0.424251936,0,0.234358652,0.0983,0.494873404,0.130257376,0,0.10776313,0,0.119271814,0,0,0.600544047,0.737602009,0.0502,0.824440259,0.244821092,3
514,Signature Rare(582),7,207,0.796087047,0,0.51046244,0,0,0.59395271,0,0.328102113,0.137685708,0.692822766,0.182360326,0,0.150868383,0,0.16698054,0,0,0.840761666,1.032642812,0.070307596,1.154216363,0.342749529,1
515,Signature Rare(582),9,208,1.02354049,0,0.656308851,0,0,0.763653484,0,0.421845574,0.177024482,0.890772128,0.234463277,0,0.193973635,0,0.214689266,0,0,1.080979284,1.327683616,0.0904,1.483992467,0.440677966,1
516,Signature Rare(582),7,209,0.796087047,0,0.51046244,0,0,0.59395271,0,0.328102113,0.137685708,0.692822766,0.182360326,0,0.150868383,0,0.16698054,0,0,0.840761666,1.032642812,0.070307596,1.154216363,0.342749529,1
517,Signature Rare(582),7,210,0.796087047,0,0.51046244,0,0,0.59395271,0,0.328102113,0.137685708,0.692822766,0.182360326,0,0.150868383,0,0.16698054,0,0,0.840761666,1.032642812,0.070307596,1.154216363,0.342749529,1
518,Signature Rare(582),8,211,0.909813769,0,0.583385646,0,0,0.678803097,0,0.374973844,0.157355095,0.791797447,0.208411802,0,0.172421009,0,0.190834903,0,0,0.960870475,1.180163214,0.0804,1.319104415,0.391713748,1
519,Signature Rare(582),8,212,0.909813769,0,0.583385646,0,0,0.678803097,0,0.374973844,0.157355095,0.791797447,0.208411802,0,0.172421009,0,0.190834903,0,0,0.960870475,1.180163214,0.0804,1.319104415,0.391713748,1
520,Signature Rare(582),8,213,0.909813769,0,0.583385646,0,0,0.678803097,0,0.374973844,0.157355095,0.791797447,0.208411802,0,0.172421009,0,0.190834903,0,0,0.960870475,1.180163214,0.0804,1.319104415,0.391713748,1
521,Signature Rare(582),7,214,0.796087047,0,0.51046244,0,0,0.59395271,0,0.328102113,0.137685708,0.692822766,0.182360326,0,0.150868383,0,0.16698054,0,0,0.840761666,1.032642812,0.070307596,1.154216363,0.342749529,1
522,Signature Rare(582),6,215,0.682360326,0,0.437539234,0,0,0.509102323,0,0.281230383,0.118016321,0.593848085,0.156308851,0,0.129315756,0,0.143126177,0,0,0.720652856,0.88512241,0.0603,0.989328311,0.293785311,1
523,Signature Rare(582),8,216,0.909813769,0,0.583385646,0,0,0.678803097,0,0.374973844,0.157355095,0.791797447,0.208411802,0,0.172421009,0,0.190834903,0,0,0.960870475,1.180163214,0.0804,1.319104415,0.391713748,1
524,Signature Rare(582),8,217,0.909813769,0,0.583385646,0,0,0.678803097,0,0.374973844,0.157355095,0.791797447,0.208411802,0,0.172421009,0,0.190834903,0,0,0.960870475,1.180163214,0.0804,1.319104415,0.391713748,1
525,Signature Rare(582),6,218,0.682360326,0,0.437539234,0,0,0.509102323,0,0.281230383,0.118016321,0.593848085,0.156308851,0,0.129315756,0,0.143126177,0,0,0.720652856,0.88512241,0.0603,0.989328311,0.293785311,1
526,Signature Rare(582),8,219,0.909813769,0,0.583385646,0,0,0.678803097,0,0.374973844,0.157355095,0.791797447,0.208411802,0,0.172421009,0,0.190834903,0,0,0.960870475,1.180163214,0.0804,1.319104415,0.391713748,1
527,Signature Rare(582),7,220,0.796087047,0,0.51046244,0,0,0.59395271,0,0.328102113,0.137685708,0.692822766,0.182360326,0,0.150868383,0,0.16698054,0,0,0.840761666,1.032642812,0.070307596,1.154216363,0.342749529,1
528,Signature Rare(582),3,221,0.341180163,0,0.218769617,0,0,0.254551161,0,0.140615191,0.059,0.296924043,0.0782,0,0.0647,0,0.0716,0,0,0.360326428,0.442561205,0.0301,0.494664156,0.146892655,3
529,Signature Rare(582),8,222,0.909813769,0,0.583385646,0,0,0.678803097,0,0.374973844,0.157355095,0.791797447,0.208411802,0,0.172421009,0,0.190834903,0,0,0.960870475,1.180163214,0.0804,1.319104415,0.391713748,1
530,Signature Rare(582),9,223,1.02354049,0,0.656308851,0,0,0.763653484,0,0.421845574,0.177024482,0.890772128,0.234463277,0,0.193973635,0,0.214689266,0,0,1.080979284,1.327683616,0.0904,1.483992467,0.440677966,1
531,Signature Rare(582),9,224,1.02354049,0,0.656308851,0,0,0.763653484,0,0.421845574,0.177024482,0.890772128,0.234463277,0,0.193973635,0,0.214689266,0,0,1.080979284,1.327683616,0.0904,1.483992467,0.440677966,1
532,Signature Rare(582),9,225,1.02354049,0,0.656308851,0,0,0.763653484,0,0.421845574,0.177024482,0.890772128,0.234463277,0,0.193973635,0,0.214689266,0,0,1.080979284,1.327683616,0.0904,1.483992467,0.440677966,1
533,Signature Rare(582),8,226,0.909813769,0,0.583385646,0,0,0.678803097,0,0.374973844,0.157355095,0.791797447,0.208411802,0,0.172421009,0,0.190834903,0,0,0.960870475,1.180163214,0.0804,1.319104415,0.391713748,1
534,Signature Rare(582),9,227,1.02354049,0,0.656308851,0,0,0.763653484,0,0.421845574,0.177024482,0.890772128,0.234463277,0,0.193973635,0,0.214689266,0,0,1.080979284,1.327683616,0.0904,1.483992467,0.440677966,1
535,Signature Rare(582),8,228,0.909813769,0,0.583385646,0,0,0.678803097,0,0.374973844,0.157355095,0.791797447,0.208411802,0,0.172421009,0,0.190834903,0,0,0.960870475,1.180163214,0.0804,1.319104415,0.391713748,1
536,Signature Rare(582),7,229,0.796087047,0,0.51046244,0,0,0.59395271,0,0.328102113,0.137685708,0.692822766,0.182360326,0,0.150868383,0,0.16698054,0,0,0.840761666,1.032642812,0.070307596,1.154216363,0.342749529,1
537,Signature Rare(582),1,230,0.113726721,0,0.0729,0,0,0.0849,0,0.0469,0.0197,0.099,0.0261,0,0.0216,0,0.0239,0,0,0.120108809,0.147520402,0.01,0.164888052,0.049,3
538,Signature Rare(582),8,231,0.909813769,0,0.583385646,0,0,0.678803097,0,0.374973844,0.157355095,0.791797447,0.208411802,0,0.172421009,0,0.190834903,0,0,0.960870475,1.180163214,0.0804,1.319104415,0.391713748,1
539,Signature Rare(582),9,232,1.02354049,0,0.656308851,0,0,0.763653484,0,0.421845574,0.177024482,0.890772128,0.234463277,0,0.193973635,0,0.214689266,0,0,1.080979284,1.327683616,0.0904,1.483992467,0.440677966,1
540,Signature Rare(582),7,233,0.796087047,0,0.51046244,0,0,0.59395271,0,0.328102113,0.137685708,0.692822766,0.182360326,0,0.150868383,0,0.16698054,0,0,0.840761666,1.032642812,0.070307596,1.154216363,0.342749529,1
541,Signature Rare(582),8,234,0.909813769,0,0.583385646,0,0,0.678803097,0,0.374973844,0.157355095,0.791797447,0.208411802,0,0.172421009,0,0.190834903,0,0,0.960870475,1.180163214,0.0804,1.319104415,0.391713748,1
542,Signature Rare(582),9,235,1.02354049,0,0.656308851,0,0,0.763653484,0,0.421845574,0.177024482,0.890772128,0.234463277,0,0.193973635,0,0.214689266,0,0,1.080979284,1.327683616,0.0904,1.483992467,0.440677966,1
543,Signature Rare(582),8,236,0.909813769,0,0.583385646,0,0,0.678803097,0,0.374973844,0.157355095,0.791797447,0.208411802,0,0.172421009,0,0.190834903,0,0,0.960870475,1.180163214,0.0804,1.319104415,0.391713748,1
544,Signature Rare(582),8,237,0.909813769,0,0.583385646,0,0,0.678803097,0,0.374973844,0.157355095,0.791797447,0.208411802,0,0.172421009,0,0.190834903,0,0,0.960870475,1.180163214,0.0804,1.319104415,0.391713748,1
545,Signature Rare(582),8,238,0.909813769,0,0.583385646,0,0,0.678803097,0,0.374973844,0.157355095,0.791797447,0.208411802,0,0.172421009,0,0.190834903,0,0,0.960870475,1.180163214,0.0804,1.319104415,0.391713748,1
546,Signature Rare(582),9,239,1.02354049,0,0.656308851,0,0,0.763653484,0,0.421845574,0.177024482,0.890772128,0.234463277,0,0.193973635,0,0.214689266,0,0,1.080979284,1.327683616,0.0904,1.483992467,0.440677966,1
547,Signature Rare(582),8,240,0.909813769,0,0.583385646,0,0,0.678803097,0,0.374973844,0.157355095,0.791797447,0.208411802,0,0.172421009,0,0.190834903,0,0,0.960870475,1.180163214,0.0804,1.319104415,0.391713748,1
548,Signature Rare(582),5,241,0.568633605,0,0.364616028,0,0,0.424251936,0,0.234358652,0.0983,0.494873404,0.130257376,0,0.10776313,0,0.119271814,0,0,0.600544047,0.737602009,0.0502,0.824440259,0.244821092,3
549,Signature Rare(582),8,242,0.909813769,0,0.583385646,0,0,0.678803097,0,0.374973844,0.157355095,0.791797447,0.208411802,0,0.172421009,0,0.190834903,0,0,0.960870475,1.180163214,0.0804,1.319104415,0.391713748,1
550,Signature Rare(582),4,243,0.454906884,0,0.291692823,0,0,0.339401548,0,0.187486922,0.0787,0.395898724,0.104205901,0,0.0862,0,0.0954,0,0,0.480435238,0.590081607,0.0402,0.659552208,0.195856874,3
551,Signature Rare(582),7,244,0.796087047,0,0.51046244,0,0,0.59395271,0,0.328102113,0.137685708,0.692822766,0.182360326,0,0.150868383,0,0.16698054,0,0,0.840761666,1.032642812,0.070307596,1.154216363,0.342749529,1
552,Signature Rare(582),7,245,0.796087047,0,0.51046244,0,0,0.59395271,0,0.328102113,0.137685708,0.692822766,0.182360326,0,0.150868383,0,0.16698054,0,0,0.840761666,1.032642812,0.070307596,1.154216363,0.342749529,1
553,Signature Rare(582),8,246,0.909813769,0,0.583385646,0,0,0.678803097,0,0.374973844,0.157355095,0.791797447,0.208411802,0,0.172421009,0,0.190834903,0,0,0.960870475,1.180163214,0.0804,1.319104415,0.391713748,1
554,Signature Rare(582),7,247,0.796087047,0,0.51046244,0,0,0.59395271,0,0.328102113,0.137685708,0.692822766,0.182360326,0,0.150868383,0,0.16698054,0,0,0.840761666,1.032642812,0.070307596,1.154216363,0.342749529,1
555,Signature Rare(582),7,248,0.796087047,0,0.51046244,0,0,0.59395271,0,0.328102113,0.137685708,0.692822766,0.182360326,0,0.150868383,0,0.16698054,0,0,0.840761666,1.032642812,0.070307596,1.154216363,0.342749529,1
556,Signature Rare(582),9,249,1.02354049,0,0.656308851,0,0,0.763653484,0,0.421845574,0.177024482,0.890772128,0.234463277,0,0.193973635,0,0.214689266,0,0,1.080979284,1.327683616,0.0904,1.483992467,0.440677966,1
557,Signature Rare(582),8,250,0.909813769,0,0.583385646,0,0,0.678803097,0,0.374973844,0.157355095,0.791797447,0.208411802,0,0.172421009,0,0.190834903,0,0,0.960870475,1.180163214,0.0804,1.319104415,0.391713748,1
558,Signature Rare(582),7,251,0.796087047,0,0.51046244,0,0,0.59395271,0,0.328102113,0.137685708,0.692822766,0.182360326,0,0.150868383,0,0.16698054,0,0,0.840761666,1.032642812,0.070307596,1.154216363,0.342749529,1
559,Signature Rare(582),8,252,0.909813769,0,0.583385646,0,0,0.678803097,0,0.374973844,0.157355095,0.791797447,0.208411802,0,0.172421009,0,0.190834903,0,0,0.960870475,1.180163214,0.0804,1.319104415,0.391713748,1
560,Signature Rare(582),7,253,0.796087047,0,0.51046244,0,0,0.59395271,0,0.328102113,0.137685708,0.692822766,0.182360326,0,0.150868383,0,0.16698054,0,0,0.840761666,1.032642812,0.070307596,1.154216363,0.342749529,1
561,Signature Rare(582),7,254,0.796087047,0,0.51046244,0,0,0.59395271,0,0.328102113,0.137685708,0.692822766,0.182360326,0,0.150868383,0,0.16698054,0,0,0.840761666,1.032642812,0.070307596,1.154216363,0.342749529,1
562,Signature Rare(582),9,255,1.02354049,0,0.656308851,0,0,0.763653484,0,0.421845574,0.177024482,0.890772128,0.234463277,0,0.193973635,0,0.214689266,0,0,1.080979284,1.327683616,0.0904,1.483992467,0.440677966,1
563,Signature Rare(582),8,256,0.909813769,0,0.583385646,0,0,0.678803097,0,0.374973844,0.157355095,0.791797447,0.208411802,0,0.172421009,0,0.190834903,0,0,0.960870475,1.180163214,0.0804,1.319104415,0.391713748,1
564,Signature Rare(582),6,257,0.682360326,0,0.437539234,0,0,0.509102323,0,0.281230383,0.118016321,0.593848085,0.156308851,0,0.129315756,0,0.143126177,0,0,0.720652856,0.88512241,0.0603,0.989328311,0.293785311,1
565,Signature Rare(582),6,258,0.682360326,0,0.437539234,0,0,0.509102323,0,0.281230383,0.118016321,0.593848085,0.156308851,0,0.129315756,0,0.143126177,0,0,0.720652856,0.88512241,0.0603,0.989328311,0.293785311,1
566,Signature Rare(582),8,259,0.909813769,0,0.583385646,0,0,0.678803097,0,0.374973844,0.157355095,0.791797447,0.208411802,0,0.172421009,0,0.190834903,0,0,0.960870475,1.180163214,0.0804,1.319104415,0.391713748,1
567,Signature Rare(582),5,260,0.568633605,0,0.364616028,0,0,0.424251936,0,0.234358652,0.0983,0.494873404,0.130257376,0,0.10776313,0,0.119271814,0,0,0.600544047,0.737602009,0.0502,0.824440259,0.244821092,3
568,Signature Rare(582),8,261,0.909813769,0,0.583385646,0,0,0.678803097,0,0.374973844,0.157355095,0.791797447,0.208411802,0,0.172421009,0,0.190834903,0,0,0.960870475,1.180163214,0.0804,1.319104415,0.391713748,1
569,Signature Rare(582),5,262,0.568633605,0,0.364616028,0,0,0.424251936,0,0.234358652,0.0983,0.494873404,0.130257376,0,0.10776313,0,0.119271814,0,0,0.600544047,0.737602009,0.0502,0.824440259,0.244821092,3
570,Signature Rare(582),7,263,0.796087047,0,0.51046244,0,0,0.59395271,0,0.328102113,0.137685708,0.692822766,0.182360326,0,0.150868383,0,0.16698054,0,0,0.840761666,1.032642812,0.070307596,1.154216363,0.342749529,1
571,Signature Rare(582),7,264,0.796087047,0,0.51046244,0,0,0.59395271,0,0.328102113,0.137685708,0.692822766,0.182360326,0,0.150868383,0,0.16698054,0,0,0.840761666,1.032642812,0.070307596,1.154216363,0.342749529,1
572,Signature Rare(582),6,265,0.682360326,0,0.437539234,0,0,0.509102323,0,0.281230383,0.118016321,0.593848085,0.156308851,0,0.129315756,0,0.143126177,0,0,0.720652856,0.88512241,0.0603,0.989328311,0.293785311,1
573,Signature Rare(582),7,266,0.796087047,0,0.51046244,0,0,0.59395271,0,0.328102113,0.137685708,0.692822766,0.182360326,0,0.150868383,0,0.16698054,0,0,0.840761666,1.032642812,0.070307596,1.154216363,0.342749529,1
574,Signature Rare(582),7,267,0.796087047,0,0.51046244,0,0,0.59395271,0,0.328102113,0.137685708,0.692822766,0.182360326,0,0.150868383,0,0.16698054,0,0,0.840761666,1.032642812,0.070307596,1.154216363,0.342749529,1
575,Signature Rare(582),8,268,0.909813769,0,0.583385646,0,0,0.678803097,0,0.374973844,0.157355095,0.791797447,0.208411802,0,0.172421009,0,0.190834903,0,0,0.960870475,1.180163214,0.0804,1.319104415,0.391713748,1
576,Signature Rare(582),8,269,0.909813769,0,0.583385646,0,0,0.678803097,0,0.374973844,0.157355095,0.791797447,0.208411802,0,0.172421009,0,0.190834903,0,0,0.960870475,1.180163214,0.0804,1.319104415,0.391713748,1
577,Signature Rare(582),7,270,0.796087047,0,0.51046244,0,0,0.59395271,0,0.328102113,0.137685708,0.692822766,0.182360326,0,0.150868383,0,0.16698054,0,0,0.840761666,1.032642812,0.070307596,1.154216363,0.342749529,1
578,Signature Rare(582),5,271,0.568633605,0,0.364616028,0,0,0.424251936,0,0.234358652,0.0983,0.494873404,0.130257376,0,0.10776313,0,0.119271814,0,0,0.600544047,0.737602009,0.0502,0.824440259,0.244821092,3
579,Signature Rare(582),4,272,0.454906884,0,0.291692823,0,0,0.339401548,0,0.187486922,0.0787,0.395898724,0.104205901,0,0.0862,0,0.0954,0,0,0.480435238,0.590081607,0.0402,0.659552208,0.195856874,3
580,Signature Rare(582),7,273,0.796087047,0,0.51046244,0,0,0.59395271,0,0.328102113,0.137685708,0.692822766,0.182360326,0,0.150868383,0,0.16698054,0,0,0.840761666,1.032642812,0.070307596,1.154216363,0.342749529,1
581,Signature Rare(582),7,274,0.796087047,0,0.51046244,0,0,0.59395271,0,0.328102113,0.137685708,0.692822766,0.182360326,0,0.150868383,0,0.16698054,0,0,0.840761666,1.032642812,0.070307596,1.154216363,0.342749529,1
582,Signature Rare(582),8,275,0.909813769,0,0.583385646,0,0,0.678803097,0,0.374973844,0.157355095,0.791797447,0.208411802,0,0.172421009,0,0.190834903,0,0,0.960870475,1.180163214,0.0804,1.319104415,0.391713748,1
583,Signature Rare(582),7,276,0.796087047,0,0.51046244,0,0,0.59395271,0,0.328102113,0.137685708,0.692822766,0.182360326,0,0.150868383,0,0.16698054,0,0,0.840761666,1.032642812,0.070307596,1.154216363,0.342749529,1
584,Signature Rare(582),9,277,1.02354049,0,0.656308851,0,0,0.763653484,0,0.421845574,0.177024482,0.890772128,0.234463277,0,0.193973635,0,0.214689266,0,0,1.080979284,1.327683616,0.0904,1.483992467,0.440677966,1
585,Signature Rare(582),9,278,1.02354049,0,0.656308851,0,0,0.763653484,0,0.421845574,0.177024482,0.890772128,0.234463277,0,0.193973635,0,0.214689266,0,0,1.080979284,1.327683616,0.0904,1.483992467,0.440677966,1
586,Signature Rare(582),9,279,1.02354049,0,0.656308851,0,0,0.763653484,0,0.421845574,0.177024482,0.890772128,0.234463277,0,0.193973635,0,0.214689266,0,0,1.080979284,1.327683616,0.0904,1.483992467,0.440677966,1
587,Signature Rare(582),2,280,0.227453442,0,0.145846411,0,0,0.169700774,0,0.0937,0.0393,0.197949362,0.0521,0,0.0431,0,0.0477,0,0,0.240217619,0.295040803,0.0201,0.329776104,0.0979,3
588,Signature Rare(582),7,281,0.796087047,0,0.51046244,0,0,0.59395271,0,0.328102113,0.137685708,0.692822766,0.182360326,0,0.150868383,0,0.16698054,0,0,0.840761666,1.032642812,0.070307596,1.154216363,0.342749529,1
589,Signature Rare(582),7,282,0.796087047,0,0.51046244,0,0,0.59395271,0,0.328102113,0.137685708,0.692822766,0.182360326,0,0.150868383,0,0.16698054,0,0,0.840761666,1.032642812,0.070307596,1.154216363,0.342749529,1
590,Signature Rare(582),7,283,0.796087047,0,0.51046244,0,0,0.59395271,0,0.328102113,0.137685708,0.692822766,0.182360326,0,0.150868383,0,0.16698054,0,0,0.840761666,1.032642812,0.070307596,1.154216363,0.342749529,1
591,Signature Rare(582),9,284,1.02354049,0,0.656308851,0,0,0.763653484,0,0.421845574,0.177024482,0.890772128,0.234463277,0,0.193973635,0,0.214689266,0,0,1.080979284,1.327683616,0.0904,1.483992467,0.440677966,1
592,Signature Rare(582),9,285,1.02354049,0,0.656308851,0,0,0.763653484,0,0.421845574,0.177024482,0.890772128,0.234463277,0,0.193973635,0,0.214689266,0,0,1.080979284,1.327683616,0.0904,1.483992467,0.440677966,1
593,Signature Rare(582),7,286,0.796087047,0,0.51046244,0,0,0.59395271,0,0.328102113,0.137685708,0.692822766,0.182360326,0,0.150868383,0,0.16698054,0,0,0.840761666,1.032642812,0.070307596,1.154216363,0.342749529,1
594,Signature Rare(582),2,287,0.227453442,0,0.145846411,0,0,0.169700774,0,0.0937,0.0393,0.197949362,0.0521,0,0.0431,0,0.0477,0,0,0.240217619,0.295040803,0.0201,0.329776104,0.0979,3
595,Signature Rare(582),9,288,1.02354049,0,0.656308851,0,0,0.763653484,0,0.421845574,0.177024482,0.890772128,0.234463277,0,0.193973635,0,0.214689266,0,0,1.080979284,1.327683616,0.0904,1.483992467,0.440677966,1
596,Signature Rare(582),7,289,0.796087047,0,0.51046244,0,0,0.59395271,0,0.328102113,0.137685708,0.692822766,0.182360326,0,0.150868383,0,0.16698054,0,0,0.840761666,1.032642812,0.070307596,1.154216363,0.342749529,1
597,Signature Rare(582),9,290,1.02354049,0,0.656308851,0,0,0.763653484,0,0.421845574,0.177024482,0.890772128,0.234463277,0,0.193973635,0,0.214689266,0,0,1.080979284,1.327683616,0.0904,1.483992467,0.440677966,1
598,Signature Rare(582),6,291,0.682360326,0,0.437539234,0,0,0.509102323,0,0.281230383,0.118016321,0.593848085,0.156308851,0,0.129315756,0,0.143126177,0,0,0.720652856,0.88512241,0.0603,0.989328311,0.293785311,1
599,Signature Rare(582),5,292,0.568633605,0,0.364616028,0,0,0.424251936,0,0.234358652,0.0983,0.494873404,0.130257376,0,0.10776313,0,0.119271814,0,0,0.600544047,0.737602009,0.0502,0.824440259,0.244821092,3
600,Signature Rare(582),9,293,1.02354049,0,0.656308851,0,0,0.763653484,0,0.421845574,0.177024482,0.890772128,0.234463277,0,0.193973635,0,0.214689266,0,0,1.080979284,1.327683616,0.0904,1.483992467,0.440677966,1
601,Signature Rare(582),5,294,0.568633605,0,0.364616028,0,0,0.424251936,0,0.234358652,0.0983,0.494873404,0.130257376,0,0.10776313,0,0.119271814,0,0,0.600544047,0.737602009,0.0502,0.824440259,0.244821092,3
602,Signature Rare(582),6,295,0.682360326,0,0.437539234,0,0,0.509102323,0,0.281230383,0.118016321,0.593848085,0.156308851,0,0.129315756,0,0.143126177,0,0,0.720652856,0.88512241,0.0603,0.989328311,0.293785311,1
603,Signature Rare(582),9,296,1.02354049,0,0.656308851,0,0,0.763653484,0,0.421845574,0.177024482,0.890772128,0.234463277,0,0.193973635,0,0.214689266,0,0,1.080979284,1.327683616,0.0904,1.483992467,0.440677966,1
604,Signature Rare(582),2,297,0.227453442,0,0.145846411,0,0,0.169700774,0,0.0937,0.0393,0.197949362,0.0521,0,0.0431,0,0.0477,0,0,0.240217619,0.295040803,0.0201,0.329776104,0.0979,3
605,Signature Rare(582),8,298,0.909813769,0,0.583385646,0,0,0.678803097,0,0.374973844,0.157355095,0.791797447,0.208411802,0,0.172421009,0,0.190834903,0,0,0.960870475,1.180163214,0.0804,1.319104415,0.391713748,1
606,Signature Rare(582),8,299,0.909813769,0,0.583385646,0,0,0.678803097,0,0.374973844,0.157355095,0.791797447,0.208411802,0,0.172421009,0,0.190834903,0,0,0.960870475,1.180163214,0.0804,1.319104415,0.391713748,1
607,Signature Rare(582),7,300,0.796087047,0,0.51046244,0,0,0.59395271,0,0.328102113,0.137685708,0.692822766,0.182360326,0,0.150868383,0,0.16698054,0,0,0.840761666,1.032642812,0.070307596,1.154216363,0.342749529,1
608,Signature Rare(582),4,301,0.454906884,0,0.291692823,0,0,0.339401548,0,0.187486922,0.0787,0.395898724,0.104205901,0,0.0862,0,0.0954,0,0,0.480435238,0.590081607,0.0402,0.659552208,0.195856874,3
609,Signature Rare(582),9,302,1.02354049,0,0.656308851,0,0,0.763653484,0,0.421845574,0.177024482,0.890772128,0.234463277,0,0.193973635,0,0.214689266,0,0,1.080979284,1.327683616,0.0904,1.483992467,0.440677966,1
610,Signature Rare(582),8,303,0.909813769,0,0.583385646,0,0,0.678803097,0,0.374973844,0.157355095,0.791797447,0.208411802,0,0.172421009,0,0.190834903,0,0,0.960870475,1.180163214,0.0804,1.319104415,0.391713748,1
611,Signature Rare(582),5,304,0.568633605,0,0.364616028,0,0,0.424251936,0,0.234358652,0.0983,0.494873404,0.130257376,0,0.10776313,0,0.119271814,0,0,0.600544047,0.737602009,0.0502,0.824440259,0.244821092,3
612,Signature Rare(582),9,305,1.02354049,0,0.656308851,0,0,0.763653484,0,0.421845574,0.177024482,0.890772128,0.234463277,0,0.193973635,0,0.214689266,0,0,1.080979284,1.327683616,0.0904,1.483992467,0.440677966,1
613,Signature Rare(582),9,306,1.02354049,0,0.656308851,0,0,0.763653484,0,0.421845574,0.177024482,0.890772128,0.234463277,0,0.193973635,0,0.214689266,0,0,1.080979284,1.327683616,0.0904,1.483992467,0.440677966,1
614,Signature Rare(582),5,307,0.568633605,0,0.364616028,0,0,0.424251936,0,0.234358652,0.0983,0.494873404,0.130257376,0,0.10776313,0,0.119271814,0,0,0.600544047,0.737602009,0.0502,0.824440259,0.244821092,3
615,Signature Rare(582),9,308,1.02354049,0,0.656308851,0,0,0.763653484,0,0.421845574,0.177024482,0.890772128,0.234463277,0,0.193973635,0,0.214689266,0,0,1.080979284,1.327683616,0.0904,1.483992467,0.440677966,1
616,388,7,1,0.837193867,0.821397757,0.0525,0,0,1.051370545,1.050905953,0,0,0.414880202,0.197451384,0,0.193734652,0,0,0.0372,0.0506,0.543107453,0.721510586,0.0418,0.764717595,0.221610141,2
617,388,9,2,1.076392115,1.05608283,0.0675,0,0,1.35176213,1.351164797,0,0,0.533417402,0.253866065,0,0.24908741,0,0,0.0478,0.0651,0.698281012,0.927656468,0.0538,0.983208336,0.284927325,2
618,388,9,3,1.076392115,1.05608283,0.0675,0,0,1.35176213,1.351164797,0,0,0.533417402,0.253866065,0,0.24908741,0,0,0.0478,0.0651,0.698281012,0.927656468,0.0538,0.983208336,0.284927325,2
619,388,9,4,1.076392115,1.05608283,0.0675,0,0,1.35176213,1.351164797,0,0,0.533417402,0.253866065,0,0.24908741,0,0,0.0478,0.0651,0.698281012,0.927656468,0.0538,0.983208336,0.284927325,2
620,388,8,5,0.956792991,0.938740293,0.06,0,0,1.201566337,1.201035375,0,0,0.474148802,0.225658724,0,0.221411031,0,0,0.0425,0.0579,0.620694232,0.824583527,0.0478,0.873962965,0.253268733,2
621,388,9,6,1.076392115,1.05608283,0.0675,0,0,1.35176213,1.351164797,0,0,0.533417402,0.253866065,0,0.24908741,0,0,0.0478,0.0651,0.698281012,0.927656468,0.0538,0.983208336,0.284927325,2
622,388,7,7,0.837193867,0.821397757,0.0525,0,0,1.051370545,1.050905953,0,0,0.414880202,0.197451384,0,0.193734652,0,0,0.0372,0.0506,0.543107453,0.721510586,0.0418,0.764717595,0.221610141,2
623,388,5,8,0.59799562,0.586712683,0.0375,0,0,0.750978961,0.750647109,0,0,0.296343001,0.141036703,0,0.138381894,0,0,0.0265,0.0362,0.387933895,0.515364704,0.0299,0.546226853,0.158292958,2
624,388,8,9,0.956792991,0.938740293,0.06,0,0,1.201566337,1.201035375,0,0,0.474148802,0.225658724,0,0.221411031,0,0,0.0425,0.0579,0.620694232,0.824583527,0.0478,0.873962965,0.253268733,2
625,388,9,10,1.076392115,1.05608283,0.0675,0,0,1.35176213,1.351164797,0,0,0.533417402,0.253866065,0,0.24908741,0,0,0.0478,0.0651,0.698281012,0.927656468,0.0538,0.983208336,0.284927325,2
626,388,8,11,0.956792991,0.938740293,0.06,0,0,1.201566337,1.201035375,0,0,0.474148802,0.225658724,0,0.221411031,0,0,0.0425,0.0579,0.620694232,0.824583527,0.0478,0.873962965,0.253268733,2
627,388,8,12,0.956792991,0.938740293,0.06,0,0,1.201566337,1.201035375,0,0,0.474148802,0.225658724,0,0.221411031,0,0,0.0425,0.0579,0.620694232,0.824583527,0.0478,0.873962965,0.253268733,2
628,388,6,13,0.717594743,0.70405522,0.045,0,0,0.901174753,0.900776531,0,0,0.355611601,0.169244043,0,0.166058273,0,0,0.0319,0.0434,0.465520674,0.618437645,0.0358,0.655472224,0.18995155,2
629,388,9,14,1.076392115,1.05608283,0.0675,0,0,1.35176213,1.351164797,0,0,0.533417402,0.253866065,0,0.24908741,0,0,0.0478,0.0651,0.698281012,0.927656468,0.0538,0.983208336,0.284927325,2
630,388,8,15,0.956792991,0.938740293,0.06,0,0,1.201566337,1.201035375,0,0,0.474148802,0.225658724,0,0.221411031,0,0,0.0425,0.0579,0.620694232,0.824583527,0.0478,0.873962965,0.253268733,2
631,388,9,16,1.076392115,1.05608283,0.0675,0,0,1.35176213,1.351164797,0,0,0.533417402,0.253866065,0,0.24908741,0,0,0.0478,0.0651,0.698281012,0.927656468,0.0538,0.983208336,0.284927325,2
632,388,8,17,0.956792991,0.938740293,0.06,0,0,1.201566337,1.201035375,0,0,0.474148802,0.225658724,0,0.221411031,0,0,0.0425,0.0579,0.620694232,0.824583527,0.0478,0.873962965,0.253268733,2
633,388,8,18,0.956792991,0.938740293,0.06,0,0,1.201566337,1.201035375,0,0,0.474148802,0.225658724,0,0.221411031,0,0,0.0425,0.0579,0.620694232,0.824583527,0.0478,0.873962965,0.253268733,2
634,388,7,19,0.837193867,0.821397757,0.0525,0,0,1.051370545,1.050905953,0,0,0.414880202,0.197451384,0,0.193734652,0,0,0.0372,0.0506,0.543107453,0.721510586,0.0418,0.764717595,0.221610141,2
635,388,7,20,0.837193867,0.821397757,0.0525,0,0,1.051370545,1.050905953,0,0,0.414880202,0.197451384,0,0.193734652,0,0,0.0372,0.0506,0.543107453,0.721510586,0.0418,0.764717595,0.221610141,2
636,388,6,21,0.717594743,0.70405522,0.045,0,0,0.901174753,0.900776531,0,0,0.355611601,0.169244043,0,0.166058273,0,0,0.0319,0.0434,0.465520674,0.618437645,0.0358,0.655472224,0.18995155,2
637,388,8,22,0.956792991,0.938740293,0.06,0,0,1.201566337,1.201035375,0,0,0.474148802,0.225658724,0,0.221411031,0,0,0.0425,0.0579,0.620694232,0.824583527,0.0478,0.873962965,0.253268733,2
638,388,7,23,0.837193867,0.821397757,0.0525,0,0,1.051370545,1.050905953,0,0,0.414880202,0.197451384,0,0.193734652,0,0,0.0372,0.0506,0.543107453,0.721510586,0.0418,0.764717595,0.221610141,2
639,388,8,24,0.956792991,0.938740293,0.06,0,0,1.201566337,1.201035375,0,0,0.474148802,0.225658724,0,0.221411031,0,0,0.0425,0.0579,0.620694232,0.824583527,0.0478,0.873962965,0.253268733,2
640,388,7,25,0.837193867,0.821397757,0.0525,0,0,1.051370545,1.050905953,0,0,0.414880202,0.197451384,0,0.193734652,0,0,0.0372,0.0506,0.543107453,0.721510586,0.0418,0.764717595,0.221610141,2
641,388,5,26,0.59799562,0.586712683,0.0375,0,0,0.750978961,0.750647109,0,0,0.296343001,0.141036703,0,0.138381894,0,0,0.0265,0.0362,0.387933895,0.515364704,0.0299,0.546226853,0.158292958,2
642,388,6,27,0.717594743,0.70405522,0.045,0,0,0.901174753,0.900776531,0,0,0.355611601,0.169244043,0,0.166058273,0,0,0.0319,0.0434,0.465520674,0.618437645,0.0358,0.655472224,0.18995155,2
643,388,7,28,0.837193867,0.821397757,0.0525,0,0,1.051370545,1.050905953,0,0,0.414880202,0.197451384,0,0.193734652,0,0,0.0372,0.0506,0.543107453,0.721510586,0.0418,0.764717595,0.221610141,2
644,388,6,29,0.717594743,0.70405522,0.045,0,0,0.901174753,0.900776531,0,0,0.355611601,0.169244043,0,0.166058273,0,0,0.0319,0.0434,0.465520674,0.618437645,0.0358,0.655472224,0.18995155,2
645,388,8,30,0.956792991,0.938740293,0.06,0,0,1.201566337,1.201035375,0,0,0.474148802,0.225658724,0,0.221411031,0,0,0.0425,0.0579,0.620694232,0.824583527,0.0478,0.873962965,0.253268733,2
646,388,9,31,1.076392115,1.05608283,0.0675,0,0,1.35176213,1.351164797,0,0,0.533417402,0.253866065,0,0.24908741,0,0,0.0478,0.0651,0.698281012,0.927656468,0.0538,0.983208336,0.284927325,2
647,388,8,32,0.956792991,0.938740293,0.06,0,0,1.201566337,1.201035375,0,0,0.474148802,0.225658724,0,0.221411031,0,0,0.0425,0.0579,0.620694232,0.824583527,0.0478,0.873962965,0.253268733,2
648,388,8,33,0.956792991,0.938740293,0.06,0,0,1.201566337,1.201035375,0,0,0.474148802,0.225658724,0,0.221411031,0,0,0.0425,0.0579,0.620694232,0.824583527,0.0478,0.873962965,0.253268733,2
649,388,9,34,1.076392115,1.05608283,0.0675,0,0,1.35176213,1.351164797,0,0,0.533417402,0.253866065,0,0.24908741,0,0,0.0478,0.0651,0.698281012,0.927656468,0.0538,0.983208336,0.284927325,2
650,388,5,35,0.59799562,0.586712683,0.0375,0,0,0.750978961,0.750647109,0,0,0.296343001,0.141036703,0,0.138381894,0,0,0.0265,0.0362,0.387933895,0.515364704,0.0299,0.546226853,0.158292958,2
651,388,9,36,1.076392115,1.05608283,0.0675,0,0,1.35176213,1.351164797,0,0,0.533417402,0.253866065,0,0.24908741,0,0,0.0478,0.0651,0.698281012,0.927656468,0.0538,0.983208336,0.284927325,2
652,388,9,37,1.076392115,1.05608283,0.0675,0,0,1.35176213,1.351164797,0,0,0.533417402,0.253866065,0,0.24908741,0,0,0.0478,0.0651,0.698281012,0.927656468,0.0538,0.983208336,0.284927325,2
653,388,8,38,0.956792991,0.938740293,0.06,0,0,1.201566337,1.201035375,0,0,0.474148802,0.225658724,0,0.221411031,0,0,0.0425,0.0579,0.620694232,0.824583527,0.0478,0.873962965,0.253268733,2
654,388,7,39,0.837193867,0.821397757,0.0525,0,0,1.051370545,1.050905953,0,0,0.414880202,0.197451384,0,0.193734652,0,0,0.0372,0.0506,0.543107453,0.721510586,0.0418,0.764717595,0.221610141,2
655,388,1,40,0.119599124,0.117342537,0.0075,0,0,0.150195792,0.150129422,0,0,0.0593,0.0282,0,0.0277,0,0,0.00531,0.00723,0.0776,0.103072941,0.00597,0.109245371,0.0317,3
656,388,8,41,0.956792991,0.938740293,0.06,0,0,1.201566337,1.201035375,0,0,0.474148802,0.225658724,0,0.221411031,0,0,0.0425,0.0579,0.620694232,0.824583527,0.0478,0.873962965,0.253268733,2
657,388,9,42,1.076392115,1.05608283,0.0675,0,0,1.35176213,1.351164797,0,0,0.533417402,0.253866065,0,0.24908741,0,0,0.0478,0.0651,0.698281012,0.927656468,0.0538,0.983208336,0.284927325,2
658,388,7,43,0.837193867,0.821397757,0.0525,0,0,1.051370545,1.050905953,0,0,0.414880202,0.197451384,0,0.193734652,0,0,0.0372,0.0506,0.543107453,0.721510586,0.0418,0.764717595,0.221610141,2
659,388,8,44,0.956792991,0.938740293,0.06,0,0,1.201566337,1.201035375,0,0,0.474148802,0.225658724,0,0.221411031,0,0,0.0425,0.0579,0.620694232,0.824583527,0.0478,0.873962965,0.253268733,2
660,388,7,45,0.837193867,0.821397757,0.0525,0,0,1.051370545,1.050905953,0,0,0.414880202,0.197451384,0,0.193734652,0,0,0.0372,0.0506,0.543107453,0.721510586,0.0418,0.764717595,0.221610141,2
661,388,7,46,0.837193867,0.821397757,0.0525,0,0,1.051370545,1.050905953,0,0,0.414880202,0.197451384,0,0.193734652,0,0,0.0372,0.0506,0.543107453,0.721510586,0.0418,0.764717595,0.221610141,2
662,388,8,47,0.956792991,0.938740293,0.06,0,0,1.201566337,1.201035375,0,0,0.474148802,0.225658724,0,0.221411031,0,0,0.0425,0.0579,0.620694232,0.824583527,0.0478,0.873962965,0.253268733,2
663,388,7,48,0.837193867,0.821397757,0.0525,0,0,1.051370545,1.050905953,0,0,0.414880202,0.197451384,0,0.193734652,0,0,0.0372,0.0506,0.543107453,0.721510586,0.0418,0.764717595,0.221610141,2
664,388,3,49,0.358797372,0.35202761,0.0225,0,0,0.450587377,0.450388266,0,0,0.177805801,0.0846,0,0.083,0,0,0.0159,0.0217,0.232760337,0.309218823,0.0179,0.327736112,0.095,3
665,388,8,50,0.956792991,0.938740293,0.06,0,0,1.201566337,1.201035375,0,0,0.474148802,0.225658724,0,0.221411031,0,0,0.0425,0.0579,0.620694232,0.824583527,0.0478,0.873962965,0.253268733,2
666,388,7,51,0.837193867,0.821397757,0.0525,0,0,1.051370545,1.050905953,0,0,0.414880202,0.197451384,0,0.193734652,0,0,0.0372,0.0506,0.543107453,0.721510586,0.0418,0.764717595,0.221610141,2
667,388,6,52,0.717594743,0.70405522,0.045,0,0,0.901174753,0.900776531,0,0,0.355611601,0.169244043,0,0.166058273,0,0,0.0319,0.0434,0.465520674,0.618437645,0.0358,0.655472224,0.18995155,2
668,388,9,53,1.076392115,1.05608283,0.0675,0,0,1.35176213,1.351164797,0,0,0.533417402,0.253866065,0,0.24908741,0,0,0.0478,0.0651,0.698281012,0.927656468,0.0538,0.983208336,0.284927325,2
669,388,9,54,1.076392115,1.05608283,0.0675,0,0,1.35176213,1.351164797,0,0,0.533417402,0.253866065,0,0.24908741,0,0,0.0478,0.0651,0.698281012,0.927656468,0.0538,0.983208336,0.284927325,2
670,388,9,55,1.076392115,1.05608283,0.0675,0,0,1.35176213,1.351164797,0,0,0.533417402,0.253866065,0,0.24908741,0,0,0.0478,0.0651,0.698281012,0.927656468,0.0538,0.983208336,0.284927325,2
671,388,9,56,1.076392115,1.05608283,0.0675,0,0,1.35176213,1.351164797,0,0,0.533417402,0.253866065,0,0.24908741,0,0,0.0478,0.0651,0.698281012,0.927656468,0.0538,0.983208336,0.284927325,2
672,388,8,57,0.956792991,0.938740293,0.06,0,0,1.201566337,1.201035375,0,0,0.474148802,0.225658724,0,0.221411031,0,0,0.0425,0.0579,0.620694232,0.824583527,0.0478,0.873962965,0.253268733,2
673,388,8,58,0.956792991,0.938740293,0.06,0,0,1.201566337,1.201035375,0,0,0.474148802,0.225658724,0,0.221411031,0,0,0.0425,0.0579,0.620694232,0.824583527,0.0478,0.873962965,0.253268733,2
674,388,8,59,0.956792991,0.938740293,0.06,0,0,1.201566337,1.201035375,0,0,0.474148802,0.225658724,0,0.221411031,0,0,0.0425,0.0579,0.620694232,0.824583527,0.0478,0.873962965,0.253268733,2
675,388,5,60,0.59799562,0.586712683,0.0375,0,0,0.750978961,0.750647109,0,0,0.296343001,0.141036703,0,0.138381894,0,0,0.0265,0.0362,0.387933895,0.515364704,0.0299,0.546226853,0.158292958,2
676,388,8,61,0.956792991,0.938740293,0.06,0,0,1.201566337,1.201035375,0,0,0.474148802,0.225658724,0,0.221411031,0,0,0.0425,0.0579,0.620694232,0.824583527,0.0478,0.873962965,0.253268733,2
677,388,8,62,0.956792991,0.938740293,0.06,0,0,1.201566337,1.201035375,0,0,0.474148802,0.225658724,0,0.221411031,0,0,0.0425,0.0579,0.620694232,0.824583527,0.0478,0.873962965,0.253268733,2
678,388,7,63,0.837193867,0.821397757,0.0525,0,0,1.051370545,1.050905953,0,0,0.414880202,0.197451384,0,0.193734652,0,0,0.0372,0.0506,0.543107453,0.721510586,0.0418,0.764717595,0.221610141,2
679,388,9,64,1.076392115,1.05608283,0.0675,0,0,1.35176213,1.351164797,0,0,0.533417402,0.253866065,0,0.24908741,0,0,0.0478,0.0651,0.698281012,0.927656468,0.0538,0.983208336,0.284927325,2
680,388,4,65,0.478396496,0.469370147,0.03,0,0,0.600783169,0.600517688,0,0,0.237074401,0.112829362,0,0.110705515,0,0,0.0212,0.0289,0.310347116,0.412291763,0.0239,0.436981483,0.126634366,3
681,388,6,66,0.717594743,0.70405522,0.045,0,0,0.901174753,0.900776531,0,0,0.355611601,0.169244043,0,0.166058273,0,0,0.0319,0.0434,0.465520674,0.618437645,0.0358,0.655472224,0.18995155,2
682,388,7,67,0.837193867,0.821397757,0.0525,0,0,1.051370545,1.050905953,0,0,0.414880202,0.197451384,0,0.193734652,0,0,0.0372,0.0506,0.543107453,0.721510586,0.0418,0.764717595,0.221610141,2
683,388,9,68,1.076392115,1.05608283,0.0675,0,0,1.35176213,1.351164797,0,0,0.533417402,0.253866065,0,0.24908741,0,0,0.0478,0.0651,0.698281012,0.927656468,0.0538,0.983208336,0.284927325,2
684,388,1,69,0.119599124,0.117342537,0.0075,0,0,0.150195792,0.150129422,0,0,0.0593,0.0282,0,0.0277,0,0,0.00531,0.00723,0.0776,0.103072941,0.00597,0.109245371,0.0317,3
685,388,7,70,0.837193867,0.821397757,0.0525,0,0,1.051370545,1.050905953,0,0,0.414880202,0.197451384,0,0.193734652,0,0,0.0372,0.0506,0.543107453,0.721510586,0.0418,0.764717595,0.221610141,2
686,388,5,71,0.59799562,0.586712683,0.0375,0,0,0.750978961,0.750647109,0,0,0.296343001,0.141036703,0,0.138381894,0,0,0.0265,0.0362,0.387933895,0.515364704,0.0299,0.546226853,0.158292958,2
687,388,8,72,0.956792991,0.938740293,0.06,0,0,1.201566337,1.201035375,0,0,0.474148802,0.225658724,0,0.221411031,0,0,0.0425,0.0579,0.620694232,0.824583527,0.0478,0.873962965,0.253268733,2
688,388,8,73,0.956792991,0.938740293,0.06,0,0,1.201566337,1.201035375,0,0,0.474148802,0.225658724,0,0.221411031,0,0,0.0425,0.0579,0.620694232,0.824583527,0.0478,0.873962965,0.253268733,2
689,388,9,74,1.076392115,1.05608283,0.0675,0,0,1.35176213,1.351164797,0,0,0.533417402,0.253866065,0,0.24908741,0,0,0.0478,0.0651,0.698281012,0.927656468,0.0538,0.983208336,0.284927325,2
690,388,8,75,0.956792991,0.938740293,0.06,0,0,1.201566337,1.201035375,0,0,0.474148802,0.225658724,0,0.221411031,0,0,0.0425,0.0579,0.620694232,0.824583527,0.0478,0.873962965,0.253268733,2
691,388,5,76,0.59799562,0.586712683,0.0375,0,0,0.750978961,0.750647109,0,0,0.296343001,0.141036703,0,0.138381894,0,0,0.0265,0.0362,0.387933895,0.515364704,0.0299,0.546226853,0.158292958,2
692,388,8,77,0.956792991,0.938740293,0.06,0,0,1.201566337,1.201035375,0,0,0.474148802,0.225658724,0,0.221411031,0,0,0.0425,0.0579,0.620694232,0.824583527,0.0478,0.873962965,0.253268733,2
693,388,9,78,1.076392115,1.05608283,0.0675,0,0,1.35176213,1.351164797,0,0,0.533417402,0.253866065,0,0.24908741,0,0,0.0478,0.0651,0.698281012,0.927656468,0.0538,0.983208336,0.284927325,2
694,388,8,79,0.956792991,0.938740293,0.06,0,0,1.201566337,1.201035375,0,0,0.474148802,0.225658724,0,0.221411031,0,0,0.0425,0.0579,0.620694232,0.824583527,0.0478,0.873962965,0.253268733,2
695,388,7,80,0.837193867,0.821397757,0.0525,0,0,1.051370545,1.050905953,0,0,0.414880202,0.197451384,0,0.193734652,0,0,0.0372,0.0506,0.543107453,0.721510586,0.0418,0.764717595,0.221610141,2
696,388,8,81,0.956792991,0.938740293,0.06,0,0,1.201566337,1.201035375,0,0,0.474148802,0.225658724,0,0.221411031,0,0,0.0425,0.0579,0.620694232,0.824583527,0.0478,0.873962965,0.253268733,2
697,388,8,82,0.956792991,0.938740293,0.06,0,0,1.201566337,1.201035375,0,0,0.474148802,0.225658724,0,0.221411031,0,0,0.0425,0.0579,0.620694232,0.824583527,0.0478,0.873962965,0.253268733,2
698,388,5,83,0.59799562,0.586712683,0.0375,0,0,0.750978961,0.750647109,0,0,0.296343001,0.141036703,0,0.138381894,0,0,0.0265,0.0362,0.387933895,0.515364704,0.0299,0.546226853,0.158292958,2
699,388,9,84,1.076392115,1.05608283,0.0675,0,0,1.35176213,1.351164797,0,0,0.533417402,0.253866065,0,0.24908741,0,0,0.0478,0.0651,0.698281012,0.927656468,0.0538,0.983208336,0.284927325,2
700,388,7,85,0.837193867,0.821397757,0.0525,0,0,1.051370545,1.050905953,0,0,0.414880202,0.197451384,0,0.193734652,0,0,0.0372,0.0506,0.543107453,0.721510586,0.0418,0.764717595,0.221610141,2
701,388,7,86,0.837193867,0.821397757,0.0525,0,0,1.051370545,1.050905953,0,0,0.414880202,0.197451384,0,0.193734652,0,0,0.0372,0.0506,0.543107453,0.721510586,0.0418,0.764717595,0.221610141,2
702,388,9,87,1.076392115,1.05608283,0.0675,0,0,1.35176213,1.351164797,0,0,0.533417402,0.253866065,0,0.24908741,0,0,0.0478,0.0651,0.698281012,0.927656468,0.0538,0.983208336,0.284927325,2
703,388,8,88,0.956792991,0.938740293,0.06,0,0,1.201566337,1.201035375,0,0,0.474148802,0.225658724,0,0.221411031,0,0,0.0425,0.0579,0.620694232,0.824583527,0.0478,0.873962965,0.253268733,2
704,388,5,89,0.59799562,0.586712683,0.0375,0,0,0.750978961,0.750647109,0,0,0.296343001,0.141036703,0,0.138381894,0,0,0.0265,0.0362,0.387933895,0.515364704,0.0299,0.546226853,0.158292958,2
705,388,5,90,0.59799562,0.586712683,0.0375,0,0,0.750978961,0.750647109,0,0,0.296343001,0.141036703,0,0.138381894,0,0,0.0265,0.0362,0.387933895,0.515364704,0.0299,0.546226853,0.158292958,2
706,388,7,91,0.837193867,0.821397757,0.0525,0,0,1.051370545,1.050905953,0,0,0.414880202,0.197451384,0,0.193734652,0,0,0.0372,0.0506,0.543107453,0.721510586,0.0418,0.764717595,0.221610141,2
707,388,9,92,1.076392115,1.05608283,0.0675,0,0,1.35176213,1.351164797,0,0,0.533417402,0.253866065,0,0.24908741,0,0,0.0478,0.0651,0.698281012,0.927656468,0.0538,0.983208336,0.284927325,2
708,388,9,93,1.076392115,1.05608283,0.0675,0,0,1.35176213,1.351164797,0,0,0.533417402,0.253866065,0,0.24908741,0,0,0.0478,0.0651,0.698281012,0.927656468,0.0538,0.983208336,0.284927325,2
709,388,9,94,1.076392115,1.05608283,0.0675,0,0,1.35176213,1.351164797,0,0,0.533417402,0.253866065,0,0.24908741,0,0,0.0478,0.0651,0.698281012,0.927656468,0.0538,0.983208336,0.284927325,2
710,388,5,95,0.59799562,0.586712683,0.0375,0,0,0.750978961,0.750647109,0,0,0.296343001,0.141036703,0,0.138381894,0,0,0.0265,0.0362,0.387933895,0.515364704,0.0299,0.546226853,0.158292958,2
711,388,6,96,0.717594743,0.70405522,0.045,0,0,0.901174753,0.900776531,0,0,0.355611601,0.169244043,0,0.166058273,0,0,0.0319,0.0434,0.465520674,0.618437645,0.0358,0.655472224,0.18995155,2
712,388,9,97,1.076392115,1.05608283,0.0675,0,0,1.35176213,1.351164797,0,0,0.533417402,0.253866065,0,0.24908741,0,0,0.0478,0.0651,0.698281012,0.927656468,0.0538,0.983208336,0.284927325,2
713,388,4,98,0.478396496,0.469370147,0.03,0,0,0.600783169,0.600517688,0,0,0.237074401,0.112829362,0,0.110705515,0,0,0.0212,0.0289,0.310347116,0.412291763,0.0239,0.436981483,0.126634366,3
714,388,9,99,1.076392115,1.05608283,0.0675,0,0,1.35176213,1.351164797,0,0,0.533417402,0.253866065,0,0.24908741,0,0,0.0478,0.0651,0.698281012,0.927656468,0.0538,0.983208336,0.284927325,2
715,388,9,100,1.076392115,1.05608283,0.0675,0,0,1.35176213,1.351164797,0,0,0.533417402,0.253866065,0,0.24908741,0,0,0.0478,0.0651,0.698281012,0.927656468,0.0538,0.983208336,0.284927325,2
716,388,7,101,0.837193867,0.821397757,0.0525,0,0,1.051370545,1.050905953,0,0,0.414880202,0.197451384,0,0.193734652,0,0,0.0372,0.0506,0.543107453,0.721510586,0.0418,0.764717595,0.221610141,2
717,388,9,102,1.076392115,1.05608283,0.0675,0,0,1.35176213,1.351164797,0,0,0.533417402,0.253866065,0,0.24908741,0,0,0.0478,0.0651,0.698281012,0.927656468,0.0538,0.983208336,0.284927325,2
718,388,9,103,1.076392115,1.05608283,0.0675,0,0,1.35176213,1.351164797,0,0,0.533417402,0.253866065,0,0.24908741,0,0,0.0478,0.0651,0.698281012,0.927656468,0.0538,0.983208336,0.284927325,2
719,388,6,104,0.717594743,0.70405522,0.045,0,0,0.901174753,0.900776531,0,0,0.355611601,0.169244043,0,0.166058273,0,0,0.0319,0.0434,0.465520674,0.618437645,0.0358,0.655472224,0.18995155,2
720,388,9,105,1.076392115,1.05608283,0.0675,0,0,1.35176213,1.351164797,0,0,0.533417402,0.253866065,0,0.24908741,0,0,0.0478,0.0651,0.698281012,0.927656468,0.0538,0.983208336,0.284927325,2
721,388,7,106,0.837193867,0.821397757,0.0525,0,0,1.051370545,1.050905953,0,0,0.414880202,0.197451384,0,0.193734652,0,0,0.0372,0.0506,0.543107453,0.721510586,0.0418,0.764717595,0.221610141,2
722,388,7,107,0.837193867,0.821397757,0.0525,0,0,1.051370545,1.050905953,0,0,0.414880202,0.197451384,0,0.193734652,0,0,0.0372,0.0506,0.543107453,0.721510586,0.0418,0.764717595,0.221610141,2
723,388,7,108,0.837193867,0.821397757,0.0525,0,0,1.051370545,1.050905953,0,0,0.414880202,0.197451384,0,0.193734652,0,0,0.0372,0.0506,0.543107453,0.721510586,0.0418,0.764717595,0.221610141,2
724,388,9,109,1.076392115,1.05608283,0.0675,0,0,1.35176213,1.351164797,0,0,0.533417402,0.253866065,0,0.24908741,0,0,0.0478,0.0651,0.698281012,0.927656468,0.0538,0.983208336,0.284927325,2
725,388,8,110,0.956792991,0.938740293,0.06,0,0,1.201566337,1.201035375,0,0,0.474148802,0.225658724,0,0.221411031,0,0,0.0425,0.0579,0.620694232,0.824583527,0.0478,0.873962965,0.253268733,2
726,388,8,111,0.956792991,0.938740293,0.06,0,0,1.201566337,1.201035375,0,0,0.474148802,0.225658724,0,0.221411031,0,0,0.0425,0.0579,0.620694232,0.824583527,0.0478,0.873962965,0.253268733,2
727,388,8,112,0.956792991,0.938740293,0.06,0,0,1.201566337,1.201035375,0,0,0.474148802,0.225658724,0,0.221411031,0,0,0.0425,0.0579,0.620694232,0.824583527,0.0478,0.873962965,0.253268733,2
728,388,7,113,0.837193867,0.821397757,0.0525,0,0,1.051370545,1.050905953,0,0,0.414880202,0.197451384,0,0.193734652,0,0,0.0372,0.0506,0.543107453,0.721510586,0.0418,0.764717595,0.221610141,2
729,388,8,114,0.956792991,0.938740293,0.06,0,0,1.201566337,1.201035375,0,0,0.474148802,0.225658724,0,0.221411031,0,0,0.0425,0.0579,0.620694232,0.824583527,0.0478,0.873962965,0.253268733,2
730,388,7,115,0.837193867,0.821397757,0.0525,0,0,1.051370545,1.050905953,0,0,0.414880202,0.197451384,0,0.193734652,0,0,0.0372,0.0506,0.543107453,0.721510586,0.0418,0.764717595,0.221610141,2
731,388,7,116,0.837193867,0.821397757,0.0525,0,0,1.051370545,1.050905953,0,0,0.414880202,0.197451384,0,0.193734652,0,0,0.0372,0.0506,0.543107453,0.721510586,0.0418,0.764717595,0.221610141,2
732,388,7,117,0.837193867,0.821397757,0.0525,0,0,1.051370545,1.050905953,0,0,0.414880202,0.197451384,0,0.193734652,0,0,0.0372,0.0506,0.543107453,0.721510586,0.0418,0.764717595,0.221610141,2
733,388,7,118,0.837193867,0.821397757,0.0525,0,0,1.051370545,1.050905953,0,0,0.414880202,0.197451384,0,0.193734652,0,0,0.0372,0.0506,0.543107453,0.721510586,0.0418,0.764717595,0.221610141,2
734,388,9,119,1.076392115,1.05608283,0.0675,0,0,1.35176213,1.351164797,0,0,0.533417402,0.253866065,0,0.24908741,0,0,0.0478,0.0651,0.698281012,0.927656468,0.0538,0.983208336,0.284927325,2
735,388,3,120,0.358797372,0.35202761,0.0225,0,0,0.450587377,0.450388266,0,0,0.177805801,0.0846,0,0.083,0,0,0.0159,0.0217,0.232760337,0.309218823,0.0179,0.327736112,0.095,3
736,388,8,121,0.956792991,0.938740293,0.06,0,0,1.201566337,1.201035375,0,0,0.474148802,0.225658724,0,0.221411031,0,0,0.0425,0.0579,0.620694232,0.824583527,0.0478,0.873962965,0.253268733,2
737,388,8,122,0.956792991,0.938740293,0.06,0,0,1.201566337,1.201035375,0,0,0.474148802,0.225658724,0,0.221411031,0,0,0.0425,0.0579,0.620694232,0.824583527,0.0478,0.873962965,0.253268733,2
738,388,6,123,0.717594743,0.70405522,0.045,0,0,0.901174753,0.900776531,0,0,0.355611601,0.169244043,0,0.166058273,0,0,0.0319,0.0434,0.465520674,0.618437645,0.0358,0.655472224,0.18995155,2
739,388,7,124,0.837193867,0.821397757,0.0525,0,0,1.051370545,1.050905953,0,0,0.414880202,0.197451384,0,0.193734652,0,0,0.0372,0.0506,0.543107453,0.721510586,0.0418,0.764717595,0.221610141,2
740,388,7,125,0.837193867,0.821397757,0.0525,0,0,1.051370545,1.050905953,0,0,0.414880202,0.197451384,0,0.193734652,0,0,0.0372,0.0506,0.543107453,0.721510586,0.0418,0.764717595,0.221610141,2
741,388,8,126,0.956792991,0.938740293,0.06,0,0,1.201566337,1.201035375,0,0,0.474148802,0.225658724,0,0.221411031,0,0,0.0425,0.0579,0.620694232,0.824583527,0.0478,0.873962965,0.253268733,2
742,388,6,127,0.717594743,0.70405522,0.045,0,0,0.901174753,0.900776531,0,0,0.355611601,0.169244043,0,0.166058273,0,0,0.0319,0.0434,0.465520674,0.618437645,0.0358,0.655472224,0.18995155,2
743,388,7,128,0.837193867,0.821397757,0.0525,0,0,1.051370545,1.050905953,0,0,0.414880202,0.197451384,0,0.193734652,0,0,0.0372,0.0506,0.543107453,0.721510586,0.0418,0.764717595,0.221610141,2
744,388,8,129,0.956792991,0.938740293,0.06,0,0,1.201566337,1.201035375,0,0,0.474148802,0.225658724,0,0.221411031,0,0,0.0425,0.0579,0.620694232,0.824583527,0.0478,0.873962965,0.253268733,2
745,388,3,130,0.358797372,0.35202761,0.0225,0,0,0.450587377,0.450388266,0,0,0.177805801,0.0846,0,0.083,0,0,0.0159,0.0217,0.232760337,0.309218823,0.0179,0.327736112,0.095,3
746,388,7,131,0.837193867,0.821397757,0.0525,0,0,1.051370545,1.050905953,0,0,0.414880202,0.197451384,0,0.193734652,0,0,0.0372,0.0506,0.543107453,0.721510586,0.0418,0.764717595,0.221610141,2
747,388,6,132,0.717594743,0.70405522,0.045,0,0,0.901174753,0.900776531,0,0,0.355611601,0.169244043,0,0.166058273,0,0,0.0319,0.0434,0.465520674,0.618437645,0.0358,0.655472224,0.18995155,2
748,388,8,133,0.956792991,0.938740293,0.06,0,0,1.201566337,1.201035375,0,0,0.474148802,0.225658724,0,0.221411031,0,0,0.0425,0.0579,0.620694232,0.824583527,0.0478,0.873962965,0.253268733,2
749,388,8,134,0.956792991,0.938740293,0.06,0,0,1.201566337,1.201035375,0,0,0.474148802,0.225658724,0,0.221411031,0,0,0.0425,0.0579,0.620694232,0.824583527,0.0478,0.873962965,0.253268733,2
750,388,6,135,0.717594743,0.70405522,0.045,0,0,0.901174753,0.900776531,0,0,0.355611601,0.169244043,0,0.166058273,0,0,0.0319,0.0434,0.465520674,0.618437645,0.0358,0.655472224,0.18995155,2
751,388,3,136,0.358797372,0.35202761,0.0225,0,0,0.450587377,0.450388266,0,0,0.177805801,0.0846,0,0.083,0,0,0.0159,0.0217,0.232760337,0.309218823,0.0179,0.327736112,0.095,3
752,388,8,137,0.956792991,0.938740293,0.06,0,0,1.201566337,1.201035375,0,0,0.474148802,0.225658724,0,0.221411031,0,0,0.0425,0.0579,0.620694232,0.824583527,0.0478,0.873962965,0.253268733,2
753,388,8,138,0.956792991,0.938740293,0.06,0,0,1.201566337,1.201035375,0,0,0.474148802,0.225658724,0,0.221411031,0,0,0.0425,0.0579,0.620694232,0.824583527,0.0478,0.873962965,0.253268733,2
754,388,9,139,1.076392115,1.05608283,0.0675,0,0,1.35176213,1.351164797,0,0,0.533417402,0.253866065,0,0.24908741,0,0,0.0478,0.0651,0.698281012,0.927656468,0.0538,0.983208336,0.284927325,2
755,388,7,140,0.837193867,0.821397757,0.0525,0,0,1.051370545,1.050905953,0,0,0.414880202,0.197451384,0,0.193734652,0,0,0.0372,0.0506,0.543107453,0.721510586,0.0418,0.764717595,0.221610141,2
756,388,8,141,0.956792991,0.938740293,0.06,0,0,1.201566337,1.201035375,0,0,0.474148802,0.225658724,0,0.221411031,0,0,0.0425,0.0579,0.620694232,0.824583527,0.0478,0.873962965,0.253268733,2
757,388,8,142,0.956792991,0.938740293,0.06,0,0,1.201566337,1.201035375,0,0,0.474148802,0.225658724,0,0.221411031,0,0,0.0425,0.0579,0.620694232,0.824583527,0.0478,0.873962965,0.253268733,2
758,388,7,143,0.837193867,0.821397757,0.0525,0,0,1.051370545,1.050905953,0,0,0.414880202,0.197451384,0,0.193734652,0,0,0.0372,0.0506,0.543107453,0.721510586,0.0418,0.764717595,0.221610141,2
759,388,5,144,0.59799562,0.586712683,0.0375,0,0,0.750978961,0.750647109,0,0,0.296343001,0.141036703,0,0.138381894,0,0,0.0265,0.0362,0.387933895,0.515364704,0.0299,0.546226853,0.158292958,2
760,388,7,145,0.837193867,0.821397757,0.0525,0,0,1.051370545,1.050905953,0,0,0.414880202,0.197451384,0,0.193734652,0,0,0.0372,0.0506,0.543107453,0.721510586,0.0418,0.764717595,0.221610141,2
761,388,7,146,0.837193867,0.821397757,0.0525,0,0,1.051370545,1.050905953,0,0,0.414880202,0.197451384,0,0.193734652,0,0,0.0372,0.0506,0.543107453,0.721510586,0.0418,0.764717595,0.221610141,2
762,388,6,147,0.717594743,0.70405522,0.045,0,0,0.901174753,0.900776531,0,0,0.355611601,0.169244043,0,0.166058273,0,0,0.0319,0.0434,0.465520674,0.618437645,0.0358,0.655472224,0.18995155,2
763,388,7,148,0.837193867,0.821397757,0.0525,0,0,1.051370545,1.050905953,0,0,0.414880202,0.197451384,0,0.193734652,0,0,0.0372,0.0506,0.543107453,0.721510586,0.0418,0.764717595,0.221610141,2
764,388,8,149,0.956792991,0.938740293,0.06,0,0,1.201566337,1.201035375,0,0,0.474148802,0.225658724,0,0.221411031,0,0,0.0425,0.0579,0.620694232,0.824583527,0.0478,0.873962965,0.253268733,2
765,388,8,150,0.956792991,0.938740293,0.06,0,0,1.201566337,1.201035375,0,0,0.474148802,0.225658724,0,0.221411031,0,0,0.0425,0.0579,0.620694232,0.824583527,0.0478,0.873962965,0.253268733,2
766,388,8,151,0.956792991,0.938740293,0.06,0,0,1.201566337,1.201035375,0,0,0.474148802,0.225658724,0,0.221411031,0,0,0.0425,0.0579,0.620694232,0.824583527,0.0478,0.873962965,0.253268733,2
767,388,8,152,0.956792991,0.938740293,0.06,0,0,1.201566337,1.201035375,0,0,0.474148802,0.225658724,0,0.221411031,0,0,0.0425,0.0579,0.620694232,0.824583527,0.0478,0.873962965,0.253268733,2
768,388,8,153,0.956792991,0.938740293,0.06,0,0,1.201566337,1.201035375,0,0,0.474148802,0.225658724,0,0.221411031,0,0,0.0425,0.0579,0.620694232,0.824583527,0.0478,0.873962965,0.253268733,2
769,388,6,154,0.717594743,0.70405522,0.045,0,0,0.901174753,0.900776531,0,0,0.355611601,0.169244043,0,0.166058273,0,0,0.0319,0.0434,0.465520674,0.618437645,0.0358,0.655472224,0.18995155,2
770,388,9,155,1.076392115,1.05608283,0.0675,0,0,1.35176213,1.351164797,0,0,0.533417402,0.253866065,0,0.24908741,0,0,0.0478,0.0651,0.698281012,0.927656468,0.0538,0.983208336,0.284927325,2
771,388,6,156,0.717594743,0.70405522,0.045,0,0,0.901174753,0.900776531,0,0,0.355611601,0.169244043,0,0.166058273,0,0,0.0319,0.0434,0.465520674,0.618437645,0.0358,0.655472224,0.18995155,2
772,388,8,157,0.956792991,0.938740293,0.06,0,0,1.201566337,1.201035375,0,0,0.474148802,0.225658724,0,0.221411031,0,0,0.0425,0.0579,0.620694232,0.824583527,0.0478,0.873962965,0.253268733,2
773,388,7,158,0.837193867,0.821397757,0.0525,0,0,1.051370545,1.050905953,0,0,0.414880202,0.197451384,0,0.193734652,0,0,0.0372,0.0506,0.543107453,0.721510586,0.0418,0.764717595,0.221610141,2
774,388,5,159,0.59799562,0.586712683,0.0375,0,0,0.750978961,0.750647109,0,0,0.296343001,0.141036703,0,0.138381894,0,0,0.0265,0.0362,0.387933895,0.515364704,0.0299,0.546226853,0.158292958,2
775,388,8,160,0.956792991,0.938740293,0.06,0,0,1.201566337,1.201035375,0,0,0.474148802,0.225658724,0,0.221411031,0,0,0.0425,0.0579,0.620694232,0.824583527,0.0478,0.873962965,0.253268733,2
776,388,6,161,0.717594743,0.70405522,0.045,0,0,0.901174753,0.900776531,0,0,0.355611601,0.169244043,0,0.166058273,0,0,0.0319,0.0434,0.465520674,0.618437645,0.0358,0.655472224,0.18995155,2
777,388,9,162,1.076392115,1.05608283,0.0675,0,0,1.35176213,1.351164797,0,0,0.533417402,0.253866065,0,0.24908741,0,0,0.0478,0.0651,0.698281012,0.927656468,0.0538,0.983208336,0.284927325,2
778,388,5,163,0.59799562,0.586712683,0.0375,0,0,0.750978961,0.750647109,0,0,0.296343001,0.141036703,0,0.138381894,0,0,0.0265,0.0362,0.387933895,0.515364704,0.0299,0.546226853,0.158292958,2
779,388,8,164,0.956792991,0.938740293,0.06,0,0,1.201566337,1.201035375,0,0,0.474148802,0.225658724,0,0.221411031,0,0,0.0425,0.0579,0.620694232,0.824583527,0.0478,0.873962965,0.253268733,2
780,388,9,165,1.076392115,1.05608283,0.0675,0,0,1.35176213,1.351164797,0,0,0.533417402,0.253866065,0,0.24908741,0,0,0.0478,0.0651,0.698281012,0.927656468,0.0538,0.983208336,0.284927325,2
781,388,6,166,0.717594743,0.70405522,0.045,0,0,0.901174753,0.900776531,0,0,0.355611601,0.169244043,0,0.166058273,0,0,0.0319,0.0434,0.465520674,0.618437645,0.0358,0.655472224,0.18995155,2
782,388,5,167,0.59799562,0.586712683,0.0375,0,0,0.750978961,0.750647109,0,0,0.296343001,0.141036703,0,0.138381894,0,0,0.0265,0.0362,0.387933895,0.515364704,0.0299,0.546226853,0.158292958,2
783,388,9,168,1.076392115,1.05608283,0.0675,0,0,1.35176213,1.351164797,0,0,0.533417402,0.253866065,0,0.24908741,0,0,0.0478,0.0651,0.698281012,0.927656468,0.0538,0.983208336,0.284927325,2
784,388,7,169,0.837193867,0.821397757,0.0525,0,0,1.051370545,1.050905953,0,0,0.414880202,0.197451384,0,0.193734652,0,0,0.0372,0.0506,0.543107453,0.721510586,0.0418,0.764717595,0.221610141,2
785,388,7,170,0.837193867,0.821397757,0.0525,0,0,1.051370545,1.050905953,0,0,0.414880202,0.197451384,0,0.193734652,0,0,0.0372,0.0506,0.543107453,0.721510586,0.0418,0.764717595,0.221610141,2
786,388,9,171,1.076392115,1.05608283,0.0675,0,0,1.35176213,1.351164797,0,0,0.533417402,0.253866065,0,0.24908741,0,0,0.0478,0.0651,0.698281012,0.927656468,0.0538,0.983208336,0.284927325,2
787,388,1,172,0.119599124,0.117342537,0.0075,0,0,0.150195792,0.150129422,0,0,0.0593,0.0282,0,0.0277,0,0,0.00531,0.00723,0.0776,0.103072941,0.00597,0.109245371,0.0317,3
788,388,8,173,0.956792991,0.938740293,0.06,0,0,1.201566337,1.201035375,0,0,0.474148802,0.225658724,0,0.221411031,0,0,0.0425,0.0579,0.620694232,0.824583527,0.0478,0.873962965,0.253268733,2
789,388,6,174,0.717594743,0.70405522,0.045,0,0,0.901174753,0.900776531,0,0,0.355611601,0.169244043,0,0.166058273,0,0,0.0319,0.0434,0.465520674,0.618437645,0.0358,0.655472224,0.18995155,2
790,388,9,175,1.076392115,1.05608283,0.0675,0,0,1.35176213,1.351164797,0,0,0.533417402,0.253866065,0,0.24908741,0,0,0.0478,0.0651,0.698281012,0.927656468,0.0538,0.983208336,0.284927325,2
791,388,7,176,0.837193867,0.821397757,0.0525,0,0,1.051370545,1.050905953,0,0,0.414880202,0.197451384,0,0.193734652,0,0,0.0372,0.0506,0.543107453,0.721510586,0.0418,0.764717595,0.221610141,2
792,388,7,177,0.837193867,0.821397757,0.0525,0,0,1.051370545,1.050905953,0,0,0.414880202,0.197451384,0,0.193734652,0,0,0.0372,0.0506,0.543107453,0.721510586,0.0418,0.764717595,0.221610141,2
793,388,9,178,1.076392115,1.05608283,0.0675,0,0,1.35176213,1.351164797,0,0,0.533417402,0.253866065,0,0.24908741,0,0,0.0478,0.0651,0.698281012,0.927656468,0.0538,0.983208336,0.284927325,2
794,388,7,179,0.837193867,0.821397757,0.0525,0,0,1.051370545,1.050905953,0,0,0.414880202,0.197451384,0,0.193734652,0,0,0.0372,0.0506,0.543107453,0.721510586,0.0418,0.764717595,0.221610141,2
795,388,6,180,0.717594743,0.70405522,0.045,0,0,0.901174753,0.900776531,0,0,0.355611601,0.169244043,0,0.166058273,0,0,0.0319,0.0434,0.465520674,0.618437645,0.0358,0.655472224,0.18995155,2
796,388,4,181,0.478396496,0.469370147,0.03,0,0,0.600783169,0.600517688,0,0,0.237074401,0.112829362,0,0.110705515,0,0,0.0212,0.0289,0.310347116,0.412291763,0.0239,0.436981483,0.126634366,3
797,388,8,182,0.956792991,0.938740293,0.06,0,0,1.201566337,1.201035375,0,0,0.474148802,0.225658724,0,0.221411031,0,0,0.0425,0.0579,0.620694232,0.824583527,0.0478,0.873962965,0.253268733,2
798,388,5,183,0.59799562,0.586712683,0.0375,0,0,0.750978961,0.750647109,0,0,0.296343001,0.141036703,0,0.138381894,0,0,0.0265,0.0362,0.387933895,0.515364704,0.0299,0.546226853,0.158292958,2
799,388,5,184,0.59799562,0.586712683,0.0375,0,0,0.750978961,0.750647109,0,0,0.296343001,0.141036703,0,0.138381894,0,0,0.0265,0.0362,0.387933895,0.515364704,0.0299,0.546226853,0.158292958,2
800,388,9,185,1.076392115,1.05608283,0.0675,0,0,1.35176213,1.351164797,0,0,0.533417402,0.253866065,0,0.24908741,0,0,0.0478,0.0651,0.698281012,0.927656468,0.0538,0.983208336,0.284927325,2
801,388,6,186,0.717594743,0.70405522,0.045,0,0,0.901174753,0.900776531,0,0,0.355611601,0.169244043,0,0.166058273,0,0,0.0319,0.0434,0.465520674,0.618437645,0.0358,0.655472224,0.18995155,2
802,388,5,187,0.59799562,0.586712683,0.0375,0,0,0.750978961,0.750647109,0,0,0.296343001,0.141036703,0,0.138381894,0,0,0.0265,0.0362,0.387933895,0.515364704,0.0299,0.546226853,0.158292958,2
803,388,9,188,1.076392115,1.05608283,0.0675,0,0,1.35176213,1.351164797,0,0,0.533417402,0.253866065,0,0.24908741,0,0,0.0478,0.0651,0.698281012,0.927656468,0.0538,0.983208336,0.284927325,2
804,388,8,189,0.956792991,0.938740293,0.06,0,0,1.201566337,1.201035375,0,0,0.474148802,0.225658724,0,0.221411031,0,0,0.0425,0.0579,0.620694232,0.824583527,0.0478,0.873962965,0.253268733,2
805,388,9,190,1.076392115,1.05608283,0.0675,0,0,1.35176213,1.351164797,0,0,0.533417402,0.253866065,0,0.24908741,0,0,0.0478,0.0651,0.698281012,0.927656468,0.0538,0.983208336,0.284927325,2
806,388,5,191,0.59799562,0.586712683,0.0375,0,0,0.750978961,0.750647109,0,0,0.296343001,0.141036703,0,0.138381894,0,0,0.0265,0.0362,0.387933895,0.515364704,0.0299,0.546226853,0.158292958,2
807,388,9,192,1.076392115,1.05608283,0.0675,0,0,1.35176213,1.351164797,0,0,0.533417402,0.253866065,0,0.24908741,0,0,0.0478,0.0651,0.698281012,0.927656468,0.0538,0.983208336,0.284927325,2
808,388,5,193,0.59799562,0.586712683,0.0375,0,0,0.750978961,0.750647109,0,0,0.296343001,0.141036703,0,0.138381894,0,0,0.0265,0.0362,0.387933895,0.515364704,0.0299,0.546226853,0.158292958,2
809,388,4,194,0.478396496,0.469370147,0.03,0,0,0.600783169,0.600517688,0,0,0.237074401,0.112829362,0,0.110705515,0,0,0.0212,0.0289,0.310347116,0.412291763,0.0239,0.436981483,0.126634366,3
810,388,5,195,0.59799562,0.586712683,0.0375,0,0,0.750978961,0.750647109,0,0,0.296343001,0.141036703,0,0.138381894,0,0,0.0265,0.0362,0.387933895,0.515364704,0.0299,0.546226853,0.158292958,2
811,388,6,196,0.717594743,0.70405522,0.045,0,0,0.901174753,0.900776531,0,0,0.355611601,0.169244043,0,0.166058273,0,0,0.0319,0.0434,0.465520674,0.618437645,0.0358,0.655472224,0.18995155,2
812,388,7,197,0.837193867,0.821397757,0.0525,0,0,1.051370545,1.050905953,0,0,0.414880202,0.197451384,0,0.193734652,0,0,0.0372,0.0506,0.543107453,0.721510586,0.0418,0.764717595,0.221610141,2
813,388,9,198,1.076392115,1.05608283,0.0675,0,0,1.35176213,1.351164797,0,0,0.533417402,0.253866065,0,0.24908741,0,0,0.0478,0.0651,0.698281012,0.927656468,0.0538,0.983208336,0.284927325,2
814,388,8,199,0.956792991,0.938740293,0.06,0,0,1.201566337,1.201035375,0,0,0.474148802,0.225658724,0,0.221411031,0,0,0.0425,0.0579,0.620694232,0.824583527,0.0478,0.873962965,0.253268733,2
815,388,8,200,0.956792991,0.938740293,0.06,0,0,1.201566337,1.201035375,0,0,0.474148802,0.225658724,0,0.221411031,0,0,0.0425,0.0579,0.620694232,0.824583527,0.0478,0.873962965,0.253268733,2
816,388,6,201,0.717594743,0.70405522,0.045,0,0,0.901174753,0.900776531,0,0,0.355611601,0.169244043,0,0.166058273,0,0,0.0319,0.0434,0.465520674,0.618437645,0.0358,0.655472224,0.18995155,2
817,388,9,202,1.076392115,1.05608283,0.0675,0,0,1.35176213,1.351164797,0,0,0.533417402,0.253866065,0,0.24908741,0,0,0.0478,0.0651,0.698281012,0.927656468,0.0538,0.983208336,0.284927325,2
818,388,5,203,0.59799562,0.586712683,0.0375,0,0,0.750978961,0.750647109,0,0,0.296343001,0.141036703,0,0.138381894,0,0,0.0265,0.0362,0.387933895,0.515364704,0.0299,0.546226853,0.158292958,2
819,388,5,204,0.59799562,0.586712683,0.0375,0,0,0.750978961,0.750647109,0,0,0.296343001,0.141036703,0,0.138381894,0,0,0.0265,0.0362,0.387933895,0.515364704,0.0299,0.546226853,0.158292958,2
820,388,6,205,0.717594743,0.70405522,0.045,0,0,0.901174753,0.900776531,0,0,0.355611601,0.169244043,0,0.166058273,0,0,0.0319,0.0434,0.465520674,0.618437645,0.0358,0.655472224,0.18995155,2
821,388,8,206,0.956792991,0.938740293,0.06,0,0,1.201566337,1.201035375,0,0,0.474148802,0.225658724,0,0.221411031,0,0,0.0425,0.0579,0.620694232,0.824583527,0.0478,0.873962965,0.253268733,2
822,388,9,207,1.076392115,1.05608283,0.0675,0,0,1.35176213,1.351164797,0,0,0.533417402,0.253866065,0,0.24908741,0,0,0.0478,0.0651,0.698281012,0.927656468,0.0538,0.983208336,0.284927325,2
823,388,5,208,0.59799562,0.586712683,0.0375,0,0,0.750978961,0.750647109,0,0,0.296343001,0.141036703,0,0.138381894,0,0,0.0265,0.0362,0.387933895,0.515364704,0.0299,0.546226853,0.158292958,2
824,388,7,209,0.837193867,0.821397757,0.0525,0,0,1.051370545,1.050905953,0,0,0.414880202,0.197451384,0,0.193734652,0,0,0.0372,0.0506,0.543107453,0.721510586,0.0418,0.764717595,0.221610141,2
825,388,1,210,0.119599124,0.117342537,0.0075,0,0,0.150195792,0.150129422,0,0,0.0593,0.0282,0,0.0277,0,0,0.00531,0.00723,0.0776,0.103072941,0.00597,0.109245371,0.0317,3
826,388,9,211,1.076392115,1.05608283,0.0675,0,0,1.35176213,1.351164797,0,0,0.533417402,0.253866065,0,0.24908741,0,0,0.0478,0.0651,0.698281012,0.927656468,0.0538,0.983208336,0.284927325,2
827,388,7,212,0.837193867,0.821397757,0.0525,0,0,1.051370545,1.050905953,0,0,0.414880202,0.197451384,0,0.193734652,0,0,0.0372,0.0506,0.543107453,0.721510586,0.0418,0.764717595,0.221610141,2
828,388,5,213,0.59799562,0.586712683,0.0375,0,0,0.750978961,0.750647109,0,0,0.296343001,0.141036703,0,0.138381894,0,0,0.0265,0.0362,0.387933895,0.515364704,0.0299,0.546226853,0.158292958,2
829,388,9,214,1.076392115,1.05608283,0.0675,0,0,1.35176213,1.351164797,0,0,0.533417402,0.253866065,0,0.24908741,0,0,0.0478,0.0651,0.698281012,0.927656468,0.0538,0.983208336,0.284927325,2
830,388,8,215,0.956792991,0.938740293,0.06,0,0,1.201566337,1.201035375,0,0,0.474148802,0.225658724,0,0.221411031,0,0,0.0425,0.0579,0.620694232,0.824583527,0.0478,0.873962965,0.253268733,2
831,388,6,216,0.717594743,0.70405522,0.045,0,0,0.901174753,0.900776531,0,0,0.355611601,0.169244043,0,0.166058273,0,0,0.0319,0.0434,0.465520674,0.618437645,0.0358,0.655472224,0.18995155,2
832,388,7,217,0.837193867,0.821397757,0.0525,0,0,1.051370545,1.050905953,0,0,0.414880202,0.197451384,0,0.193734652,0,0,0.0372,0.0506,0.543107453,0.721510586,0.0418,0.764717595,0.221610141,2
833,388,8,218,0.956792991,0.938740293,0.06,0,0,1.201566337,1.201035375,0,0,0.474148802,0.225658724,0,0.221411031,0,0,0.0425,0.0579,0.620694232,0.824583527,0.0478,0.873962965,0.253268733,2
834,388,7,219,0.837193867,0.821397757,0.0525,0,0,1.051370545,1.050905953,0,0,0.414880202,0.197451384,0,0.193734652,0,0,0.0372,0.0506,0.543107453,0.721510586,0.0418,0.764717595,0.221610141,2
835,388,8,220,0.956792991,0.938740293,0.06,0,0,1.201566337,1.201035375,0,0,0.474148802,0.225658724,0,0.221411031,0,0,0.0425,0.0579,0.620694232,0.824583527,0.0478,0.873962965,0.253268733,2
836,388,9,221,1.076392115,1.05608283,0.0675,0,0,1.35176213,1.351164797,0,0,0.533417402,0.253866065,0,0.24908741,0,0,0.0478,0.0651,0.698281012,0.927656468,0.0538,0.983208336,0.284927325,2
837,388,7,222,0.837193867,0.821397757,0.0525,0,0,1.051370545,1.050905953,0,0,0.414880202,0.197451384,0,0.193734652,0,0,0.0372,0.0506,0.543107453,0.721510586,0.0418,0.764717595,0.221610141,2
838,388,8,223,0.956792991,0.938740293,0.06,0,0,1.201566337,1.201035375,0,0,0.474148802,0.225658724,0,0.221411031,0,0,0.0425,0.0579,0.620694232,0.824583527,0.0478,0.873962965,0.253268733,2
839,388,8,224,0.956792991,0.938740293,0.06,0,0,1.201566337,1.201035375,0,0,0.474148802,0.225658724,0,0.221411031,0,0,0.0425,0.0579,0.620694232,0.824583527,0.0478,0.873962965,0.253268733,2
840,388,8,225,0.956792991,0.938740293,0.06,0,0,1.201566337,1.201035375,0,0,0.474148802,0.225658724,0,0.221411031,0,0,0.0425,0.0579,0.620694232,0.824583527,0.0478,0.873962965,0.253268733,2
841,388,7,226,0.837193867,0.821397757,0.0525,0,0,1.051370545,1.050905953,0,0,0.414880202,0.197451384,0,0.193734652,0,0,0.0372,0.0506,0.543107453,0.721510586,0.0418,0.764717595,0.221610141,2
842,388,8,227,0.956792991,0.938740293,0.06,0,0,1.201566337,1.201035375,0,0,0.474148802,0.225658724,0,0.221411031,0,0,0.0425,0.0579,0.620694232,0.824583527,0.0478,0.873962965,0.253268733,2
843,388,8,228,0.956792991,0.938740293,0.06,0,0,1.201566337,1.201035375,0,0,0.474148802,0.225658724,0,0.221411031,0,0,0.0425,0.0579,0.620694232,0.824583527,0.0478,0.873962965,0.253268733,2
844,388,9,229,1.076392115,1.05608283,0.0675,0,0,1.35176213,1.351164797,0,0,0.533417402,0.253866065,0,0.24908741,0,0,0.0478,0.0651,0.698281012,0.927656468,0.0538,0.983208336,0.284927325,2
845,388,8,230,0.956792991,0.938740293,0.06,0,0,1.201566337,1.201035375,0,0,0.474148802,0.225658724,0,0.221411031,0,0,0.0425,0.0579,0.620694232,0.824583527,0.0478,0.873962965,0.253268733,2
846,388,7,231,0.837193867,0.821397757,0.0525,0,0,1.051370545,1.050905953,0,0,0.414880202,0.197451384,0,0.193734652,0,0,0.0372,0.0506,0.543107453,0.721510586,0.0418,0.764717595,0.221610141,2
847,388,9,232,1.076392115,1.05608283,0.0675,0,0,1.35176213,1.351164797,0,0,0.533417402,0.253866065,0,0.24908741,0,0,0.0478,0.0651,0.698281012,0.927656468,0.0538,0.983208336,0.284927325,2
848,388,6,233,0.717594743,0.70405522,0.045,0,0,0.901174753,0.900776531,0,0,0.355611601,0.169244043,0,0.166058273,0,0,0.0319,0.0434,0.465520674,0.618437645,0.0358,0.655472224,0.18995155,2
849,388,8,234,0.956792991,0.938740293,0.06,0,0,1.201566337,1.201035375,0,0,0.474148802,0.225658724,0,0.221411031,0,0,0.0425,0.0579,0.620694232,0.824583527,0.0478,0.873962965,0.253268733,2
850,388,1,235,0.119599124,0.117342537,0.0075,0,0,0.150195792,0.150129422,0,0,0.0593,0.0282,0,0.0277,0,0,0.00531,0.00723,0.0776,0.103072941,0.00597,0.109245371,0.0317,3
851,388,5,236,0.59799562,0.586712683,0.0375,0,0,0.750978961,0.750647109,0,0,0.296343001,0.141036703,0,0.138381894,0,0,0.0265,0.0362,0.387933895,0.515364704,0.0299,0.546226853,0.158292958,2
852,388,8,237,0.956792991,0.938740293,0.06,0,0,1.201566337,1.201035375,0,0,0.474148802,0.225658724,0,0.221411031,0,0,0.0425,0.0579,0.620694232,0.824583527,0.0478,0.873962965,0.253268733,2
853,388,7,238,0.837193867,0.821397757,0.0525,0,0,1.051370545,1.050905953,0,0,0.414880202,0.197451384,0,0.193734652,0,0,0.0372,0.0506,0.543107453,0.721510586,0.0418,0.764717595,0.221610141,2
854,388,8,239,0.956792991,0.938740293,0.06,0,0,1.201566337,1.201035375,0,0,0.474148802,0.225658724,0,0.221411031,0,0,0.0425,0.0579,0.620694232,0.824583527,0.0478,0.873962965,0.253268733,2
855,388,7,240,0.837193867,0.821397757,0.0525,0,0,1.051370545,1.050905953,0,0,0.414880202,0.197451384,0,0.193734652,0,0,0.0372,0.0506,0.543107453,0.721510586,0.0418,0.764717595,0.221610141,2
856,388,9,241,1.076392115,1.05608283,0.0675,0,0,1.35176213,1.351164797,0,0,0.533417402,0.253866065,0,0.24908741,0,0,0.0478,0.0651,0.698281012,0.927656468,0.0538,0.983208336,0.284927325,2
857,388,9,242,1.076392115,1.05608283,0.0675,0,0,1.35176213,1.351164797,0,0,0.533417402,0.253866065,0,0.24908741,0,0,0.0478,0.0651,0.698281012,0.927656468,0.0538,0.983208336,0.284927325,2
858,388,9,243,1.076392115,1.05608283,0.0675,0,0,1.35176213,1.351164797,0,0,0.533417402,0.253866065,0,0.24908741,0,0,0.0478,0.0651,0.698281012,0.927656468,0.0538,0.983208336,0.284927325,2
859,388,7,244,0.837193867,0.821397757,0.0525,0,0,1.051370545,1.050905953,0,0,0.414880202,0.197451384,0,0.193734652,0,0,0.0372,0.0506,0.543107453,0.721510586,0.0418,0.764717595,0.221610141,2
860,388,7,245,0.837193867,0.821397757,0.0525,0,0,1.051370545,1.050905953,0,0,0.414880202,0.197451384,0,0.193734652,0,0,0.0372,0.0506,0.543107453,0.721510586,0.0418,0.764717595,0.221610141,2
861,388,9,246,1.076392115,1.05608283,0.0675,0,0,1.35176213,1.351164797,0,0,0.533417402,0.253866065,0,0.24908741,0,0,0.0478,0.0651,0.698281012,0.927656468,0.0538,0.983208336,0.284927325,2
862,388,9,247,1.076392115,1.05608283,0.0675,0,0,1.35176213,1.351164797,0,0,0.533417402,0.253866065,0,0.24908741,0,0,0.0478,0.0651,0.698281012,0.927656468,0.0538,0.983208336,0.284927325,2
863,388,6,248,0.717594743,0.70405522,0.045,0,0,0.901174753,0.900776531,0,0,0.355611601,0.169244043,0,0.166058273,0,0,0.0319,0.0434,0.465520674,0.618437645,0.0358,0.655472224,0.18995155,2
864,388,8,249,0.956792991,0.938740293,0.06,0,0,1.201566337,1.201035375,0,0,0.474148802,0.225658724,0,0.221411031,0,0,0.0425,0.0579,0.620694232,0.824583527,0.0478,0.873962965,0.253268733,2
865,388,9,250,1.076392115,1.05608283,0.0675,0,0,1.35176213,1.351164797,0,0,0.533417402,0.253866065,0,0.24908741,0,0,0.0478,0.0651,0.698281012,0.927656468,0.0538,0.983208336,0.284927325,2
866,388,7,251,0.837193867,0.821397757,0.0525,0,0,1.051370545,1.050905953,0,0,0.414880202,0.197451384,0,0.193734652,0,0,0.0372,0.0506,0.543107453,0.721510586,0.0418,0.764717595,0.221610141,2
867,388,9,252,1.076392115,1.05608283,0.0675,0,0,1.35176213,1.351164797,0,0,0.533417402,0.253866065,0,0.24908741,0,0,0.0478,0.0651,0.698281012,0.927656468,0.0538,0.983208336,0.284927325,2
868,388,5,253,0.59799562,0.586712683,0.0375,0,0,0.750978961,0.750647109,0,0,0.296343001,0.141036703,0,0.138381894,0,0,0.0265,0.0362,0.387933895,0.515364704,0.0299,0.546226853,0.158292958,2
869,388,8,254,0.956792991,0.938740293,0.06,0,0,1.201566337,1.201035375,0,0,0.474148802,0.225658724,0,0.221411031,0,0,0.0425,0.0579,0.620694232,0.824583527,0.0478,0.873962965,0.253268733,2
870,388,8,255,0.956792991,0.938740293,0.06,0,0,1.201566337,1.201035375,0,0,0.474148802,0.225658724,0,0.221411031,0,0,0.0425,0.0579,0.620694232,0.824583527,0.0478,0.873962965,0.253268733,2
871,388,8,256,0.956792991,0.938740293,0.06,0,0,1.201566337,1.201035375,0,0,0.474148802,0.225658724,0,0.221411031,0,0,0.0425,0.0579,0.620694232,0.824583527,0.0478,0.873962965,0.253268733,2
872,388,7,257,0.837193867,0.821397757,0.0525,0,0,1.051370545,1.050905953,0,0,0.414880202,0.197451384,0,0.193734652,0,0,0.0372,0.0506,0.543107453,0.721510586,0.0418,0.764717595,0.221610141,2
873,388,9,258,1.076392115,1.05608283,0.0675,0,0,1.35176213,1.351164797,0,0,0.533417402,0.253866065,0,0.24908741,0,0,0.0478,0.0651,0.698281012,0.927656468,0.0538,0.983208336,0.284927325,2
874,388,7,259,0.837193867,0.821397757,0.0525,0,0,1.051370545,1.050905953,0,0,0.414880202,0.197451384,0,0.193734652,0,0,0.0372,0.0506,0.543107453,0.721510586,0.0418,0.764717595,0.221610141,2
875,388,6,260,0.717594743,0.70405522,0.045,0,0,0.901174753,0.900776531,0,0,0.355611601,0.169244043,0,0.166058273,0,0,0.0319,0.0434,0.465520674,0.618437645,0.0358,0.655472224,0.18995155,2
876,388,6,261,0.717594743,0.70405522,0.045,0,0,0.901174753,0.900776531,0,0,0.355611601,0.169244043,0,0.166058273,0,0,0.0319,0.0434,0.465520674,0.618437645,0.0358,0.655472224,0.18995155,2
877,388,8,262,0.956792991,0.938740293,0.06,0,0,1.201566337,1.201035375,0,0,0.474148802,0.225658724,0,0.221411031,0,0,0.0425,0.0579,0.620694232,0.824583527,0.0478,0.873962965,0.253268733,2
878,388,9,263,1.076392115,1.05608283,0.0675,0,0,1.35176213,1.351164797,0,0,0.533417402,0.253866065,0,0.24908741,0,0,0.0478,0.0651,0.698281012,0.927656468,0.0538,0.983208336,0.284927325,2
879,388,6,264,0.717594743,0.70405522,0.045,0,0,0.901174753,0.900776531,0,0,0.355611601,0.169244043,0,0.166058273,0,0,0.0319,0.0434,0.465520674,0.618437645,0.0358,0.655472224,0.18995155,2
880,388,4,265,0.478396496,0.469370147,0.03,0,0,0.600783169,0.600517688,0,0,0.237074401,0.112829362,0,0.110705515,0,0,0.0212,0.0289,0.310347116,0.412291763,0.0239,0.436981483,0.126634366,3
881,388,9,266,1.076392115,1.05608283,0.0675,0,0,1.35176213,1.351164797,0,0,0.533417402,0.253866065,0,0.24908741,0,0,0.0478,0.0651,0.698281012,0.927656468,0.0538,0.983208336,0.284927325,2
882,388,8,267,0.956792991,0.938740293,0.06,0,0,1.201566337,1.201035375,0,0,0.474148802,0.225658724,0,0.221411031,0,0,0.0425,0.0579,0.620694232,0.824583527,0.0478,0.873962965,0.253268733,2
883,388,9,268,1.076392115,1.05608283,0.0675,0,0,1.35176213,1.351164797,0,0,0.533417402,0.253866065,0,0.24908741,0,0,0.0478,0.0651,0.698281012,0.927656468,0.0538,0.983208336,0.284927325,2
884,388,5,269,0.59799562,0.586712683,0.0375,0,0,0.750978961,0.750647109,0,0,0.296343001,0.141036703,0,0.138381894,0,0,0.0265,0.0362,0.387933895,0.515364704,0.0299,0.546226853,0.158292958,2
885,388,8,270,0.956792991,0.938740293,0.06,0,0,1.201566337,1.201035375,0,0,0.474148802,0.225658724,0,0.221411031,0,0,0.0425,0.0579,0.620694232,0.824583527,0.0478,0.873962965,0.253268733,2
886,388,9,271,1.076392115,1.05608283,0.0675,0,0,1.35176213,1.351164797,0,0,0.533417402,0.253866065,0,0.24908741,0,0,0.0478,0.0651,0.698281012,0.927656468,0.0538,0.983208336,0.284927325,2
887,388,9,272,1.076392115,1.05608283,0.0675,0,0,1.35176213,1.351164797,0,0,0.533417402,0.253866065,0,0.24908741,0,0,0.0478,0.0651,0.698281012,0.927656468,0.0538,0.983208336,0.284927325,2
888,388,8,273,0.956792991,0.938740293,0.06,0,0,1.201566337,1.201035375,0,0,0.474148802,0.225658724,0,0.221411031,0,0,0.0425,0.0579,0.620694232,0.824583527,0.0478,0.873962965,0.253268733,2
889,388,9,274,1.076392115,1.05608283,0.0675,0,0,1.35176213,1.351164797,0,0,0.533417402,0.253866065,0,0.24908741,0,0,0.0478,0.0651,0.698281012,0.927656468,0.0538,0.983208336,0.284927325,2
890,388,6,275,0.717594743,0.70405522,0.045,0,0,0.901174753,0.900776531,0,0,0.355611601,0.169244043,0,0.166058273,0,0,0.0319,0.0434,0.465520674,0.618437645,0.0358,0.655472224,0.18995155,2
891,388,9,276,1.076392115,1.05608283,0.0675,0,0,1.35176213,1.351164797,0,0,0.533417402,0.253866065,0,0.24908741,0,0,0.0478,0.0651,0.698281012,0.927656468,0.0538,0.983208336,0.284927325,2
892,388,8,277,0.956792991,0.938740293,0.06,0,0,1.201566337,1.201035375,0,0,0.474148802,0.225658724,0,0.221411031,0,0,0.0425,0.0579,0.620694232,0.824583527,0.0478,0.873962965,0.253268733,2
893,388,5,278,0.59799562,0.586712683,0.0375,0,0,0.750978961,0.750647109,0,0,0.296343001,0.141036703,0,0.138381894,0,0,0.0265,0.0362,0.387933895,0.515364704,0.0299,0.546226853,0.158292958,2
894,388,9,279,1.076392115,1.05608283,0.0675,0,0,1.35176213,1.351164797,0,0,0.533417402,0.253866065,0,0.24908741,0,0,0.0478,0.0651,0.698281012,0.927656468,0.0538,0.983208336,0.284927325,2
895,388,5,280,0.59799562,0.586712683,0.0375,0,0,0.750978961,0.750647109,0,0,0.296343001,0.141036703,0,0.138381894,0,0,0.0265,0.0362,0.387933895,0.515364704,0.0299,0.546226853,0.158292958,2
896,388,6,281,0.717594743,0.70405522,0.045,0,0,0.901174753,0.900776531,0,0,0.355611601,0.169244043,0,0.166058273,0,0,0.0319,0.0434,0.465520674,0.618437645,0.0358,0.655472224,0.18995155,2
897,388,9,282,1.076392115,1.05608283,0.0675,0,0,1.35176213,1.351164797,0,0,0.533417402,0.253866065,0,0.24908741,0,0,0.0478,0.0651,0.698281012,0.927656468,0.0538,0.983208336,0.284927325,2
898,388,9,283,1.076392115,1.05608283,0.0675,0,0,1.35176213,1.351164797,0,0,0.533417402,0.253866065,0,0.24908741,0,0,0.0478,0.0651,0.698281012,0.927656468,0.0538,0.983208336,0.284927325,2
899,388,9,284,1.076392115,1.05608283,0.0675,0,0,1.35176213,1.351164797,0,0,0.533417402,0.253866065,0,0.24908741,0,0,0.0478,0.0651,0.698281012,0.927656468,0.0538,0.983208336,0.284927325,2
900,388,7,285,0.837193867,0.821397757,0.0525,0,0,1.051370545,1.050905953,0,0,0.414880202,0.197451384,0,0.193734652,0,0,0.0372,0.0506,0.543107453,0.721510586,0.0418,0.764717595,0.221610141,2
901,388,9,286,1.076392115,1.05608283,0.0675,0,0,1.35176213,1.351164797,0,0,0.533417402,0.253866065,0,0.24908741,0,0,0.0478,0.0651,0.698281012,0.927656468,0.0538,0.983208336,0.284927325,2
902,388,8,287,0.956792991,0.938740293,0.06,0,0,1.201566337,1.201035375,0,0,0.474148802,0.225658724,0,0.221411031,0,0,0.0425,0.0579,0.620694232,0.824583527,0.0478,0.873962965,0.253268733,2
903,388,7,288,0.837193867,0.821397757,0.0525,0,0,1.051370545,1.050905953,0,0,0.414880202,0.197451384,0,0.193734652,0,0,0.0372,0.0506,0.543107453,0.721510586,0.0418,0.764717595,0.221610141,2
904,388,9,289,1.076392115,1.05608283,0.0675,0,0,1.35176213,1.351164797,0,0,0.533417402,0.253866065,0,0.24908741,0,0,0.0478,0.0651,0.698281012,0.927656468,0.0538,0.983208336,0.284927325,2
905,388,8,290,0.956792991,0.938740293,0.06,0,0,1.201566337,1.201035375,0,0,0.474148802,0.225658724,0,0.221411031,0,0,0.0425,0.0579,0.620694232,0.824583527,0.0478,0.873962965,0.253268733,2
906,388,9,291,1.076392115,1.05608283,0.0675,0,0,1.35176213,1.351164797,0,0,0.533417402,0.253866065,0,0.24908741,0,0,0.0478,0.0651,0.698281012,0.927656468,0.0538,0.983208336,0.284927325,2
907,388,7,292,0.837193867,0.821397757,0.0525,0,0,1.051370545,1.050905953,0,0,0.414880202,0.197451384,0,0.193734652,0,0,0.0372,0.0506,0.543107453,0.721510586,0.0418,0.764717595,0.221610141,2
908,388,7,293,0.837193867,0.821397757,0.0525,0,0,1.051370545,1.050905953,0,0,0.414880202,0.197451384,0,0.193734652,0,0,0.0372,0.0506,0.543107453,0.721510586,0.0418,0.764717595,0.221610141,2
909,388,7,294,0.837193867,0.821397757,0.0525,0,0,1.051370545,1.050905953,0,0,0.414880202,0.197451384,0,0.193734652,0,0,0.0372,0.0506,0.543107453,0.721510586,0.0418,0.764717595,0.221610141,2
910,388,9,295,1.076392115,1.05608283,0.0675,0,0,1.35176213,1.351164797,0,0,0.533417402,0.253866065,0,0.24908741,0,0,0.0478,0.0651,0.698281012,0.927656468,0.0538,0.983208336,0.284927325,2
911,388,5,296,0.59799562,0.586712683,0.0375,0,0,0.750978961,0.750647109,0,0,0.296343001,0.141036703,0,0.138381894,0,0,0.0265,0.0362,0.387933895,0.515364704,0.0299,0.546226853,0.158292958,2
912,388,5,297,0.59799562,0.586712683,0.0375,0,0,0.750978961,0.750647109,0,0,0.296343001,0.141036703,0,0.138381894,0,0,0.0265,0.0362,0.387933895,0.515364704,0.0299,0.546226853,0.158292958,2
913,388,8,298,0.956792991,0.938740293,0.06,0,0,1.201566337,1.201035375,0,0,0.474148802,0.225658724,0,0.221411031,0,0,0.0425,0.0579,0.620694232,0.824583527,0.0478,0.873962965,0.253268733,2
914,388,3,299,0.358797372,0.35202761,0.0225,0,0,0.450587377,0.450388266,0,0,0.177805801,0.0846,0,0.083,0,0,0.0159,0.0217,0.232760337,0.309218823,0.0179,0.327736112,0.095,3
915,388,4,300,0.478396496,0.469370147,0.03,0,0,0.600783169,0.600517688,0,0,0.237074401,0.112829362,0,0.110705515,0,0,0.0212,0.0289,0.310347116,0.412291763,0.0239,0.436981483,0.126634366,3
916,388,8,301,0.956792991,0.938740293,0.06,0,0,1.201566337,1.201035375,0,0,0.474148802,0.225658724,0,0.221411031,0,0,0.0425,0.0579,0.620694232,0.824583527,0.0478,0.873962965,0.253268733,2
917,388,7,302,0.837193867,0.821397757,0.0525,0,0,1.051370545,1.050905953,0,0,0.414880202,0.197451384,0,0.193734652,0,0,0.0372,0.0506,0.543107453,0.721510586,0.0418,0.764717595,0.221610141,2
918,388,8,303,0.956792991,0.938740293,0.06,0,0,1.201566337,1.201035375,0,0,0.474148802,0.225658724,0,0.221411031,0,0,0.0425,0.0579,0.620694232,0.824583527,0.0478,0.873962965,0.253268733,2
919,388,6,304,0.717594743,0.70405522,0.045,0,0,0.901174753,0.900776531,0,0,0.355611601,0.169244043,0,0.166058273,0,0,0.0319,0.0434,0.465520674,0.618437645,0.0358,0.655472224,0.18995155,2
920,388,7,305,0.837193867,0.821397757,0.0525,0,0,1.051370545,1.050905953,0,0,0.414880202,0.197451384,0,0.193734652,0,0,0.0372,0.0506,0.543107453,0.721510586,0.0418,0.764717595,0.221610141,2
921,388,9,306,1.076392115,1.05608283,0.0675,0,0,1.35176213,1.351164797,0,0,0.533417402,0.253866065,0,0.24908741,0,0,0.0478,0.0651,0.698281012,0.927656468,0.0538,0.983208336,0.284927325,2
922,388,9,307,1.076392115,1.05608283,0.0675,0,0,1.35176213,1.351164797,0,0,0.533417402,0.253866065,0,0.24908741,0,0,0.0478,0.0651,0.698281012,0.927656468,0.0538,0.983208336,0.284927325,2
923,388,4,308,0.478396496,0.469370147,0.03,0,0,0.600783169,0.600517688,0,0,0.237074401,0.112829362,0,0.110705515,0,0,0.0212,0.0289,0.310347116,0.412291763,0.0239,0.436981483,0.126634366,3
924,293,8,1,0.390274808,0,0.216678546,0,1.352023442,0.231250495,0,0,0,0,1.174625802,1.370396769,0.189435337,0,0,0,0,0.802090758,0.881286133,0.0507,1.002296666,0.338956205,3
925,293,5,2,0.243921755,0,0.135424091,0,0.845014651,0.144531559,0,0,0,0,0.734141126,0.856497981,0.118397086,0,0,0,0,0.501306724,0.550803833,0.0317,0.626435416,0.211847628,3
926,293,7,3,0.341490457,0,0.189593728,0,1.183020511,0.202344183,0,0,0,0,1.027797577,1.199097173,0.16575592,0,0,0,0,0.701829413,0.771125366,0.0443,0.877009583,0.296586679,3
927,293,8,4,0.390274808,0,0.216678546,0,1.352023442,0.231250495,0,0,0,0,1.174625802,1.370396769,0.189435337,0,0,0,0,0.802090758,0.881286133,0.0507,1.002296666,0.338956205,3
928,293,7,5,0.341490457,0,0.189593728,0,1.183020511,0.202344183,0,0,0,0,1.027797577,1.199097173,0.16575592,0,0,0,0,0.701829413,0.771125366,0.0443,0.877009583,0.296586679,3
929,293,9,6,0.439059159,0,0.243763364,0,1.521026372,0.260156807,0,0,0,0,1.321454027,1.541696365,0.213114754,0,0,0,0,0.902352103,0.9914469,0.057,1.127583749,0.381325731,3
930,293,6,7,0.292706106,0,0.16250891,0,1.014017581,0.173437871,0,0,0,0,0.880969351,1.027797577,0.142076503,0,0,0,0,0.601568068,0.6609646,0.038,0.751722499,0.254217154,3
931,293,8,8,0.390274808,0,0.216678546,0,1.352023442,0.231250495,0,0,0,0,1.174625802,1.370396769,0.189435337,0,0,0,0,0.802090758,0.881286133,0.0507,1.002296666,0.338956205,3
932,293,9,9,0.439059159,0,0.243763364,0,1.521026372,0.260156807,0,0,0,0,1.321454027,1.541696365,0.213114754,0,0,0,0,0.902352103,0.9914469,0.057,1.127583749,0.381325731,3
933,293,5,10,0.243921755,0,0.135424091,0,0.845014651,0.144531559,0,0,0,0,0.734141126,0.856497981,0.118397086,0,0,0,0,0.501306724,0.550803833,0.0317,0.626435416,0.211847628,3
934,293,7,11,0.341490457,0,0.189593728,0,1.183020511,0.202344183,0,0,0,0,1.027797577,1.199097173,0.16575592,0,0,0,0,0.701829413,0.771125366,0.0443,0.877009583,0.296586679,3
935,293,8,12,0.390274808,0,0.216678546,0,1.352023442,0.231250495,0,0,0,0,1.174625802,1.370396769,0.189435337,0,0,0,0,0.802090758,0.881286133,0.0507,1.002296666,0.338956205,3
936,293,7,13,0.341490457,0,0.189593728,0,1.183020511,0.202344183,0,0,0,0,1.027797577,1.199097173,0.16575592,0,0,0,0,0.701829413,0.771125366,0.0443,0.877009583,0.296586679,3
937,293,8,14,0.390274808,0,0.216678546,0,1.352023442,0.231250495,0,0,0,0,1.174625802,1.370396769,0.189435337,0,0,0,0,0.802090758,0.881286133,0.0507,1.002296666,0.338956205,3
938,293,7,15,0.341490457,0,0.189593728,0,1.183020511,0.202344183,0,0,0,0,1.027797577,1.199097173,0.16575592,0,0,0,0,0.701829413,0.771125366,0.0443,0.877009583,0.296586679,3
939,293,8,16,0.390274808,0,0.216678546,0,1.352023442,0.231250495,0,0,0,0,1.174625802,1.370396769,0.189435337,0,0,0,0,0.802090758,0.881286133,0.0507,1.002296666,0.338956205,3
940,293,6,17,0.292706106,0,0.16250891,0,1.014017581,0.173437871,0,0,0,0,0.880969351,1.027797577,0.142076503,0,0,0,0,0.601568068,0.6609646,0.038,0.751722499,0.254217154,3
941,293,8,18,0.390274808,0,0.216678546,0,1.352023442,0.231250495,0,0,0,0,1.174625802,1.370396769,0.189435337,0,0,0,0,0.802090758,0.881286133,0.0507,1.002296666,0.338956205,3
942,293,7,19,0.341490457,0,0.189593728,0,1.183020511,0.202344183,0,0,0,0,1.027797577,1.199097173,0.16575592,0,0,0,0,0.701829413,0.771125366,0.0443,0.877009583,0.296586679,3
943,293,7,20,0.341490457,0,0.189593728,0,1.183020511,0.202344183,0,0,0,0,1.027797577,1.199097173,0.16575592,0,0,0,0,0.701829413,0.771125366,0.0443,0.877009583,0.296586679,3
944,293,9,21,0.439059159,0,0.243763364,0,1.521026372,0.260156807,0,0,0,0,1.321454027,1.541696365,0.213114754,0,0,0,0,0.902352103,0.9914469,0.057,1.127583749,0.381325731,3
945,293,5,22,0.243921755,0,0.135424091,0,0.845014651,0.144531559,0,0,0,0,0.734141126,0.856497981,0.118397086,0,0,0,0,0.501306724,0.550803833,0.0317,0.626435416,0.211847628,3
946,293,8,23,0.390274808,0,0.216678546,0,1.352023442,0.231250495,0,0,0,0,1.174625802,1.370396769,0.189435337,0,0,0,0,0.802090758,0.881286133,0.0507,1.002296666,0.338956205,3
947,293,9,24,0.439059159,0,0.243763364,0,1.521026372,0.260156807,0,0,0,0,1.321454027,1.541696365,0.213114754,0,0,0,0,0.902352103,0.9914469,0.057,1.127583749,0.381325731,3
948,293,9,25,0.439059159,0,0.243763364,0,1.521026372,0.260156807,0,0,0,0,1.321454027,1.541696365,0.213114754,0,0,0,0,0.902352103,0.9914469,0.057,1.127583749,0.381325731,3
949,293,7,26,0.341490457,0,0.189593728,0,1.183020511,0.202344183,0,0,0,0,1.027797577,1.199097173,0.16575592,0,0,0,0,0.701829413,0.771125366,0.0443,0.877009583,0.296586679,3
950,293,8,27,0.390274808,0,0.216678546,0,1.352023442,0.231250495,0,0,0,0,1.174625802,1.370396769,0.189435337,0,0,0,0,0.802090758,0.881286133,0.0507,1.002296666,0.338956205,3
951,293,8,28,0.390274808,0,0.216678546,0,1.352023442,0.231250495,0,0,0,0,1.174625802,1.370396769,0.189435337,0,0,0,0,0.802090758,0.881286133,0.0507,1.002296666,0.338956205,3
952,293,6,29,0.292706106,0,0.16250891,0,1.014017581,0.173437871,0,0,0,0,0.880969351,1.027797577,0.142076503,0,0,0,0,0.601568068,0.6609646,0.038,0.751722499,0.254217154,3
953,293,9,30,0.439059159,0,0.243763364,0,1.521026372,0.260156807,0,0,0,0,1.321454027,1.541696365,0.213114754,0,0,0,0,0.902352103,0.9914469,0.057,1.127583749,0.381325731,3
954,293,8,31,0.390274808,0,0.216678546,0,1.352023442,0.231250495,0,0,0,0,1.174625802,1.370396769,0.189435337,0,0,0,0,0.802090758,0.881286133,0.0507,1.002296666,0.338956205,3
955,293,7,32,0.341490457,0,0.189593728,0,1.183020511,0.202344183,0,0,0,0,1.027797577,1.199097173,0.16575592,0,0,0,0,0.701829413,0.771125366,0.0443,0.877009583,0.296586679,3
956,293,6,33,0.292706106,0,0.16250891,0,1.014017581,0.173437871,0,0,0,0,0.880969351,1.027797577,0.142076503,0,0,0,0,0.601568068,0.6609646,0.038,0.751722499,0.254217154,3
957,293,9,34,0.439059159,0,0.243763364,0,1.521026372,0.260156807,0,0,0,0,1.321454027,1.541696365,0.213114754,0,0,0,0,0.902352103,0.9914469,0.057,1.127583749,0.381325731,3
958,293,9,35,0.439059159,0,0.243763364,0,1.521026372,0.260156807,0,0,0,0,1.321454027,1.541696365,0.213114754,0,0,0,0,0.902352103,0.9914469,0.057,1.127583749,0.381325731,3
959,293,8,36,0.390274808,0,0.216678546,0,1.352023442,0.231250495,0,0,0,0,1.174625802,1.370396769,0.189435337,0,0,0,0,0.802090758,0.881286133,0.0507,1.002296666,0.338956205,3
960,293,9,37,0.439059159,0,0.243763364,0,1.521026372,0.260156807,0,0,0,0,1.321454027,1.541696365,0.213114754,0,0,0,0,0.902352103,0.9914469,0.057,1.127583749,0.381325731,3
961,293,9,38,0.439059159,0,0.243763364,0,1.521026372,0.260156807,0,0,0,0,1.321454027,1.541696365,0.213114754,0,0,0,0,0.902352103,0.9914469,0.057,1.127583749,0.381325731,3
962,293,8,39,0.390274808,0,0.216678546,0,1.352023442,0.231250495,0,0,0,0,1.174625802,1.370396769,0.189435337,0,0,0,0,0.802090758,0.881286133,0.0507,1.002296666,0.338956205,3
963,293,7,40,0.341490457,0,0.189593728,0,1.183020511,0.202344183,0,0,0,0,1.027797577,1.199097173,0.16575592,0,0,0,0,0.701829413,0.771125366,0.0443,0.877009583,0.296586679,3
964,293,7,41,0.341490457,0,0.189593728,0,1.183020511,0.202344183,0,0,0,0,1.027797577,1.199097173,0.16575592,0,0,0,0,0.701829413,0.771125366,0.0443,0.877009583,0.296586679,3
965,293,9,42,0.439059159,0,0.243763364,0,1.521026372,0.260156807,0,0,0,0,1.321454027,1.541696365,0.213114754,0,0,0,0,0.902352103,0.9914469,0.057,1.127583749,0.381325731,3
966,293,9,43,0.439059159,0,0.243763364,0,1.521026372,0.260156807,0,0,0,0,1.321454027,1.541696365,0.213114754,0,0,0,0,0.902352103,0.9914469,0.057,1.127583749,0.381325731,3
967,293,9,44,0.439059159,0,0.243763364,0,1.521026372,0.260156807,0,0,0,0,1.321454027,1.541696365,0.213114754,0,0,0,0,0.902352103,0.9914469,0.057,1.127583749,0.381325731,3
968,293,6,45,0.292706106,0,0.16250891,0,1.014017581,0.173437871,0,0,0,0,0.880969351,1.027797577,0.142076503,0,0,0,0,0.601568068,0.6609646,0.038,0.751722499,0.254217154,3
969,293,9,46,0.439059159,0,0.243763364,0,1.521026372,0.260156807,0,0,0,0,1.321454027,1.541696365,0.213114754,0,0,0,0,0.902352103,0.9914469,0.057,1.127583749,0.381325731,3
970,293,7,47,0.341490457,0,0.189593728,0,1.183020511,0.202344183,0,0,0,0,1.027797577,1.199097173,0.16575592,0,0,0,0,0.701829413,0.771125366,0.0443,0.877009583,0.296586679,3
971,293,8,48,0.390274808,0,0.216678546,0,1.352023442,0.231250495,0,0,0,0,1.174625802,1.370396769,0.189435337,0,0,0,0,0.802090758,0.881286133,0.0507,1.002296666,0.338956205,3
972,293,7,49,0.341490457,0,0.189593728,0,1.183020511,0.202344183,0,0,0,0,1.027797577,1.199097173,0.16575592,0,0,0,0,0.701829413,0.771125366,0.0443,0.877009583,0.296586679,3
973,293,7,50,0.341490457,0,0.189593728,0,1.183020511,0.202344183,0,0,0,0,1.027797577,1.199097173,0.16575592,0,0,0,0,0.701829413,0.771125366,0.0443,0.877009583,0.296586679,3
974,293,9,51,0.439059159,0,0.243763364,0,1.521026372,0.260156807,0,0,0,0,1.321454027,1.541696365,0.213114754,0,0,0,0,0.902352103,0.9914469,0.057,1.127583749,0.381325731,3
975,293,9,52,0.439059159,0,0.243763364,0,1.521026372,0.260156807,0,0,0,0,1.321454027,1.541696365,0.213114754,0,0,0,0,0.902352103,0.9914469,0.057,1.127583749,0.381325731,3
976,293,8,53,0.390274808,0,0.216678546,0,1.352023442,0.231250495,0,0,0,0,1.174625802,1.370396769,0.189435337,0,0,0,0,0.802090758,0.881286133,0.0507,1.002296666,0.338956205,3
977,293,8,54,0.390274808,0,0.216678546,0,1.352023442,0.231250495,0,0,0,0,1.174625802,1.370396769,0.189435337,0,0,0,0,0.802090758,0.881286133,0.0507,1.002296666,0.338956205,3
978,293,5,55,0.243921755,0,0.135424091,0,0.845014651,0.144531559,0,0,0,0,0.734141126,0.856497981,0.118397086,0,0,0,0,0.501306724,0.550803833,0.0317,0.626435416,0.211847628,3
979,293,4,56,0.195137404,0,0.108339273,0,0.676011721,0.115625247,0,0,0,0,0.587312901,0.685198384,0.0947,0,0,0,0,0.401045379,0.440643066,0.0253,0.501148333,0.169478103,3
980,293,9,57,0.439059159,0,0.243763364,0,1.521026372,0.260156807,0,0,0,0,1.321454027,1.541696365,0.213114754,0,0,0,0,0.902352103,0.9914469,0.057,1.127583749,0.381325731,3
981,293,9,58,0.439059159,0,0.243763364,0,1.521026372,0.260156807,0,0,0,0,1.321454027,1.541696365,0.213114754,0,0,0,0,0.902352103,0.9914469,0.057,1.127583749,0.381325731,3
982,293,9,59,0.439059159,0,0.243763364,0,1.521026372,0.260156807,0,0,0,0,1.321454027,1.541696365,0.213114754,0,0,0,0,0.902352103,0.9914469,0.057,1.127583749,0.381325731,3
983,293,6,60,0.292706106,0,0.16250891,0,1.014017581,0.173437871,0,0,0,0,0.880969351,1.027797577,0.142076503,0,0,0,0,0.601568068,0.6609646,0.038,0.751722499,0.254217154,3
984,293,9,61,0.439059159,0,0.243763364,0,1.521026372,0.260156807,0,0,0,0,1.321454027,1.541696365,0.213114754,0,0,0,0,0.902352103,0.9914469,0.057,1.127583749,0.381325731,3
985,293,9,62,0.439059159,0,0.243763364,0,1.521026372,0.260156807,0,0,0,0,1.321454027,1.541696365,0.213114754,0,0,0,0,0.902352103,0.9914469,0.057,1.127583749,0.381325731,3
986,293,8,63,0.390274808,0,0.216678546,0,1.352023442,0.231250495,0,0,0,0,1.174625802,1.370396769,0.189435337,0,0,0,0,0.802090758,0.881286133,0.0507,1.002296666,0.338956205,3
987,293,6,64,0.292706106,0,0.16250891,0,1.014017581,0.173437871,0,0,0,0,0.880969351,1.027797577,0.142076503,0,0,0,0,0.601568068,0.6609646,0.038,0.751722499,0.254217154,3
988,293,5,65,0.243921755,0,0.135424091,0,0.845014651,0.144531559,0,0,0,0,0.734141126,0.856497981,0.118397086,0,0,0,0,0.501306724,0.550803833,0.0317,0.626435416,0.211847628,3
989,293,9,66,0.439059159,0,0.243763364,0,1.521026372,0.260156807,0,0,0,0,1.321454027,1.541696365,0.213114754,0,0,0,0,0.902352103,0.9914469,0.057,1.127583749,0.381325731,3
990,293,9,67,0.439059159,0,0.243763364,0,1.521026372,0.260156807,0,0,0,0,1.321454027,1.541696365,0.213114754,0,0,0,0,0.902352103,0.9914469,0.057,1.127583749,0.381325731,3
991,293,4,68,0.195137404,0,0.108339273,0,0.676011721,0.115625247,0,0,0,0,0.587312901,0.685198384,0.0947,0,0,0,0,0.401045379,0.440643066,0.0253,0.501148333,0.169478103,3
992,293,9,69,0.439059159,0,0.243763364,0,1.521026372,0.260156807,0,0,0,0,1.321454027,1.541696365,0.213114754,0,0,0,0,0.902352103,0.9914469,0.057,1.127583749,0.381325731,3
993,293,9,70,0.439059159,0,0.243763364,0,1.521026372,0.260156807,0,0,0,0,1.321454027,1.541696365,0.213114754,0,0,0,0,0.902352103,0.9914469,0.057,1.127583749,0.381325731,3
994,293,9,71,0.439059159,0,0.243763364,0,1.521026372,0.260156807,0,0,0,0,1.321454027,1.541696365,0.213114754,0,0,0,0,0.902352103,0.9914469,0.057,1.127583749,0.381325731,3
995,293,5,72,0.243921755,0,0.135424091,0,0.845014651,0.144531559,0,0,0,0,0.734141126,0.856497981,0.118397086,0,0,0,0,0.501306724,0.550803833,0.0317,0.626435416,0.211847628,3
996,293,8,73,0.390274808,0,0.216678546,0,1.352023442,0.231250495,0,0,0,0,1.174625802,1.370396769,0.189435337,0,0,0,0,0.802090758,0.881286133,0.0507,1.002296666,0.338956205,3
997,293,9,74,0.439059159,0,0.243763364,0,1.521026372,0.260156807,0,0,0,0,1.321454027,1.541696365,0.213114754,0,0,0,0,0.902352103,0.9914469,0.057,1.127583749,0.381325731,3
998,293,9,75,0.439059159,0,0.243763364,0,1.521026372,0.260156807,0,0,0,0,1.321454027,1.541696365,0.213114754,0,0,0,0,0.902352103,0.9914469,0.057,1.127583749,0.381325731,3
999,293,9,76,0.439059159,0,0.243763364,0,1.521026372,0.260156807,0,0,0,0,1.321454027,1.541696365,0.213114754,0,0,0,0,0.902352103,0.9914469,0.057,1.127583749,0.381325731,3
1000,293,8,77,0.390274808,0,0.216678546,0,1.352023442,0.231250495,0,0,0,0,1.174625802,1.370396769,0.189435337,0,0,0,0,0.802090758,0.881286133,0.0507,1.002296666,0.338956205,3
1001,293,9,78,0.439059159,0,0.243763364,0,1.521026372,0.260156807,0,0,0,0,1.321454027,1.541696365,0.213114754,0,0,0,0,0.902352103,0.9914469,0.057,1.127583749,0.381325731,3
1002,293,8,79,0.390274808,0,0.216678546,0,1.352023442,0.231250495,0,0,0,0,1.174625802,1.370396769,0.189435337,0,0,0,0,0.802090758,0.881286133,0.0507,1.002296666,0.338956205,3
1003,293,9,80,0.439059159,0,0.243763364,0,1.521026372,0.260156807,0,0,0,0,1.321454027,1.541696365,0.213114754,0,0,0,0,0.902352103,0.9914469,0.057,1.127583749,0.381325731,3
1004,293,6,81,0.292706106,0,0.16250891,0,1.014017581,0.173437871,0,0,0,0,0.880969351,1.027797577,0.142076503,0,0,0,0,0.601568068,0.6609646,0.038,0.751722499,0.254217154,3
1005,293,9,82,0.439059159,0,0.243763364,0,1.521026372,0.260156807,0,0,0,0,1.321454027,1.541696365,0.213114754,0,0,0,0,0.902352103,0.9914469,0.057,1.127583749,0.381325731,3
1006,293,9,83,0.439059159,0,0.243763364,0,1.521026372,0.260156807,0,0,0,0,1.321454027,1.541696365,0.213114754,0,0,0,0,0.902352103,0.9914469,0.057,1.127583749,0.381325731,3
1007,293,7,84,0.341490457,0,0.189593728,0,1.183020511,0.202344183,0,0,0,0,1.027797577,1.199097173,0.16575592,0,0,0,0,0.701829413,0.771125366,0.0443,0.877009583,0.296586679,3
1008,293,8,85,0.390274808,0,0.216678546,0,1.352023442,0.231250495,0,0,0,0,1.174625802,1.370396769,0.189435337,0,0,0,0,0.802090758,0.881286133,0.0507,1.002296666,0.338956205,3
1009,293,5,86,0.243921755,0,0.135424091,0,0.845014651,0.144531559,0,0,0,0,0.734141126,0.856497981,0.118397086,0,0,0,0,0.501306724,0.550803833,0.0317,0.626435416,0.211847628,3
1010,293,9,87,0.439059159,0,0.243763364,0,1.521026372,0.260156807,0,0,0,0,1.321454027,1.541696365,0.213114754,0,0,0,0,0.902352103,0.9914469,0.057,1.127583749,0.381325731,3
1011,293,9,88,0.439059159,0,0.243763364,0,1.521026372,0.260156807,0,0,0,0,1.321454027,1.541696365,0.213114754,0,0,0,0,0.902352103,0.9914469,0.057,1.127583749,0.381325731,3
1012,293,5,89,0.243921755,0,0.135424091,0,0.845014651,0.144531559,0,0,0,0,0.734141126,0.856497981,0.118397086,0,0,0,0,0.501306724,0.550803833,0.0317,0.626435416,0.211847628,3
1013,293,4,90,0.195137404,0,0.108339273,0,0.676011721,0.115625247,0,0,0,0,0.587312901,0.685198384,0.0947,0,0,0,0,0.401045379,0.440643066,0.0253,0.501148333,0.169478103,3
1014,293,7,91,0.341490457,0,0.189593728,0,1.183020511,0.202344183,0,0,0,0,1.027797577,1.199097173,0.16575592,0,0,0,0,0.701829413,0.771125366,0.0443,0.877009583,0.296586679,3
1015,293,5,92,0.243921755,0,0.135424091,0,0.845014651,0.144531559,0,0,0,0,0.734141126,0.856497981,0.118397086,0,0,0,0,0.501306724,0.550803833,0.0317,0.626435416,0.211847628,3
1016,293,8,93,0.390274808,0,0.216678546,0,1.352023442,0.231250495,0,0,0,0,1.174625802,1.370396769,0.189435337,0,0,0,0,0.802090758,0.881286133,0.0507,1.002296666,0.338956205,3
1017,293,7,94,0.341490457,0,0.189593728,0,1.183020511,0.202344183,0,0,0,0,1.027797577,1.199097173,0.16575592,0,0,0,0,0.701829413,0.771125366,0.0443,0.877009583,0.296586679,3
1018,293,9,95,0.439059159,0,0.243763364,0,1.521026372,0.260156807,0,0,0,0,1.321454027,1.541696365,0.213114754,0,0,0,0,0.902352103,0.9914469,0.057,1.127583749,0.381325731,3
1019,293,9,96,0.439059159,0,0.243763364,0,1.521026372,0.260156807,0,0,0,0,1.321454027,1.541696365,0.213114754,0,0,0,0,0.902352103,0.9914469,0.057,1.127583749,0.381325731,3
1020,293,1,97,0.0488,0,0.0271,0,0.16900293,0.0289,0,0,0,0,0.146828225,0.171299596,0.0237,0,0,0,0,0.100261345,0.110160767,0.00634,0.125287083,0.0424,3
1021,293,9,98,0.439059159,0,0.243763364,0,1.521026372,0.260156807,0,0,0,0,1.321454027,1.541696365,0.213114754,0,0,0,0,0.902352103,0.9914469,0.057,1.127583749,0.381325731,3
1022,293,8,99,0.390274808,0,0.216678546,0,1.352023442,0.231250495,0,0,0,0,1.174625802,1.370396769,0.189435337,0,0,0,0,0.802090758,0.881286133,0.0507,1.002296666,0.338956205,3
1023,293,7,100,0.341490457,0,0.189593728,0,1.183020511,0.202344183,0,0,0,0,1.027797577,1.199097173,0.16575592,0,0,0,0,0.701829413,0.771125366,0.0443,0.877009583,0.296586679,3
1024,293,8,101,0.390274808,0,0.216678546,0,1.352023442,0.231250495,0,0,0,0,1.174625802,1.370396769,0.189435337,0,0,0,0,0.802090758,0.881286133,0.0507,1.002296666,0.338956205,3
1025,293,7,102,0.341490457,0,0.189593728,0,1.183020511,0.202344183,0,0,0,0,1.027797577,1.199097173,0.16575592,0,0,0,0,0.701829413,0.771125366,0.0443,0.877009583,0.296586679,3
1026,293,7,103,0.341490457,0,0.189593728,0,1.183020511,0.202344183,0,0,0,0,1.027797577,1.199097173,0.16575592,0,0,0,0,0.701829413,0.771125366,0.0443,0.877009583,0.296586679,3
1027,293,9,104,0.439059159,0,0.243763364,0,1.521026372,0.260156807,0,0,0,0,1.321454027,1.541696365,0.213114754,0,0,0,0,0.902352103,0.9914469,0.057,1.127583749,0.381325731,3
1028,293,7,105,0.341490457,0,0.189593728,0,1.183020511,0.202344183,0,0,0,0,1.027797577,1.199097173,0.16575592,0,0,0,0,0.701829413,0.771125366,0.0443,0.877009583,0.296586679,3
1029,293,8,106,0.390274808,0,0.216678546,0,1.352023442,0.231250495,0,0,0,0,1.174625802,1.370396769,0.189435337,0,0,0,0,0.802090758,0.881286133,0.0507,1.002296666,0.338956205,3
1030,293,7,107,0.341490457,0,0.189593728,0,1.183020511,0.202344183,0,0,0,0,1.027797577,1.199097173,0.16575592,0,0,0,0,0.701829413,0.771125366,0.0443,0.877009583,0.296586679,3
1031,293,8,108,0.390274808,0,0.216678546,0,1.352023442,0.231250495,0,0,0,0,1.174625802,1.370396769,0.189435337,0,0,0,0,0.802090758,0.881286133,0.0507,1.002296666,0.338956205,3
1032,293,8,109,0.390274808,0,0.216678546,0,1.352023442,0.231250495,0,0,0,0,1.174625802,1.370396769,0.189435337,0,0,0,0,0.802090758,0.881286133,0.0507,1.002296666,0.338956205,3
1033,293,7,110,0.341490457,0,0.189593728,0,1.183020511,0.202344183,0,0,0,0,1.027797577,1.199097173,0.16575592,0,0,0,0,0.701829413,0.771125366,0.0443,0.877009583,0.296586679,3
1034,293,7,111,0.341490457,0,0.189593728,0,1.183020511,0.202344183,0,0,0,0,1.027797577,1.199097173,0.16575592,0,0,0,0,0.701829413,0.771125366,0.0443,0.877009583,0.296586679,3
1035,293,8,112,0.390274808,0,0.216678546,0,1.352023442,0.231250495,0,0,0,0,1.174625802,1.370396769,0.189435337,0,0,0,0,0.802090758,0.881286133,0.0507,1.002296666,0.338956205,3
1036,293,6,113,0.292706106,0,0.16250891,0,1.014017581,0.173437871,0,0,0,0,0.880969351,1.027797577,0.142076503,0,0,0,0,0.601568068,0.6609646,0.038,0.751722499,0.254217154,3
1037,293,9,114,0.439059159,0,0.243763364,0,1.521026372,0.260156807,0,0,0,0,1.321454027,1.541696365,0.213114754,0,0,0,0,0.902352103,0.9914469,0.057,1.127583749,0.381325731,3
1038,293,8,115,0.390274808,0,0.216678546,0,1.352023442,0.231250495,0,0,0,0,1.174625802,1.370396769,0.189435337,0,0,0,0,0.802090758,0.881286133,0.0507,1.002296666,0.338956205,3
1039,293,5,116,0.243921755,0,0.135424091,0,0.845014651,0.144531559,0,0,0,0,0.734141126,0.856497981,0.118397086,0,0,0,0,0.501306724,0.550803833,0.0317,0.626435416,0.211847628,3
1040,293,9,117,0.439059159,0,0.243763364,0,1.521026372,0.260156807,0,0,0,0,1.321454027,1.541696365,0.213114754,0,0,0,0,0.902352103,0.9914469,0.057,1.127583749,0.381325731,3
1041,293,9,118,0.439059159,0,0.243763364,0,1.521026372,0.260156807,0,0,0,0,1.321454027,1.541696365,0.213114754,0,0,0,0,0.902352103,0.9914469,0.057,1.127583749,0.381325731,3
1042,293,9,119,0.439059159,0,0.243763364,0,1.521026372,0.260156807,0,0,0,0,1.321454027,1.541696365,0.213114754,0,0,0,0,0.902352103,0.9914469,0.057,1.127583749,0.381325731,3
1043,293,6,120,0.292706106,0,0.16250891,0,1.014017581,0.173437871,0,0,0,0,0.880969351,1.027797577,0.142076503,0,0,0,0,0.601568068,0.6609646,0.038,0.751722499,0.254217154,3
1044,293,3,121,0.146353053,0,0.0813,0,0.507008791,0.0867,0,0,0,0,0.440484676,0.513898788,0.071,0,0,0,0,0.300784034,0.3304823,0.019,0.37586125,0.127108577,3
1045,293,8,122,0.390274808,0,0.216678546,0,1.352023442,0.231250495,0,0,0,0,1.174625802,1.370396769,0.189435337,0,0,0,0,0.802090758,0.881286133,0.0507,1.002296666,0.338956205,3
1046,293,8,123,0.390274808,0,0.216678546,0,1.352023442,0.231250495,0,0,0,0,1.174625802,1.370396769,0.189435337,0,0,0,0,0.802090758,0.881286133,0.0507,1.002296666,0.338956205,3
1047,293,7,124,0.341490457,0,0.189593728,0,1.183020511,0.202344183,0,0,0,0,1.027797577,1.199097173,0.16575592,0,0,0,0,0.701829413,0.771125366,0.0443,0.877009583,0.296586679,3
1048,293,7,125,0.341490457,0,0.189593728,0,1.183020511,0.202344183,0,0,0,0,1.027797577,1.199097173,0.16575592,0,0,0,0,0.701829413,0.771125366,0.0443,0.877009583,0.296586679,3
1049,293,8,126,0.390274808,0,0.216678546,0,1.352023442,0.231250495,0,0,0,0,1.174625802,1.370396769,0.189435337,0,0,0,0,0.802090758,0.881286133,0.0507,1.002296666,0.338956205,3
1050,293,9,127,0.439059159,0,0.243763364,0,1.521026372,0.260156807,0,0,0,0,1.321454027,1.541696365,0.213114754,0,0,0,0,0.902352103,0.9914469,0.057,1.127583749,0.381325731,3
1051,293,8,128,0.390274808,0,0.216678546,0,1.352023442,0.231250495,0,0,0,0,1.174625802,1.370396769,0.189435337,0,0,0,0,0.802090758,0.881286133,0.0507,1.002296666,0.338956205,3
1052,293,7,129,0.341490457,0,0.189593728,0,1.183020511,0.202344183,0,0,0,0,1.027797577,1.199097173,0.16575592,0,0,0,0,0.701829413,0.771125366,0.0443,0.877009583,0.296586679,3
1053,293,7,130,0.341490457,0,0.189593728,0,1.183020511,0.202344183,0,0,0,0,1.027797577,1.199097173,0.16575592,0,0,0,0,0.701829413,0.771125366,0.0443,0.877009583,0.296586679,3
1054,293,2,131,0.0976,0,0.0542,0,0.33800586,0.0578,0,0,0,0,0.29365645,0.342599192,0.0474,0,0,0,0,0.200522689,0.220321533,0.0127,0.250574166,0.0847,3
1055,293,9,132,0.439059159,0,0.243763364,0,1.521026372,0.260156807,0,0,0,0,1.321454027,1.541696365,0.213114754,0,0,0,0,0.902352103,0.9914469,0.057,1.127583749,0.381325731,3
1056,293,9,133,0.439059159,0,0.243763364,0,1.521026372,0.260156807,0,0,0,0,1.321454027,1.541696365,0.213114754,0,0,0,0,0.902352103,0.9914469,0.057,1.127583749,0.381325731,3
1057,293,7,134,0.341490457,0,0.189593728,0,1.183020511,0.202344183,0,0,0,0,1.027797577,1.199097173,0.16575592,0,0,0,0,0.701829413,0.771125366,0.0443,0.877009583,0.296586679,3
1058,293,9,135,0.439059159,0,0.243763364,0,1.521026372,0.260156807,0,0,0,0,1.321454027,1.541696365,0.213114754,0,0,0,0,0.902352103,0.9914469,0.057,1.127583749,0.381325731,3
1059,293,6,136,0.292706106,0,0.16250891,0,1.014017581,0.173437871,0,0,0,0,0.880969351,1.027797577,0.142076503,0,0,0,0,0.601568068,0.6609646,0.038,0.751722499,0.254217154,3
1060,293,8,137,0.390274808,0,0.216678546,0,1.352023442,0.231250495,0,0,0,0,1.174625802,1.370396769,0.189435337,0,0,0,0,0.802090758,0.881286133,0.0507,1.002296666,0.338956205,3
1061,293,8,138,0.390274808,0,0.216678546,0,1.352023442,0.231250495,0,0,0,0,1.174625802,1.370396769,0.189435337,0,0,0,0,0.802090758,0.881286133,0.0507,1.002296666,0.338956205,3
1062,293,7,139,0.341490457,0,0.189593728,0,1.183020511,0.202344183,0,0,0,0,1.027797577,1.199097173,0.16575592,0,0,0,0,0.701829413,0.771125366,0.0443,0.877009583,0.296586679,3
1063,293,5,140,0.243921755,0,0.135424091,0,0.845014651,0.144531559,0,0,0,0,0.734141126,0.856497981,0.118397086,0,0,0,0,0.501306724,0.550803833,0.0317,0.626435416,0.211847628,3
1064,293,8,141,0.390274808,0,0.216678546,0,1.352023442,0.231250495,0,0,0,0,1.174625802,1.370396769,0.189435337,0,0,0,0,0.802090758,0.881286133,0.0507,1.002296666,0.338956205,3
1065,293,8,142,0.390274808,0,0.216678546,0,1.352023442,0.231250495,0,0,0,0,1.174625802,1.370396769,0.189435337,0,0,0,0,0.802090758,0.881286133,0.0507,1.002296666,0.338956205,3
1066,293,8,143,0.390274808,0,0.216678546,0,1.352023442,0.231250495,0,0,0,0,1.174625802,1.370396769,0.189435337,0,0,0,0,0.802090758,0.881286133,0.0507,1.002296666,0.338956205,3
1067,293,8,144,0.390274808,0,0.216678546,0,1.352023442,0.231250495,0,0,0,0,1.174625802,1.370396769,0.189435337,0,0,0,0,0.802090758,0.881286133,0.0507,1.002296666,0.338956205,3
1068,293,8,145,0.390274808,0,0.216678546,0,1.352023442,0.231250495,0,0,0,0,1.174625802,1.370396769,0.189435337,0,0,0,0,0.802090758,0.881286133,0.0507,1.002296666,0.338956205,3
1069,293,6,146,0.292706106,0,0.16250891,0,1.014017581,0.173437871,0,0,0,0,0.880969351,1.027797577,0.142076503,0,0,0,0,0.601568068,0.6609646,0.038,0.751722499,0.254217154,3
1070,293,7,147,0.341490457,0,0.189593728,0,1.183020511,0.202344183,0,0,0,0,1.027797577,1.199097173,0.16575592,0,0,0,0,0.701829413,0.771125366,0.0443,0.877009583,0.296586679,3
1071,293,7,148,0.341490457,0,0.189593728,0,1.183020511,0.202344183,0,0,0,0,1.027797577,1.199097173,0.16575592,0,0,0,0,0.701829413,0.771125366,0.0443,0.877009583,0.296586679,3
1072,293,4,149,0.195137404,0,0.108339273,0,0.676011721,0.115625247,0,0,0,0,0.587312901,0.685198384,0.0947,0,0,0,0,0.401045379,0.440643066,0.0253,0.501148333,0.169478103,3
1073,293,6,150,0.292706106,0,0.16250891,0,1.014017581,0.173437871,0,0,0,0,0.880969351,1.027797577,0.142076503,0,0,0,0,0.601568068,0.6609646,0.038,0.751722499,0.254217154,3
1074,293,7,151,0.341490457,0,0.189593728,0,1.183020511,0.202344183,0,0,0,0,1.027797577,1.199097173,0.16575592,0,0,0,0,0.701829413,0.771125366,0.0443,0.877009583,0.296586679,3
1075,293,8,152,0.390274808,0,0.216678546,0,1.352023442,0.231250495,0,0,0,0,1.174625802,1.370396769,0.189435337,0,0,0,0,0.802090758,0.881286133,0.0507,1.002296666,0.338956205,3
1076,293,9,153,0.439059159,0,0.243763364,0,1.521026372,0.260156807,0,0,0,0,1.321454027,1.541696365,0.213114754,0,0,0,0,0.902352103,0.9914469,0.057,1.127583749,0.381325731,3
1077,293,9,154,0.439059159,0,0.243763364,0,1.521026372,0.260156807,0,0,0,0,1.321454027,1.541696365,0.213114754,0,0,0,0,0.902352103,0.9914469,0.057,1.127583749,0.381325731,3
1078,293,9,155,0.439059159,0,0.243763364,0,1.521026372,0.260156807,0,0,0,0,1.321454027,1.541696365,0.213114754,0,0,0,0,0.902352103,0.9914469,0.057,1.127583749,0.381325731,3
1079,293,8,156,0.390274808,0,0.216678546,0,1.352023442,0.231250495,0,0,0,0,1.174625802,1.370396769,0.189435337,0,0,0,0,0.802090758,0.881286133,0.0507,1.002296666,0.338956205,3
1080,293,7,157,0.341490457,0,0.189593728,0,1.183020511,0.202344183,0,0,0,0,1.027797577,1.199097173,0.16575592,0,0,0,0,0.701829413,0.771125366,0.0443,0.877009583,0.296586679,3
1081,293,5,158,0.243921755,0,0.135424091,0,0.845014651,0.144531559,0,0,0,0,0.734141126,0.856497981,0.118397086,0,0,0,0,0.501306724,0.550803833,0.0317,0.626435416,0.211847628,3
1082,293,4,159,0.195137404,0,0.108339273,0,0.676011721,0.115625247,0,0,0,0,0.587312901,0.685198384,0.0947,0,0,0,0,0.401045379,0.440643066,0.0253,0.501148333,0.169478103,3
1083,293,9,160,0.439059159,0,0.243763364,0,1.521026372,0.260156807,0,0,0,0,1.321454027,1.541696365,0.213114754,0,0,0,0,0.902352103,0.9914469,0.057,1.127583749,0.381325731,3
1084,293,8,161,0.390274808,0,0.216678546,0,1.352023442,0.231250495,0,0,0,0,1.174625802,1.370396769,0.189435337,0,0,0,0,0.802090758,0.881286133,0.0507,1.002296666,0.338956205,3
1085,293,5,162,0.243921755,0,0.135424091,0,0.845014651,0.144531559,0,0,0,0,0.734141126,0.856497981,0.118397086,0,0,0,0,0.501306724,0.550803833,0.0317,0.626435416,0.211847628,3
1086,293,9,163,0.439059159,0,0.243763364,0,1.521026372,0.260156807,0,0,0,0,1.321454027,1.541696365,0.213114754,0,0,0,0,0.902352103,0.9914469,0.057,1.127583749,0.381325731,3
1087,293,9,164,0.439059159,0,0.243763364,0,1.521026372,0.260156807,0,0,0,0,1.321454027,1.541696365,0.213114754,0,0,0,0,0.902352103,0.9914469,0.057,1.127583749,0.381325731,3
1088,293,7,165,0.341490457,0,0.189593728,0,1.183020511,0.202344183,0,0,0,0,1.027797577,1.199097173,0.16575592,0,0,0,0,0.701829413,0.771125366,0.0443,0.877009583,0.296586679,3
1089,293,7,166,0.341490457,0,0.189593728,0,1.183020511,0.202344183,0,0,0,0,1.027797577,1.199097173,0.16575592,0,0,0,0,0.701829413,0.771125366,0.0443,0.877009583,0.296586679,3
1090,293,9,167,0.439059159,0,0.243763364,0,1.521026372,0.260156807,0,0,0,0,1.321454027,1.541696365,0.213114754,0,0,0,0,0.902352103,0.9914469,0.057,1.127583749,0.381325731,3
1091,293,9,168,0.439059159,0,0.243763364,0,1.521026372,0.260156807,0,0,0,0,1.321454027,1.541696365,0.213114754,0,0,0,0,0.902352103,0.9914469,0.057,1.127583749,0.381325731,3
1092,293,9,169,0.439059159,0,0.243763364,0,1.521026372,0.260156807,0,0,0,0,1.321454027,1.541696365,0.213114754,0,0,0,0,0.902352103,0.9914469,0.057,1.127583749,0.381325731,3
1093,293,9,170,0.439059159,0,0.243763364,0,1.521026372,0.260156807,0,0,0,0,1.321454027,1.541696365,0.213114754,0,0,0,0,0.902352103,0.9914469,0.057,1.127583749,0.381325731,3
1094,293,7,171,0.341490457,0,0.189593728,0,1.183020511,0.202344183,0,0,0,0,1.027797577,1.199097173,0.16575592,0,0,0,0,0.701829413,0.771125366,0.0443,0.877009583,0.296586679,3
1095,293,8,172,0.390274808,0,0.216678546,0,1.352023442,0.231250495,0,0,0,0,1.174625802,1.370396769,0.189435337,0,0,0,0,0.802090758,0.881286133,0.0507,1.002296666,0.338956205,3
1096,293,9,173,0.439059159,0,0.243763364,0,1.521026372,0.260156807,0,0,0,0,1.321454027,1.541696365,0.213114754,0,0,0,0,0.902352103,0.9914469,0.057,1.127583749,0.381325731,3
1097,293,5,174,0.243921755,0,0.135424091,0,0.845014651,0.144531559,0,0,0,0,0.734141126,0.856497981,0.118397086,0,0,0,0,0.501306724,0.550803833,0.0317,0.626435416,0.211847628,3
1098,293,9,175,0.439059159,0,0.243763364,0,1.521026372,0.260156807,0,0,0,0,1.321454027,1.541696365,0.213114754,0,0,0,0,0.902352103,0.9914469,0.057,1.127583749,0.381325731,3
1099,293,9,176,0.439059159,0,0.243763364,0,1.521026372,0.260156807,0,0,0,0,1.321454027,1.541696365,0.213114754,0,0,0,0,0.902352103,0.9914469,0.057,1.127583749,0.381325731,3
1100,293,9,177,0.439059159,0,0.243763364,0,1.521026372,0.260156807,0,0,0,0,1.321454027,1.541696365,0.213114754,0,0,0,0,0.902352103,0.9914469,0.057,1.127583749,0.381325731,3
1101,293,7,178,0.341490457,0,0.189593728,0,1.183020511,0.202344183,0,0,0,0,1.027797577,1.199097173,0.16575592,0,0,0,0,0.701829413,0.771125366,0.0443,0.877009583,0.296586679,3
1102,293,8,179,0.390274808,0,0.216678546,0,1.352023442,0.231250495,0,0,0,0,1.174625802,1.370396769,0.189435337,0,0,0,0,0.802090758,0.881286133,0.0507,1.002296666,0.338956205,3
1103,293,9,180,0.439059159,0,0.243763364,0,1.521026372,0.260156807,0,0,0,0,1.321454027,1.541696365,0.213114754,0,0,0,0,0.902352103,0.9914469,0.057,1.127583749,0.381325731,3
1104,293,4,181,0.195137404,0,0.108339273,0,0.676011721,0.115625247,0,0,0,0,0.587312901,0.685198384,0.0947,0,0,0,0,0.401045379,0.440643066,0.0253,0.501148333,0.169478103,3
1105,293,9,182,0.439059159,0,0.243763364,0,1.521026372,0.260156807,0,0,0,0,1.321454027,1.541696365,0.213114754,0,0,0,0,0.902352103,0.9914469,0.057,1.127583749,0.381325731,3
1106,293,9,183,0.439059159,0,0.243763364,0,1.521026372,0.260156807,0,0,0,0,1.321454027,1.541696365,0.213114754,0,0,0,0,0.902352103,0.9914469,0.057,1.127583749,0.381325731,3
1107,293,9,184,0.439059159,0,0.243763364,0,1.521026372,0.260156807,0,0,0,0,1.321454027,1.541696365,0.213114754,0,0,0,0,0.902352103,0.9914469,0.057,1.127583749,0.381325731,3
1108,293,9,185,0.439059159,0,0.243763364,0,1.521026372,0.260156807,0,0,0,0,1.321454027,1.541696365,0.213114754,0,0,0,0,0.902352103,0.9914469,0.057,1.127583749,0.381325731,3
1109,293,5,186,0.243921755,0,0.135424091,0,0.845014651,0.144531559,0,0,0,0,0.734141126,0.856497981,0.118397086,0,0,0,0,0.501306724,0.550803833,0.0317,0.626435416,0.211847628,3
1110,293,5,187,0.243921755,0,0.135424091,0,0.845014651,0.144531559,0,0,0,0,0.734141126,0.856497981,0.118397086,0,0,0,0,0.501306724,0.550803833,0.0317,0.626435416,0.211847628,3
1111,293,9,188,0.439059159,0,0.243763364,0,1.521026372,0.260156807,0,0,0,0,1.321454027,1.541696365,0.213114754,0,0,0,0,0.902352103,0.9914469,0.057,1.127583749,0.381325731,3
1112,293,5,189,0.243921755,0,0.135424091,0,0.845014651,0.144531559,0,0,0,0,0.734141126,0.856497981,0.118397086,0,0,0,0,0.501306724,0.550803833,0.0317,0.626435416,0.211847628,3
1113,293,9,190,0.439059159,0,0.243763364,0,1.521026372,0.260156807,0,0,0,0,1.321454027,1.541696365,0.213114754,0,0,0,0,0.902352103,0.9914469,0.057,1.127583749,0.381325731,3
1114,293,6,191,0.292706106,0,0.16250891,0,1.014017581,0.173437871,0,0,0,0,0.880969351,1.027797577,0.142076503,0,0,0,0,0.601568068,0.6609646,0.038,0.751722499,0.254217154,3
1115,293,7,192,0.341490457,0,0.189593728,0,1.183020511,0.202344183,0,0,0,0,1.027797577,1.199097173,0.16575592,0,0,0,0,0.701829413,0.771125366,0.0443,0.877009583,0.296586679,3
1116,293,9,193,0.439059159,0,0.243763364,0,1.521026372,0.260156807,0,0,0,0,1.321454027,1.541696365,0.213114754,0,0,0,0,0.902352103,0.9914469,0.057,1.127583749,0.381325731,3
1117,293,5,194,0.243921755,0,0.135424091,0,0.845014651,0.144531559,0,0,0,0,0.734141126,0.856497981,0.118397086,0,0,0,0,0.501306724,0.550803833,0.0317,0.626435416,0.211847628,3
1118,293,9,195,0.439059159,0,0.243763364,0,1.521026372,0.260156807,0,0,0,0,1.321454027,1.541696365,0.213114754,0,0,0,0,0.902352103,0.9914469,0.057,1.127583749,0.381325731,3
1119,293,7,196,0.341490457,0,0.189593728,0,1.183020511,0.202344183,0,0,0,0,1.027797577,1.199097173,0.16575592,0,0,0,0,0.701829413,0.771125366,0.0443,0.877009583,0.296586679,3
1120,293,9,197,0.439059159,0,0.243763364,0,1.521026372,0.260156807,0,0,0,0,1.321454027,1.541696365,0.213114754,0,0,0,0,0.902352103,0.9914469,0.057,1.127583749,0.381325731,3
1121,293,7,198,0.341490457,0,0.189593728,0,1.183020511,0.202344183,0,0,0,0,1.027797577,1.199097173,0.16575592,0,0,0,0,0.701829413,0.771125366,0.0443,0.877009583,0.296586679,3
1122,293,4,199,0.195137404,0,0.108339273,0,0.676011721,0.115625247,0,0,0,0,0.587312901,0.685198384,0.0947,0,0,0,0,0.401045379,0.440643066,0.0253,0.501148333,0.169478103,3
1123,293,4,200,0.195137404,0,0.108339273,0,0.676011721,0.115625247,0,0,0,0,0.587312901,0.685198384,0.0947,0,0,0,0,0.401045379,0.440643066,0.0253,0.501148333,0.169478103,3
1124,293,8,201,0.390274808,0,0.216678546,0,1.352023442,0.231250495,0,0,0,0,1.174625802,1.370396769,0.189435337,0,0,0,0,0.802090758,0.881286133,0.0507,1.002296666,0.338956205,3
1125,293,9,202,0.439059159,0,0.243763364,0,1.521026372,0.260156807,0,0,0,0,1.321454027,1.541696365,0.213114754,0,0,0,0,0.902352103,0.9914469,0.057,1.127583749,0.381325731,3
1126,293,9,203,0.439059159,0,0.243763364,0,1.521026372,0.260156807,0,0,0,0,1.321454027,1.541696365,0.213114754,0,0,0,0,0.902352103,0.9914469,0.057,1.127583749,0.381325731,3
1127,293,8,204,0.390274808,0,0.216678546,0,1.352023442,0.231250495,0,0,0,0,1.174625802,1.370396769,0.189435337,0,0,0,0,0.802090758,0.881286133,0.0507,1.002296666,0.338956205,3
1128,293,9,205,0.439059159,0,0.243763364,0,1.521026372,0.260156807,0,0,0,0,1.321454027,1.541696365,0.213114754,0,0,0,0,0.902352103,0.9914469,0.057,1.127583749,0.381325731,3
1129,293,7,206,0.341490457,0,0.189593728,0,1.183020511,0.202344183,0,0,0,0,1.027797577,1.199097173,0.16575592,0,0,0,0,0.701829413,0.771125366,0.0443,0.877009583,0.296586679,3
1130,293,9,207,0.439059159,0,0.243763364,0,1.521026372,0.260156807,0,0,0,0,1.321454027,1.541696365,0.213114754,0,0,0,0,0.902352103,0.9914469,0.057,1.127583749,0.381325731,3
1131,293,8,208,0.390274808,0,0.216678546,0,1.352023442,0.231250495,0,0,0,0,1.174625802,1.370396769,0.189435337,0,0,0,0,0.802090758,0.881286133,0.0507,1.002296666,0.338956205,3
1132,293,9,209,0.439059159,0,0.243763364,0,1.521026372,0.260156807,0,0,0,0,1.321454027,1.541696365,0.213114754,0,0,0,0,0.902352103,0.9914469,0.057,1.127583749,0.381325731,3
1133,293,7,210,0.341490457,0,0.189593728,0,1.183020511,0.202344183,0,0,0,0,1.027797577,1.199097173,0.16575592,0,0,0,0,0.701829413,0.771125366,0.0443,0.877009583,0.296586679,3
1134,293,7,211,0.341490457,0,0.189593728,0,1.183020511,0.202344183,0,0,0,0,1.027797577,1.199097173,0.16575592,0,0,0,0,0.701829413,0.771125366,0.0443,0.877009583,0.296586679,3
1135,293,8,212,0.390274808,0,0.216678546,0,1.352023442,0.231250495,0,0,0,0,1.174625802,1.370396769,0.189435337,0,0,0,0,0.802090758,0.881286133,0.0507,1.002296666,0.338956205,3
1136,293,7,213,0.341490457,0,0.189593728,0,1.183020511,0.202344183,0,0,0,0,1.027797577,1.199097173,0.16575592,0,0,0,0,0.701829413,0.771125366,0.0443,0.877009583,0.296586679,3
1137,293,9,214,0.439059159,0,0.243763364,0,1.521026372,0.260156807,0,0,0,0,1.321454027,1.541696365,0.213114754,0,0,0,0,0.902352103,0.9914469,0.057,1.127583749,0.381325731,3
1138,293,7,215,0.341490457,0,0.189593728,0,1.183020511,0.202344183,0,0,0,0,1.027797577,1.199097173,0.16575592,0,0,0,0,0.701829413,0.771125366,0.0443,0.877009583,0.296586679,3
1139,293,7,216,0.341490457,0,0.189593728,0,1.183020511,0.202344183,0,0,0,0,1.027797577,1.199097173,0.16575592,0,0,0,0,0.701829413,0.771125366,0.0443,0.877009583,0.296586679,3
1140,293,7,217,0.341490457,0,0.189593728,0,1.183020511,0.202344183,0,0,0,0,1.027797577,1.199097173,0.16575592,0,0,0,0,0.701829413,0.771125366,0.0443,0.877009583,0.296586679,3
1141,293,4,218,0.195137404,0,0.108339273,0,0.676011721,0.115625247,0,0,0,0,0.587312901,0.685198384,0.0947,0,0,0,0,0.401045379,0.440643066,0.0253,0.501148333,0.169478103,3
1142,293,7,219,0.341490457,0,0.189593728,0,1.183020511,0.202344183,0,0,0,0,1.027797577,1.199097173,0.16575592,0,0,0,0,0.701829413,0.771125366,0.0443,0.877009583,0.296586679,3
1143,293,9,220,0.439059159,0,0.243763364,0,1.521026372,0.260156807,0,0,0,0,1.321454027,1.541696365,0.213114754,0,0,0,0,0.902352103,0.9914469,0.057,1.127583749,0.381325731,3
1144,293,6,221,0.292706106,0,0.16250891,0,1.014017581,0.173437871,0,0,0,0,0.880969351,1.027797577,0.142076503,0,0,0,0,0.601568068,0.6609646,0.038,0.751722499,0.254217154,3
1145,293,8,222,0.390274808,0,0.216678546,0,1.352023442,0.231250495,0,0,0,0,1.174625802,1.370396769,0.189435337,0,0,0,0,0.802090758,0.881286133,0.0507,1.002296666,0.338956205,3
1146,293,9,223,0.439059159,0,0.243763364,0,1.521026372,0.260156807,0,0,0,0,1.321454027,1.541696365,0.213114754,0,0,0,0,0.902352103,0.9914469,0.057,1.127583749,0.381325731,3
1147,293,8,224,0.390274808,0,0.216678546,0,1.352023442,0.231250495,0,0,0,0,1.174625802,1.370396769,0.189435337,0,0,0,0,0.802090758,0.881286133,0.0507,1.002296666,0.338956205,3
1148,293,8,225,0.390274808,0,0.216678546,0,1.352023442,0.231250495,0,0,0,0,1.174625802,1.370396769,0.189435337,0,0,0,0,0.802090758,0.881286133,0.0507,1.002296666,0.338956205,3
1149,293,1,226,0.0488,0,0.0271,0,0.16900293,0.0289,0,0,0,0,0.146828225,0.171299596,0.0237,0,0,0,0,0.100261345,0.110160767,0.00634,0.125287083,0.0424,3
1150,293,7,227,0.341490457,0,0.189593728,0,1.183020511,0.202344183,0,0,0,0,1.027797577,1.199097173,0.16575592,0,0,0,0,0.701829413,0.771125366,0.0443,0.877009583,0.296586679,3
1151,293,6,228,0.292706106,0,0.16250891,0,1.014017581,0.173437871,0,0,0,0,0.880969351,1.027797577,0.142076503,0,0,0,0,0.601568068,0.6609646,0.038,0.751722499,0.254217154,3
1152,293,7,229,0.341490457,0,0.189593728,0,1.183020511,0.202344183,0,0,0,0,1.027797577,1.199097173,0.16575592,0,0,0,0,0.701829413,0.771125366,0.0443,0.877009583,0.296586679,3
1153,293,9,230,0.439059159,0,0.243763364,0,1.521026372,0.260156807,0,0,0,0,1.321454027,1.541696365,0.213114754,0,0,0,0,0.902352103,0.9914469,0.057,1.127583749,0.381325731,3
1154,293,9,231,0.439059159,0,0.243763364,0,1.521026372,0.260156807,0,0,0,0,1.321454027,1.541696365,0.213114754,0,0,0,0,0.902352103,0.9914469,0.057,1.127583749,0.381325731,3
1155,293,8,232,0.390274808,0,0.216678546,0,1.352023442,0.231250495,0,0,0,0,1.174625802,1.370396769,0.189435337,0,0,0,0,0.802090758,0.881286133,0.0507,1.002296666,0.338956205,3
1156,293,8,233,0.390274808,0,0.216678546,0,1.352023442,0.231250495,0,0,0,0,1.174625802,1.370396769,0.189435337,0,0,0,0,0.802090758,0.881286133,0.0507,1.002296666,0.338956205,3
1157,293,9,234,0.439059159,0,0.243763364,0,1.521026372,0.260156807,0,0,0,0,1.321454027,1.541696365,0.213114754,0,0,0,0,0.902352103,0.9914469,0.057,1.127583749,0.381325731,3
1158,293,7,235,0.341490457,0,0.189593728,0,1.183020511,0.202344183,0,0,0,0,1.027797577,1.199097173,0.16575592,0,0,0,0,0.701829413,0.771125366,0.0443,0.877009583,0.296586679,3
1159,293,8,236,0.390274808,0,0.216678546,0,1.352023442,0.231250495,0,0,0,0,1.174625802,1.370396769,0.189435337,0,0,0,0,0.802090758,0.881286133,0.0507,1.002296666,0.338956205,3
1160,293,6,237,0.292706106,0,0.16250891,0,1.014017581,0.173437871,0,0,0,0,0.880969351,1.027797577,0.142076503,0,0,0,0,0.601568068,0.6609646,0.038,0.751722499,0.254217154,3
1161,293,9,238,0.439059159,0,0.243763364,0,1.521026372,0.260156807,0,0,0,0,1.321454027,1.541696365,0.213114754,0,0,0,0,0.902352103,0.9914469,0.057,1.127583749,0.381325731,3
1162,293,8,239,0.390274808,0,0.216678546,0,1.352023442,0.231250495,0,0,0,0,1.174625802,1.370396769,0.189435337,0,0,0,0,0.802090758,0.881286133,0.0507,1.002296666,0.338956205,3
1163,293,8,240,0.390274808,0,0.216678546,0,1.352023442,0.231250495,0,0,0,0,1.174625802,1.370396769,0.189435337,0,0,0,0,0.802090758,0.881286133,0.0507,1.002296666,0.338956205,3
1164,293,9,241,0.439059159,0,0.243763364,0,1.521026372,0.260156807,0,0,0,0,1.321454027,1.541696365,0.213114754,0,0,0,0,0.902352103,0.9914469,0.057,1.127583749,0.381325731,3
1165,293,7,242,0.341490457,0,0.189593728,0,1.183020511,0.202344183,0,0,0,0,1.027797577,1.199097173,0.16575592,0,0,0,0,0.701829413,0.771125366,0.0443,0.877009583,0.296586679,3
1166,293,9,243,0.439059159,0,0.243763364,0,1.521026372,0.260156807,0,0,0,0,1.321454027,1.541696365,0.213114754,0,0,0,0,0.902352103,0.9914469,0.057,1.127583749,0.381325731,3
1167,293,6,244,0.292706106,0,0.16250891,0,1.014017581,0.173437871,0,0,0,0,0.880969351,1.027797577,0.142076503,0,0,0,0,0.601568068,0.6609646,0.038,0.751722499,0.254217154,3
1168,293,7,245,0.341490457,0,0.189593728,0,1.183020511,0.202344183,0,0,0,0,1.027797577,1.199097173,0.16575592,0,0,0,0,0.701829413,0.771125366,0.0443,0.877009583,0.296586679,3
1169,293,8,246,0.390274808,0,0.216678546,0,1.352023442,0.231250495,0,0,0,0,1.174625802,1.370396769,0.189435337,0,0,0,0,0.802090758,0.881286133,0.0507,1.002296666,0.338956205,3
1170,293,9,247,0.439059159,0,0.243763364,0,1.521026372,0.260156807,0,0,0,0,1.321454027,1.541696365,0.213114754,0,0,0,0,0.902352103,0.9914469,0.057,1.127583749,0.381325731,3
1171,293,3,248,0.146353053,0,0.0813,0,0.507008791,0.0867,0,0,0,0,0.440484676,0.513898788,0.071,0,0,0,0,0.300784034,0.3304823,0.019,0.37586125,0.127108577,3
1172,293,6,249,0.292706106,0,0.16250891,0,1.014017581,0.173437871,0,0,0,0,0.880969351,1.027797577,0.142076503,0,0,0,0,0.601568068,0.6609646,0.038,0.751722499,0.254217154,3
1173,293,7,250,0.341490457,0,0.189593728,0,1.183020511,0.202344183,0,0,0,0,1.027797577,1.199097173,0.16575592,0,0,0,0,0.701829413,0.771125366,0.0443,0.877009583,0.296586679,3
1174,293,4,251,0.195137404,0,0.108339273,0,0.676011721,0.115625247,0,0,0,0,0.587312901,0.685198384,0.0947,0,0,0,0,0.401045379,0.440643066,0.0253,0.501148333,0.169478103,3
1175,293,8,252,0.390274808,0,0.216678546,0,1.352023442,0.231250495,0,0,0,0,1.174625802,1.370396769,0.189435337,0,0,0,0,0.802090758,0.881286133,0.0507,1.002296666,0.338956205,3
1176,293,5,253,0.243921755,0,0.135424091,0,0.845014651,0.144531559,0,0,0,0,0.734141126,0.856497981,0.118397086,0,0,0,0,0.501306724,0.550803833,0.0317,0.626435416,0.211847628,3
1177,293,8,254,0.390274808,0,0.216678546,0,1.352023442,0.231250495,0,0,0,0,1.174625802,1.370396769,0.189435337,0,0,0,0,0.802090758,0.881286133,0.0507,1.002296666,0.338956205,3
1178,293,2,255,0.0976,0,0.0542,0,0.33800586,0.0578,0,0,0,0,0.29365645,0.342599192,0.0474,0,0,0,0,0.200522689,0.220321533,0.0127,0.250574166,0.0847,3
1179,293,9,256,0.439059159,0,0.243763364,0,1.521026372,0.260156807,0,0,0,0,1.321454027,1.541696365,0.213114754,0,0,0,0,0.902352103,0.9914469,0.057,1.127583749,0.381325731,3
1180,293,9,257,0.439059159,0,0.243763364,0,1.521026372,0.260156807,0,0,0,0,1.321454027,1.541696365,0.213114754,0,0,0,0,0.902352103,0.9914469,0.057,1.127583749,0.381325731,3
1181,293,9,258,0.439059159,0,0.243763364,0,1.521026372,0.260156807,0,0,0,0,1.321454027,1.541696365,0.213114754,0,0,0,0,0.902352103,0.9914469,0.057,1.127583749,0.381325731,3
1182,293,1,259,0.0488,0,0.0271,0,0.16900293,0.0289,0,0,0,0,0.146828225,0.171299596,0.0237,0,0,0,0,0.100261345,0.110160767,0.00634,0.125287083,0.0424,3
1183,293,9,260,0.439059159,0,0.243763364,0,1.521026372,0.260156807,0,0,0,0,1.321454027,1.541696365,0.213114754,0,0,0,0,0.902352103,0.9914469,0.057,1.127583749,0.381325731,3
1184,293,9,261,0.439059159,0,0.243763364,0,1.521026372,0.260156807,0,0,0,0,1.321454027,1.541696365,0.213114754,0,0,0,0,0.902352103,0.9914469,0.057,1.127583749,0.381325731,3
1185,293,5,262,0.243921755,0,0.135424091,0,0.845014651,0.144531559,0,0,0,0,0.734141126,0.856497981,0.118397086,0,0,0,0,0.501306724,0.550803833,0.0317,0.626435416,0.211847628,3
1186,293,8,263,0.390274808,0,0.216678546,0,1.352023442,0.231250495,0,0,0,0,1.174625802,1.370396769,0.189435337,0,0,0,0,0.802090758,0.881286133,0.0507,1.002296666,0.338956205,3
1187,293,9,264,0.439059159,0,0.243763364,0,1.521026372,0.260156807,0,0,0,0,1.321454027,1.541696365,0.213114754,0,0,0,0,0.902352103,0.9914469,0.057,1.127583749,0.381325731,3
1188,293,8,265,0.390274808,0,0.216678546,0,1.352023442,0.231250495,0,0,0,0,1.174625802,1.370396769,0.189435337,0,0,0,0,0.802090758,0.881286133,0.0507,1.002296666,0.338956205,3
1189,293,9,266,0.439059159,0,0.243763364,0,1.521026372,0.260156807,0,0,0,0,1.321454027,1.541696365,0.213114754,0,0,0,0,0.902352103,0.9914469,0.057,1.127583749,0.381325731,3
1190,293,9,267,0.439059159,0,0.243763364,0,1.521026372,0.260156807,0,0,0,0,1.321454027,1.541696365,0.213114754,0,0,0,0,0.902352103,0.9914469,0.057,1.127583749,0.381325731,3
1191,293,5,268,0.243921755,0,0.135424091,0,0.845014651,0.144531559,0,0,0,0,0.734141126,0.856497981,0.118397086,0,0,0,0,0.501306724,0.550803833,0.0317,0.626435416,0.211847628,3
1192,293,7,269,0.341490457,0,0.189593728,0,1.183020511,0.202344183,0,0,0,0,1.027797577,1.199097173,0.16575592,0,0,0,0,0.701829413,0.771125366,0.0443,0.877009583,0.296586679,3
1193,293,1,270,0.0488,0,0.0271,0,0.16900293,0.0289,0,0,0,0,0.146828225,0.171299596,0.0237,0,0,0,0,0.100261345,0.110160767,0.00634,0.125287083,0.0424,3
1194,293,8,271,0.390274808,0,0.216678546,0,1.352023442,0.231250495,0,0,0,0,1.174625802,1.370396769,0.189435337,0,0,0,0,0.802090758,0.881286133,0.0507,1.002296666,0.338956205,3
1195,293,9,272,0.439059159,0,0.243763364,0,1.521026372,0.260156807,0,0,0,0,1.321454027,1.541696365,0.213114754,0,0,0,0,0.902352103,0.9914469,0.057,1.127583749,0.381325731,3
1196,293,8,273,0.390274808,0,0.216678546,0,1.352023442,0.231250495,0,0,0,0,1.174625802,1.370396769,0.189435337,0,0,0,0,0.802090758,0.881286133,0.0507,1.002296666,0.338956205,3
1197,293,9,274,0.439059159,0,0.243763364,0,1.521026372,0.260156807,0,0,0,0,1.321454027,1.541696365,0.213114754,0,0,0,0,0.902352103,0.9914469,0.057,1.127583749,0.381325731,3
1198,293,9,275,0.439059159,0,0.243763364,0,1.521026372,0.260156807,0,0,0,0,1.321454027,1.541696365,0.213114754,0,0,0,0,0.902352103,0.9914469,0.057,1.127583749,0.381325731,3
1199,293,9,276,0.439059159,0,0.243763364,0,1.521026372,0.260156807,0,0,0,0,1.321454027,1.541696365,0.213114754,0,0,0,0,0.902352103,0.9914469,0.057,1.127583749,0.381325731,3
1200,293,9,277,0.439059159,0,0.243763364,0,1.521026372,0.260156807,0,0,0,0,1.321454027,1.541696365,0.213114754,0,0,0,0,0.902352103,0.9914469,0.057,1.127583749,0.381325731,3
1201,293,9,278,0.439059159,0,0.243763364,0,1.521026372,0.260156807,0,0,0,0,1.321454027,1.541696365,0.213114754,0,0,0,0,0.902352103,0.9914469,0.057,1.127583749,0.381325731,3
1202,293,9,279,0.439059159,0,0.243763364,0,1.521026372,0.260156807,0,0,0,0,1.321454027,1.541696365,0.213114754,0,0,0,0,0.902352103,0.9914469,0.057,1.127583749,0.381325731,3
1203,293,7,280,0.341490457,0,0.189593728,0,1.183020511,0.202344183,0,0,0,0,1.027797577,1.199097173,0.16575592,0,0,0,0,0.701829413,0.771125366,0.0443,0.877009583,0.296586679,3
1204,293,8,281,0.390274808,0,0.216678546,0,1.352023442,0.231250495,0,0,0,0,1.174625802,1.370396769,0.189435337,0,0,0,0,0.802090758,0.881286133,0.0507,1.002296666,0.338956205,3
1205,293,9,282,0.439059159,0,0.243763364,0,1.521026372,0.260156807,0,0,0,0,1.321454027,1.541696365,0.213114754,0,0,0,0,0.902352103,0.9914469,0.057,1.127583749,0.381325731,3
1206,293,9,283,0.439059159,0,0.243763364,0,1.521026372,0.260156807,0,0,0,0,1.321454027,1.541696365,0.213114754,0,0,0,0,0.902352103,0.9914469,0.057,1.127583749,0.381325731,3
1207,293,1,284,0.0488,0,0.0271,0,0.16900293,0.0289,0,0,0,0,0.146828225,0.171299596,0.0237,0,0,0,0,0.100261345,0.110160767,0.00634,0.125287083,0.0424,3
1208,293,9,285,0.439059159,0,0.243763364,0,1.521026372,0.260156807,0,0,0,0,1.321454027,1.541696365,0.213114754,0,0,0,0,0.902352103,0.9914469,0.057,1.127583749,0.381325731,3
1209,293,9,286,0.439059159,0,0.243763364,0,1.521026372,0.260156807,0,0,0,0,1.321454027,1.541696365,0.213114754,0,0,0,0,0.902352103,0.9914469,0.057,1.127583749,0.381325731,3
1210,293,7,287,0.341490457,0,0.189593728,0,1.183020511,0.202344183,0,0,0,0,1.027797577,1.199097173,0.16575592,0,0,0,0,0.701829413,0.771125366,0.0443,0.877009583,0.296586679,3
1211,293,1,288,0.0488,0,0.0271,0,0.16900293,0.0289,0,0,0,0,0.146828225,0.171299596,0.0237,0,0,0,0,0.100261345,0.110160767,0.00634,0.125287083,0.0424,3
1212,293,9,289,0.439059159,0,0.243763364,0,1.521026372,0.260156807,0,0,0,0,1.321454027,1.541696365,0.213114754,0,0,0,0,0.902352103,0.9914469,0.057,1.127583749,0.381325731,3
1213,293,9,290,0.439059159,0,0.243763364,0,1.521026372,0.260156807,0,0,0,0,1.321454027,1.541696365,0.213114754,0,0,0,0,0.902352103,0.9914469,0.057,1.127583749,0.381325731,3
1214,293,8,291,0.390274808,0,0.216678546,0,1.352023442,0.231250495,0,0,0,0,1.174625802,1.370396769,0.189435337,0,0,0,0,0.802090758,0.881286133,0.0507,1.002296666,0.338956205,3
1215,293,9,292,0.439059159,0,0.243763364,0,1.521026372,0.260156807,0,0,0,0,1.321454027,1.541696365,0.213114754,0,0,0,0,0.902352103,0.9914469,0.057,1.127583749,0.381325731,3
1216,293,9,293,0.439059159,0,0.243763364,0,1.521026372,0.260156807,0,0,0,0,1.321454027,1.541696365,0.213114754,0,0,0,0,0.902352103,0.9914469,0.057,1.127583749,0.381325731,3
1217,293,6,294,0.292706106,0,0.16250891,0,1.014017581,0.173437871,0,0,0,0,0.880969351,1.027797577,0.142076503,0,0,0,0,0.601568068,0.6609646,0.038,0.751722499,0.254217154,3
1218,293,8,295,0.390274808,0,0.216678546,0,1.352023442,0.231250495,0,0,0,0,1.174625802,1.370396769,0.189435337,0,0,0,0,0.802090758,0.881286133,0.0507,1.002296666,0.338956205,3
1219,293,8,296,0.390274808,0,0.216678546,0,1.352023442,0.231250495,0,0,0,0,1.174625802,1.370396769,0.189435337,0,0,0,0,0.802090758,0.881286133,0.0507,1.002296666,0.338956205,3
1220,293,2,297,0.0976,0,0.0542,0,0.33800586,0.0578,0,0,0,0,0.29365645,0.342599192,0.0474,0,0,0,0,0.200522689,0.220321533,0.0127,0.250574166,0.0847,3
1221,293,4,298,0.195137404,0,0.108339273,0,0.676011721,0.115625247,0,0,0,0,0.587312901,0.685198384,0.0947,0,0,0,0,0.401045379,0.440643066,0.0253,0.501148333,0.169478103,3
1222,293,6,299,0.292706106,0,0.16250891,0,1.014017581,0.173437871,0,0,0,0,0.880969351,1.027797577,0.142076503,0,0,0,0,0.601568068,0.6609646,0.038,0.751722499,0.254217154,3
1223,293,9,300,0.439059159,0,0.243763364,0,1.521026372,0.260156807,0,0,0,0,1.321454027,1.541696365,0.213114754,0,0,0,0,0.902352103,0.9914469,0.057,1.127583749,0.381325731,3
1224,293,7,301,0.341490457,0,0.189593728,0,1.183020511,0.202344183,0,0,0,0,1.027797577,1.199097173,0.16575592,0,0,0,0,0.701829413,0.771125366,0.0443,0.877009583,0.296586679,3
1225,293,9,302,0.439059159,0,0.243763364,0,1.521026372,0.260156807,0,0,0,0,1.321454027,1.541696365,0.213114754,0,0,0,0,0.902352103,0.9914469,0.057,1.127583749,0.381325731,3
1226,293,8,303,0.390274808,0,0.216678546,0,1.352023442,0.231250495,0,0,0,0,1.174625802,1.370396769,0.189435337,0,0,0,0,0.802090758,0.881286133,0.0507,1.002296666,0.338956205,3
1227,293,7,304,0.341490457,0,0.189593728,0,1.183020511,0.202344183,0,0,0,0,1.027797577,1.199097173,0.16575592,0,0,0,0,0.701829413,0.771125366,0.0443,0.877009583,0.296586679,3
1228,293,9,305,0.439059159,0,0.243763364,0,1.521026372,0.260156807,0,0,0,0,1.321454027,1.541696365,0.213114754,0,0,0,0,0.902352103,0.9914469,0.057,1.127583749,0.381325731,3
1229,293,9,306,0.439059159,0,0.243763364,0,1.521026372,0.260156807,0,0,0,0,1.321454027,1.541696365,0.213114754,0,0,0,0,0.902352103,0.9914469,0.057,1.127583749,0.381325731,3
1230,293,1,307,0.0488,0,0.0271,0,0.16900293,0.0289,0,0,0,0,0.146828225,0.171299596,0.0237,0,0,0,0,0.100261345,0.110160767,0.00634,0.125287083,0.0424,3
1231,293,5,308,0.243921755,0,0.135424091,0,0.845014651,0.144531559,0,0,0,0,0.734141126,0.856497981,0.118397086,0,0,0,0,0.501306724,0.550803833,0.0317,0.626435416,0.211847628,3
1232,Blenders Pride (565),7,1,0.854428558,0,0.388254486,0,0,0.5716342,0,0.509164188,0.210920257,0.66701852,0.218980904,0,0.177334229,0,0.186066596,0,0,0.76240284,0.937721908,0.134344113,1.073409462,0.308319739,1
1233,Blenders Pride (565),8,2,0.97648978,0,0.443719413,0,0,0.653296229,0,0.581901929,0.241051722,0.76230688,0.25026389,0,0.20266769,0,0.212647539,0,0,0.871317532,1.07168218,0.153536129,1.226753671,0.352365416,1
1234,Blenders Pride (565),8,3,0.97648978,0,0.443719413,0,0,0.653296229,0,0.581901929,0.241051722,0.76230688,0.25026389,0,0.20266769,0,0.212647539,0,0,0.871317532,1.07168218,0.153536129,1.226753671,0.352365416,1
1235,Blenders Pride (565),9,4,1.098551003,0,0.499184339,0,0,0.734958257,0,0.65463967,0.271183188,0.85759524,0.281546876,0,0.228001151,0,0.239228481,0,0,0.980232223,1.205642453,0.172728145,1.380097879,0.396411093,1
1236,Blenders Pride (565),7,5,0.854428558,0,0.388254486,0,0,0.5716342,0,0.509164188,0.210920257,0.66701852,0.218980904,0,0.177334229,0,0.186066596,0,0,0.76240284,0.937721908,0.134344113,1.073409462,0.308319739,1
1237,Blenders Pride (565),8,6,0.97648978,0,0.443719413,0,0,0.653296229,0,0.581901929,0.241051722,0.76230688,0.25026389,0,0.20266769,0,0.212647539,0,0,0.871317532,1.07168218,0.153536129,1.226753671,0.352365416,1
1238,Blenders Pride (565),6,7,0.732367335,0,0.332789559,0,0,0.489972172,0,0.436426447,0.180788792,0.57173016,0.187697918,0,0.152000768,0,0.159485654,0,0,0.653488149,0.803761635,0.115152097,0.920065253,0.264274062,1
1239,Blenders Pride (565),8,8,0.97648978,0,0.443719413,0,0,0.653296229,0,0.581901929,0.241051722,0.76230688,0.25026389,0,0.20266769,0,0.212647539,0,0,0.871317532,1.07168218,0.153536129,1.226753671,0.352365416,1
1240,Blenders Pride (565),8,9,0.97648978,0,0.443719413,0,0,0.653296229,0,0.581901929,0.241051722,0.76230688,0.25026389,0,0.20266769,0,0.212647539,0,0,0.871317532,1.07168218,0.153536129,1.226753671,0.352365416,1
1241,Blenders Pride (565),8,10,0.97648978,0,0.443719413,0,0,0.653296229,0,0.581901929,0.241051722,0.76230688,0.25026389,0,0.20266769,0,0.212647539,0,0,0.871317532,1.07168218,0.153536129,1.226753671,0.352365416,1
1242,Blenders Pride (565),8,11,0.97648978,0,0.443719413,0,0,0.653296229,0,0.581901929,0.241051722,0.76230688,0.25026389,0,0.20266769,0,0.212647539,0,0,0.871317532,1.07168218,0.153536129,1.226753671,0.352365416,1
1243,Blenders Pride (565),8,12,0.97648978,0,0.443719413,0,0,0.653296229,0,0.581901929,0.241051722,0.76230688,0.25026389,0,0.20266769,0,0.212647539,0,0,0.871317532,1.07168218,0.153536129,1.226753671,0.352365416,1
1244,Blenders Pride (565),8,13,0.97648978,0,0.443719413,0,0,0.653296229,0,0.581901929,0.241051722,0.76230688,0.25026389,0,0.20266769,0,0.212647539,0,0,0.871317532,1.07168218,0.153536129,1.226753671,0.352365416,1
1245,Blenders Pride (565),8,14,0.97648978,0,0.443719413,0,0,0.653296229,0,0.581901929,0.241051722,0.76230688,0.25026389,0,0.20266769,0,0.212647539,0,0,0.871317532,1.07168218,0.153536129,1.226753671,0.352365416,1
1246,Blenders Pride (565),9,15,1.098551003,0,0.499184339,0,0,0.734958257,0,0.65463967,0.271183188,0.85759524,0.281546876,0,0.228001151,0,0.239228481,0,0,0.980232223,1.205642453,0.172728145,1.380097879,0.396411093,1
1247,Blenders Pride (565),5,16,0.610306113,0,0.277324633,0,0,0.408310143,0,0.363688706,0.150657327,0.4764418,0.156414931,0,0.126667306,0,0.132904712,0,0,0.544573457,0.669801363,0.096,0.766721044,0.220228385,3
1248,Blenders Pride (565),9,17,1.098551003,0,0.499184339,0,0,0.734958257,0,0.65463967,0.271183188,0.85759524,0.281546876,0,0.228001151,0,0.239228481,0,0,0.980232223,1.205642453,0.172728145,1.380097879,0.396411093,1
1249,Blenders Pride (565),8,18,0.97648978,0,0.443719413,0,0,0.653296229,0,0.581901929,0.241051722,0.76230688,0.25026389,0,0.20266769,0,0.212647539,0,0,0.871317532,1.07168218,0.153536129,1.226753671,0.352365416,1
1250,Blenders Pride (565),8,19,0.97648978,0,0.443719413,0,0,0.653296229,0,0.581901929,0.241051722,0.76230688,0.25026389,0,0.20266769,0,0.212647539,0,0,0.871317532,1.07168218,0.153536129,1.226753671,0.352365416,1
1251,Blenders Pride (565),6,20,0.732367335,0,0.332789559,0,0,0.489972172,0,0.436426447,0.180788792,0.57173016,0.187697918,0,0.152000768,0,0.159485654,0,0,0.653488149,0.803761635,0.115152097,0.920065253,0.264274062,1
1252,Blenders Pride (565),6,21,0.732367335,0,0.332789559,0,0,0.489972172,0,0.436426447,0.180788792,0.57173016,0.187697918,0,0.152000768,0,0.159485654,0,0,0.653488149,0.803761635,0.115152097,0.920065253,0.264274062,1
1253,Blenders Pride (565),9,22,1.098551003,0,0.499184339,0,0,0.734958257,0,0.65463967,0.271183188,0.85759524,0.281546876,0,0.228001151,0,0.239228481,0,0,0.980232223,1.205642453,0.172728145,1.380097879,0.396411093,1
1254,Blenders Pride (565),9,23,1.098551003,0,0.499184339,0,0,0.734958257,0,0.65463967,0.271183188,0.85759524,0.281546876,0,0.228001151,0,0.239228481,0,0,0.980232223,1.205642453,0.172728145,1.380097879,0.396411093,1
1255,Blenders Pride (565),8,24,0.97648978,0,0.443719413,0,0,0.653296229,0,0.581901929,0.241051722,0.76230688,0.25026389,0,0.20266769,0,0.212647539,0,0,0.871317532,1.07168218,0.153536129,1.226753671,0.352365416,1
1256,Blenders Pride (565),8,25,0.97648978,0,0.443719413,0,0,0.653296229,0,0.581901929,0.241051722,0.76230688,0.25026389,0,0.20266769,0,0.212647539,0,0,0.871317532,1.07168218,0.153536129,1.226753671,0.352365416,1
1257,Blenders Pride (565),8,26,0.97648978,0,0.443719413,0,0,0.653296229,0,0.581901929,0.241051722,0.76230688,0.25026389,0,0.20266769,0,0.212647539,0,0,0.871317532,1.07168218,0.153536129,1.226753671,0.352365416,1
1258,Blenders Pride (565),7,27,0.854428558,0,0.388254486,0,0,0.5716342,0,0.509164188,0.210920257,0.66701852,0.218980904,0,0.177334229,0,0.186066596,0,0,0.76240284,0.937721908,0.134344113,1.073409462,0.308319739,1
1259,Blenders Pride (565),9,28,1.098551003,0,0.499184339,0,0,0.734958257,0,0.65463967,0.271183188,0.85759524,0.281546876,0,0.228001151,0,0.239228481,0,0,0.980232223,1.205642453,0.172728145,1.380097879,0.396411093,1
1260,Blenders Pride (565),7,29,0.854428558,0,0.388254486,0,0,0.5716342,0,0.509164188,0.210920257,0.66701852,0.218980904,0,0.177334229,0,0.186066596,0,0,0.76240284,0.937721908,0.134344113,1.073409462,0.308319739,1
1261,Blenders Pride (565),6,30,0.732367335,0,0.332789559,0,0,0.489972172,0,0.436426447,0.180788792,0.57173016,0.187697918,0,0.152000768,0,0.159485654,0,0,0.653488149,0.803761635,0.115152097,0.920065253,0.264274062,1
1262,Blenders Pride (565),8,31,0.97648978,0,0.443719413,0,0,0.653296229,0,0.581901929,0.241051722,0.76230688,0.25026389,0,0.20266769,0,0.212647539,0,0,0.871317532,1.07168218,0.153536129,1.226753671,0.352365416,1
1263,Blenders Pride (565),7,32,0.854428558,0,0.388254486,0,0,0.5716342,0,0.509164188,0.210920257,0.66701852,0.218980904,0,0.177334229,0,0.186066596,0,0,0.76240284,0.937721908,0.134344113,1.073409462,0.308319739,1
1264,Blenders Pride (565),8,33,0.97648978,0,0.443719413,0,0,0.653296229,0,0.581901929,0.241051722,0.76230688,0.25026389,0,0.20266769,0,0.212647539,0,0,0.871317532,1.07168218,0.153536129,1.226753671,0.352365416,1
1265,Blenders Pride (565),6,34,0.732367335,0,0.332789559,0,0,0.489972172,0,0.436426447,0.180788792,0.57173016,0.187697918,0,0.152000768,0,0.159485654,0,0,0.653488149,0.803761635,0.115152097,0.920065253,0.264274062,1
1266,Blenders Pride (565),9,35,1.098551003,0,0.499184339,0,0,0.734958257,0,0.65463967,0.271183188,0.85759524,0.281546876,0,0.228001151,0,0.239228481,0,0,0.980232223,1.205642453,0.172728145,1.380097879,0.396411093,1
1267,Blenders Pride (565),7,36,0.854428558,0,0.388254486,0,0,0.5716342,0,0.509164188,0.210920257,0.66701852,0.218980904,0,0.177334229,0,0.186066596,0,0,0.76240284,0.937721908,0.134344113,1.073409462,0.308319739,1
1268,Blenders Pride (565),5,37,0.610306113,0,0.277324633,0,0,0.408310143,0,0.363688706,0.150657327,0.4764418,0.156414931,0,0.126667306,0,0.132904712,0,0,0.544573457,0.669801363,0.096,0.766721044,0.220228385,3
1269,Blenders Pride (565),9,38,1.098551003,0,0.499184339,0,0,0.734958257,0,0.65463967,0.271183188,0.85759524,0.281546876,0,0.228001151,0,0.239228481,0,0,0.980232223,1.205642453,0.172728145,1.380097879,0.396411093,1
1270,Blenders Pride (565),6,39,0.732367335,0,0.332789559,0,0,0.489972172,0,0.436426447,0.180788792,0.57173016,0.187697918,0,0.152000768,0,0.159485654,0,0,0.653488149,0.803761635,0.115152097,0.920065253,0.264274062,1
1271,Blenders Pride (565),3,40,0.366183668,0,0.16639478,0,0,0.244986086,0,0.218213223,0.0904,0.28586508,0.0938,0,0.076,0,0.0797,0,0,0.326744074,0.401880818,0.0576,0.460032626,0.132137031,3
1272,Blenders Pride (565),9,41,1.098551003,0,0.499184339,0,0,0.734958257,0,0.65463967,0.271183188,0.85759524,0.281546876,0,0.228001151,0,0.239228481,0,0,0.980232223,1.205642453,0.172728145,1.380097879,0.396411093,1
1273,Blenders Pride (565),7,42,0.854428558,0,0.388254486,0,0,0.5716342,0,0.509164188,0.210920257,0.66701852,0.218980904,0,0.177334229,0,0.186066596,0,0,0.76240284,0.937721908,0.134344113,1.073409462,0.308319739,1
1274,Blenders Pride (565),8,43,0.97648978,0,0.443719413,0,0,0.653296229,0,0.581901929,0.241051722,0.76230688,0.25026389,0,0.20266769,0,0.212647539,0,0,0.871317532,1.07168218,0.153536129,1.226753671,0.352365416,1
1275,Blenders Pride (565),8,44,0.97648978,0,0.443719413,0,0,0.653296229,0,0.581901929,0.241051722,0.76230688,0.25026389,0,0.20266769,0,0.212647539,0,0,0.871317532,1.07168218,0.153536129,1.226753671,0.352365416,1
1276,Blenders Pride (565),7,45,0.854428558,0,0.388254486,0,0,0.5716342,0,0.509164188,0.210920257,0.66701852,0.218980904,0,0.177334229,0,0.186066596,0,0,0.76240284,0.937721908,0.134344113,1.073409462,0.308319739,1
1277,Blenders Pride (565),4,46,0.48824489,0,0.221859706,0,0,0.326648114,0,0.290950964,0.120525861,0.38115344,0.125131945,0,0.101333845,0,0.106323769,0,0,0.435658766,0.53584109,0.0768,0.613376835,0.176182708,3
1278,Blenders Pride (565),7,47,0.854428558,0,0.388254486,0,0,0.5716342,0,0.509164188,0.210920257,0.66701852,0.218980904,0,0.177334229,0,0.186066596,0,0,0.76240284,0.937721908,0.134344113,1.073409462,0.308319739,1
1279,Blenders Pride (565),7,48,0.854428558,0,0.388254486,0,0,0.5716342,0,0.509164188,0.210920257,0.66701852,0.218980904,0,0.177334229,0,0.186066596,0,0,0.76240284,0.937721908,0.134344113,1.073409462,0.308319739,1
1280,Blenders Pride (565),7,49,0.854428558,0,0.388254486,0,0,0.5716342,0,0.509164188,0.210920257,0.66701852,0.218980904,0,0.177334229,0,0.186066596,0,0,0.76240284,0.937721908,0.134344113,1.073409462,0.308319739,1
1281,Blenders Pride (565),7,50,0.854428558,0,0.388254486,0,0,0.5716342,0,0.509164188,0.210920257,0.66701852,0.218980904,0,0.177334229,0,0.186066596,0,0,0.76240284,0.937721908,0.134344113,1.073409462,0.308319739,1
1282,Blenders Pride (565),7,51,0.854428558,0,0.388254486,0,0,0.5716342,0,0.509164188,0.210920257,0.66701852,0.218980904,0,0.177334229,0,0.186066596,0,0,0.76240284,0.937721908,0.134344113,1.073409462,0.308319739,1
1283,Blenders Pride (565),7,52,0.854428558,0,0.388254486,0,0,0.5716342,0,0.509164188,0.210920257,0.66701852,0.218980904,0,0.177334229,0,0.186066596,0,0,0.76240284,0.937721908,0.134344113,1.073409462,0.308319739,1
1284,Blenders Pride (565),6,53,0.732367335,0,0.332789559,0,0,0.489972172,0,0.436426447,0.180788792,0.57173016,0.187697918,0,0.152000768,0,0.159485654,0,0,0.653488149,0.803761635,0.115152097,0.920065253,0.264274062,1
1285,Blenders Pride (565),9,54,1.098551003,0,0.499184339,0,0,0.734958257,0,0.65463967,0.271183188,0.85759524,0.281546876,0,0.228001151,0,0.239228481,0,0,0.980232223,1.205642453,0.172728145,1.380097879,0.396411093,1
1286,Blenders Pride (565),2,55,0.244122445,0,0.110929853,0,0,0.163324057,0,0.145475482,0.0603,0.19057672,0.0626,0,0.0507,0,0.0532,0,0,0.217829383,0.267920545,0.0384,0.306688418,0.0881,3
1287,Blenders Pride (565),5,56,0.610306113,0,0.277324633,0,0,0.408310143,0,0.363688706,0.150657327,0.4764418,0.156414931,0,0.126667306,0,0.132904712,0,0,0.544573457,0.669801363,0.096,0.766721044,0.220228385,3
1288,Blenders Pride (565),9,57,1.098551003,0,0.499184339,0,0,0.734958257,0,0.65463967,0.271183188,0.85759524,0.281546876,0,0.228001151,0,0.239228481,0,0,0.980232223,1.205642453,0.172728145,1.380097879,0.396411093,1
1289,Blenders Pride (565),7,58,0.854428558,0,0.388254486,0,0,0.5716342,0,0.509164188,0.210920257,0.66701852,0.218980904,0,0.177334229,0,0.186066596,0,0,0.76240284,0.937721908,0.134344113,1.073409462,0.308319739,1
1290,Blenders Pride (565),7,59,0.854428558,0,0.388254486,0,0,0.5716342,0,0.509164188,0.210920257,0.66701852,0.218980904,0,0.177334229,0,0.186066596,0,0,0.76240284,0.937721908,0.134344113,1.073409462,0.308319739,1
1291,Blenders Pride (565),8,60,0.97648978,0,0.443719413,0,0,0.653296229,0,0.581901929,0.241051722,0.76230688,0.25026389,0,0.20266769,0,0.212647539,0,0,0.871317532,1.07168218,0.153536129,1.226753671,0.352365416,1
1292,Blenders Pride (565),6,61,0.732367335,0,0.332789559,0,0,0.489972172,0,0.436426447,0.180788792,0.57173016,0.187697918,0,0.152000768,0,0.159485654,0,0,0.653488149,0.803761635,0.115152097,0.920065253,0.264274062,1
1293,Blenders Pride (565),5,62,0.610306113,0,0.277324633,0,0,0.408310143,0,0.363688706,0.150657327,0.4764418,0.156414931,0,0.126667306,0,0.132904712,0,0,0.544573457,0.669801363,0.096,0.766721044,0.220228385,3
1294,Blenders Pride (565),8,63,0.97648978,0,0.443719413,0,0,0.653296229,0,0.581901929,0.241051722,0.76230688,0.25026389,0,0.20266769,0,0.212647539,0,0,0.871317532,1.07168218,0.153536129,1.226753671,0.352365416,1
1295,Blenders Pride (565),9,64,1.098551003,0,0.499184339,0,0,0.734958257,0,0.65463967,0.271183188,0.85759524,0.281546876,0,0.228001151,0,0.239228481,0,0,0.980232223,1.205642453,0.172728145,1.380097879,0.396411093,1
1296,Blenders Pride (565),6,65,0.732367335,0,0.332789559,0,0,0.489972172,0,0.436426447,0.180788792,0.57173016,0.187697918,0,0.152000768,0,0.159485654,0,0,0.653488149,0.803761635,0.115152097,0.920065253,0.264274062,1
1297,Blenders Pride (565),9,66,1.098551003,0,0.499184339,0,0,0.734958257,0,0.65463967,0.271183188,0.85759524,0.281546876,0,0.228001151,0,0.239228481,0,0,0.980232223,1.205642453,0.172728145,1.380097879,0.396411093,1
1298,Blenders Pride (565),7,67,0.854428558,0,0.388254486,0,0,0.5716342,0,0.509164188,0.210920257,0.66701852,0.218980904,0,0.177334229,0,0.186066596,0,0,0.76240284,0.937721908,0.134344113,1.073409462,0.308319739,1
1299,Blenders Pride (565),5,68,0.610306113,0,0.277324633,0,0,0.408310143,0,0.363688706,0.150657327,0.4764418,0.156414931,0,0.126667306,0,0.132904712,0,0,0.544573457,0.669801363,0.096,0.766721044,0.220228385,3
1300,Blenders Pride (565),9,69,1.098551003,0,0.499184339,0,0,0.734958257,0,0.65463967,0.271183188,0.85759524,0.281546876,0,0.228001151,0,0.239228481,0,0,0.980232223,1.205642453,0.172728145,1.380097879,0.396411093,1
1301,Blenders Pride (565),9,70,1.098551003,0,0.499184339,0,0,0.734958257,0,0.65463967,0.271183188,0.85759524,0.281546876,0,0.228001151,0,0.239228481,0,0,0.980232223,1.205642453,0.172728145,1.380097879,0.396411093,1
1302,Blenders Pride (565),8,71,0.97648978,0,0.443719413,0,0,0.653296229,0,0.581901929,0.241051722,0.76230688,0.25026389,0,0.20266769,0,0.212647539,0,0,0.871317532,1.07168218,0.153536129,1.226753671,0.352365416,1
1303,Blenders Pride (565),4,72,0.48824489,0,0.221859706,0,0,0.326648114,0,0.290950964,0.120525861,0.38115344,0.125131945,0,0.101333845,0,0.106323769,0,0,0.435658766,0.53584109,0.0768,0.613376835,0.176182708,3
1304,Blenders Pride (565),8,73,0.97648978,0,0.443719413,0,0,0.653296229,0,0.581901929,0.241051722,0.76230688,0.25026389,0,0.20266769,0,0.212647539,0,0,0.871317532,1.07168218,0.153536129,1.226753671,0.352365416,1
1305,Blenders Pride (565),9,74,1.098551003,0,0.499184339,0,0,0.734958257,0,0.65463967,0.271183188,0.85759524,0.281546876,0,0.228001151,0,0.239228481,0,0,0.980232223,1.205642453,0.172728145,1.380097879,0.396411093,1
1306,Blenders Pride (565),8,75,0.97648978,0,0.443719413,0,0,0.653296229,0,0.581901929,0.241051722,0.76230688,0.25026389,0,0.20266769,0,0.212647539,0,0,0.871317532,1.07168218,0.153536129,1.226753671,0.352365416,1
1307,Blenders Pride (565),5,76,0.610306113,0,0.277324633,0,0,0.408310143,0,0.363688706,0.150657327,0.4764418,0.156414931,0,0.126667306,0,0.132904712,0,0,0.544573457,0.669801363,0.096,0.766721044,0.220228385,3
1308,Blenders Pride (565),5,77,0.610306113,0,0.277324633,0,0,0.408310143,0,0.363688706,0.150657327,0.4764418,0.156414931,0,0.126667306,0,0.132904712,0,0,0.544573457,0.669801363,0.096,0.766721044,0.220228385,3
1309,Blenders Pride (565),7,78,0.854428558,0,0.388254486,0,0,0.5716342,0,0.509164188,0.210920257,0.66701852,0.218980904,0,0.177334229,0,0.186066596,0,0,0.76240284,0.937721908,0.134344113,1.073409462,0.308319739,1
1310,Blenders Pride (565),9,79,1.098551003,0,0.499184339,0,0,0.734958257,0,0.65463967,0.271183188,0.85759524,0.281546876,0,0.228001151,0,0.239228481,0,0,0.980232223,1.205642453,0.172728145,1.380097879,0.396411093,1
1311,Blenders Pride (565),9,80,1.098551003,0,0.499184339,0,0,0.734958257,0,0.65463967,0.271183188,0.85759524,0.281546876,0,0.228001151,0,0.239228481,0,0,0.980232223,1.205642453,0.172728145,1.380097879,0.396411093,1
1312,Blenders Pride (565),6,81,0.732367335,0,0.332789559,0,0,0.489972172,0,0.436426447,0.180788792,0.57173016,0.187697918,0,0.152000768,0,0.159485654,0,0,0.653488149,0.803761635,0.115152097,0.920065253,0.264274062,1
1313,Blenders Pride (565),9,82,1.098551003,0,0.499184339,0,0,0.734958257,0,0.65463967,0.271183188,0.85759524,0.281546876,0,0.228001151,0,0.239228481,0,0,0.980232223,1.205642453,0.172728145,1.380097879,0.396411093,1
1314,Blenders Pride (565),9,83,1.098551003,0,0.499184339,0,0,0.734958257,0,0.65463967,0.271183188,0.85759524,0.281546876,0,0.228001151,0,0.239228481,0,0,0.980232223,1.205642453,0.172728145,1.380097879,0.396411093,1
1315,Blenders Pride (565),9,84,1.098551003,0,0.499184339,0,0,0.734958257,0,0.65463967,0.271183188,0.85759524,0.281546876,0,0.228001151,0,0.239228481,0,0,0.980232223,1.205642453,0.172728145,1.380097879,0.396411093,1
1316,Blenders Pride (565),9,85,1.098551003,0,0.499184339,0,0,0.734958257,0,0.65463967,0.271183188,0.85759524,0.281546876,0,0.228001151,0,0.239228481,0,0,0.980232223,1.205642453,0.172728145,1.380097879,0.396411093,1
1317,Blenders Pride (565),7,86,0.854428558,0,0.388254486,0,0,0.5716342,0,0.509164188,0.210920257,0.66701852,0.218980904,0,0.177334229,0,0.186066596,0,0,0.76240284,0.937721908,0.134344113,1.073409462,0.308319739,1
1318,Blenders Pride (565),9,87,1.098551003,0,0.499184339,0,0,0.734958257,0,0.65463967,0.271183188,0.85759524,0.281546876,0,0.228001151,0,0.239228481,0,0,0.980232223,1.205642453,0.172728145,1.380097879,0.396411093,1
1319,Blenders Pride (565),7,88,0.854428558,0,0.388254486,0,0,0.5716342,0,0.509164188,0.210920257,0.66701852,0.218980904,0,0.177334229,0,0.186066596,0,0,0.76240284,0.937721908,0.134344113,1.073409462,0.308319739,1
1320,Blenders Pride (565),9,89,1.098551003,0,0.499184339,0,0,0.734958257,0,0.65463967,0.271183188,0.85759524,0.281546876,0,0.228001151,0,0.239228481,0,0,0.980232223,1.205642453,0.172728145,1.380097879,0.396411093,1
1321,Blenders Pride (565),9,90,1.098551003,0,0.499184339,0,0,0.734958257,0,0.65463967,0.271183188,0.85759524,0.281546876,0,0.228001151,0,0.239228481,0,0,0.980232223,1.205642453,0.172728145,1.380097879,0.396411093,1
1322,Blenders Pride (565),8,91,0.97648978,0,0.443719413,0,0,0.653296229,0,0.581901929,0.241051722,0.76230688,0.25026389,0,0.20266769,0,0.212647539,0,0,0.871317532,1.07168218,0.153536129,1.226753671,0.352365416,1
1323,Blenders Pride (565),7,92,0.854428558,0,0.388254486,0,0,0.5716342,0,0.509164188,0.210920257,0.66701852,0.218980904,0,0.177334229,0,0.186066596,0,0,0.76240284,0.937721908,0.134344113,1.073409462,0.308319739,1
1324,Blenders Pride (565),8,93,0.97648978,0,0.443719413,0,0,0.653296229,0,0.581901929,0.241051722,0.76230688,0.25026389,0,0.20266769,0,0.212647539,0,0,0.871317532,1.07168218,0.153536129,1.226753671,0.352365416,1
1325,Blenders Pride (565),8,94,0.97648978,0,0.443719413,0,0,0.653296229,0,0.581901929,0.241051722,0.76230688,0.25026389,0,0.20266769,0,0.212647539,0,0,0.871317532,1.07168218,0.153536129,1.226753671,0.352365416,1
1326,Blenders Pride (565),7,95,0.854428558,0,0.388254486,0,0,0.5716342,0,0.509164188,0.210920257,0.66701852,0.218980904,0,0.177334229,0,0.186066596,0,0,0.76240284,0.937721908,0.134344113,1.073409462,0.308319739,1
1327,Blenders Pride (565),2,96,0.244122445,0,0.110929853,0,0,0.163324057,0,0.145475482,0.0603,0.19057672,0.0626,0,0.0507,0,0.0532,0,0,0.217829383,0.267920545,0.0384,0.306688418,0.0881,3
1328,Blenders Pride (565),8,97,0.97648978,0,0.443719413,0,0,0.653296229,0,0.581901929,0.241051722,0.76230688,0.25026389,0,0.20266769,0,0.212647539,0,0,0.871317532,1.07168218,0.153536129,1.226753671,0.352365416,1
1329,Blenders Pride (565),5,98,0.610306113,0,0.277324633,0,0,0.408310143,0,0.363688706,0.150657327,0.4764418,0.156414931,0,0.126667306,0,0.132904712,0,0,0.544573457,0.669801363,0.096,0.766721044,0.220228385,3
1330,Blenders Pride (565),7,99,0.854428558,0,0.388254486,0,0,0.5716342,0,0.509164188,0.210920257,0.66701852,0.218980904,0,0.177334229,0,0.186066596,0,0,0.76240284,0.937721908,0.134344113,1.073409462,0.308319739,1
1331,Blenders Pride (565),9,100,1.098551003,0,0.499184339,0,0,0.734958257,0,0.65463967,0.271183188,0.85759524,0.281546876,0,0.228001151,0,0.239228481,0,0,0.980232223,1.205642453,0.172728145,1.380097879,0.396411093,1
1332,Blenders Pride (565),7,101,0.854428558,0,0.388254486,0,0,0.5716342,0,0.509164188,0.210920257,0.66701852,0.218980904,0,0.177334229,0,0.186066596,0,0,0.76240284,0.937721908,0.134344113,1.073409462,0.308319739,1
1333,Blenders Pride (565),8,102,0.97648978,0,0.443719413,0,0,0.653296229,0,0.581901929,0.241051722,0.76230688,0.25026389,0,0.20266769,0,0.212647539,0,0,0.871317532,1.07168218,0.153536129,1.226753671,0.352365416,1
1334,Blenders Pride (565),6,103,0.732367335,0,0.332789559,0,0,0.489972172,0,0.436426447,0.180788792,0.57173016,0.187697918,0,0.152000768,0,0.159485654,0,0,0.653488149,0.803761635,0.115152097,0.920065253,0.264274062,1
1335,Blenders Pride (565),8,104,0.97648978,0,0.443719413,0,0,0.653296229,0,0.581901929,0.241051722,0.76230688,0.25026389,0,0.20266769,0,0.212647539,0,0,0.871317532,1.07168218,0.153536129,1.226753671,0.352365416,1
1336,Blenders Pride (565),9,105,1.098551003,0,0.499184339,0,0,0.734958257,0,0.65463967,0.271183188,0.85759524,0.281546876,0,0.228001151,0,0.239228481,0,0,0.980232223,1.205642453,0.172728145,1.380097879,0.396411093,1
1337,Blenders Pride (565),9,106,1.098551003,0,0.499184339,0,0,0.734958257,0,0.65463967,0.271183188,0.85759524,0.281546876,0,0.228001151,0,0.239228481,0,0,0.980232223,1.205642453,0.172728145,1.380097879,0.396411093,1
1338,Blenders Pride (565),9,107,1.098551003,0,0.499184339,0,0,0.734958257,0,0.65463967,0.271183188,0.85759524,0.281546876,0,0.228001151,0,0.239228481,0,0,0.980232223,1.205642453,0.172728145,1.380097879,0.396411093,1
1339,Blenders Pride (565),9,108,1.098551003,0,0.499184339,0,0,0.734958257,0,0.65463967,0.271183188,0.85759524,0.281546876,0,0.228001151,0,0.239228481,0,0,0.980232223,1.205642453,0.172728145,1.380097879,0.396411093,1
1340,Blenders Pride (565),8,109,0.97648978,0,0.443719413,0,0,0.653296229,0,0.581901929,0.241051722,0.76230688,0.25026389,0,0.20266769,0,0.212647539,0,0,0.871317532,1.07168218,0.153536129,1.226753671,0.352365416,1
1341,Blenders Pride (565),9,110,1.098551003,0,0.499184339,0,0,0.734958257,0,0.65463967,0.271183188,0.85759524,0.281546876,0,0.228001151,0,0.239228481,0,0,0.980232223,1.205642453,0.172728145,1.380097879,0.396411093,1
1342,Blenders Pride (565),9,111,1.098551003,0,0.499184339,0,0,0.734958257,0,0.65463967,0.271183188,0.85759524,0.281546876,0,0.228001151,0,0.239228481,0,0,0.980232223,1.205642453,0.172728145,1.380097879,0.396411093,1
1343,Blenders Pride (565),7,112,0.854428558,0,0.388254486,0,0,0.5716342,0,0.509164188,0.210920257,0.66701852,0.218980904,0,0.177334229,0,0.186066596,0,0,0.76240284,0.937721908,0.134344113,1.073409462,0.308319739,1
1344,Blenders Pride (565),7,113,0.854428558,0,0.388254486,0,0,0.5716342,0,0.509164188,0.210920257,0.66701852,0.218980904,0,0.177334229,0,0.186066596,0,0,0.76240284,0.937721908,0.134344113,1.073409462,0.308319739,1
1345,Blenders Pride (565),9,114,1.098551003,0,0.499184339,0,0,0.734958257,0,0.65463967,0.271183188,0.85759524,0.281546876,0,0.228001151,0,0.239228481,0,0,0.980232223,1.205642453,0.172728145,1.380097879,0.396411093,1
1346,Blenders Pride (565),5,115,0.610306113,0,0.277324633,0,0,0.408310143,0,0.363688706,0.150657327,0.4764418,0.156414931,0,0.126667306,0,0.132904712,0,0,0.544573457,0.669801363,0.096,0.766721044,0.220228385,3
1347,Blenders Pride (565),7,116,0.854428558,0,0.388254486,0,0,0.5716342,0,0.509164188,0.210920257,0.66701852,0.218980904,0,0.177334229,0,0.186066596,0,0,0.76240284,0.937721908,0.134344113,1.073409462,0.308319739,1
1348,Blenders Pride (565),7,117,0.854428558,0,0.388254486,0,0,0.5716342,0,0.509164188,0.210920257,0.66701852,0.218980904,0,0.177334229,0,0.186066596,0,0,0.76240284,0.937721908,0.134344113,1.073409462,0.308319739,1
1349,Blenders Pride (565),9,118,1.098551003,0,0.499184339,0,0,0.734958257,0,0.65463967,0.271183188,0.85759524,0.281546876,0,0.228001151,0,0.239228481,0,0,0.980232223,1.205642453,0.172728145,1.380097879,0.396411093,1
1350,Blenders Pride (565),9,119,1.098551003,0,0.499184339,0,0,0.734958257,0,0.65463967,0.271183188,0.85759524,0.281546876,0,0.228001151,0,0.239228481,0,0,0.980232223,1.205642453,0.172728145,1.380097879,0.396411093,1
1351,Blenders Pride (565),8,120,0.97648978,0,0.443719413,0,0,0.653296229,0,0.581901929,0.241051722,0.76230688,0.25026389,0,0.20266769,0,0.212647539,0,0,0.871317532,1.07168218,0.153536129,1.226753671,0.352365416,1
1352,Blenders Pride (565),8,121,0.97648978,0,0.443719413,0,0,0.653296229,0,0.581901929,0.241051722,0.76230688,0.25026389,0,0.20266769,0,0.212647539,0,0,0.871317532,1.07168218,0.153536129,1.226753671,0.352365416,1
1353,Blenders Pride (565),8,122,0.97648978,0,0.443719413,0,0,0.653296229,0,0.581901929,0.241051722,0.76230688,0.25026389,0,0.20266769,0,0.212647539,0,0,0.871317532,1.07168218,0.153536129,1.226753671,0.352365416,1
1354,Blenders Pride (565),9,123,1.098551003,0,0.499184339,0,0,0.734958257,0,0.65463967,0.271183188,0.85759524,0.281546876,0,0.228001151,0,0.239228481,0,0,0.980232223,1.205642453,0.172728145,1.380097879,0.396411093,1
1355,Blenders Pride (565),3,124,0.366183668,0,0.16639478,0,0,0.244986086,0,0.218213223,0.0904,0.28586508,0.0938,0,0.076,0,0.0797,0,0,0.326744074,0.401880818,0.0576,0.460032626,0.132137031,3
1356,Blenders Pride (565),7,125,0.854428558,0,0.388254486,0,0,0.5716342,0,0.509164188,0.210920257,0.66701852,0.218980904,0,0.177334229,0,0.186066596,0,0,0.76240284,0.937721908,0.134344113,1.073409462,0.308319739,1
1357,Blenders Pride (565),7,126,0.854428558,0,0.388254486,0,0,0.5716342,0,0.509164188,0.210920257,0.66701852,0.218980904,0,0.177334229,0,0.186066596,0,0,0.76240284,0.937721908,0.134344113,1.073409462,0.308319739,1
1358,Blenders Pride (565),8,127,0.97648978,0,0.443719413,0,0,0.653296229,0,0.581901929,0.241051722,0.76230688,0.25026389,0,0.20266769,0,0.212647539,0,0,0.871317532,1.07168218,0.153536129,1.226753671,0.352365416,1
1359,Blenders Pride (565),7,128,0.854428558,0,0.388254486,0,0,0.5716342,0,0.509164188,0.210920257,0.66701852,0.218980904,0,0.177334229,0,0.186066596,0,0,0.76240284,0.937721908,0.134344113,1.073409462,0.308319739,1
1360,Blenders Pride (565),8,129,0.97648978,0,0.443719413,0,0,0.653296229,0,0.581901929,0.241051722,0.76230688,0.25026389,0,0.20266769,0,0.212647539,0,0,0.871317532,1.07168218,0.153536129,1.226753671,0.352365416,1
1361,Blenders Pride (565),7,130,0.854428558,0,0.388254486,0,0,0.5716342,0,0.509164188,0.210920257,0.66701852,0.218980904,0,0.177334229,0,0.186066596,0,0,0.76240284,0.937721908,0.134344113,1.073409462,0.308319739,1
1362,Blenders Pride (565),6,131,0.732367335,0,0.332789559,0,0,0.489972172,0,0.436426447,0.180788792,0.57173016,0.187697918,0,0.152000768,0,0.159485654,0,0,0.653488149,0.803761635,0.115152097,0.920065253,0.264274062,1
1363,Blenders Pride (565),7,132,0.854428558,0,0.388254486,0,0,0.5716342,0,0.509164188,0.210920257,0.66701852,0.218980904,0,0.177334229,0,0.186066596,0,0,0.76240284,0.937721908,0.134344113,1.073409462,0.308319739,1
1364,Blenders Pride (565),7,133,0.854428558,0,0.388254486,0,0,0.5716342,0,0.509164188,0.210920257,0.66701852,0.218980904,0,0.177334229,0,0.186066596,0,0,0.76240284,0.937721908,0.134344113,1.073409462,0.308319739,1
1365,Blenders Pride (565),9,134,1.098551003,0,0.499184339,0,0,0.734958257,0,0.65463967,0.271183188,0.85759524,0.281546876,0,0.228001151,0,0.239228481,0,0,0.980232223,1.205642453,0.172728145,1.380097879,0.396411093,1
1366,Blenders Pride (565),5,135,0.610306113,0,0.277324633,0,0,0.408310143,0,0.363688706,0.150657327,0.4764418,0.156414931,0,0.126667306,0,0.132904712,0,0,0.544573457,0.669801363,0.096,0.766721044,0.220228385,3
1367,Blenders Pride (565),7,136,0.854428558,0,0.388254486,0,0,0.5716342,0,0.509164188,0.210920257,0.66701852,0.218980904,0,0.177334229,0,0.186066596,0,0,0.76240284,0.937721908,0.134344113,1.073409462,0.308319739,1
1368,Blenders Pride (565),7,137,0.854428558,0,0.388254486,0,0,0.5716342,0,0.509164188,0.210920257,0.66701852,0.218980904,0,0.177334229,0,0.186066596,0,0,0.76240284,0.937721908,0.134344113,1.073409462,0.308319739,1
1369,Blenders Pride (565),6,138,0.732367335,0,0.332789559,0,0,0.489972172,0,0.436426447,0.180788792,0.57173016,0.187697918,0,0.152000768,0,0.159485654,0,0,0.653488149,0.803761635,0.115152097,0.920065253,0.264274062,1
1370,Blenders Pride (565),8,139,0.97648978,0,0.443719413,0,0,0.653296229,0,0.581901929,0.241051722,0.76230688,0.25026389,0,0.20266769,0,0.212647539,0,0,0.871317532,1.07168218,0.153536129,1.226753671,0.352365416,1
1371,Blenders Pride (565),8,140,0.97648978,0,0.443719413,0,0,0.653296229,0,0.581901929,0.241051722,0.76230688,0.25026389,0,0.20266769,0,0.212647539,0,0,0.871317532,1.07168218,0.153536129,1.226753671,0.352365416,1
1372,Blenders Pride (565),8,141,0.97648978,0,0.443719413,0,0,0.653296229,0,0.581901929,0.241051722,0.76230688,0.25026389,0,0.20266769,0,0.212647539,0,0,0.871317532,1.07168218,0.153536129,1.226753671,0.352365416,1
1373,Blenders Pride (565),2,142,0.244122445,0,0.110929853,0,0,0.163324057,0,0.145475482,0.0603,0.19057672,0.0626,0,0.0507,0,0.0532,0,0,0.217829383,0.267920545,0.0384,0.306688418,0.0881,3
1374,Blenders Pride (565),9,143,1.098551003,0,0.499184339,0,0,0.734958257,0,0.65463967,0.271183188,0.85759524,0.281546876,0,0.228001151,0,0.239228481,0,0,0.980232223,1.205642453,0.172728145,1.380097879,0.396411093,1
1375,Blenders Pride (565),6,144,0.732367335,0,0.332789559,0,0,0.489972172,0,0.436426447,0.180788792,0.57173016,0.187697918,0,0.152000768,0,0.159485654,0,0,0.653488149,0.803761635,0.115152097,0.920065253,0.264274062,1
1376,Blenders Pride (565),8,145,0.97648978,0,0.443719413,0,0,0.653296229,0,0.581901929,0.241051722,0.76230688,0.25026389,0,0.20266769,0,0.212647539,0,0,0.871317532,1.07168218,0.153536129,1.226753671,0.352365416,1
1377,Blenders Pride (565),8,146,0.97648978,0,0.443719413,0,0,0.653296229,0,0.581901929,0.241051722,0.76230688,0.25026389,0,0.20266769,0,0.212647539,0,0,0.871317532,1.07168218,0.153536129,1.226753671,0.352365416,1
1378,Blenders Pride (565),9,147,1.098551003,0,0.499184339,0,0,0.734958257,0,0.65463967,0.271183188,0.85759524,0.281546876,0,0.228001151,0,0.239228481,0,0,0.980232223,1.205642453,0.172728145,1.380097879,0.396411093,1
1379,Blenders Pride (565),7,148,0.854428558,0,0.388254486,0,0,0.5716342,0,0.509164188,0.210920257,0.66701852,0.218980904,0,0.177334229,0,0.186066596,0,0,0.76240284,0.937721908,0.134344113,1.073409462,0.308319739,1
1380,Blenders Pride (565),9,149,1.098551003,0,0.499184339,0,0,0.734958257,0,0.65463967,0.271183188,0.85759524,0.281546876,0,0.228001151,0,0.239228481,0,0,0.980232223,1.205642453,0.172728145,1.380097879,0.396411093,1
1381,Blenders Pride (565),8,150,0.97648978,0,0.443719413,0,0,0.653296229,0,0.581901929,0.241051722,0.76230688,0.25026389,0,0.20266769,0,0.212647539,0,0,0.871317532,1.07168218,0.153536129,1.226753671,0.352365416,1
1382,Blenders Pride (565),3,151,0.366183668,0,0.16639478,0,0,0.244986086,0,0.218213223,0.0904,0.28586508,0.0938,0,0.076,0,0.0797,0,0,0.326744074,0.401880818,0.0576,0.460032626,0.132137031,3
1383,Blenders Pride (565),7,152,0.854428558,0,0.388254486,0,0,0.5716342,0,0.509164188,0.210920257,0.66701852,0.218980904,0,0.177334229,0,0.186066596,0,0,0.76240284,0.937721908,0.134344113,1.073409462,0.308319739,1
1384,Blenders Pride (565),8,153,0.97648978,0,0.443719413,0,0,0.653296229,0,0.581901929,0.241051722,0.76230688,0.25026389,0,0.20266769,0,0.212647539,0,0,0.871317532,1.07168218,0.153536129,1.226753671,0.352365416,1
1385,Blenders Pride (565),7,154,0.854428558,0,0.388254486,0,0,0.5716342,0,0.509164188,0.210920257,0.66701852,0.218980904,0,0.177334229,0,0.186066596,0,0,0.76240284,0.937721908,0.134344113,1.073409462,0.308319739,1
1386,Blenders Pride (565),5,155,0.610306113,0,0.277324633,0,0,0.408310143,0,0.363688706,0.150657327,0.4764418,0.156414931,0,0.126667306,0,0.132904712,0,0,0.544573457,0.669801363,0.096,0.766721044,0.220228385,3
1387,Blenders Pride (565),7,156,0.854428558,0,0.388254486,0,0,0.5716342,0,0.509164188,0.210920257,0.66701852,0.218980904,0,0.177334229,0,0.186066596,0,0,0.76240284,0.937721908,0.134344113,1.073409462,0.308319739,1
1388,Blenders Pride (565),7,157,0.854428558,0,0.388254486,0,0,0.5716342,0,0.509164188,0.210920257,0.66701852,0.218980904,0,0.177334229,0,0.186066596,0,0,0.76240284,0.937721908,0.134344113,1.073409462,0.308319739,1
1389,Blenders Pride (565),9,158,1.098551003,0,0.499184339,0,0,0.734958257,0,0.65463967,0.271183188,0.85759524,0.281546876,0,0.228001151,0,0.239228481,0,0,0.980232223,1.205642453,0.172728145,1.380097879,0.396411093,1
1390,Blenders Pride (565),7,159,0.854428558,0,0.388254486,0,0,0.5716342,0,0.509164188,0.210920257,0.66701852,0.218980904,0,0.177334229,0,0.186066596,0,0,0.76240284,0.937721908,0.134344113,1.073409462,0.308319739,1
1391,Blenders Pride (565),7,160,0.854428558,0,0.388254486,0,0,0.5716342,0,0.509164188,0.210920257,0.66701852,0.218980904,0,0.177334229,0,0.186066596,0,0,0.76240284,0.937721908,0.134344113,1.073409462,0.308319739,1
1392,Blenders Pride (565),6,161,0.732367335,0,0.332789559,0,0,0.489972172,0,0.436426447,0.180788792,0.57173016,0.187697918,0,0.152000768,0,0.159485654,0,0,0.653488149,0.803761635,0.115152097,0.920065253,0.264274062,1
1393,Blenders Pride (565),9,162,1.098551003,0,0.499184339,0,0,0.734958257,0,0.65463967,0.271183188,0.85759524,0.281546876,0,0.228001151,0,0.239228481,0,0,0.980232223,1.205642453,0.172728145,1.380097879,0.396411093,1
1394,Blenders Pride (565),7,163,0.854428558,0,0.388254486,0,0,0.5716342,0,0.509164188,0.210920257,0.66701852,0.218980904,0,0.177334229,0,0.186066596,0,0,0.76240284,0.937721908,0.134344113,1.073409462,0.308319739,1
1395,Blenders Pride (565),1,164,0.122061223,0,0.0555,0,0,0.0817,0,0.0727,0.0301,0.0953,0.0313,0,0.0253,0,0.0266,0,0,0.108914691,0.133960273,0.0192,0.153344209,0.044,3
1396,Blenders Pride (565),5,165,0.610306113,0,0.277324633,0,0,0.408310143,0,0.363688706,0.150657327,0.4764418,0.156414931,0,0.126667306,0,0.132904712,0,0,0.544573457,0.669801363,0.096,0.766721044,0.220228385,3
1397,Blenders Pride (565),9,166,1.098551003,0,0.499184339,0,0,0.734958257,0,0.65463967,0.271183188,0.85759524,0.281546876,0,0.228001151,0,0.239228481,0,0,0.980232223,1.205642453,0.172728145,1.380097879,0.396411093,1
1398,Blenders Pride (565),5,167,0.610306113,0,0.277324633,0,0,0.408310143,0,0.363688706,0.150657327,0.4764418,0.156414931,0,0.126667306,0,0.132904712,0,0,0.544573457,0.669801363,0.096,0.766721044,0.220228385,3
1399,Blenders Pride (565),7,168,0.854428558,0,0.388254486,0,0,0.5716342,0,0.509164188,0.210920257,0.66701852,0.218980904,0,0.177334229,0,0.186066596,0,0,0.76240284,0.937721908,0.134344113,1.073409462,0.308319739,1
1400,Blenders Pride (565),9,169,1.098551003,0,0.499184339,0,0,0.734958257,0,0.65463967,0.271183188,0.85759524,0.281546876,0,0.228001151,0,0.239228481,0,0,0.980232223,1.205642453,0.172728145,1.380097879,0.396411093,1
1401,Blenders Pride (565),9,170,1.098551003,0,0.499184339,0,0,0.734958257,0,0.65463967,0.271183188,0.85759524,0.281546876,0,0.228001151,0,0.239228481,0,0,0.980232223,1.205642453,0.172728145,1.380097879,0.396411093,1
1402,Blenders Pride (565),9,171,1.098551003,0,0.499184339,0,0,0.734958257,0,0.65463967,0.271183188,0.85759524,0.281546876,0,0.228001151,0,0.239228481,0,0,0.980232223,1.205642453,0.172728145,1.380097879,0.396411093,1
1403,Blenders Pride (565),8,172,0.97648978,0,0.443719413,0,0,0.653296229,0,0.581901929,0.241051722,0.76230688,0.25026389,0,0.20266769,0,0.212647539,0,0,0.871317532,1.07168218,0.153536129,1.226753671,0.352365416,1
1404,Blenders Pride (565),8,173,0.97648978,0,0.443719413,0,0,0.653296229,0,0.581901929,0.241051722,0.76230688,0.25026389,0,0.20266769,0,0.212647539,0,0,0.871317532,1.07168218,0.153536129,1.226753671,0.352365416,1
1405,Blenders Pride (565),1,174,0.122061223,0,0.0555,0,0,0.0817,0,0.0727,0.0301,0.0953,0.0313,0,0.0253,0,0.0266,0,0,0.108914691,0.133960273,0.0192,0.153344209,0.044,3
1406,Blenders Pride (565),7,175,0.854428558,0,0.388254486,0,0,0.5716342,0,0.509164188,0.210920257,0.66701852,0.218980904,0,0.177334229,0,0.186066596,0,0,0.76240284,0.937721908,0.134344113,1.073409462,0.308319739,1
1407,Blenders Pride (565),9,176,1.098551003,0,0.499184339,0,0,0.734958257,0,0.65463967,0.271183188,0.85759524,0.281546876,0,0.228001151,0,0.239228481,0,0,0.980232223,1.205642453,0.172728145,1.380097879,0.396411093,1
1408,Blenders Pride (565),7,177,0.854428558,0,0.388254486,0,0,0.5716342,0,0.509164188,0.210920257,0.66701852,0.218980904,0,0.177334229,0,0.186066596,0,0,0.76240284,0.937721908,0.134344113,1.073409462,0.308319739,1
1409,Blenders Pride (565),9,178,1.098551003,0,0.499184339,0,0,0.734958257,0,0.65463967,0.271183188,0.85759524,0.281546876,0,0.228001151,0,0.239228481,0,0,0.980232223,1.205642453,0.172728145,1.380097879,0.396411093,1
1410,Blenders Pride (565),9,179,1.098551003,0,0.499184339,0,0,0.734958257,0,0.65463967,0.271183188,0.85759524,0.281546876,0,0.228001151,0,0.239228481,0,0,0.980232223,1.205642453,0.172728145,1.380097879,0.396411093,1
1411,Blenders Pride (565),8,180,0.97648978,0,0.443719413,0,0,0.653296229,0,0.581901929,0.241051722,0.76230688,0.25026389,0,0.20266769,0,0.212647539,0,0,0.871317532,1.07168218,0.153536129,1.226753671,0.352365416,1
1412,Blenders Pride (565),4,181,0.48824489,0,0.221859706,0,0,0.326648114,0,0.290950964,0.120525861,0.38115344,0.125131945,0,0.101333845,0,0.106323769,0,0,0.435658766,0.53584109,0.0768,0.613376835,0.176182708,3
1413,Blenders Pride (565),9,182,1.098551003,0,0.499184339,0,0,0.734958257,0,0.65463967,0.271183188,0.85759524,0.281546876,0,0.228001151,0,0.239228481,0,0,0.980232223,1.205642453,0.172728145,1.380097879,0.396411093,1
1414,Blenders Pride (565),9,183,1.098551003,0,0.499184339,0,0,0.734958257,0,0.65463967,0.271183188,0.85759524,0.281546876,0,0.228001151,0,0.239228481,0,0,0.980232223,1.205642453,0.172728145,1.380097879,0.396411093,1
1415,Blenders Pride (565),9,184,1.098551003,0,0.499184339,0,0,0.734958257,0,0.65463967,0.271183188,0.85759524,0.281546876,0,0.228001151,0,0.239228481,0,0,0.980232223,1.205642453,0.172728145,1.380097879,0.396411093,1
1416,Blenders Pride (565),2,185,0.244122445,0,0.110929853,0,0,0.163324057,0,0.145475482,0.0603,0.19057672,0.0626,0,0.0507,0,0.0532,0,0,0.217829383,0.267920545,0.0384,0.306688418,0.0881,3
1417,Blenders Pride (565),5,186,0.610306113,0,0.277324633,0,0,0.408310143,0,0.363688706,0.150657327,0.4764418,0.156414931,0,0.126667306,0,0.132904712,0,0,0.544573457,0.669801363,0.096,0.766721044,0.220228385,3
1418,Blenders Pride (565),6,187,0.732367335,0,0.332789559,0,0,0.489972172,0,0.436426447,0.180788792,0.57173016,0.187697918,0,0.152000768,0,0.159485654,0,0,0.653488149,0.803761635,0.115152097,0.920065253,0.264274062,1
1419,Blenders Pride (565),8,188,0.97648978,0,0.443719413,0,0,0.653296229,0,0.581901929,0.241051722,0.76230688,0.25026389,0,0.20266769,0,0.212647539,0,0,0.871317532,1.07168218,0.153536129,1.226753671,0.352365416,1
1420,Blenders Pride (565),5,189,0.610306113,0,0.277324633,0,0,0.408310143,0,0.363688706,0.150657327,0.4764418,0.156414931,0,0.126667306,0,0.132904712,0,0,0.544573457,0.669801363,0.096,0.766721044,0.220228385,3
1421,Blenders Pride (565),8,190,0.97648978,0,0.443719413,0,0,0.653296229,0,0.581901929,0.241051722,0.76230688,0.25026389,0,0.20266769,0,0.212647539,0,0,0.871317532,1.07168218,0.153536129,1.226753671,0.352365416,1
1422,Blenders Pride (565),8,191,0.97648978,0,0.443719413,0,0,0.653296229,0,0.581901929,0.241051722,0.76230688,0.25026389,0,0.20266769,0,0.212647539,0,0,0.871317532,1.07168218,0.153536129,1.226753671,0.352365416,1
1423,Blenders Pride (565),4,192,0.48824489,0,0.221859706,0,0,0.326648114,0,0.290950964,0.120525861,0.38115344,0.125131945,0,0.101333845,0,0.106323769,0,0,0.435658766,0.53584109,0.0768,0.613376835,0.176182708,3
1424,Blenders Pride (565),5,193,0.610306113,0,0.277324633,0,0,0.408310143,0,0.363688706,0.150657327,0.4764418,0.156414931,0,0.126667306,0,0.132904712,0,0,0.544573457,0.669801363,0.096,0.766721044,0.220228385,3
1425,Blenders Pride (565),5,194,0.610306113,0,0.277324633,0,0,0.408310143,0,0.363688706,0.150657327,0.4764418,0.156414931,0,0.126667306,0,0.132904712,0,0,0.544573457,0.669801363,0.096,0.766721044,0.220228385,3
1426,Blenders Pride (565),7,195,0.854428558,0,0.388254486,0,0,0.5716342,0,0.509164188,0.210920257,0.66701852,0.218980904,0,0.177334229,0,0.186066596,0,0,0.76240284,0.937721908,0.134344113,1.073409462,0.308319739,1
1427,Blenders Pride (565),9,196,1.098551003,0,0.499184339,0,0,0.734958257,0,0.65463967,0.271183188,0.85759524,0.281546876,0,0.228001151,0,0.239228481,0,0,0.980232223,1.205642453,0.172728145,1.380097879,0.396411093,1
1428,Blenders Pride (565),8,197,0.97648978,0,0.443719413,0,0,0.653296229,0,0.581901929,0.241051722,0.76230688,0.25026389,0,0.20266769,0,0.212647539,0,0,0.871317532,1.07168218,0.153536129,1.226753671,0.352365416,1
1429,Blenders Pride (565),8,198,0.97648978,0,0.443719413,0,0,0.653296229,0,0.581901929,0.241051722,0.76230688,0.25026389,0,0.20266769,0,0.212647539,0,0,0.871317532,1.07168218,0.153536129,1.226753671,0.352365416,1
1430,Blenders Pride (565),8,199,0.97648978,0,0.443719413,0,0,0.653296229,0,0.581901929,0.241051722,0.76230688,0.25026389,0,0.20266769,0,0.212647539,0,0,0.871317532,1.07168218,0.153536129,1.226753671,0.352365416,1
1431,Blenders Pride (565),8,200,0.97648978,0,0.443719413,0,0,0.653296229,0,0.581901929,0.241051722,0.76230688,0.25026389,0,0.20266769,0,0.212647539,0,0,0.871317532,1.07168218,0.153536129,1.226753671,0.352365416,1
1432,Blenders Pride (565),9,201,1.098551003,0,0.499184339,0,0,0.734958257,0,0.65463967,0.271183188,0.85759524,0.281546876,0,0.228001151,0,0.239228481,0,0,0.980232223,1.205642453,0.172728145,1.380097879,0.396411093,1
1433,Blenders Pride (565),5,202,0.610306113,0,0.277324633,0,0,0.408310143,0,0.363688706,0.150657327,0.4764418,0.156414931,0,0.126667306,0,0.132904712,0,0,0.544573457,0.669801363,0.096,0.766721044,0.220228385,3
1434,Blenders Pride (565),5,203,0.610306113,0,0.277324633,0,0,0.408310143,0,0.363688706,0.150657327,0.4764418,0.156414931,0,0.126667306,0,0.132904712,0,0,0.544573457,0.669801363,0.096,0.766721044,0.220228385,3
1435,Blenders Pride (565),9,204,1.098551003,0,0.499184339,0,0,0.734958257,0,0.65463967,0.271183188,0.85759524,0.281546876,0,0.228001151,0,0.239228481,0,0,0.980232223,1.205642453,0.172728145,1.380097879,0.396411093,1
1436,Blenders Pride (565),6,205,0.732367335,0,0.332789559,0,0,0.489972172,0,0.436426447,0.180788792,0.57173016,0.187697918,0,0.152000768,0,0.159485654,0,0,0.653488149,0.803761635,0.115152097,0.920065253,0.264274062,1
1437,Blenders Pride (565),9,206,1.098551003,0,0.499184339,0,0,0.734958257,0,0.65463967,0.271183188,0.85759524,0.281546876,0,0.228001151,0,0.239228481,0,0,0.980232223,1.205642453,0.172728145,1.380097879,0.396411093,1
1438,Blenders Pride (565),9,207,1.098551003,0,0.499184339,0,0,0.734958257,0,0.65463967,0.271183188,0.85759524,0.281546876,0,0.228001151,0,0.239228481,0,0,0.980232223,1.205642453,0.172728145,1.380097879,0.396411093,1
1439,Blenders Pride (565),9,208,1.098551003,0,0.499184339,0,0,0.734958257,0,0.65463967,0.271183188,0.85759524,0.281546876,0,0.228001151,0,0.239228481,0,0,0.980232223,1.205642453,0.172728145,1.380097879,0.396411093,1
1440,Blenders Pride (565),8,209,0.97648978,0,0.443719413,0,0,0.653296229,0,0.581901929,0.241051722,0.76230688,0.25026389,0,0.20266769,0,0.212647539,0,0,0.871317532,1.07168218,0.153536129,1.226753671,0.352365416,1
1441,Blenders Pride (565),9,210,1.098551003,0,0.499184339,0,0,0.734958257,0,0.65463967,0.271183188,0.85759524,0.281546876,0,0.228001151,0,0.239228481,0,0,0.980232223,1.205642453,0.172728145,1.380097879,0.396411093,1
1442,Blenders Pride (565),7,211,0.854428558,0,0.388254486,0,0,0.5716342,0,0.509164188,0.210920257,0.66701852,0.218980904,0,0.177334229,0,0.186066596,0,0,0.76240284,0.937721908,0.134344113,1.073409462,0.308319739,1
1443,Blenders Pride (565),7,212,0.854428558,0,0.388254486,0,0,0.5716342,0,0.509164188,0.210920257,0.66701852,0.218980904,0,0.177334229,0,0.186066596,0,0,0.76240284,0.937721908,0.134344113,1.073409462,0.308319739,1
1444,Blenders Pride (565),6,213,0.732367335,0,0.332789559,0,0,0.489972172,0,0.436426447,0.180788792,0.57173016,0.187697918,0,0.152000768,0,0.159485654,0,0,0.653488149,0.803761635,0.115152097,0.920065253,0.264274062,1
1445,Blenders Pride (565),8,214,0.97648978,0,0.443719413,0,0,0.653296229,0,0.581901929,0.241051722,0.76230688,0.25026389,0,0.20266769,0,0.212647539,0,0,0.871317532,1.07168218,0.153536129,1.226753671,0.352365416,1
1446,Blenders Pride (565),7,215,0.854428558,0,0.388254486,0,0,0.5716342,0,0.509164188,0.210920257,0.66701852,0.218980904,0,0.177334229,0,0.186066596,0,0,0.76240284,0.937721908,0.134344113,1.073409462,0.308319739,1
1447,Blenders Pride (565),9,216,1.098551003,0,0.499184339,0,0,0.734958257,0,0.65463967,0.271183188,0.85759524,0.281546876,0,0.228001151,0,0.239228481,0,0,0.980232223,1.205642453,0.172728145,1.380097879,0.396411093,1
1448,Blenders Pride (565),8,217,0.97648978,0,0.443719413,0,0,0.653296229,0,0.581901929,0.241051722,0.76230688,0.25026389,0,0.20266769,0,0.212647539,0,0,0.871317532,1.07168218,0.153536129,1.226753671,0.352365416,1
1449,Blenders Pride (565),5,218,0.610306113,0,0.277324633,0,0,0.408310143,0,0.363688706,0.150657327,0.4764418,0.156414931,0,0.126667306,0,0.132904712,0,0,0.544573457,0.669801363,0.096,0.766721044,0.220228385,3
1450,Blenders Pride (565),7,219,0.854428558,0,0.388254486,0,0,0.5716342,0,0.509164188,0.210920257,0.66701852,0.218980904,0,0.177334229,0,0.186066596,0,0,0.76240284,0.937721908,0.134344113,1.073409462,0.308319739,1
1451,Blenders Pride (565),9,220,1.098551003,0,0.499184339,0,0,0.734958257,0,0.65463967,0.271183188,0.85759524,0.281546876,0,0.228001151,0,0.239228481,0,0,0.980232223,1.205642453,0.172728145,1.380097879,0.396411093,1
1452,Blenders Pride (565),5,221,0.610306113,0,0.277324633,0,0,0.408310143,0,0.363688706,0.150657327,0.4764418,0.156414931,0,0.126667306,0,0.132904712,0,0,0.544573457,0.669801363,0.096,0.766721044,0.220228385,3
1453,Blenders Pride (565),9,222,1.098551003,0,0.499184339,0,0,0.734958257,0,0.65463967,0.271183188,0.85759524,0.281546876,0,0.228001151,0,0.239228481,0,0,0.980232223,1.205642453,0.172728145,1.380097879,0.396411093,1
1454,Blenders Pride (565),8,223,0.97648978,0,0.443719413,0,0,0.653296229,0,0.581901929,0.241051722,0.76230688,0.25026389,0,0.20266769,0,0.212647539,0,0,0.871317532,1.07168218,0.153536129,1.226753671,0.352365416,1
1455,Blenders Pride (565),8,224,0.97648978,0,0.443719413,0,0,0.653296229,0,0.581901929,0.241051722,0.76230688,0.25026389,0,0.20266769,0,0.212647539,0,0,0.871317532,1.07168218,0.153536129,1.226753671,0.352365416,1
1456,Blenders Pride (565),6,225,0.732367335,0,0.332789559,0,0,0.489972172,0,0.436426447,0.180788792,0.57173016,0.187697918,0,0.152000768,0,0.159485654,0,0,0.653488149,0.803761635,0.115152097,0.920065253,0.264274062,1
1457,Blenders Pride (565),6,226,0.732367335,0,0.332789559,0,0,0.489972172,0,0.436426447,0.180788792,0.57173016,0.187697918,0,0.152000768,0,0.159485654,0,0,0.653488149,0.803761635,0.115152097,0.920065253,0.264274062,1
1458,Blenders Pride (565),7,227,0.854428558,0,0.388254486,0,0,0.5716342,0,0.509164188,0.210920257,0.66701852,0.218980904,0,0.177334229,0,0.186066596,0,0,0.76240284,0.937721908,0.134344113,1.073409462,0.308319739,1
1459,Blenders Pride (565),8,228,0.97648978,0,0.443719413,0,0,0.653296229,0,0.581901929,0.241051722,0.76230688,0.25026389,0,0.20266769,0,0.212647539,0,0,0.871317532,1.07168218,0.153536129,1.226753671,0.352365416,1
1460,Blenders Pride (565),9,229,1.098551003,0,0.499184339,0,0,0.734958257,0,0.65463967,0.271183188,0.85759524,0.281546876,0,0.228001151,0,0.239228481,0,0,0.980232223,1.205642453,0.172728145,1.380097879,0.396411093,1
1461,Blenders Pride (565),7,230,0.854428558,0,0.388254486,0,0,0.5716342,0,0.509164188,0.210920257,0.66701852,0.218980904,0,0.177334229,0,0.186066596,0,0,0.76240284,0.937721908,0.134344113,1.073409462,0.308319739,1
1462,Blenders Pride (565),7,231,0.854428558,0,0.388254486,0,0,0.5716342,0,0.509164188,0.210920257,0.66701852,0.218980904,0,0.177334229,0,0.186066596,0,0,0.76240284,0.937721908,0.134344113,1.073409462,0.308319739,1
1463,Blenders Pride (565),4,232,0.48824489,0,0.221859706,0,0,0.326648114,0,0.290950964,0.120525861,0.38115344,0.125131945,0,0.101333845,0,0.106323769,0,0,0.435658766,0.53584109,0.0768,0.613376835,0.176182708,3
1464,Blenders Pride (565),7,233,0.854428558,0,0.388254486,0,0,0.5716342,0,0.509164188,0.210920257,0.66701852,0.218980904,0,0.177334229,0,0.186066596,0,0,0.76240284,0.937721908,0.134344113,1.073409462,0.308319739,1
1465,Blenders Pride (565),6,234,0.732367335,0,0.332789559,0,0,0.489972172,0,0.436426447,0.180788792,0.57173016,0.187697918,0,0.152000768,0,0.159485654,0,0,0.653488149,0.803761635,0.115152097,0.920065253,0.264274062,1
1466,Blenders Pride (565),8,235,0.97648978,0,0.443719413,0,0,0.653296229,0,0.581901929,0.241051722,0.76230688,0.25026389,0,0.20266769,0,0.212647539,0,0,0.871317532,1.07168218,0.153536129,1.226753671,0.352365416,1
1467,Blenders Pride (565),8,236,0.97648978,0,0.443719413,0,0,0.653296229,0,0.581901929,0.241051722,0.76230688,0.25026389,0,0.20266769,0,0.212647539,0,0,0.871317532,1.07168218,0.153536129,1.226753671,0.352365416,1
1468,Blenders Pride (565),8,237,0.97648978,0,0.443719413,0,0,0.653296229,0,0.581901929,0.241051722,0.76230688,0.25026389,0,0.20266769,0,0.212647539,0,0,0.871317532,1.07168218,0.153536129,1.226753671,0.352365416,1
1469,Blenders Pride (565),8,238,0.97648978,0,0.443719413,0,0,0.653296229,0,0.581901929,0.241051722,0.76230688,0.25026389,0,0.20266769,0,0.212647539,0,0,0.871317532,1.07168218,0.153536129,1.226753671,0.352365416,1
1470,Blenders Pride (565),8,239,0.97648978,0,0.443719413,0,0,0.653296229,0,0.581901929,0.241051722,0.76230688,0.25026389,0,0.20266769,0,0.212647539,0,0,0.871317532,1.07168218,0.153536129,1.226753671,0.352365416,1
1471,Blenders Pride (565),6,240,0.732367335,0,0.332789559,0,0,0.489972172,0,0.436426447,0.180788792,0.57173016,0.187697918,0,0.152000768,0,0.159485654,0,0,0.653488149,0.803761635,0.115152097,0.920065253,0.264274062,1
1472,Blenders Pride (565),7,241,0.854428558,0,0.388254486,0,0,0.5716342,0,0.509164188,0.210920257,0.66701852,0.218980904,0,0.177334229,0,0.186066596,0,0,0.76240284,0.937721908,0.134344113,1.073409462,0.308319739,1
1473,Blenders Pride (565),8,242,0.97648978,0,0.443719413,0,0,0.653296229,0,0.581901929,0.241051722,0.76230688,0.25026389,0,0.20266769,0,0.212647539,0,0,0.871317532,1.07168218,0.153536129,1.226753671,0.352365416,1
1474,Blenders Pride (565),7,243,0.854428558,0,0.388254486,0,0,0.5716342,0,0.509164188,0.210920257,0.66701852,0.218980904,0,0.177334229,0,0.186066596,0,0,0.76240284,0.937721908,0.134344113,1.073409462,0.308319739,1
1475,Blenders Pride (565),7,244,0.854428558,0,0.388254486,0,0,0.5716342,0,0.509164188,0.210920257,0.66701852,0.218980904,0,0.177334229,0,0.186066596,0,0,0.76240284,0.937721908,0.134344113,1.073409462,0.308319739,1
1476,Blenders Pride (565),7,245,0.854428558,0,0.388254486,0,0,0.5716342,0,0.509164188,0.210920257,0.66701852,0.218980904,0,0.177334229,0,0.186066596,0,0,0.76240284,0.937721908,0.134344113,1.073409462,0.308319739,1
1477,Blenders Pride (565),7,246,0.854428558,0,0.388254486,0,0,0.5716342,0,0.509164188,0.210920257,0.66701852,0.218980904,0,0.177334229,0,0.186066596,0,0,0.76240284,0.937721908,0.134344113,1.073409462,0.308319739,1
1478,Blenders Pride (565),9,247,1.098551003,0,0.499184339,0,0,0.734958257,0,0.65463967,0.271183188,0.85759524,0.281546876,0,0.228001151,0,0.239228481,0,0,0.980232223,1.205642453,0.172728145,1.380097879,0.396411093,1
1479,Blenders Pride (565),8,248,0.97648978,0,0.443719413,0,0,0.653296229,0,0.581901929,0.241051722,0.76230688,0.25026389,0,0.20266769,0,0.212647539,0,0,0.871317532,1.07168218,0.153536129,1.226753671,0.352365416,1
1480,Blenders Pride (565),5,249,0.610306113,0,0.277324633,0,0,0.408310143,0,0.363688706,0.150657327,0.4764418,0.156414931,0,0.126667306,0,0.132904712,0,0,0.544573457,0.669801363,0.096,0.766721044,0.220228385,3
1481,Blenders Pride (565),7,250,0.854428558,0,0.388254486,0,0,0.5716342,0,0.509164188,0.210920257,0.66701852,0.218980904,0,0.177334229,0,0.186066596,0,0,0.76240284,0.937721908,0.134344113,1.073409462,0.308319739,1
1482,Blenders Pride (565),7,251,0.854428558,0,0.388254486,0,0,0.5716342,0,0.509164188,0.210920257,0.66701852,0.218980904,0,0.177334229,0,0.186066596,0,0,0.76240284,0.937721908,0.134344113,1.073409462,0.308319739,1
1483,Blenders Pride (565),8,252,0.97648978,0,0.443719413,0,0,0.653296229,0,0.581901929,0.241051722,0.76230688,0.25026389,0,0.20266769,0,0.212647539,0,0,0.871317532,1.07168218,0.153536129,1.226753671,0.352365416,1
1484,Blenders Pride (565),8,253,0.97648978,0,0.443719413,0,0,0.653296229,0,0.581901929,0.241051722,0.76230688,0.25026389,0,0.20266769,0,0.212647539,0,0,0.871317532,1.07168218,0.153536129,1.226753671,0.352365416,1
1485,Blenders Pride (565),7,254,0.854428558,0,0.388254486,0,0,0.5716342,0,0.509164188,0.210920257,0.66701852,0.218980904,0,0.177334229,0,0.186066596,0,0,0.76240284,0.937721908,0.134344113,1.073409462,0.308319739,1
1486,Blenders Pride (565),8,255,0.97648978,0,0.443719413,0,0,0.653296229,0,0.581901929,0.241051722,0.76230688,0.25026389,0,0.20266769,0,0.212647539,0,0,0.871317532,1.07168218,0.153536129,1.226753671,0.352365416,1
1487,Blenders Pride (565),7,256,0.854428558,0,0.388254486,0,0,0.5716342,0,0.509164188,0.210920257,0.66701852,0.218980904,0,0.177334229,0,0.186066596,0,0,0.76240284,0.937721908,0.134344113,1.073409462,0.308319739,1
1488,Blenders Pride (565),8,257,0.97648978,0,0.443719413,0,0,0.653296229,0,0.581901929,0.241051722,0.76230688,0.25026389,0,0.20266769,0,0.212647539,0,0,0.871317532,1.07168218,0.153536129,1.226753671,0.352365416,1
1489,Blenders Pride (565),9,258,1.098551003,0,0.499184339,0,0,0.734958257,0,0.65463967,0.271183188,0.85759524,0.281546876,0,0.228001151,0,0.239228481,0,0,0.980232223,1.205642453,0.172728145,1.380097879,0.396411093,1
1490,Blenders Pride (565),5,259,0.610306113,0,0.277324633,0,0,0.408310143,0,0.363688706,0.150657327,0.4764418,0.156414931,0,0.126667306,0,0.132904712,0,0,0.544573457,0.669801363,0.096,0.766721044,0.220228385,3
1491,Blenders Pride (565),9,260,1.098551003,0,0.499184339,0,0,0.734958257,0,0.65463967,0.271183188,0.85759524,0.281546876,0,0.228001151,0,0.239228481,0,0,0.980232223,1.205642453,0.172728145,1.380097879,0.396411093,1
1492,Blenders Pride (565),9,261,1.098551003,0,0.499184339,0,0,0.734958257,0,0.65463967,0.271183188,0.85759524,0.281546876,0,0.228001151,0,0.239228481,0,0,0.980232223,1.205642453,0.172728145,1.380097879,0.396411093,1
1493,Blenders Pride (565),8,262,0.97648978,0,0.443719413,0,0,0.653296229,0,0.581901929,0.241051722,0.76230688,0.25026389,0,0.20266769,0,0.212647539,0,0,0.871317532,1.07168218,0.153536129,1.226753671,0.352365416,1
1494,Blenders Pride (565),8,263,0.97648978,0,0.443719413,0,0,0.653296229,0,0.581901929,0.241051722,0.76230688,0.25026389,0,0.20266769,0,0.212647539,0,0,0.871317532,1.07168218,0.153536129,1.226753671,0.352365416,1
1495,Blenders Pride (565),8,264,0.97648978,0,0.443719413,0,0,0.653296229,0,0.581901929,0.241051722,0.76230688,0.25026389,0,0.20266769,0,0.212647539,0,0,0.871317532,1.07168218,0.153536129,1.226753671,0.352365416,1
1496,Blenders Pride (565),8,265,0.97648978,0,0.443719413,0,0,0.653296229,0,0.581901929,0.241051722,0.76230688,0.25026389,0,0.20266769,0,0.212647539,0,0,0.871317532,1.07168218,0.153536129,1.226753671,0.352365416,1
1497,Blenders Pride (565),7,266,0.854428558,0,0.388254486,0,0,0.5716342,0,0.509164188,0.210920257,0.66701852,0.218980904,0,0.177334229,0,0.186066596,0,0,0.76240284,0.937721908,0.134344113,1.073409462,0.308319739,1
1498,Blenders Pride (565),5,267,0.610306113,0,0.277324633,0,0,0.408310143,0,0.363688706,0.150657327,0.4764418,0.156414931,0,0.126667306,0,0.132904712,0,0,0.544573457,0.669801363,0.096,0.766721044,0.220228385,3
1499,Blenders Pride (565),6,268,0.732367335,0,0.332789559,0,0,0.489972172,0,0.436426447,0.180788792,0.57173016,0.187697918,0,0.152000768,0,0.159485654,0,0,0.653488149,0.803761635,0.115152097,0.920065253,0.264274062,1
1500,Blenders Pride (565),7,269,0.854428558,0,0.388254486,0,0,0.5716342,0,0.509164188,0.210920257,0.66701852,0.218980904,0,0.177334229,0,0.186066596,0,0,0.76240284,0.937721908,0.134344113,1.073409462,0.308319739,1
1501,Blenders Pride (565),7,270,0.854428558,0,0.388254486,0,0,0.5716342,0,0.509164188,0.210920257,0.66701852,0.218980904,0,0.177334229,0,0.186066596,0,0,0.76240284,0.937721908,0.134344113,1.073409462,0.308319739,1
1502,Blenders Pride (565),6,271,0.732367335,0,0.332789559,0,0,0.489972172,0,0.436426447,0.180788792,0.57173016,0.187697918,0,0.152000768,0,0.159485654,0,0,0.653488149,0.803761635,0.115152097,0.920065253,0.264274062,1
1503,Blenders Pride (565),8,272,0.97648978,0,0.443719413,0,0,0.653296229,0,0.581901929,0.241051722,0.76230688,0.25026389,0,0.20266769,0,0.212647539,0,0,0.871317532,1.07168218,0.153536129,1.226753671,0.352365416,1
1504,Blenders Pride (565),9,273,1.098551003,0,0.499184339,0,0,0.734958257,0,0.65463967,0.271183188,0.85759524,0.281546876,0,0.228001151,0,0.239228481,0,0,0.980232223,1.205642453,0.172728145,1.380097879,0.396411093,1
1505,Blenders Pride (565),8,274,0.97648978,0,0.443719413,0,0,0.653296229,0,0.581901929,0.241051722,0.76230688,0.25026389,0,0.20266769,0,0.212647539,0,0,0.871317532,1.07168218,0.153536129,1.226753671,0.352365416,1
1506,Blenders Pride (565),8,275,0.97648978,0,0.443719413,0,0,0.653296229,0,0.581901929,0.241051722,0.76230688,0.25026389,0,0.20266769,0,0.212647539,0,0,0.871317532,1.07168218,0.153536129,1.226753671,0.352365416,1
1507,Blenders Pride (565),9,276,1.098551003,0,0.499184339,0,0,0.734958257,0,0.65463967,0.271183188,0.85759524,0.281546876,0,0.228001151,0,0.239228481,0,0,0.980232223,1.205642453,0.172728145,1.380097879,0.396411093,1
1508,Blenders Pride (565),7,277,0.854428558,0,0.388254486,0,0,0.5716342,0,0.509164188,0.210920257,0.66701852,0.218980904,0,0.177334229,0,0.186066596,0,0,0.76240284,0.937721908,0.134344113,1.073409462,0.308319739,1
1509,Blenders Pride (565),9,278,1.098551003,0,0.499184339,0,0,0.734958257,0,0.65463967,0.271183188,0.85759524,0.281546876,0,0.228001151,0,0.239228481,0,0,0.980232223,1.205642453,0.172728145,1.380097879,0.396411093,1
1510,Blenders Pride (565),7,279,0.854428558,0,0.388254486,0,0,0.5716342,0,0.509164188,0.210920257,0.66701852,0.218980904,0,0.177334229,0,0.186066596,0,0,0.76240284,0.937721908,0.134344113,1.073409462,0.308319739,1
1511,Blenders Pride (565),9,280,1.098551003,0,0.499184339,0,0,0.734958257,0,0.65463967,0.271183188,0.85759524,0.281546876,0,0.228001151,0,0.239228481,0,0,0.980232223,1.205642453,0.172728145,1.380097879,0.396411093,1
1512,Blenders Pride (565),9,281,1.098551003,0,0.499184339,0,0,0.734958257,0,0.65463967,0.271183188,0.85759524,0.281546876,0,0.228001151,0,0.239228481,0,0,0.980232223,1.205642453,0.172728145,1.380097879,0.396411093,1
1513,Blenders Pride (565),7,282,0.854428558,0,0.388254486,0,0,0.5716342,0,0.509164188,0.210920257,0.66701852,0.218980904,0,0.177334229,0,0.186066596,0,0,0.76240284,0.937721908,0.134344113,1.073409462,0.308319739,1
1514,Blenders Pride (565),9,283,1.098551003,0,0.499184339,0,0,0.734958257,0,0.65463967,0.271183188,0.85759524,0.281546876,0,0.228001151,0,0.239228481,0,0,0.980232223,1.205642453,0.172728145,1.380097879,0.396411093,1
1515,Blenders Pride (565),8,284,0.97648978,0,0.443719413,0,0,0.653296229,0,0.581901929,0.241051722,0.76230688,0.25026389,0,0.20266769,0,0.212647539,0,0,0.871317532,1.07168218,0.153536129,1.226753671,0.352365416,1
1516,Blenders Pride (565),5,285,0.610306113,0,0.277324633,0,0,0.408310143,0,0.363688706,0.150657327,0.4764418,0.156414931,0,0.126667306,0,0.132904712,0,0,0.544573457,0.669801363,0.096,0.766721044,0.220228385,3
1517,Blenders Pride (565),9,286,1.098551003,0,0.499184339,0,0,0.734958257,0,0.65463967,0.271183188,0.85759524,0.281546876,0,0.228001151,0,0.239228481,0,0,0.980232223,1.205642453,0.172728145,1.380097879,0.396411093,1
1518,Blenders Pride (565),3,287,0.366183668,0,0.16639478,0,0,0.244986086,0,0.218213223,0.0904,0.28586508,0.0938,0,0.076,0,0.0797,0,0,0.326744074,0.401880818,0.0576,0.460032626,0.132137031,3
1519,Blenders Pride (565),7,288,0.854428558,0,0.388254486,0,0,0.5716342,0,0.509164188,0.210920257,0.66701852,0.218980904,0,0.177334229,0,0.186066596,0,0,0.76240284,0.937721908,0.134344113,1.073409462,0.308319739,1
1520,Blenders Pride (565),8,289,0.97648978,0,0.443719413,0,0,0.653296229,0,0.581901929,0.241051722,0.76230688,0.25026389,0,0.20266769,0,0.212647539,0,0,0.871317532,1.07168218,0.153536129,1.226753671,0.352365416,1
1521,Blenders Pride (565),5,290,0.610306113,0,0.277324633,0,0,0.408310143,0,0.363688706,0.150657327,0.4764418,0.156414931,0,0.126667306,0,0.132904712,0,0,0.544573457,0.669801363,0.096,0.766721044,0.220228385,3
1522,Blenders Pride (565),1,291,0.122061223,0,0.0555,0,0,0.0817,0,0.0727,0.0301,0.0953,0.0313,0,0.0253,0,0.0266,0,0,0.108914691,0.133960273,0.0192,0.153344209,0.044,3
1523,Blenders Pride (565),9,292,1.098551003,0,0.499184339,0,0,0.734958257,0,0.65463967,0.271183188,0.85759524,0.281546876,0,0.228001151,0,0.239228481,0,0,0.980232223,1.205642453,0.172728145,1.380097879,0.396411093,1
1524,Blenders Pride (565),9,293,1.098551003,0,0.499184339,0,0,0.734958257,0,0.65463967,0.271183188,0.85759524,0.281546876,0,0.228001151,0,0.239228481,0,0,0.980232223,1.205642453,0.172728145,1.380097879,0.396411093,1
1525,Blenders Pride (565),1,294,0.122061223,0,0.0555,0,0,0.0817,0,0.0727,0.0301,0.0953,0.0313,0,0.0253,0,0.0266,0,0,0.108914691,0.133960273,0.0192,0.153344209,0.044,3
1526,Blenders Pride (565),3,295,0.366183668,0,0.16639478,0,0,0.244986086,0,0.218213223,0.0904,0.28586508,0.0938,0,0.076,0,0.0797,0,0,0.326744074,0.401880818,0.0576,0.460032626,0.132137031,3
1527,Blenders Pride (565),4,296,0.48824489,0,0.221859706,0,0,0.326648114,0,0.290950964,0.120525861,0.38115344,0.125131945,0,0.101333845,0,0.106323769,0,0,0.435658766,0.53584109,0.0768,0.613376835,0.176182708,3
1528,Blenders Pride (565),7,297,0.854428558,0,0.388254486,0,0,0.5716342,0,0.509164188,0.210920257,0.66701852,0.218980904,0,0.177334229,0,0.186066596,0,0,0.76240284,0.937721908,0.134344113,1.073409462,0.308319739,1
1529,Blenders Pride (565),7,298,0.854428558,0,0.388254486,0,0,0.5716342,0,0.509164188,0.210920257,0.66701852,0.218980904,0,0.177334229,0,0.186066596,0,0,0.76240284,0.937721908,0.134344113,1.073409462,0.308319739,1
1530,Blenders Pride (565),9,299,1.098551003,0,0.499184339,0,0,0.734958257,0,0.65463967,0.271183188,0.85759524,0.281546876,0,0.228001151,0,0.239228481,0,0,0.980232223,1.205642453,0.172728145,1.380097879,0.396411093,1
1531,Blenders Pride (565),9,300,1.098551003,0,0.499184339,0,0,0.734958257,0,0.65463967,0.271183188,0.85759524,0.281546876,0,0.228001151,0,0.239228481,0,0,0.980232223,1.205642453,0.172728145,1.380097879,0.396411093,1
1532,Blenders Pride (565),9,301,1.098551003,0,0.499184339,0,0,0.734958257,0,0.65463967,0.271183188,0.85759524,0.281546876,0,0.228001151,0,0.239228481,0,0,0.980232223,1.205642453,0.172728145,1.380097879,0.396411093,1
1533,Blenders Pride (565),7,302,0.854428558,0,0.388254486,0,0,0.5716342,0,0.509164188,0.210920257,0.66701852,0.218980904,0,0.177334229,0,0.186066596,0,0,0.76240284,0.937721908,0.134344113,1.073409462,0.308319739,1
1534,Blenders Pride (565),7,303,0.854428558,0,0.388254486,0,0,0.5716342,0,0.509164188,0.210920257,0.66701852,0.218980904,0,0.177334229,0,0.186066596,0,0,0.76240284,0.937721908,0.134344113,1.073409462,0.308319739,1
1535,Blenders Pride (565),1,304,0.122061223,0,0.0555,0,0,0.0817,0,0.0727,0.0301,0.0953,0.0313,0,0.0253,0,0.0266,0,0,0.108914691,0.133960273,0.0192,0.153344209,0.044,3
1536,Blenders Pride (565),4,305,0.48824489,0,0.221859706,0,0,0.326648114,0,0.290950964,0.120525861,0.38115344,0.125131945,0,0.101333845,0,0.106323769,0,0,0.435658766,0.53584109,0.0768,0.613376835,0.176182708,3
1537,Blenders Pride (565),5,306,0.610306113,0,0.277324633,0,0,0.408310143,0,0.363688706,0.150657327,0.4764418,0.156414931,0,0.126667306,0,0.132904712,0,0,0.544573457,0.669801363,0.096,0.766721044,0.220228385,3
1538,Blenders Pride (565),1,307,0.122061223,0,0.0555,0,0,0.0817,0,0.0727,0.0301,0.0953,0.0313,0,0.0253,0,0.0266,0,0,0.108914691,0.133960273,0.0192,0.153344209,0.044,3
1539,Blenders Pride (565),9,308,1.098551003,0,0.499184339,0,0,0.734958257,0,0.65463967,0.271183188,0.85759524,0.281546876,0,0.228001151,0,0.239228481,0,0,0.980232223,1.205642453,0.172728145,1.380097879,0.396411093,1
1540,434,8,1,0.812858999,0,0.654218772,0,0,0.550420234,0.0209,0.357848278,0.00463,0.321913199,0.266069836,0,0.222246568,0.182054372,0.188815676,0.847291566,0.743993865,0.646455793,0.835271469,0,1.11912103,0.225877639,0
1541,434,8,2,0.812858999,0,0.654218772,0,0,0.550420234,0.0209,0.357848278,0.00463,0.321913199,0.266069836,0,0.222246568,0.182054372,0.188815676,0.847291566,0.743993865,0.646455793,0.835271469,0,1.11912103,0.225877639,0
1542,434,1,3,0.101607375,0,0.0818,0,0,0.0688,0.00261,0.0447,0.000579,0.0402,0.0333,0,0.027780821,0.0228,0.0236,0.105911446,0.093,0.0808,0.104408934,0,0.139890129,0.0282,3
1543,434,8,4,0.812858999,0,0.654218772,0,0,0.550420234,0.0209,0.357848278,0.00463,0.321913199,0.266069836,0,0.222246568,0.182054372,0.188815676,0.847291566,0.743993865,0.646455793,0.835271469,0,1.11912103,0.225877639,0
1544,434,8,5,0.812858999,0,0.654218772,0,0,0.550420234,0.0209,0.357848278,0.00463,0.321913199,0.266069836,0,0.222246568,0.182054372,0.188815676,0.847291566,0.743993865,0.646455793,0.835271469,0,1.11912103,0.225877639,0
1545,434,9,6,0.914466373,0,0.735996119,0,0,0.619222763,0.0235,0.402579312,0.00521,0.362152348,0.299328565,0,0.25002739,0.204811169,0.212417636,0.953203011,0.836993098,0.727262767,0.939680403,0,1.259011159,0.254112344,0
1546,434,7,7,0.711251624,0,0.572441426,0,0,0.481617705,0.0183,0.313117243,0.00405,0.281674049,0.232811106,0,0.194465747,0.159297576,0.165213717,0.74138012,0.650994632,0.565648819,0.730862536,0,0.979230902,0.197642934,0
1547,434,7,8,0.711251624,0,0.572441426,0,0,0.481617705,0.0183,0.313117243,0.00405,0.281674049,0.232811106,0,0.194465747,0.159297576,0.165213717,0.74138012,0.650994632,0.565648819,0.730862536,0,0.979230902,0.197642934,0
1548,434,8,9,0.812858999,0,0.654218772,0,0,0.550420234,0.0209,0.357848278,0.00463,0.321913199,0.266069836,0,0.222246568,0.182054372,0.188815676,0.847291566,0.743993865,0.646455793,0.835271469,0,1.11912103,0.225877639,0
1549,434,8,10,0.812858999,0,0.654218772,0,0,0.550420234,0.0209,0.357848278,0.00463,0.321913199,0.266069836,0,0.222246568,0.182054372,0.188815676,0.847291566,0.743993865,0.646455793,0.835271469,0,1.11912103,0.225877639,0
1550,434,8,11,0.812858999,0,0.654218772,0,0,0.550420234,0.0209,0.357848278,0.00463,0.321913199,0.266069836,0,0.222246568,0.182054372,0.188815676,0.847291566,0.743993865,0.646455793,0.835271469,0,1.11912103,0.225877639,0
1551,434,8,12,0.812858999,0,0.654218772,0,0,0.550420234,0.0209,0.357848278,0.00463,0.321913199,0.266069836,0,0.222246568,0.182054372,0.188815676,0.847291566,0.743993865,0.646455793,0.835271469,0,1.11912103,0.225877639,0
1552,434,8,13,0.812858999,0,0.654218772,0,0,0.550420234,0.0209,0.357848278,0.00463,0.321913199,0.266069836,0,0.222246568,0.182054372,0.188815676,0.847291566,0.743993865,0.646455793,0.835271469,0,1.11912103,0.225877639,0
1553,434,9,14,0.914466373,0,0.735996119,0,0,0.619222763,0.0235,0.402579312,0.00521,0.362152348,0.299328565,0,0.25002739,0.204811169,0.212417636,0.953203011,0.836993098,0.727262767,0.939680403,0,1.259011159,0.254112344,0
1554,434,6,15,0.609644249,0,0.490664079,0,0,0.412815175,0.0157,0.268386208,0.00347,0.241434899,0.199552377,0,0.166684926,0.136540779,0.141611757,0.635468674,0.557995399,0.484841845,0.626453602,0,0.839340773,0.169408229,0
1555,434,9,16,0.914466373,0,0.735996119,0,0,0.619222763,0.0235,0.402579312,0.00521,0.362152348,0.299328565,0,0.25002739,0.204811169,0.212417636,0.953203011,0.836993098,0.727262767,0.939680403,0,1.259011159,0.254112344,0
1556,434,9,17,0.914466373,0,0.735996119,0,0,0.619222763,0.0235,0.402579312,0.00521,0.362152348,0.299328565,0,0.25002739,0.204811169,0.212417636,0.953203011,0.836993098,0.727262767,0.939680403,0,1.259011159,0.254112344,0
1557,434,8,18,0.812858999,0,0.654218772,0,0,0.550420234,0.0209,0.357848278,0.00463,0.321913199,0.266069836,0,0.222246568,0.182054372,0.188815676,0.847291566,0.743993865,0.646455793,0.835271469,0,1.11912103,0.225877639,0
1558,434,8,19,0.812858999,0,0.654218772,0,0,0.550420234,0.0209,0.357848278,0.00463,0.321913199,0.266069836,0,0.222246568,0.182054372,0.188815676,0.847291566,0.743993865,0.646455793,0.835271469,0,1.11912103,0.225877639,0
1559,434,6,20,0.609644249,0,0.490664079,0,0,0.412815175,0.0157,0.268386208,0.00347,0.241434899,0.199552377,0,0.166684926,0.136540779,0.141611757,0.635468674,0.557995399,0.484841845,0.626453602,0,0.839340773,0.169408229,0
1560,434,7,21,0.711251624,0,0.572441426,0,0,0.481617705,0.0183,0.313117243,0.00405,0.281674049,0.232811106,0,0.194465747,0.159297576,0.165213717,0.74138012,0.650994632,0.565648819,0.730862536,0,0.979230902,0.197642934,0
1561,434,8,22,0.812858999,0,0.654218772,0,0,0.550420234,0.0209,0.357848278,0.00463,0.321913199,0.266069836,0,0.222246568,0.182054372,0.188815676,0.847291566,0.743993865,0.646455793,0.835271469,0,1.11912103,0.225877639,0
1562,434,8,23,0.812858999,0,0.654218772,0,0,0.550420234,0.0209,0.357848278,0.00463,0.321913199,0.266069836,0,0.222246568,0.182054372,0.188815676,0.847291566,0.743993865,0.646455793,0.835271469,0,1.11912103,0.225877639,0
1563,434,8,24,0.812858999,0,0.654218772,0,0,0.550420234,0.0209,0.357848278,0.00463,0.321913199,0.266069836,0,0.222246568,0.182054372,0.188815676,0.847291566,0.743993865,0.646455793,0.835271469,0,1.11912103,0.225877639,0
1564,434,9,25,0.914466373,0,0.735996119,0,0,0.619222763,0.0235,0.402579312,0.00521,0.362152348,0.299328565,0,0.25002739,0.204811169,0.212417636,0.953203011,0.836993098,0.727262767,0.939680403,0,1.259011159,0.254112344,0
1565,434,9,26,0.914466373,0,0.735996119,0,0,0.619222763,0.0235,0.402579312,0.00521,0.362152348,0.299328565,0,0.25002739,0.204811169,0.212417636,0.953203011,0.836993098,0.727262767,0.939680403,0,1.259011159,0.254112344,0
1566,434,8,27,0.812858999,0,0.654218772,0,0,0.550420234,0.0209,0.357848278,0.00463,0.321913199,0.266069836,0,0.222246568,0.182054372,0.188815676,0.847291566,0.743993865,0.646455793,0.835271469,0,1.11912103,0.225877639,0
1567,434,5,28,0.508036874,0,0.408886733,0,0,0.344012646,0.0131,0.223655173,0.0029,0.201195749,0.166293647,0,0.138904105,0.113783983,0.118009798,0.529557228,0.464996165,0.404034871,0.522044668,0,0.699450644,0.141173524,0
1568,434,8,29,0.812858999,0,0.654218772,0,0,0.550420234,0.0209,0.357848278,0.00463,0.321913199,0.266069836,0,0.222246568,0.182054372,0.188815676,0.847291566,0.743993865,0.646455793,0.835271469,0,1.11912103,0.225877639,0
1569,434,6,30,0.609644249,0,0.490664079,0,0,0.412815175,0.0157,0.268386208,0.00347,0.241434899,0.199552377,0,0.166684926,0.136540779,0.141611757,0.635468674,0.557995399,0.484841845,0.626453602,0,0.839340773,0.169408229,0
1570,434,8,31,0.812858999,0,0.654218772,0,0,0.550420234,0.0209,0.357848278,0.00463,0.321913199,0.266069836,0,0.222246568,0.182054372,0.188815676,0.847291566,0.743993865,0.646455793,0.835271469,0,1.11912103,0.225877639,0
1571,434,7,32,0.711251624,0,0.572441426,0,0,0.481617705,0.0183,0.313117243,0.00405,0.281674049,0.232811106,0,0.194465747,0.159297576,0.165213717,0.74138012,0.650994632,0.565648819,0.730862536,0,0.979230902,0.197642934,0
1572,434,7,33,0.711251624,0,0.572441426,0,0,0.481617705,0.0183,0.313117243,0.00405,0.281674049,0.232811106,0,0.194465747,0.159297576,0.165213717,0.74138012,0.650994632,0.565648819,0.730862536,0,0.979230902,0.197642934,0
1573,434,9,34,0.914466373,0,0.735996119,0,0,0.619222763,0.0235,0.402579312,0.00521,0.362152348,0.299328565,0,0.25002739,0.204811169,0.212417636,0.953203011,0.836993098,0.727262767,0.939680403,0,1.259011159,0.254112344,0
1574,434,8,35,0.812858999,0,0.654218772,0,0,0.550420234,0.0209,0.357848278,0.00463,0.321913199,0.266069836,0,0.222246568,0.182054372,0.188815676,0.847291566,0.743993865,0.646455793,0.835271469,0,1.11912103,0.225877639,0
1575,434,8,36,0.812858999,0,0.654218772,0,0,0.550420234,0.0209,0.357848278,0.00463,0.321913199,0.266069836,0,0.222246568,0.182054372,0.188815676,0.847291566,0.743993865,0.646455793,0.835271469,0,1.11912103,0.225877639,0
1576,434,7,37,0.711251624,0,0.572441426,0,0,0.481617705,0.0183,0.313117243,0.00405,0.281674049,0.232811106,0,0.194465747,0.159297576,0.165213717,0.74138012,0.650994632,0.565648819,0.730862536,0,0.979230902,0.197642934,0
1577,434,9,38,0.914466373,0,0.735996119,0,0,0.619222763,0.0235,0.402579312,0.00521,0.362152348,0.299328565,0,0.25002739,0.204811169,0.212417636,0.953203011,0.836993098,0.727262767,0.939680403,0,1.259011159,0.254112344,0
1578,434,9,39,0.914466373,0,0.735996119,0,0,0.619222763,0.0235,0.402579312,0.00521,0.362152348,0.299328565,0,0.25002739,0.204811169,0.212417636,0.953203011,0.836993098,0.727262767,0.939680403,0,1.259011159,0.254112344,0
1579,434,8,40,0.812858999,0,0.654218772,0,0,0.550420234,0.0209,0.357848278,0.00463,0.321913199,0.266069836,0,0.222246568,0.182054372,0.188815676,0.847291566,0.743993865,0.646455793,0.835271469,0,1.11912103,0.225877639,0
1580,434,7,41,0.711251624,0,0.572441426,0,0,0.481617705,0.0183,0.313117243,0.00405,0.281674049,0.232811106,0,0.194465747,0.159297576,0.165213717,0.74138012,0.650994632,0.565648819,0.730862536,0,0.979230902,0.197642934,0
1581,434,6,42,0.609644249,0,0.490664079,0,0,0.412815175,0.0157,0.268386208,0.00347,0.241434899,0.199552377,0,0.166684926,0.136540779,0.141611757,0.635468674,0.557995399,0.484841845,0.626453602,0,0.839340773,0.169408229,0
1582,434,9,43,0.914466373,0,0.735996119,0,0,0.619222763,0.0235,0.402579312,0.00521,0.362152348,0.299328565,0,0.25002739,0.204811169,0.212417636,0.953203011,0.836993098,0.727262767,0.939680403,0,1.259011159,0.254112344,0
1583,434,9,44,0.914466373,0,0.735996119,0,0,0.619222763,0.0235,0.402579312,0.00521,0.362152348,0.299328565,0,0.25002739,0.204811169,0.212417636,0.953203011,0.836993098,0.727262767,0.939680403,0,1.259011159,0.254112344,0
1584,434,8,45,0.812858999,0,0.654218772,0,0,0.550420234,0.0209,0.357848278,0.00463,0.321913199,0.266069836,0,0.222246568,0.182054372,0.188815676,0.847291566,0.743993865,0.646455793,0.835271469,0,1.11912103,0.225877639,0
1585,434,8,46,0.812858999,0,0.654218772,0,0,0.550420234,0.0209,0.357848278,0.00463,0.321913199,0.266069836,0,0.222246568,0.182054372,0.188815676,0.847291566,0.743993865,0.646455793,0.835271469,0,1.11912103,0.225877639,0
1586,434,5,47,0.508036874,0,0.408886733,0,0,0.344012646,0.0131,0.223655173,0.0029,0.201195749,0.166293647,0,0.138904105,0.113783983,0.118009798,0.529557228,0.464996165,0.404034871,0.522044668,0,0.699450644,0.141173524,0
1587,434,8,48,0.812858999,0,0.654218772,0,0,0.550420234,0.0209,0.357848278,0.00463,0.321913199,0.266069836,0,0.222246568,0.182054372,0.188815676,0.847291566,0.743993865,0.646455793,0.835271469,0,1.11912103,0.225877639,0
1588,434,9,49,0.914466373,0,0.735996119,0,0,0.619222763,0.0235,0.402579312,0.00521,0.362152348,0.299328565,0,0.25002739,0.204811169,0.212417636,0.953203011,0.836993098,0.727262767,0.939680403,0,1.259011159,0.254112344,0
1589,434,6,50,0.609644249,0,0.490664079,0,0,0.412815175,0.0157,0.268386208,0.00347,0.241434899,0.199552377,0,0.166684926,0.136540779,0.141611757,0.635468674,0.557995399,0.484841845,0.626453602,0,0.839340773,0.169408229,0
1590,434,8,51,0.812858999,0,0.654218772,0,0,0.550420234,0.0209,0.357848278,0.00463,0.321913199,0.266069836,0,0.222246568,0.182054372,0.188815676,0.847291566,0.743993865,0.646455793,0.835271469,0,1.11912103,0.225877639,0
1591,434,9,52,0.914466373,0,0.735996119,0,0,0.619222763,0.0235,0.402579312,0.00521,0.362152348,0.299328565,0,0.25002739,0.204811169,0.212417636,0.953203011,0.836993098,0.727262767,0.939680403,0,1.259011159,0.254112344,0
1592,434,8,53,0.812858999,0,0.654218772,0,0,0.550420234,0.0209,0.357848278,0.00463,0.321913199,0.266069836,0,0.222246568,0.182054372,0.188815676,0.847291566,0.743993865,0.646455793,0.835271469,0,1.11912103,0.225877639,0
1593,434,9,54,0.914466373,0,0.735996119,0,0,0.619222763,0.0235,0.402579312,0.00521,0.362152348,0.299328565,0,0.25002739,0.204811169,0.212417636,0.953203011,0.836993098,0.727262767,0.939680403,0,1.259011159,0.254112344,0
1594,434,9,55,0.914466373,0,0.735996119,0,0,0.619222763,0.0235,0.402579312,0.00521,0.362152348,0.299328565,0,0.25002739,0.204811169,0.212417636,0.953203011,0.836993098,0.727262767,0.939680403,0,1.259011159,0.254112344,0
1595,434,7,56,0.711251624,0,0.572441426,0,0,0.481617705,0.0183,0.313117243,0.00405,0.281674049,0.232811106,0,0.194465747,0.159297576,0.165213717,0.74138012,0.650994632,0.565648819,0.730862536,0,0.979230902,0.197642934,0
1596,434,9,57,0.914466373,0,0.735996119,0,0,0.619222763,0.0235,0.402579312,0.00521,0.362152348,0.299328565,0,0.25002739,0.204811169,0.212417636,0.953203011,0.836993098,0.727262767,0.939680403,0,1.259011159,0.254112344,0
1597,434,5,58,0.508036874,0,0.408886733,0,0,0.344012646,0.0131,0.223655173,0.0029,0.201195749,0.166293647,0,0.138904105,0.113783983,0.118009798,0.529557228,0.464996165,0.404034871,0.522044668,0,0.699450644,0.141173524,0
1598,434,8,59,0.812858999,0,0.654218772,0,0,0.550420234,0.0209,0.357848278,0.00463,0.321913199,0.266069836,0,0.222246568,0.182054372,0.188815676,0.847291566,0.743993865,0.646455793,0.835271469,0,1.11912103,0.225877639,0
1599,434,7,60,0.711251624,0,0.572441426,0,0,0.481617705,0.0183,0.313117243,0.00405,0.281674049,0.232811106,0,0.194465747,0.159297576,0.165213717,0.74138012,0.650994632,0.565648819,0.730862536,0,0.979230902,0.197642934,0
1600,434,5,61,0.508036874,0,0.408886733,0,0,0.344012646,0.0131,0.223655173,0.0029,0.201195749,0.166293647,0,0.138904105,0.113783983,0.118009798,0.529557228,0.464996165,0.404034871,0.522044668,0,0.699450644,0.141173524,0
1601,434,9,62,0.914466373,0,0.735996119,0,0,0.619222763,0.0235,0.402579312,0.00521,0.362152348,0.299328565,0,0.25002739,0.204811169,0.212417636,0.953203011,0.836993098,0.727262767,0.939680403,0,1.259011159,0.254112344,0
1602,434,5,63,0.508036874,0,0.408886733,0,0,0.344012646,0.0131,0.223655173,0.0029,0.201195749,0.166293647,0,0.138904105,0.113783983,0.118009798,0.529557228,0.464996165,0.404034871,0.522044668,0,0.699450644,0.141173524,0
1603,434,6,64,0.609644249,0,0.490664079,0,0,0.412815175,0.0157,0.268386208,0.00347,0.241434899,0.199552377,0,0.166684926,0.136540779,0.141611757,0.635468674,0.557995399,0.484841845,0.626453602,0,0.839340773,0.169408229,0
1604,434,9,65,0.914466373,0,0.735996119,0,0,0.619222763,0.0235,0.402579312,0.00521,0.362152348,0.299328565,0,0.25002739,0.204811169,0.212417636,0.953203011,0.836993098,0.727262767,0.939680403,0,1.259011159,0.254112344,0
1605,434,7,66,0.711251624,0,0.572441426,0,0,0.481617705,0.0183,0.313117243,0.00405,0.281674049,0.232811106,0,0.194465747,0.159297576,0.165213717,0.74138012,0.650994632,0.565648819,0.730862536,0,0.979230902,0.197642934,0
1606,434,5,67,0.508036874,0,0.408886733,0,0,0.344012646,0.0131,0.223655173,0.0029,0.201195749,0.166293647,0,0.138904105,0.113783983,0.118009798,0.529557228,0.464996165,0.404034871,0.522044668,0,0.699450644,0.141173524,0
1607,434,9,68,0.914466373,0,0.735996119,0,0,0.619222763,0.0235,0.402579312,0.00521,0.362152348,0.299328565,0,0.25002739,0.204811169,0.212417636,0.953203011,0.836993098,0.727262767,0.939680403,0,1.259011159,0.254112344,0
1608,434,7,69,0.711251624,0,0.572441426,0,0,0.481617705,0.0183,0.313117243,0.00405,0.281674049,0.232811106,0,0.194465747,0.159297576,0.165213717,0.74138012,0.650994632,0.565648819,0.730862536,0,0.979230902,0.197642934,0
1609,434,8,70,0.812858999,0,0.654218772,0,0,0.550420234,0.0209,0.357848278,0.00463,0.321913199,0.266069836,0,0.222246568,0.182054372,0.188815676,0.847291566,0.743993865,0.646455793,0.835271469,0,1.11912103,0.225877639,0
1610,434,5,71,0.508036874,0,0.408886733,0,0,0.344012646,0.0131,0.223655173,0.0029,0.201195749,0.166293647,0,0.138904105,0.113783983,0.118009798,0.529557228,0.464996165,0.404034871,0.522044668,0,0.699450644,0.141173524,0
1611,434,7,72,0.711251624,0,0.572441426,0,0,0.481617705,0.0183,0.313117243,0.00405,0.281674049,0.232811106,0,0.194465747,0.159297576,0.165213717,0.74138012,0.650994632,0.565648819,0.730862536,0,0.979230902,0.197642934,0
1612,434,9,73,0.914466373,0,0.735996119,0,0,0.619222763,0.0235,0.402579312,0.00521,0.362152348,0.299328565,0,0.25002739,0.204811169,0.212417636,0.953203011,0.836993098,0.727262767,0.939680403,0,1.259011159,0.254112344,0
1613,434,6,74,0.609644249,0,0.490664079,0,0,0.412815175,0.0157,0.268386208,0.00347,0.241434899,0.199552377,0,0.166684926,0.136540779,0.141611757,0.635468674,0.557995399,0.484841845,0.626453602,0,0.839340773,0.169408229,0
1614,434,9,75,0.914466373,0,0.735996119,0,0,0.619222763,0.0235,0.402579312,0.00521,0.362152348,0.299328565,0,0.25002739,0.204811169,0.212417636,0.953203011,0.836993098,0.727262767,0.939680403,0,1.259011159,0.254112344,0
1615,434,9,76,0.914466373,0,0.735996119,0,0,0.619222763,0.0235,0.402579312,0.00521,0.362152348,0.299328565,0,0.25002739,0.204811169,0.212417636,0.953203011,0.836993098,0.727262767,0.939680403,0,1.259011159,0.254112344,0
1616,434,9,77,0.914466373,0,0.735996119,0,0,0.619222763,0.0235,0.402579312,0.00521,0.362152348,0.299328565,0,0.25002739,0.204811169,0.212417636,0.953203011,0.836993098,0.727262767,0.939680403,0,1.259011159,0.254112344,0
1617,434,7,78,0.711251624,0,0.572441426,0,0,0.481617705,0.0183,0.313117243,0.00405,0.281674049,0.232811106,0,0.194465747,0.159297576,0.165213717,0.74138012,0.650994632,0.565648819,0.730862536,0,0.979230902,0.197642934,0
1618,434,9,79,0.914466373,0,0.735996119,0,0,0.619222763,0.0235,0.402579312,0.00521,0.362152348,0.299328565,0,0.25002739,0.204811169,0.212417636,0.953203011,0.836993098,0.727262767,0.939680403,0,1.259011159,0.254112344,0
1619,434,8,80,0.812858999,0,0.654218772,0,0,0.550420234,0.0209,0.357848278,0.00463,0.321913199,0.266069836,0,0.222246568,0.182054372,0.188815676,0.847291566,0.743993865,0.646455793,0.835271469,0,1.11912103,0.225877639,0
1620,434,7,81,0.711251624,0,0.572441426,0,0,0.481617705,0.0183,0.313117243,0.00405,0.281674049,0.232811106,0,0.194465747,0.159297576,0.165213717,0.74138012,0.650994632,0.565648819,0.730862536,0,0.979230902,0.197642934,0
1621,434,9,82,0.914466373,0,0.735996119,0,0,0.619222763,0.0235,0.402579312,0.00521,0.362152348,0.299328565,0,0.25002739,0.204811169,0.212417636,0.953203011,0.836993098,0.727262767,0.939680403,0,1.259011159,0.254112344,0
1622,434,5,83,0.508036874,0,0.408886733,0,0,0.344012646,0.0131,0.223655173,0.0029,0.201195749,0.166293647,0,0.138904105,0.113783983,0.118009798,0.529557228,0.464996165,0.404034871,0.522044668,0,0.699450644,0.141173524,0
1623,434,7,84,0.711251624,0,0.572441426,0,0,0.481617705,0.0183,0.313117243,0.00405,0.281674049,0.232811106,0,0.194465747,0.159297576,0.165213717,0.74138012,0.650994632,0.565648819,0.730862536,0,0.979230902,0.197642934,0
1624,434,9,85,0.914466373,0,0.735996119,0,0,0.619222763,0.0235,0.402579312,0.00521,0.362152348,0.299328565,0,0.25002739,0.204811169,0.212417636,0.953203011,0.836993098,0.727262767,0.939680403,0,1.259011159,0.254112344,0
1625,434,9,86,0.914466373,0,0.735996119,0,0,0.619222763,0.0235,0.402579312,0.00521,0.362152348,0.299328565,0,0.25002739,0.204811169,0.212417636,0.953203011,0.836993098,0.727262767,0.939680403,0,1.259011159,0.254112344,0
1626,434,6,87,0.609644249,0,0.490664079,0,0,0.412815175,0.0157,0.268386208,0.00347,0.241434899,0.199552377,0,0.166684926,0.136540779,0.141611757,0.635468674,0.557995399,0.484841845,0.626453602,0,0.839340773,0.169408229,0
1627,434,2,88,0.20321475,0,0.163554693,0,0,0.137605058,0.00523,0.0895,0.00116,0.0805,0.0665,0,0.0556,0.0455,0.0472,0.211822891,0.185998466,0.161613948,0.208817867,0,0.279780258,0.0565,3
1628,434,5,89,0.508036874,0,0.408886733,0,0,0.344012646,0.0131,0.223655173,0.0029,0.201195749,0.166293647,0,0.138904105,0.113783983,0.118009798,0.529557228,0.464996165,0.404034871,0.522044668,0,0.699450644,0.141173524,0
1629,434,1,90,0.101607375,0,0.0818,0,0,0.0688,0.00261,0.0447,0.000579,0.0402,0.0333,0,0.027780821,0.0228,0.0236,0.105911446,0.093,0.0808,0.104408934,0,0.139890129,0.0282,3
1630,434,9,91,0.914466373,0,0.735996119,0,0,0.619222763,0.0235,0.402579312,0.00521,0.362152348,0.299328565,0,0.25002739,0.204811169,0.212417636,0.953203011,0.836993098,0.727262767,0.939680403,0,1.259011159,0.254112344,0
1631,434,6,92,0.609644249,0,0.490664079,0,0,0.412815175,0.0157,0.268386208,0.00347,0.241434899,0.199552377,0,0.166684926,0.136540779,0.141611757,0.635468674,0.557995399,0.484841845,0.626453602,0,0.839340773,0.169408229,0
1632,434,9,93,0.914466373,0,0.735996119,0,0,0.619222763,0.0235,0.402579312,0.00521,0.362152348,0.299328565,0,0.25002739,0.204811169,0.212417636,0.953203011,0.836993098,0.727262767,0.939680403,0,1.259011159,0.254112344,0
1633,434,7,94,0.711251624,0,0.572441426,0,0,0.481617705,0.0183,0.313117243,0.00405,0.281674049,0.232811106,0,0.194465747,0.159297576,0.165213717,0.74138012,0.650994632,0.565648819,0.730862536,0,0.979230902,0.197642934,0
1634,434,6,95,0.609644249,0,0.490664079,0,0,0.412815175,0.0157,0.268386208,0.00347,0.241434899,0.199552377,0,0.166684926,0.136540779,0.141611757,0.635468674,0.557995399,0.484841845,0.626453602,0,0.839340773,0.169408229,0
1635,434,5,96,0.508036874,0,0.408886733,0,0,0.344012646,0.0131,0.223655173,0.0029,0.201195749,0.166293647,0,0.138904105,0.113783983,0.118009798,0.529557228,0.464996165,0.404034871,0.522044668,0,0.699450644,0.141173524,0
1636,434,7,97,0.711251624,0,0.572441426,0,0,0.481617705,0.0183,0.313117243,0.00405,0.281674049,0.232811106,0,0.194465747,0.159297576,0.165213717,0.74138012,0.650994632,0.565648819,0.730862536,0,0.979230902,0.197642934,0
1637,434,9,98,0.914466373,0,0.735996119,0,0,0.619222763,0.0235,0.402579312,0.00521,0.362152348,0.299328565,0,0.25002739,0.204811169,0.212417636,0.953203011,0.836993098,0.727262767,0.939680403,0,1.259011159,0.254112344,0
1638,434,8,99,0.812858999,0,0.654218772,0,0,0.550420234,0.0209,0.357848278,0.00463,0.321913199,0.266069836,0,0.222246568,0.182054372,0.188815676,0.847291566,0.743993865,0.646455793,0.835271469,0,1.11912103,0.225877639,0
1639,434,8,100,0.812858999,0,0.654218772,0,0,0.550420234,0.0209,0.357848278,0.00463,0.321913199,0.266069836,0,0.222246568,0.182054372,0.188815676,0.847291566,0.743993865,0.646455793,0.835271469,0,1.11912103,0.225877639,0
1640,434,7,101,0.711251624,0,0.572441426,0,0,0.481617705,0.0183,0.313117243,0.00405,0.281674049,0.232811106,0,0.194465747,0.159297576,0.165213717,0.74138012,0.650994632,0.565648819,0.730862536,0,0.979230902,0.197642934,0
1641,434,8,102,0.812858999,0,0.654218772,0,0,0.550420234,0.0209,0.357848278,0.00463,0.321913199,0.266069836,0,0.222246568,0.182054372,0.188815676,0.847291566,0.743993865,0.646455793,0.835271469,0,1.11912103,0.225877639,0
1642,434,6,103,0.609644249,0,0.490664079,0,0,0.412815175,0.0157,0.268386208,0.00347,0.241434899,0.199552377,0,0.166684926,0.136540779,0.141611757,0.635468674,0.557995399,0.484841845,0.626453602,0,0.839340773,0.169408229,0
1643,434,7,104,0.711251624,0,0.572441426,0,0,0.481617705,0.0183,0.313117243,0.00405,0.281674049,0.232811106,0,0.194465747,0.159297576,0.165213717,0.74138012,0.650994632,0.565648819,0.730862536,0,0.979230902,0.197642934,0
1644,434,8,105,0.812858999,0,0.654218772,0,0,0.550420234,0.0209,0.357848278,0.00463,0.321913199,0.266069836,0,0.222246568,0.182054372,0.188815676,0.847291566,0.743993865,0.646455793,0.835271469,0,1.11912103,0.225877639,0
1645,434,8,106,0.812858999,0,0.654218772,0,0,0.550420234,0.0209,0.357848278,0.00463,0.321913199,0.266069836,0,0.222246568,0.182054372,0.188815676,0.847291566,0.743993865,0.646455793,0.835271469,0,1.11912103,0.225877639,0
1646,434,7,107,0.711251624,0,0.572441426,0,0,0.481617705,0.0183,0.313117243,0.00405,0.281674049,0.232811106,0,0.194465747,0.159297576,0.165213717,0.74138012,0.650994632,0.565648819,0.730862536,0,0.979230902,0.197642934,0
1647,434,9,108,0.914466373,0,0.735996119,0,0,0.619222763,0.0235,0.402579312,0.00521,0.362152348,0.299328565,0,0.25002739,0.204811169,0.212417636,0.953203011,0.836993098,0.727262767,0.939680403,0,1.259011159,0.254112344,0
1648,434,8,109,0.812858999,0,0.654218772,0,0,0.550420234,0.0209,0.357848278,0.00463,0.321913199,0.266069836,0,0.222246568,0.182054372,0.188815676,0.847291566,0.743993865,0.646455793,0.835271469,0,1.11912103,0.225877639,0
1649,434,4,110,0.406429499,0,0.327109386,0,0,0.275210117,0.0105,0.178924139,0.00232,0.160956599,0.133034918,0,0.111123284,0.091,0.0944,0.423645783,0.371996932,0.323227897,0.417635735,0,0.559560515,0.11293882,3
1650,434,6,111,0.609644249,0,0.490664079,0,0,0.412815175,0.0157,0.268386208,0.00347,0.241434899,0.199552377,0,0.166684926,0.136540779,0.141611757,0.635468674,0.557995399,0.484841845,0.626453602,0,0.839340773,0.169408229,0
1651,434,6,112,0.609644249,0,0.490664079,0,0,0.412815175,0.0157,0.268386208,0.00347,0.241434899,0.199552377,0,0.166684926,0.136540779,0.141611757,0.635468674,0.557995399,0.484841845,0.626453602,0,0.839340773,0.169408229,0
1652,434,7,113,0.711251624,0,0.572441426,0,0,0.481617705,0.0183,0.313117243,0.00405,0.281674049,0.232811106,0,0.194465747,0.159297576,0.165213717,0.74138012,0.650994632,0.565648819,0.730862536,0,0.979230902,0.197642934,0
1653,434,7,114,0.711251624,0,0.572441426,0,0,0.481617705,0.0183,0.313117243,0.00405,0.281674049,0.232811106,0,0.194465747,0.159297576,0.165213717,0.74138012,0.650994632,0.565648819,0.730862536,0,0.979230902,0.197642934,0
1654,434,9,115,0.914466373,0,0.735996119,0,0,0.619222763,0.0235,0.402579312,0.00521,0.362152348,0.299328565,0,0.25002739,0.204811169,0.212417636,0.953203011,0.836993098,0.727262767,0.939680403,0,1.259011159,0.254112344,0
1655,434,5,116,0.508036874,0,0.408886733,0,0,0.344012646,0.0131,0.223655173,0.0029,0.201195749,0.166293647,0,0.138904105,0.113783983,0.118009798,0.529557228,0.464996165,0.404034871,0.522044668,0,0.699450644,0.141173524,0
1656,434,3,117,0.304822124,0,0.24533204,0,0,0.206407588,0.00784,0.134193104,0.00174,0.120717449,0.0998,0,0.0833,0.0683,0.0708,0.317734337,0.278997699,0.242420922,0.313226801,0,0.419670386,0.0847,3
1657,434,8,118,0.812858999,0,0.654218772,0,0,0.550420234,0.0209,0.357848278,0.00463,0.321913199,0.266069836,0,0.222246568,0.182054372,0.188815676,0.847291566,0.743993865,0.646455793,0.835271469,0,1.11912103,0.225877639,0
1658,434,8,119,0.812858999,0,0.654218772,0,0,0.550420234,0.0209,0.357848278,0.00463,0.321913199,0.266069836,0,0.222246568,0.182054372,0.188815676,0.847291566,0.743993865,0.646455793,0.835271469,0,1.11912103,0.225877639,0
1659,434,7,120,0.711251624,0,0.572441426,0,0,0.481617705,0.0183,0.313117243,0.00405,0.281674049,0.232811106,0,0.194465747,0.159297576,0.165213717,0.74138012,0.650994632,0.565648819,0.730862536,0,0.979230902,0.197642934,0
1660,434,9,121,0.914466373,0,0.735996119,0,0,0.619222763,0.0235,0.402579312,0.00521,0.362152348,0.299328565,0,0.25002739,0.204811169,0.212417636,0.953203011,0.836993098,0.727262767,0.939680403,0,1.259011159,0.254112344,0
1661,434,5,122,0.508036874,0,0.408886733,0,0,0.344012646,0.0131,0.223655173,0.0029,0.201195749,0.166293647,0,0.138904105,0.113783983,0.118009798,0.529557228,0.464996165,0.404034871,0.522044668,0,0.699450644,0.141173524,0
1662,434,2,123,0.20321475,0,0.163554693,0,0,0.137605058,0.00523,0.0895,0.00116,0.0805,0.0665,0,0.0556,0.0455,0.0472,0.211822891,0.185998466,0.161613948,0.208817867,0,0.279780258,0.0565,3
1663,434,9,124,0.914466373,0,0.735996119,0,0,0.619222763,0.0235,0.402579312,0.00521,0.362152348,0.299328565,0,0.25002739,0.204811169,0.212417636,0.953203011,0.836993098,0.727262767,0.939680403,0,1.259011159,0.254112344,0
1664,434,8,125,0.812858999,0,0.654218772,0,0,0.550420234,0.0209,0.357848278,0.00463,0.321913199,0.266069836,0,0.222246568,0.182054372,0.188815676,0.847291566,0.743993865,0.646455793,0.835271469,0,1.11912103,0.225877639,0
1665,434,6,126,0.609644249,0,0.490664079,0,0,0.412815175,0.0157,0.268386208,0.00347,0.241434899,0.199552377,0,0.166684926,0.136540779,0.141611757,0.635468674,0.557995399,0.484841845,0.626453602,0,0.839340773,0.169408229,0
1666,434,6,127,0.609644249,0,0.490664079,0,0,0.412815175,0.0157,0.268386208,0.00347,0.241434899,0.199552377,0,0.166684926,0.136540779,0.141611757,0.635468674,0.557995399,0.484841845,0.626453602,0,0.839340773,0.169408229,0
1667,434,7,128,0.711251624,0,0.572441426,0,0,0.481617705,0.0183,0.313117243,0.00405,0.281674049,0.232811106,0,0.194465747,0.159297576,0.165213717,0.74138012,0.650994632,0.565648819,0.730862536,0,0.979230902,0.197642934,0
1668,434,6,129,0.609644249,0,0.490664079,0,0,0.412815175,0.0157,0.268386208,0.00347,0.241434899,0.199552377,0,0.166684926,0.136540779,0.141611757,0.635468674,0.557995399,0.484841845,0.626453602,0,0.839340773,0.169408229,0
1669,434,7,130,0.711251624,0,0.572441426,0,0,0.481617705,0.0183,0.313117243,0.00405,0.281674049,0.232811106,0,0.194465747,0.159297576,0.165213717,0.74138012,0.650994632,0.565648819,0.730862536,0,0.979230902,0.197642934,0
1670,434,9,131,0.914466373,0,0.735996119,0,0,0.619222763,0.0235,0.402579312,0.00521,0.362152348,0.299328565,0,0.25002739,0.204811169,0.212417636,0.953203011,0.836993098,0.727262767,0.939680403,0,1.259011159,0.254112344,0
1671,434,6,132,0.609644249,0,0.490664079,0,0,0.412815175,0.0157,0.268386208,0.00347,0.241434899,0.199552377,0,0.166684926,0.136540779,0.141611757,0.635468674,0.557995399,0.484841845,0.626453602,0,0.839340773,0.169408229,0
1672,434,7,133,0.711251624,0,0.572441426,0,0,0.481617705,0.0183,0.313117243,0.00405,0.281674049,0.232811106,0,0.194465747,0.159297576,0.165213717,0.74138012,0.650994632,0.565648819,0.730862536,0,0.979230902,0.197642934,0
1673,434,7,134,0.711251624,0,0.572441426,0,0,0.481617705,0.0183,0.313117243,0.00405,0.281674049,0.232811106,0,0.194465747,0.159297576,0.165213717,0.74138012,0.650994632,0.565648819,0.730862536,0,0.979230902,0.197642934,0
1674,434,6,135,0.609644249,0,0.490664079,0,0,0.412815175,0.0157,0.268386208,0.00347,0.241434899,0.199552377,0,0.166684926,0.136540779,0.141611757,0.635468674,0.557995399,0.484841845,0.626453602,0,0.839340773,0.169408229,0
1675,434,9,136,0.914466373,0,0.735996119,0,0,0.619222763,0.0235,0.402579312,0.00521,0.362152348,0.299328565,0,0.25002739,0.204811169,0.212417636,0.953203011,0.836993098,0.727262767,0.939680403,0,1.259011159,0.254112344,0
1676,434,7,137,0.711251624,0,0.572441426,0,0,0.481617705,0.0183,0.313117243,0.00405,0.281674049,0.232811106,0,0.194465747,0.159297576,0.165213717,0.74138012,0.650994632,0.565648819,0.730862536,0,0.979230902,0.197642934,0
1677,434,5,138,0.508036874,0,0.408886733,0,0,0.344012646,0.0131,0.223655173,0.0029,0.201195749,0.166293647,0,0.138904105,0.113783983,0.118009798,0.529557228,0.464996165,0.404034871,0.522044668,0,0.699450644,0.141173524,0
1678,434,3,139,0.304822124,0,0.24533204,0,0,0.206407588,0.00784,0.134193104,0.00174,0.120717449,0.0998,0,0.0833,0.0683,0.0708,0.317734337,0.278997699,0.242420922,0.313226801,0,0.419670386,0.0847,3
1679,434,7,140,0.711251624,0,0.572441426,0,0,0.481617705,0.0183,0.313117243,0.00405,0.281674049,0.232811106,0,0.194465747,0.159297576,0.165213717,0.74138012,0.650994632,0.565648819,0.730862536,0,0.979230902,0.197642934,0
1680,434,5,141,0.508036874,0,0.408886733,0,0,0.344012646,0.0131,0.223655173,0.0029,0.201195749,0.166293647,0,0.138904105,0.113783983,0.118009798,0.529557228,0.464996165,0.404034871,0.522044668,0,0.699450644,0.141173524,0
1681,434,5,142,0.508036874,0,0.408886733,0,0,0.344012646,0.0131,0.223655173,0.0029,0.201195749,0.166293647,0,0.138904105,0.113783983,0.118009798,0.529557228,0.464996165,0.404034871,0.522044668,0,0.699450644,0.141173524,0
1682,434,8,143,0.812858999,0,0.654218772,0,0,0.550420234,0.0209,0.357848278,0.00463,0.321913199,0.266069836,0,0.222246568,0.182054372,0.188815676,0.847291566,0.743993865,0.646455793,0.835271469,0,1.11912103,0.225877639,0
1683,434,4,144,0.406429499,0,0.327109386,0,0,0.275210117,0.0105,0.178924139,0.00232,0.160956599,0.133034918,0,0.111123284,0.091,0.0944,0.423645783,0.371996932,0.323227897,0.417635735,0,0.559560515,0.11293882,3
1684,434,7,145,0.711251624,0,0.572441426,0,0,0.481617705,0.0183,0.313117243,0.00405,0.281674049,0.232811106,0,0.194465747,0.159297576,0.165213717,0.74138012,0.650994632,0.565648819,0.730862536,0,0.979230902,0.197642934,0
1685,434,5,146,0.508036874,0,0.408886733,0,0,0.344012646,0.0131,0.223655173,0.0029,0.201195749,0.166293647,0,0.138904105,0.113783983,0.118009798,0.529557228,0.464996165,0.404034871,0.522044668,0,0.699450644,0.141173524,0
1686,434,7,147,0.711251624,0,0.572441426,0,0,0.481617705,0.0183,0.313117243,0.00405,0.281674049,0.232811106,0,0.194465747,0.159297576,0.165213717,0.74138012,0.650994632,0.565648819,0.730862536,0,0.979230902,0.197642934,0
1687,434,5,148,0.508036874,0,0.408886733,0,0,0.344012646,0.0131,0.223655173,0.0029,0.201195749,0.166293647,0,0.138904105,0.113783983,0.118009798,0.529557228,0.464996165,0.404034871,0.522044668,0,0.699450644,0.141173524,0
1688,434,8,149,0.812858999,0,0.654218772,0,0,0.550420234,0.0209,0.357848278,0.00463,0.321913199,0.266069836,0,0.222246568,0.182054372,0.188815676,0.847291566,0.743993865,0.646455793,0.835271469,0,1.11912103,0.225877639,0
1689,434,5,150,0.508036874,0,0.408886733,0,0,0.344012646,0.0131,0.223655173,0.0029,0.201195749,0.166293647,0,0.138904105,0.113783983,0.118009798,0.529557228,0.464996165,0.404034871,0.522044668,0,0.699450644,0.141173524,0
1690,434,5,151,0.508036874,0,0.408886733,0,0,0.344012646,0.0131,0.223655173,0.0029,0.201195749,0.166293647,0,0.138904105,0.113783983,0.118009798,0.529557228,0.464996165,0.404034871,0.522044668,0,0.699450644,0.141173524,0
1691,434,8,152,0.812858999,0,0.654218772,0,0,0.550420234,0.0209,0.357848278,0.00463,0.321913199,0.266069836,0,0.222246568,0.182054372,0.188815676,0.847291566,0.743993865,0.646455793,0.835271469,0,1.11912103,0.225877639,0
1692,434,9,153,0.914466373,0,0.735996119,0,0,0.619222763,0.0235,0.402579312,0.00521,0.362152348,0.299328565,0,0.25002739,0.204811169,0.212417636,0.953203011,0.836993098,0.727262767,0.939680403,0,1.259011159,0.254112344,0
1693,434,7,154,0.711251624,0,0.572441426,0,0,0.481617705,0.0183,0.313117243,0.00405,0.281674049,0.232811106,0,0.194465747,0.159297576,0.165213717,0.74138012,0.650994632,0.565648819,0.730862536,0,0.979230902,0.197642934,0
1694,434,4,155,0.406429499,0,0.327109386,0,0,0.275210117,0.0105,0.178924139,0.00232,0.160956599,0.133034918,0,0.111123284,0.091,0.0944,0.423645783,0.371996932,0.323227897,0.417635735,0,0.559560515,0.11293882,3
1695,434,8,156,0.812858999,0,0.654218772,0,0,0.550420234,0.0209,0.357848278,0.00463,0.321913199,0.266069836,0,0.222246568,0.182054372,0.188815676,0.847291566,0.743993865,0.646455793,0.835271469,0,1.11912103,0.225877639,0
1696,434,9,157,0.914466373,0,0.735996119,0,0,0.619222763,0.0235,0.402579312,0.00521,0.362152348,0.299328565,0,0.25002739,0.204811169,0.212417636,0.953203011,0.836993098,0.727262767,0.939680403,0,1.259011159,0.254112344,0
1697,434,8,158,0.812858999,0,0.654218772,0,0,0.550420234,0.0209,0.357848278,0.00463,0.321913199,0.266069836,0,0.222246568,0.182054372,0.188815676,0.847291566,0.743993865,0.646455793,0.835271469,0,1.11912103,0.225877639,0
1698,434,8,159,0.812858999,0,0.654218772,0,0,0.550420234,0.0209,0.357848278,0.00463,0.321913199,0.266069836,0,0.222246568,0.182054372,0.188815676,0.847291566,0.743993865,0.646455793,0.835271469,0,1.11912103,0.225877639,0
1699,434,5,160,0.508036874,0,0.408886733,0,0,0.344012646,0.0131,0.223655173,0.0029,0.201195749,0.166293647,0,0.138904105,0.113783983,0.118009798,0.529557228,0.464996165,0.404034871,0.522044668,0,0.699450644,0.141173524,0
1700,434,8,161,0.812858999,0,0.654218772,0,0,0.550420234,0.0209,0.357848278,0.00463,0.321913199,0.266069836,0,0.222246568,0.182054372,0.188815676,0.847291566,0.743993865,0.646455793,0.835271469,0,1.11912103,0.225877639,0
1701,434,5,162,0.508036874,0,0.408886733,0,0,0.344012646,0.0131,0.223655173,0.0029,0.201195749,0.166293647,0,0.138904105,0.113783983,0.118009798,0.529557228,0.464996165,0.404034871,0.522044668,0,0.699450644,0.141173524,0
1702,434,9,163,0.914466373,0,0.735996119,0,0,0.619222763,0.0235,0.402579312,0.00521,0.362152348,0.299328565,0,0.25002739,0.204811169,0.212417636,0.953203011,0.836993098,0.727262767,0.939680403,0,1.259011159,0.254112344,0
1703,434,9,164,0.914466373,0,0.735996119,0,0,0.619222763,0.0235,0.402579312,0.00521,0.362152348,0.299328565,0,0.25002739,0.204811169,0.212417636,0.953203011,0.836993098,0.727262767,0.939680403,0,1.259011159,0.254112344,0
1704,434,7,165,0.711251624,0,0.572441426,0,0,0.481617705,0.0183,0.313117243,0.00405,0.281674049,0.232811106,0,0.194465747,0.159297576,0.165213717,0.74138012,0.650994632,0.565648819,0.730862536,0,0.979230902,0.197642934,0
1705,434,9,166,0.914466373,0,0.735996119,0,0,0.619222763,0.0235,0.402579312,0.00521,0.362152348,0.299328565,0,0.25002739,0.204811169,0.212417636,0.953203011,0.836993098,0.727262767,0.939680403,0,1.259011159,0.254112344,0
1706,434,5,167,0.508036874,0,0.408886733,0,0,0.344012646,0.0131,0.223655173,0.0029,0.201195749,0.166293647,0,0.138904105,0.113783983,0.118009798,0.529557228,0.464996165,0.404034871,0.522044668,0,0.699450644,0.141173524,0
1707,434,5,168,0.508036874,0,0.408886733,0,0,0.344012646,0.0131,0.223655173,0.0029,0.201195749,0.166293647,0,0.138904105,0.113783983,0.118009798,0.529557228,0.464996165,0.404034871,0.522044668,0,0.699450644,0.141173524,0
1708,434,9,169,0.914466373,0,0.735996119,0,0,0.619222763,0.0235,0.402579312,0.00521,0.362152348,0.299328565,0,0.25002739,0.204811169,0.212417636,0.953203011,0.836993098,0.727262767,0.939680403,0,1.259011159,0.254112344,0
1709,434,5,170,0.508036874,0,0.408886733,0,0,0.344012646,0.0131,0.223655173,0.0029,0.201195749,0.166293647,0,0.138904105,0.113783983,0.118009798,0.529557228,0.464996165,0.404034871,0.522044668,0,0.699450644,0.141173524,0
1710,434,8,171,0.812858999,0,0.654218772,0,0,0.550420234,0.0209,0.357848278,0.00463,0.321913199,0.266069836,0,0.222246568,0.182054372,0.188815676,0.847291566,0.743993865,0.646455793,0.835271469,0,1.11912103,0.225877639,0
1711,434,5,172,0.508036874,0,0.408886733,0,0,0.344012646,0.0131,0.223655173,0.0029,0.201195749,0.166293647,0,0.138904105,0.113783983,0.118009798,0.529557228,0.464996165,0.404034871,0.522044668,0,0.699450644,0.141173524,0
1712,434,5,173,0.508036874,0,0.408886733,0,0,0.344012646,0.0131,0.223655173,0.0029,0.201195749,0.166293647,0,0.138904105,0.113783983,0.118009798,0.529557228,0.464996165,0.404034871,0.522044668,0,0.699450644,0.141173524,0
1713,434,7,174,0.711251624,0,0.572441426,0,0,0.481617705,0.0183,0.313117243,0.00405,0.281674049,0.232811106,0,0.194465747,0.159297576,0.165213717,0.74138012,0.650994632,0.565648819,0.730862536,0,0.979230902,0.197642934,0
1714,434,9,175,0.914466373,0,0.735996119,0,0,0.619222763,0.0235,0.402579312,0.00521,0.362152348,0.299328565,0,0.25002739,0.204811169,0.212417636,0.953203011,0.836993098,0.727262767,0.939680403,0,1.259011159,0.254112344,0
1715,434,6,176,0.609644249,0,0.490664079,0,0,0.412815175,0.0157,0.268386208,0.00347,0.241434899,0.199552377,0,0.166684926,0.136540779,0.141611757,0.635468674,0.557995399,0.484841845,0.626453602,0,0.839340773,0.169408229,0
1716,434,9,177,0.914466373,0,0.735996119,0,0,0.619222763,0.0235,0.402579312,0.00521,0.362152348,0.299328565,0,0.25002739,0.204811169,0.212417636,0.953203011,0.836993098,0.727262767,0.939680403,0,1.259011159,0.254112344,0
1717,434,9,178,0.914466373,0,0.735996119,0,0,0.619222763,0.0235,0.402579312,0.00521,0.362152348,0.299328565,0,0.25002739,0.204811169,0.212417636,0.953203011,0.836993098,0.727262767,0.939680403,0,1.259011159,0.254112344,0
1718,434,9,179,0.914466373,0,0.735996119,0,0,0.619222763,0.0235,0.402579312,0.00521,0.362152348,0.299328565,0,0.25002739,0.204811169,0.212417636,0.953203011,0.836993098,0.727262767,0.939680403,0,1.259011159,0.254112344,0
1719,434,8,180,0.812858999,0,0.654218772,0,0,0.550420234,0.0209,0.357848278,0.00463,0.321913199,0.266069836,0,0.222246568,0.182054372,0.188815676,0.847291566,0.743993865,0.646455793,0.835271469,0,1.11912103,0.225877639,0
1720,434,5,181,0.508036874,0,0.408886733,0,0,0.344012646,0.0131,0.223655173,0.0029,0.201195749,0.166293647,0,0.138904105,0.113783983,0.118009798,0.529557228,0.464996165,0.404034871,0.522044668,0,0.699450644,0.141173524,0
1721,434,9,182,0.914466373,0,0.735996119,0,0,0.619222763,0.0235,0.402579312,0.00521,0.362152348,0.299328565,0,0.25002739,0.204811169,0.212417636,0.953203011,0.836993098,0.727262767,0.939680403,0,1.259011159,0.254112344,0
1722,434,7,183,0.711251624,0,0.572441426,0,0,0.481617705,0.0183,0.313117243,0.00405,0.281674049,0.232811106,0,0.194465747,0.159297576,0.165213717,0.74138012,0.650994632,0.565648819,0.730862536,0,0.979230902,0.197642934,0
1723,434,8,184,0.812858999,0,0.654218772,0,0,0.550420234,0.0209,0.357848278,0.00463,0.321913199,0.266069836,0,0.222246568,0.182054372,0.188815676,0.847291566,0.743993865,0.646455793,0.835271469,0,1.11912103,0.225877639,0
1724,434,2,185,0.20321475,0,0.163554693,0,0,0.137605058,0.00523,0.0895,0.00116,0.0805,0.0665,0,0.0556,0.0455,0.0472,0.211822891,0.185998466,0.161613948,0.208817867,0,0.279780258,0.0565,3
1725,434,4,186,0.406429499,0,0.327109386,0,0,0.275210117,0.0105,0.178924139,0.00232,0.160956599,0.133034918,0,0.111123284,0.091,0.0944,0.423645783,0.371996932,0.323227897,0.417635735,0,0.559560515,0.11293882,3
1726,434,6,187,0.609644249,0,0.490664079,0,0,0.412815175,0.0157,0.268386208,0.00347,0.241434899,0.199552377,0,0.166684926,0.136540779,0.141611757,0.635468674,0.557995399,0.484841845,0.626453602,0,0.839340773,0.169408229,0
1727,434,5,188,0.508036874,0,0.408886733,0,0,0.344012646,0.0131,0.223655173,0.0029,0.201195749,0.166293647,0,0.138904105,0.113783983,0.118009798,0.529557228,0.464996165,0.404034871,0.522044668,0,0.699450644,0.141173524,0
1728,434,8,189,0.812858999,0,0.654218772,0,0,0.550420234,0.0209,0.357848278,0.00463,0.321913199,0.266069836,0,0.222246568,0.182054372,0.188815676,0.847291566,0.743993865,0.646455793,0.835271469,0,1.11912103,0.225877639,0
1729,434,9,190,0.914466373,0,0.735996119,0,0,0.619222763,0.0235,0.402579312,0.00521,0.362152348,0.299328565,0,0.25002739,0.204811169,0.212417636,0.953203011,0.836993098,0.727262767,0.939680403,0,1.259011159,0.254112344,0
1730,434,9,191,0.914466373,0,0.735996119,0,0,0.619222763,0.0235,0.402579312,0.00521,0.362152348,0.299328565,0,0.25002739,0.204811169,0.212417636,0.953203011,0.836993098,0.727262767,0.939680403,0,1.259011159,0.254112344,0
1731,434,6,192,0.609644249,0,0.490664079,0,0,0.412815175,0.0157,0.268386208,0.00347,0.241434899,0.199552377,0,0.166684926,0.136540779,0.141611757,0.635468674,0.557995399,0.484841845,0.626453602,0,0.839340773,0.169408229,0
1732,434,9,193,0.914466373,0,0.735996119,0,0,0.619222763,0.0235,0.402579312,0.00521,0.362152348,0.299328565,0,0.25002739,0.204811169,0.212417636,0.953203011,0.836993098,0.727262767,0.939680403,0,1.259011159,0.254112344,0
1733,434,8,194,0.812858999,0,0.654218772,0,0,0.550420234,0.0209,0.357848278,0.00463,0.321913199,0.266069836,0,0.222246568,0.182054372,0.188815676,0.847291566,0.743993865,0.646455793,0.835271469,0,1.11912103,0.225877639,0
1734,434,1,195,0.101607375,0,0.0818,0,0,0.0688,0.00261,0.0447,0.000579,0.0402,0.0333,0,0.027780821,0.0228,0.0236,0.105911446,0.093,0.0808,0.104408934,0,0.139890129,0.0282,3
1735,434,5,196,0.508036874,0,0.408886733,0,0,0.344012646,0.0131,0.223655173,0.0029,0.201195749,0.166293647,0,0.138904105,0.113783983,0.118009798,0.529557228,0.464996165,0.404034871,0.522044668,0,0.699450644,0.141173524,0
1736,434,9,197,0.914466373,0,0.735996119,0,0,0.619222763,0.0235,0.402579312,0.00521,0.362152348,0.299328565,0,0.25002739,0.204811169,0.212417636,0.953203011,0.836993098,0.727262767,0.939680403,0,1.259011159,0.254112344,0
1737,434,3,198,0.304822124,0,0.24533204,0,0,0.206407588,0.00784,0.134193104,0.00174,0.120717449,0.0998,0,0.0833,0.0683,0.0708,0.317734337,0.278997699,0.242420922,0.313226801,0,0.419670386,0.0847,3
1738,434,5,199,0.508036874,0,0.408886733,0,0,0.344012646,0.0131,0.223655173,0.0029,0.201195749,0.166293647,0,0.138904105,0.113783983,0.118009798,0.529557228,0.464996165,0.404034871,0.522044668,0,0.699450644,0.141173524,0
1739,434,3,200,0.304822124,0,0.24533204,0,0,0.206407588,0.00784,0.134193104,0.00174,0.120717449,0.0998,0,0.0833,0.0683,0.0708,0.317734337,0.278997699,0.242420922,0.313226801,0,0.419670386,0.0847,3
1740,434,6,201,0.609644249,0,0.490664079,0,0,0.412815175,0.0157,0.268386208,0.00347,0.241434899,0.199552377,0,0.166684926,0.136540779,0.141611757,0.635468674,0.557995399,0.484841845,0.626453602,0,0.839340773,0.169408229,0
1741,434,5,202,0.508036874,0,0.408886733,0,0,0.344012646,0.0131,0.223655173,0.0029,0.201195749,0.166293647,0,0.138904105,0.113783983,0.118009798,0.529557228,0.464996165,0.404034871,0.522044668,0,0.699450644,0.141173524,0
1742,434,2,203,0.20321475,0,0.163554693,0,0,0.137605058,0.00523,0.0895,0.00116,0.0805,0.0665,0,0.0556,0.0455,0.0472,0.211822891,0.185998466,0.161613948,0.208817867,0,0.279780258,0.0565,3
1743,434,7,204,0.711251624,0,0.572441426,0,0,0.481617705,0.0183,0.313117243,0.00405,0.281674049,0.232811106,0,0.194465747,0.159297576,0.165213717,0.74138012,0.650994632,0.565648819,0.730862536,0,0.979230902,0.197642934,0
1744,434,8,205,0.812858999,0,0.654218772,0,0,0.550420234,0.0209,0.357848278,0.00463,0.321913199,0.266069836,0,0.222246568,0.182054372,0.188815676,0.847291566,0.743993865,0.646455793,0.835271469,0,1.11912103,0.225877639,0
1745,434,9,206,0.914466373,0,0.735996119,0,0,0.619222763,0.0235,0.402579312,0.00521,0.362152348,0.299328565,0,0.25002739,0.204811169,0.212417636,0.953203011,0.836993098,0.727262767,0.939680403,0,1.259011159,0.254112344,0
1746,434,5,207,0.508036874,0,0.408886733,0,0,0.344012646,0.0131,0.223655173,0.0029,0.201195749,0.166293647,0,0.138904105,0.113783983,0.118009798,0.529557228,0.464996165,0.404034871,0.522044668,0,0.699450644,0.141173524,0
1747,434,7,208,0.711251624,0,0.572441426,0,0,0.481617705,0.0183,0.313117243,0.00405,0.281674049,0.232811106,0,0.194465747,0.159297576,0.165213717,0.74138012,0.650994632,0.565648819,0.730862536,0,0.979230902,0.197642934,0
1748,434,9,209,0.914466373,0,0.735996119,0,0,0.619222763,0.0235,0.402579312,0.00521,0.362152348,0.299328565,0,0.25002739,0.204811169,0.212417636,0.953203011,0.836993098,0.727262767,0.939680403,0,1.259011159,0.254112344,0
1749,434,1,210,0.101607375,0,0.0818,0,0,0.0688,0.00261,0.0447,0.000579,0.0402,0.0333,0,0.027780821,0.0228,0.0236,0.105911446,0.093,0.0808,0.104408934,0,0.139890129,0.0282,3
1750,434,9,211,0.914466373,0,0.735996119,0,0,0.619222763,0.0235,0.402579312,0.00521,0.362152348,0.299328565,0,0.25002739,0.204811169,0.212417636,0.953203011,0.836993098,0.727262767,0.939680403,0,1.259011159,0.254112344,0
1751,434,5,212,0.508036874,0,0.408886733,0,0,0.344012646,0.0131,0.223655173,0.0029,0.201195749,0.166293647,0,0.138904105,0.113783983,0.118009798,0.529557228,0.464996165,0.404034871,0.522044668,0,0.699450644,0.141173524,0
1752,434,7,213,0.711251624,0,0.572441426,0,0,0.481617705,0.0183,0.313117243,0.00405,0.281674049,0.232811106,0,0.194465747,0.159297576,0.165213717,0.74138012,0.650994632,0.565648819,0.730862536,0,0.979230902,0.197642934,0
1753,434,6,214,0.609644249,0,0.490664079,0,0,0.412815175,0.0157,0.268386208,0.00347,0.241434899,0.199552377,0,0.166684926,0.136540779,0.141611757,0.635468674,0.557995399,0.484841845,0.626453602,0,0.839340773,0.169408229,0
1754,434,9,215,0.914466373,0,0.735996119,0,0,0.619222763,0.0235,0.402579312,0.00521,0.362152348,0.299328565,0,0.25002739,0.204811169,0.212417636,0.953203011,0.836993098,0.727262767,0.939680403,0,1.259011159,0.254112344,0
1755,434,8,216,0.812858999,0,0.654218772,0,0,0.550420234,0.0209,0.357848278,0.00463,0.321913199,0.266069836,0,0.222246568,0.182054372,0.188815676,0.847291566,0.743993865,0.646455793,0.835271469,0,1.11912103,0.225877639,0
1756,434,7,217,0.711251624,0,0.572441426,0,0,0.481617705,0.0183,0.313117243,0.00405,0.281674049,0.232811106,0,0.194465747,0.159297576,0.165213717,0.74138012,0.650994632,0.565648819,0.730862536,0,0.979230902,0.197642934,0
1757,434,6,218,0.609644249,0,0.490664079,0,0,0.412815175,0.0157,0.268386208,0.00347,0.241434899,0.199552377,0,0.166684926,0.136540779,0.141611757,0.635468674,0.557995399,0.484841845,0.626453602,0,0.839340773,0.169408229,0
1758,434,5,219,0.508036874,0,0.408886733,0,0,0.344012646,0.0131,0.223655173,0.0029,0.201195749,0.166293647,0,0.138904105,0.113783983,0.118009798,0.529557228,0.464996165,0.404034871,0.522044668,0,0.699450644,0.141173524,0
1759,434,5,220,0.508036874,0,0.408886733,0,0,0.344012646,0.0131,0.223655173,0.0029,0.201195749,0.166293647,0,0.138904105,0.113783983,0.118009798,0.529557228,0.464996165,0.404034871,0.522044668,0,0.699450644,0.141173524,0
1760,434,8,221,0.812858999,0,0.654218772,0,0,0.550420234,0.0209,0.357848278,0.00463,0.321913199,0.266069836,0,0.222246568,0.182054372,0.188815676,0.847291566,0.743993865,0.646455793,0.835271469,0,1.11912103,0.225877639,0
1761,434,8,222,0.812858999,0,0.654218772,0,0,0.550420234,0.0209,0.357848278,0.00463,0.321913199,0.266069836,0,0.222246568,0.182054372,0.188815676,0.847291566,0.743993865,0.646455793,0.835271469,0,1.11912103,0.225877639,0
1762,434,9,223,0.914466373,0,0.735996119,0,0,0.619222763,0.0235,0.402579312,0.00521,0.362152348,0.299328565,0,0.25002739,0.204811169,0.212417636,0.953203011,0.836993098,0.727262767,0.939680403,0,1.259011159,0.254112344,0
1763,434,3,224,0.304822124,0,0.24533204,0,0,0.206407588,0.00784,0.134193104,0.00174,0.120717449,0.0998,0,0.0833,0.0683,0.0708,0.317734337,0.278997699,0.242420922,0.313226801,0,0.419670386,0.0847,3
1764,434,6,225,0.609644249,0,0.490664079,0,0,0.412815175,0.0157,0.268386208,0.00347,0.241434899,0.199552377,0,0.166684926,0.136540779,0.141611757,0.635468674,0.557995399,0.484841845,0.626453602,0,0.839340773,0.169408229,0
1765,434,9,226,0.914466373,0,0.735996119,0,0,0.619222763,0.0235,0.402579312,0.00521,0.362152348,0.299328565,0,0.25002739,0.204811169,0.212417636,0.953203011,0.836993098,0.727262767,0.939680403,0,1.259011159,0.254112344,0
1766,434,6,227,0.609644249,0,0.490664079,0,0,0.412815175,0.0157,0.268386208,0.00347,0.241434899,0.199552377,0,0.166684926,0.136540779,0.141611757,0.635468674,0.557995399,0.484841845,0.626453602,0,0.839340773,0.169408229,0
1767,434,9,228,0.914466373,0,0.735996119,0,0,0.619222763,0.0235,0.402579312,0.00521,0.362152348,0.299328565,0,0.25002739,0.204811169,0.212417636,0.953203011,0.836993098,0.727262767,0.939680403,0,1.259011159,0.254112344,0
1768,434,9,229,0.914466373,0,0.735996119,0,0,0.619222763,0.0235,0.402579312,0.00521,0.362152348,0.299328565,0,0.25002739,0.204811169,0.212417636,0.953203011,0.836993098,0.727262767,0.939680403,0,1.259011159,0.254112344,0
1769,434,6,230,0.609644249,0,0.490664079,0,0,0.412815175,0.0157,0.268386208,0.00347,0.241434899,0.199552377,0,0.166684926,0.136540779,0.141611757,0.635468674,0.557995399,0.484841845,0.626453602,0,0.839340773,0.169408229,0
1770,434,7,231,0.711251624,0,0.572441426,0,0,0.481617705,0.0183,0.313117243,0.00405,0.281674049,0.232811106,0,0.194465747,0.159297576,0.165213717,0.74138012,0.650994632,0.565648819,0.730862536,0,0.979230902,0.197642934,0
1771,434,7,232,0.711251624,0,0.572441426,0,0,0.481617705,0.0183,0.313117243,0.00405,0.281674049,0.232811106,0,0.194465747,0.159297576,0.165213717,0.74138012,0.650994632,0.565648819,0.730862536,0,0.979230902,0.197642934,0
1772,434,7,233,0.711251624,0,0.572441426,0,0,0.481617705,0.0183,0.313117243,0.00405,0.281674049,0.232811106,0,0.194465747,0.159297576,0.165213717,0.74138012,0.650994632,0.565648819,0.730862536,0,0.979230902,0.197642934,0
1773,434,7,234,0.711251624,0,0.572441426,0,0,0.481617705,0.0183,0.313117243,0.00405,0.281674049,0.232811106,0,0.194465747,0.159297576,0.165213717,0.74138012,0.650994632,0.565648819,0.730862536,0,0.979230902,0.197642934,0
1774,434,8,235,0.812858999,0,0.654218772,0,0,0.550420234,0.0209,0.357848278,0.00463,0.321913199,0.266069836,0,0.222246568,0.182054372,0.188815676,0.847291566,0.743993865,0.646455793,0.835271469,0,1.11912103,0.225877639,0
1775,434,6,236,0.609644249,0,0.490664079,0,0,0.412815175,0.0157,0.268386208,0.00347,0.241434899,0.199552377,0,0.166684926,0.136540779,0.141611757,0.635468674,0.557995399,0.484841845,0.626453602,0,0.839340773,0.169408229,0
1776,434,8,237,0.812858999,0,0.654218772,0,0,0.550420234,0.0209,0.357848278,0.00463,0.321913199,0.266069836,0,0.222246568,0.182054372,0.188815676,0.847291566,0.743993865,0.646455793,0.835271469,0,1.11912103,0.225877639,0
1777,434,8,238,0.812858999,0,0.654218772,0,0,0.550420234,0.0209,0.357848278,0.00463,0.321913199,0.266069836,0,0.222246568,0.182054372,0.188815676,0.847291566,0.743993865,0.646455793,0.835271469,0,1.11912103,0.225877639,0
1778,434,8,239,0.812858999,0,0.654218772,0,0,0.550420234,0.0209,0.357848278,0.00463,0.321913199,0.266069836,0,0.222246568,0.182054372,0.188815676,0.847291566,0.743993865,0.646455793,0.835271469,0,1.11912103,0.225877639,0
1779,434,8,240,0.812858999,0,0.654218772,0,0,0.550420234,0.0209,0.357848278,0.00463,0.321913199,0.266069836,0,0.222246568,0.182054372,0.188815676,0.847291566,0.743993865,0.646455793,0.835271469,0,1.11912103,0.225877639,0
1780,434,8,241,0.812858999,0,0.654218772,0,0,0.550420234,0.0209,0.357848278,0.00463,0.321913199,0.266069836,0,0.222246568,0.182054372,0.188815676,0.847291566,0.743993865,0.646455793,0.835271469,0,1.11912103,0.225877639,0
1781,434,9,242,0.914466373,0,0.735996119,0,0,0.619222763,0.0235,0.402579312,0.00521,0.362152348,0.299328565,0,0.25002739,0.204811169,0.212417636,0.953203011,0.836993098,0.727262767,0.939680403,0,1.259011159,0.254112344,0
1782,434,8,243,0.812858999,0,0.654218772,0,0,0.550420234,0.0209,0.357848278,0.00463,0.321913199,0.266069836,0,0.222246568,0.182054372,0.188815676,0.847291566,0.743993865,0.646455793,0.835271469,0,1.11912103,0.225877639,0
1783,434,8,244,0.812858999,0,0.654218772,0,0,0.550420234,0.0209,0.357848278,0.00463,0.321913199,0.266069836,0,0.222246568,0.182054372,0.188815676,0.847291566,0.743993865,0.646455793,0.835271469,0,1.11912103,0.225877639,0
1784,434,9,245,0.914466373,0,0.735996119,0,0,0.619222763,0.0235,0.402579312,0.00521,0.362152348,0.299328565,0,0.25002739,0.204811169,0.212417636,0.953203011,0.836993098,0.727262767,0.939680403,0,1.259011159,0.254112344,0
1785,434,6,246,0.609644249,0,0.490664079,0,0,0.412815175,0.0157,0.268386208,0.00347,0.241434899,0.199552377,0,0.166684926,0.136540779,0.141611757,0.635468674,0.557995399,0.484841845,0.626453602,0,0.839340773,0.169408229,0
1786,434,5,247,0.508036874,0,0.408886733,0,0,0.344012646,0.0131,0.223655173,0.0029,0.201195749,0.166293647,0,0.138904105,0.113783983,0.118009798,0.529557228,0.464996165,0.404034871,0.522044668,0,0.699450644,0.141173524,0
1787,434,7,248,0.711251624,0,0.572441426,0,0,0.481617705,0.0183,0.313117243,0.00405,0.281674049,0.232811106,0,0.194465747,0.159297576,0.165213717,0.74138012,0.650994632,0.565648819,0.730862536,0,0.979230902,0.197642934,0
1788,434,9,249,0.914466373,0,0.735996119,0,0,0.619222763,0.0235,0.402579312,0.00521,0.362152348,0.299328565,0,0.25002739,0.204811169,0.212417636,0.953203011,0.836993098,0.727262767,0.939680403,0,1.259011159,0.254112344,0
1789,434,7,250,0.711251624,0,0.572441426,0,0,0.481617705,0.0183,0.313117243,0.00405,0.281674049,0.232811106,0,0.194465747,0.159297576,0.165213717,0.74138012,0.650994632,0.565648819,0.730862536,0,0.979230902,0.197642934,0
1790,434,7,251,0.711251624,0,0.572441426,0,0,0.481617705,0.0183,0.313117243,0.00405,0.281674049,0.232811106,0,0.194465747,0.159297576,0.165213717,0.74138012,0.650994632,0.565648819,0.730862536,0,0.979230902,0.197642934,0
1791,434,7,252,0.711251624,0,0.572441426,0,0,0.481617705,0.0183,0.313117243,0.00405,0.281674049,0.232811106,0,0.194465747,0.159297576,0.165213717,0.74138012,0.650994632,0.565648819,0.730862536,0,0.979230902,0.197642934,0
1792,434,7,253,0.711251624,0,0.572441426,0,0,0.481617705,0.0183,0.313117243,0.00405,0.281674049,0.232811106,0,0.194465747,0.159297576,0.165213717,0.74138012,0.650994632,0.565648819,0.730862536,0,0.979230902,0.197642934,0
1793,434,9,254,0.914466373,0,0.735996119,0,0,0.619222763,0.0235,0.402579312,0.00521,0.362152348,0.299328565,0,0.25002739,0.204811169,0.212417636,0.953203011,0.836993098,0.727262767,0.939680403,0,1.259011159,0.254112344,0
1794,434,8,255,0.812858999,0,0.654218772,0,0,0.550420234,0.0209,0.357848278,0.00463,0.321913199,0.266069836,0,0.222246568,0.182054372,0.188815676,0.847291566,0.743993865,0.646455793,0.835271469,0,1.11912103,0.225877639,0
1795,434,7,256,0.711251624,0,0.572441426,0,0,0.481617705,0.0183,0.313117243,0.00405,0.281674049,0.232811106,0,0.194465747,0.159297576,0.165213717,0.74138012,0.650994632,0.565648819,0.730862536,0,0.979230902,0.197642934,0
1796,434,9,257,0.914466373,0,0.735996119,0,0,0.619222763,0.0235,0.402579312,0.00521,0.362152348,0.299328565,0,0.25002739,0.204811169,0.212417636,0.953203011,0.836993098,0.727262767,0.939680403,0,1.259011159,0.254112344,0
1797,434,7,258,0.711251624,0,0.572441426,0,0,0.481617705,0.0183,0.313117243,0.00405,0.281674049,0.232811106,0,0.194465747,0.159297576,0.165213717,0.74138012,0.650994632,0.565648819,0.730862536,0,0.979230902,0.197642934,0
1798,434,5,259,0.508036874,0,0.408886733,0,0,0.344012646,0.0131,0.223655173,0.0029,0.201195749,0.166293647,0,0.138904105,0.113783983,0.118009798,0.529557228,0.464996165,0.404034871,0.522044668,0,0.699450644,0.141173524,0
1799,434,9,260,0.914466373,0,0.735996119,0,0,0.619222763,0.0235,0.402579312,0.00521,0.362152348,0.299328565,0,0.25002739,0.204811169,0.212417636,0.953203011,0.836993098,0.727262767,0.939680403,0,1.259011159,0.254112344,0
1800,434,8,261,0.812858999,0,0.654218772,0,0,0.550420234,0.0209,0.357848278,0.00463,0.321913199,0.266069836,0,0.222246568,0.182054372,0.188815676,0.847291566,0.743993865,0.646455793,0.835271469,0,1.11912103,0.225877639,0
1801,434,8,262,0.812858999,0,0.654218772,0,0,0.550420234,0.0209,0.357848278,0.00463,0.321913199,0.266069836,0,0.222246568,0.182054372,0.188815676,0.847291566,0.743993865,0.646455793,0.835271469,0,1.11912103,0.225877639,0
1802,434,4,263,0.406429499,0,0.327109386,0,0,0.275210117,0.0105,0.178924139,0.00232,0.160956599,0.133034918,0,0.111123284,0.091,0.0944,0.423645783,0.371996932,0.323227897,0.417635735,0,0.559560515,0.11293882,3
1803,434,8,264,0.812858999,0,0.654218772,0,0,0.550420234,0.0209,0.357848278,0.00463,0.321913199,0.266069836,0,0.222246568,0.182054372,0.188815676,0.847291566,0.743993865,0.646455793,0.835271469,0,1.11912103,0.225877639,0
1804,434,9,265,0.914466373,0,0.735996119,0,0,0.619222763,0.0235,0.402579312,0.00521,0.362152348,0.299328565,0,0.25002739,0.204811169,0.212417636,0.953203011,0.836993098,0.727262767,0.939680403,0,1.259011159,0.254112344,0
1805,434,9,266,0.914466373,0,0.735996119,0,0,0.619222763,0.0235,0.402579312,0.00521,0.362152348,0.299328565,0,0.25002739,0.204811169,0.212417636,0.953203011,0.836993098,0.727262767,0.939680403,0,1.259011159,0.254112344,0
1806,434,9,267,0.914466373,0,0.735996119,0,0,0.619222763,0.0235,0.402579312,0.00521,0.362152348,0.299328565,0,0.25002739,0.204811169,0.212417636,0.953203011,0.836993098,0.727262767,0.939680403,0,1.259011159,0.254112344,0
1807,434,2,268,0.20321475,0,0.163554693,0,0,0.137605058,0.00523,0.0895,0.00116,0.0805,0.0665,0,0.0556,0.0455,0.0472,0.211822891,0.185998466,0.161613948,0.208817867,0,0.279780258,0.0565,3
1808,434,9,269,0.914466373,0,0.735996119,0,0,0.619222763,0.0235,0.402579312,0.00521,0.362152348,0.299328565,0,0.25002739,0.204811169,0.212417636,0.953203011,0.836993098,0.727262767,0.939680403,0,1.259011159,0.254112344,0
1809,434,4,270,0.406429499,0,0.327109386,0,0,0.275210117,0.0105,0.178924139,0.00232,0.160956599,0.133034918,0,0.111123284,0.091,0.0944,0.423645783,0.371996932,0.323227897,0.417635735,0,0.559560515,0.11293882,3
1810,434,8,271,0.812858999,0,0.654218772,0,0,0.550420234,0.0209,0.357848278,0.00463,0.321913199,0.266069836,0,0.222246568,0.182054372,0.188815676,0.847291566,0.743993865,0.646455793,0.835271469,0,1.11912103,0.225877639,0
1811,434,7,272,0.711251624,0,0.572441426,0,0,0.481617705,0.0183,0.313117243,0.00405,0.281674049,0.232811106,0,0.194465747,0.159297576,0.165213717,0.74138012,0.650994632,0.565648819,0.730862536,0,0.979230902,0.197642934,0
1812,434,8,273,0.812858999,0,0.654218772,0,0,0.550420234,0.0209,0.357848278,0.00463,0.321913199,0.266069836,0,0.222246568,0.182054372,0.188815676,0.847291566,0.743993865,0.646455793,0.835271469,0,1.11912103,0.225877639,0
1813,434,9,274,0.914466373,0,0.735996119,0,0,0.619222763,0.0235,0.402579312,0.00521,0.362152348,0.299328565,0,0.25002739,0.204811169,0.212417636,0.953203011,0.836993098,0.727262767,0.939680403,0,1.259011159,0.254112344,0
1814,434,8,275,0.812858999,0,0.654218772,0,0,0.550420234,0.0209,0.357848278,0.00463,0.321913199,0.266069836,0,0.222246568,0.182054372,0.188815676,0.847291566,0.743993865,0.646455793,0.835271469,0,1.11912103,0.225877639,0
1815,434,8,276,0.812858999,0,0.654218772,0,0,0.550420234,0.0209,0.357848278,0.00463,0.321913199,0.266069836,0,0.222246568,0.182054372,0.188815676,0.847291566,0.743993865,0.646455793,0.835271469,0,1.11912103,0.225877639,0
1816,434,7,277,0.711251624,0,0.572441426,0,0,0.481617705,0.0183,0.313117243,0.00405,0.281674049,0.232811106,0,0.194465747,0.159297576,0.165213717,0.74138012,0.650994632,0.565648819,0.730862536,0,0.979230902,0.197642934,0
1817,434,5,278,0.508036874,0,0.408886733,0,0,0.344012646,0.0131,0.223655173,0.0029,0.201195749,0.166293647,0,0.138904105,0.113783983,0.118009798,0.529557228,0.464996165,0.404034871,0.522044668,0,0.699450644,0.141173524,0
1818,434,9,279,0.914466373,0,0.735996119,0,0,0.619222763,0.0235,0.402579312,0.00521,0.362152348,0.299328565,0,0.25002739,0.204811169,0.212417636,0.953203011,0.836993098,0.727262767,0.939680403,0,1.259011159,0.254112344,0
1819,434,9,280,0.914466373,0,0.735996119,0,0,0.619222763,0.0235,0.402579312,0.00521,0.362152348,0.299328565,0,0.25002739,0.204811169,0.212417636,0.953203011,0.836993098,0.727262767,0.939680403,0,1.259011159,0.254112344,0
1820,434,8,281,0.812858999,0,0.654218772,0,0,0.550420234,0.0209,0.357848278,0.00463,0.321913199,0.266069836,0,0.222246568,0.182054372,0.188815676,0.847291566,0.743993865,0.646455793,0.835271469,0,1.11912103,0.225877639,0
1821,434,8,282,0.812858999,0,0.654218772,0,0,0.550420234,0.0209,0.357848278,0.00463,0.321913199,0.266069836,0,0.222246568,0.182054372,0.188815676,0.847291566,0.743993865,0.646455793,0.835271469,0,1.11912103,0.225877639,0
1822,434,5,283,0.508036874,0,0.408886733,0,0,0.344012646,0.0131,0.223655173,0.0029,0.201195749,0.166293647,0,0.138904105,0.113783983,0.118009798,0.529557228,0.464996165,0.404034871,0.522044668,0,0.699450644,0.141173524,0
1823,434,9,284,0.914466373,0,0.735996119,0,0,0.619222763,0.0235,0.402579312,0.00521,0.362152348,0.299328565,0,0.25002739,0.204811169,0.212417636,0.953203011,0.836993098,0.727262767,0.939680403,0,1.259011159,0.254112344,0
1824,434,9,285,0.914466373,0,0.735996119,0,0,0.619222763,0.0235,0.402579312,0.00521,0.362152348,0.299328565,0,0.25002739,0.204811169,0.212417636,0.953203011,0.836993098,0.727262767,0.939680403,0,1.259011159,0.254112344,0
1825,434,7,286,0.711251624,0,0.572441426,0,0,0.481617705,0.0183,0.313117243,0.00405,0.281674049,0.232811106,0,0.194465747,0.159297576,0.165213717,0.74138012,0.650994632,0.565648819,0.730862536,0,0.979230902,0.197642934,0
1826,434,8,287,0.812858999,0,0.654218772,0,0,0.550420234,0.0209,0.357848278,0.00463,0.321913199,0.266069836,0,0.222246568,0.182054372,0.188815676,0.847291566,0.743993865,0.646455793,0.835271469,0,1.11912103,0.225877639,0
1827,434,8,288,0.812858999,0,0.654218772,0,0,0.550420234,0.0209,0.357848278,0.00463,0.321913199,0.266069836,0,0.222246568,0.182054372,0.188815676,0.847291566,0.743993865,0.646455793,0.835271469,0,1.11912103,0.225877639,0
1828,434,8,289,0.812858999,0,0.654218772,0,0,0.550420234,0.0209,0.357848278,0.00463,0.321913199,0.266069836,0,0.222246568,0.182054372,0.188815676,0.847291566,0.743993865,0.646455793,0.835271469,0,1.11912103,0.225877639,0
1829,434,9,290,0.914466373,0,0.735996119,0,0,0.619222763,0.0235,0.402579312,0.00521,0.362152348,0.299328565,0,0.25002739,0.204811169,0.212417636,0.953203011,0.836993098,0.727262767,0.939680403,0,1.259011159,0.254112344,0
1830,434,5,291,0.508036874,0,0.408886733,0,0,0.344012646,0.0131,0.223655173,0.0029,0.201195749,0.166293647,0,0.138904105,0.113783983,0.118009798,0.529557228,0.464996165,0.404034871,0.522044668,0,0.699450644,0.141173524,0
1831,434,8,292,0.812858999,0,0.654218772,0,0,0.550420234,0.0209,0.357848278,0.00463,0.321913199,0.266069836,0,0.222246568,0.182054372,0.188815676,0.847291566,0.743993865,0.646455793,0.835271469,0,1.11912103,0.225877639,0
1832,434,6,293,0.609644249,0,0.490664079,0,0,0.412815175,0.0157,0.268386208,0.00347,0.241434899,0.199552377,0,0.166684926,0.136540779,0.141611757,0.635468674,0.557995399,0.484841845,0.626453602,0,0.839340773,0.169408229,0
1833,434,8,294,0.812858999,0,0.654218772,0,0,0.550420234,0.0209,0.357848278,0.00463,0.321913199,0.266069836,0,0.222246568,0.182054372,0.188815676,0.847291566,0.743993865,0.646455793,0.835271469,0,1.11912103,0.225877639,0
1834,434,9,295,0.914466373,0,0.735996119,0,0,0.619222763,0.0235,0.402579312,0.00521,0.362152348,0.299328565,0,0.25002739,0.204811169,0.212417636,0.953203011,0.836993098,0.727262767,0.939680403,0,1.259011159,0.254112344,0
1835,434,9,296,0.914466373,0,0.735996119,0,0,0.619222763,0.0235,0.402579312,0.00521,0.362152348,0.299328565,0,0.25002739,0.204811169,0.212417636,0.953203011,0.836993098,0.727262767,0.939680403,0,1.259011159,0.254112344,0
1836,434,9,297,0.914466373,0,0.735996119,0,0,0.619222763,0.0235,0.402579312,0.00521,0.362152348,0.299328565,0,0.25002739,0.204811169,0.212417636,0.953203011,0.836993098,0.727262767,0.939680403,0,1.259011159,0.254112344,0
1837,434,5,298,0.508036874,0,0.408886733,0,0,0.344012646,0.0131,0.223655173,0.0029,0.201195749,0.166293647,0,0.138904105,0.113783983,0.118009798,0.529557228,0.464996165,0.404034871,0.522044668,0,0.699450644,0.141173524,0
1838,434,9,299,0.914466373,0,0.735996119,0,0,0.619222763,0.0235,0.402579312,0.00521,0.362152348,0.299328565,0,0.25002739,0.204811169,0.212417636,0.953203011,0.836993098,0.727262767,0.939680403,0,1.259011159,0.254112344,0
1839,434,5,300,0.508036874,0,0.408886733,0,0,0.344012646,0.0131,0.223655173,0.0029,0.201195749,0.166293647,0,0.138904105,0.113783983,0.118009798,0.529557228,0.464996165,0.404034871,0.522044668,0,0.699450644,0.141173524,0
1840,434,9,301,0.914466373,0,0.735996119,0,0,0.619222763,0.0235,0.402579312,0.00521,0.362152348,0.299328565,0,0.25002739,0.204811169,0.212417636,0.953203011,0.836993098,0.727262767,0.939680403,0,1.259011159,0.254112344,0
1841,434,9,302,0.914466373,0,0.735996119,0,0,0.619222763,0.0235,0.402579312,0.00521,0.362152348,0.299328565,0,0.25002739,0.204811169,0.212417636,0.953203011,0.836993098,0.727262767,0.939680403,0,1.259011159,0.254112344,0
1842,434,7,303,0.711251624,0,0.572441426,0,0,0.481617705,0.0183,0.313117243,0.00405,0.281674049,0.232811106,0,0.194465747,0.159297576,0.165213717,0.74138012,0.650994632,0.565648819,0.730862536,0,0.979230902,0.197642934,0
1843,434,1,304,0.101607375,0,0.0818,0,0,0.0688,0.00261,0.0447,0.000579,0.0402,0.0333,0,0.027780821,0.0228,0.0236,0.105911446,0.093,0.0808,0.104408934,0,0.139890129,0.0282,3
1844,434,8,305,0.812858999,0,0.654218772,0,0,0.550420234,0.0209,0.357848278,0.00463,0.321913199,0.266069836,0,0.222246568,0.182054372,0.188815676,0.847291566,0.743993865,0.646455793,0.835271469,0,1.11912103,0.225877639,0
1845,434,5,306,0.508036874,0,0.408886733,0,0,0.344012646,0.0131,0.223655173,0.0029,0.201195749,0.166293647,0,0.138904105,0.113783983,0.118009798,0.529557228,0.464996165,0.404034871,0.522044668,0,0.699450644,0.141173524,0
1846,434,7,307,0.711251624,0,0.572441426,0,0,0.481617705,0.0183,0.313117243,0.00405,0.281674049,0.232811106,0,0.194465747,0.159297576,0.165213717,0.74138012,0.650994632,0.565648819,0.730862536,0,0.979230902,0.197642934,0
1847,434,5,308,0.508036874,0,0.408886733,0,0,0.344012646,0.0131,0.223655173,0.0029,0.201195749,0.166293647,0,0.138904105,0.113783983,0.118009798,0.529557228,0.464996165,0.404034871,0.522044668,0,0.699450644,0.141173524,0
1848,540,7,1,0.525450855,0.0108,0.516843626,0.807166836,0,0.650597236,0.000546,0.441701148,0.0228,0.32844094,0.330763526,0,0.260676087,0,0.0331,0,0,0.655242408,0.932996331,0,1.230697166,0.252205481,1
1849,540,6,2,0.450386447,0.00925,0.443008822,0.691857288,0,0.557654774,0.000468,0.378600984,0.0196,0.281520806,0.283511593,0,0.223436646,0,0.0283,0,0,0.561636349,0.799711141,0,1.054883285,0.216176126,3
1850,540,8,3,0.600515263,0.0123,0.590678429,0.922476384,0,0.743539699,0.000625,0.504801312,0.0261,0.375361074,0.378015458,0,0.297915528,0,0.0378,0,0,0.748848466,1.066281521,0,1.406511047,0.288234835,1
1851,540,8,4,0.600515263,0.0123,0.590678429,0.922476384,0,0.743539699,0.000625,0.504801312,0.0261,0.375361074,0.378015458,0,0.297915528,0,0.0378,0,0,0.748848466,1.066281521,0,1.406511047,0.288234835,1
1852,540,7,5,0.525450855,0.0108,0.516843626,0.807166836,0,0.650597236,0.000546,0.441701148,0.0228,0.32844094,0.330763526,0,0.260676087,0,0.0331,0,0,0.655242408,0.932996331,0,1.230697166,0.252205481,1
1853,540,8,6,0.600515263,0.0123,0.590678429,0.922476384,0,0.743539699,0.000625,0.504801312,0.0261,0.375361074,0.378015458,0,0.297915528,0,0.0378,0,0,0.748848466,1.066281521,0,1.406511047,0.288234835,1
1854,540,9,7,0.675579671,0.0139,0.664513233,1.037785932,0,0.836482161,0.000703,0.567901476,0.0293,0.422281209,0.42526739,0,0.335154969,0,0.0425,0,0,0.842454524,1.199566711,0,1.582324928,0.324264189,1
1855,540,7,8,0.525450855,0.0108,0.516843626,0.807166836,0,0.650597236,0.000546,0.441701148,0.0228,0.32844094,0.330763526,0,0.260676087,0,0.0331,0,0,0.655242408,0.932996331,0,1.230697166,0.252205481,1
1856,540,8,9,0.600515263,0.0123,0.590678429,0.922476384,0,0.743539699,0.000625,0.504801312,0.0261,0.375361074,0.378015458,0,0.297915528,0,0.0378,0,0,0.748848466,1.066281521,0,1.406511047,0.288234835,1
1857,540,8,10,0.600515263,0.0123,0.590678429,0.922476384,0,0.743539699,0.000625,0.504801312,0.0261,0.375361074,0.378015458,0,0.297915528,0,0.0378,0,0,0.748848466,1.066281521,0,1.406511047,0.288234835,1
1858,540,8,11,0.600515263,0.0123,0.590678429,0.922476384,0,0.743539699,0.000625,0.504801312,0.0261,0.375361074,0.378015458,0,0.297915528,0,0.0378,0,0,0.748848466,1.066281521,0,1.406511047,0.288234835,1
1859,540,8,12,0.600515263,0.0123,0.590678429,0.922476384,0,0.743539699,0.000625,0.504801312,0.0261,0.375361074,0.378015458,0,0.297915528,0,0.0378,0,0,0.748848466,1.066281521,0,1.406511047,0.288234835,1
1860,540,7,13,0.525450855,0.0108,0.516843626,0.807166836,0,0.650597236,0.000546,0.441701148,0.0228,0.32844094,0.330763526,0,0.260676087,0,0.0331,0,0,0.655242408,0.932996331,0,1.230697166,0.252205481,1
1861,540,9,14,0.675579671,0.0139,0.664513233,1.037785932,0,0.836482161,0.000703,0.567901476,0.0293,0.422281209,0.42526739,0,0.335154969,0,0.0425,0,0,0.842454524,1.199566711,0,1.582324928,0.324264189,1
1862,540,9,15,0.675579671,0.0139,0.664513233,1.037785932,0,0.836482161,0.000703,0.567901476,0.0293,0.422281209,0.42526739,0,0.335154969,0,0.0425,0,0,0.842454524,1.199566711,0,1.582324928,0.324264189,1
1863,540,8,16,0.600515263,0.0123,0.590678429,0.922476384,0,0.743539699,0.000625,0.504801312,0.0261,0.375361074,0.378015458,0,0.297915528,0,0.0378,0,0,0.748848466,1.066281521,0,1.406511047,0.288234835,1
1864,540,8,17,0.600515263,0.0123,0.590678429,0.922476384,0,0.743539699,0.000625,0.504801312,0.0261,0.375361074,0.378015458,0,0.297915528,0,0.0378,0,0,0.748848466,1.066281521,0,1.406511047,0.288234835,1
1865,540,8,18,0.600515263,0.0123,0.590678429,0.922476384,0,0.743539699,0.000625,0.504801312,0.0261,0.375361074,0.378015458,0,0.297915528,0,0.0378,0,0,0.748848466,1.066281521,0,1.406511047,0.288234835,1
1866,540,7,19,0.525450855,0.0108,0.516843626,0.807166836,0,0.650597236,0.000546,0.441701148,0.0228,0.32844094,0.330763526,0,0.260676087,0,0.0331,0,0,0.655242408,0.932996331,0,1.230697166,0.252205481,1
1867,540,7,20,0.525450855,0.0108,0.516843626,0.807166836,0,0.650597236,0.000546,0.441701148,0.0228,0.32844094,0.330763526,0,0.260676087,0,0.0331,0,0,0.655242408,0.932996331,0,1.230697166,0.252205481,1
1868,540,8,21,0.600515263,0.0123,0.590678429,0.922476384,0,0.743539699,0.000625,0.504801312,0.0261,0.375361074,0.378015458,0,0.297915528,0,0.0378,0,0,0.748848466,1.066281521,0,1.406511047,0.288234835,1
1869,540,7,22,0.525450855,0.0108,0.516843626,0.807166836,0,0.650597236,0.000546,0.441701148,0.0228,0.32844094,0.330763526,0,0.260676087,0,0.0331,0,0,0.655242408,0.932996331,0,1.230697166,0.252205481,1
1870,540,7,23,0.525450855,0.0108,0.516843626,0.807166836,0,0.650597236,0.000546,0.441701148,0.0228,0.32844094,0.330763526,0,0.260676087,0,0.0331,0,0,0.655242408,0.932996331,0,1.230697166,0.252205481,1
1871,540,8,24,0.600515263,0.0123,0.590678429,0.922476384,0,0.743539699,0.000625,0.504801312,0.0261,0.375361074,0.378015458,0,0.297915528,0,0.0378,0,0,0.748848466,1.066281521,0,1.406511047,0.288234835,1
1872,540,7,25,0.525450855,0.0108,0.516843626,0.807166836,0,0.650597236,0.000546,0.441701148,0.0228,0.32844094,0.330763526,0,0.260676087,0,0.0331,0,0,0.655242408,0.932996331,0,1.230697166,0.252205481,1
1873,540,6,26,0.450386447,0.00925,0.443008822,0.691857288,0,0.557654774,0.000468,0.378600984,0.0196,0.281520806,0.283511593,0,0.223436646,0,0.0283,0,0,0.561636349,0.799711141,0,1.054883285,0.216176126,3
1874,540,8,27,0.600515263,0.0123,0.590678429,0.922476384,0,0.743539699,0.000625,0.504801312,0.0261,0.375361074,0.378015458,0,0.297915528,0,0.0378,0,0,0.748848466,1.066281521,0,1.406511047,0.288234835,1
1875,540,6,28,0.450386447,0.00925,0.443008822,0.691857288,0,0.557654774,0.000468,0.378600984,0.0196,0.281520806,0.283511593,0,0.223436646,0,0.0283,0,0,0.561636349,0.799711141,0,1.054883285,0.216176126,3
1876,540,7,29,0.525450855,0.0108,0.516843626,0.807166836,0,0.650597236,0.000546,0.441701148,0.0228,0.32844094,0.330763526,0,0.260676087,0,0.0331,0,0,0.655242408,0.932996331,0,1.230697166,0.252205481,1
1877,540,7,30,0.525450855,0.0108,0.516843626,0.807166836,0,0.650597236,0.000546,0.441701148,0.0228,0.32844094,0.330763526,0,0.260676087,0,0.0331,0,0,0.655242408,0.932996331,0,1.230697166,0.252205481,1
1878,540,8,31,0.600515263,0.0123,0.590678429,0.922476384,0,0.743539699,0.000625,0.504801312,0.0261,0.375361074,0.378015458,0,0.297915528,0,0.0378,0,0,0.748848466,1.066281521,0,1.406511047,0.288234835,1
1879,540,9,32,0.675579671,0.0139,0.664513233,1.037785932,0,0.836482161,0.000703,0.567901476,0.0293,0.422281209,0.42526739,0,0.335154969,0,0.0425,0,0,0.842454524,1.199566711,0,1.582324928,0.324264189,1
1880,540,8,33,0.600515263,0.0123,0.590678429,0.922476384,0,0.743539699,0.000625,0.504801312,0.0261,0.375361074,0.378015458,0,0.297915528,0,0.0378,0,0,0.748848466,1.066281521,0,1.406511047,0.288234835,1
1881,540,8,34,0.600515263,0.0123,0.590678429,0.922476384,0,0.743539699,0.000625,0.504801312,0.0261,0.375361074,0.378015458,0,0.297915528,0,0.0378,0,0,0.748848466,1.066281521,0,1.406511047,0.288234835,1
1882,540,9,35,0.675579671,0.0139,0.664513233,1.037785932,0,0.836482161,0.000703,0.567901476,0.0293,0.422281209,0.42526739,0,0.335154969,0,0.0425,0,0,0.842454524,1.199566711,0,1.582324928,0.324264189,1
1883,540,9,36,0.675579671,0.0139,0.664513233,1.037785932,0,0.836482161,0.000703,0.567901476,0.0293,0.422281209,0.42526739,0,0.335154969,0,0.0425,0,0,0.842454524,1.199566711,0,1.582324928,0.324264189,1
1884,540,7,37,0.525450855,0.0108,0.516843626,0.807166836,0,0.650597236,0.000546,0.441701148,0.0228,0.32844094,0.330763526,0,0.260676087,0,0.0331,0,0,0.655242408,0.932996331,0,1.230697166,0.252205481,1
1885,540,6,38,0.450386447,0.00925,0.443008822,0.691857288,0,0.557654774,0.000468,0.378600984,0.0196,0.281520806,0.283511593,0,0.223436646,0,0.0283,0,0,0.561636349,0.799711141,0,1.054883285,0.216176126,3
1886,540,8,39,0.600515263,0.0123,0.590678429,0.922476384,0,0.743539699,0.000625,0.504801312,0.0261,0.375361074,0.378015458,0,0.297915528,0,0.0378,0,0,0.748848466,1.066281521,0,1.406511047,0.288234835,1
1887,540,9,40,0.675579671,0.0139,0.664513233,1.037785932,0,0.836482161,0.000703,0.567901476,0.0293,0.422281209,0.42526739,0,0.335154969,0,0.0425,0,0,0.842454524,1.199566711,0,1.582324928,0.324264189,1
1888,540,8,41,0.600515263,0.0123,0.590678429,0.922476384,0,0.743539699,0.000625,0.504801312,0.0261,0.375361074,0.378015458,0,0.297915528,0,0.0378,0,0,0.748848466,1.066281521,0,1.406511047,0.288234835,1
1889,540,5,42,0.375322039,0.00771,0.369174018,0.57654774,0,0.464712312,0.00039,0.31550082,0.0163,0.234600671,0.236259661,0,0.186197205,0,0.0236,0,0,0.468030291,0.666425951,0,0.879069404,0.180146772,3
1890,540,8,43,0.600515263,0.0123,0.590678429,0.922476384,0,0.743539699,0.000625,0.504801312,0.0261,0.375361074,0.378015458,0,0.297915528,0,0.0378,0,0,0.748848466,1.066281521,0,1.406511047,0.288234835,1
1891,540,9,44,0.675579671,0.0139,0.664513233,1.037785932,0,0.836482161,0.000703,0.567901476,0.0293,0.422281209,0.42526739,0,0.335154969,0,0.0425,0,0,0.842454524,1.199566711,0,1.582324928,0.324264189,1
1892,540,7,45,0.525450855,0.0108,0.516843626,0.807166836,0,0.650597236,0.000546,0.441701148,0.0228,0.32844094,0.330763526,0,0.260676087,0,0.0331,0,0,0.655242408,0.932996331,0,1.230697166,0.252205481,1
1893,540,9,46,0.675579671,0.0139,0.664513233,1.037785932,0,0.836482161,0.000703,0.567901476,0.0293,0.422281209,0.42526739,0,0.335154969,0,0.0425,0,0,0.842454524,1.199566711,0,1.582324928,0.324264189,1
1894,540,8,47,0.600515263,0.0123,0.590678429,0.922476384,0,0.743539699,0.000625,0.504801312,0.0261,0.375361074,0.378015458,0,0.297915528,0,0.0378,0,0,0.748848466,1.066281521,0,1.406511047,0.288234835,1
1895,540,4,48,0.300257631,0.00617,0.295339215,0.461238192,0,0.371769849,0.000312,0.252400656,0.013,0.187680537,0.189007729,0,0.148957764,0,0.0189,0,0,0.374424233,0.53314076,0,0.703255523,0.144117417,3
1896,540,7,49,0.525450855,0.0108,0.516843626,0.807166836,0,0.650597236,0.000546,0.441701148,0.0228,0.32844094,0.330763526,0,0.260676087,0,0.0331,0,0,0.655242408,0.932996331,0,1.230697166,0.252205481,1
1897,540,7,50,0.525450855,0.0108,0.516843626,0.807166836,0,0.650597236,0.000546,0.441701148,0.0228,0.32844094,0.330763526,0,0.260676087,0,0.0331,0,0,0.655242408,0.932996331,0,1.230697166,0.252205481,1
1898,540,7,51,0.525450855,0.0108,0.516843626,0.807166836,0,0.650597236,0.000546,0.441701148,0.0228,0.32844094,0.330763526,0,0.260676087,0,0.0331,0,0,0.655242408,0.932996331,0,1.230697166,0.252205481,1
1899,540,9,52,0.675579671,0.0139,0.664513233,1.037785932,0,0.836482161,0.000703,0.567901476,0.0293,0.422281209,0.42526739,0,0.335154969,0,0.0425,0,0,0.842454524,1.199566711,0,1.582324928,0.324264189,1
1900,540,7,53,0.525450855,0.0108,0.516843626,0.807166836,0,0.650597236,0.000546,0.441701148,0.0228,0.32844094,0.330763526,0,0.260676087,0,0.0331,0,0,0.655242408,0.932996331,0,1.230697166,0.252205481,1
1901,540,8,54,0.600515263,0.0123,0.590678429,0.922476384,0,0.743539699,0.000625,0.504801312,0.0261,0.375361074,0.378015458,0,0.297915528,0,0.0378,0,0,0.748848466,1.066281521,0,1.406511047,0.288234835,1
1902,540,9,55,0.675579671,0.0139,0.664513233,1.037785932,0,0.836482161,0.000703,0.567901476,0.0293,0.422281209,0.42526739,0,0.335154969,0,0.0425,0,0,0.842454524,1.199566711,0,1.582324928,0.324264189,1
1903,540,9,56,0.675579671,0.0139,0.664513233,1.037785932,0,0.836482161,0.000703,0.567901476,0.0293,0.422281209,0.42526739,0,0.335154969,0,0.0425,0,0,0.842454524,1.199566711,0,1.582324928,0.324264189,1
1904,540,9,57,0.675579671,0.0139,0.664513233,1.037785932,0,0.836482161,0.000703,0.567901476,0.0293,0.422281209,0.42526739,0,0.335154969,0,0.0425,0,0,0.842454524,1.199566711,0,1.582324928,0.324264189,1
1905,540,8,58,0.600515263,0.0123,0.590678429,0.922476384,0,0.743539699,0.000625,0.504801312,0.0261,0.375361074,0.378015458,0,0.297915528,0,0.0378,0,0,0.748848466,1.066281521,0,1.406511047,0.288234835,1
1906,540,2,59,0.150128816,0.00308,0.147669607,0.230619096,0,0.185884925,0.000156,0.126200328,0.00652,0.0938,0.0945,0,0.0745,0,0.00945,0,0,0.187212116,0.26657038,0,0.351627762,0.0721,3
1907,540,9,60,0.675579671,0.0139,0.664513233,1.037785932,0,0.836482161,0.000703,0.567901476,0.0293,0.422281209,0.42526739,0,0.335154969,0,0.0425,0,0,0.842454524,1.199566711,0,1.582324928,0.324264189,1
1908,540,9,61,0.675579671,0.0139,0.664513233,1.037785932,0,0.836482161,0.000703,0.567901476,0.0293,0.422281209,0.42526739,0,0.335154969,0,0.0425,0,0,0.842454524,1.199566711,0,1.582324928,0.324264189,1
1909,540,8,62,0.600515263,0.0123,0.590678429,0.922476384,0,0.743539699,0.000625,0.504801312,0.0261,0.375361074,0.378015458,0,0.297915528,0,0.0378,0,0,0.748848466,1.066281521,0,1.406511047,0.288234835,1
1910,540,8,63,0.600515263,0.0123,0.590678429,0.922476384,0,0.743539699,0.000625,0.504801312,0.0261,0.375361074,0.378015458,0,0.297915528,0,0.0378,0,0,0.748848466,1.066281521,0,1.406511047,0.288234835,1
1911,540,6,64,0.450386447,0.00925,0.443008822,0.691857288,0,0.557654774,0.000468,0.378600984,0.0196,0.281520806,0.283511593,0,0.223436646,0,0.0283,0,0,0.561636349,0.799711141,0,1.054883285,0.216176126,3
1912,540,4,65,0.300257631,0.00617,0.295339215,0.461238192,0,0.371769849,0.000312,0.252400656,0.013,0.187680537,0.189007729,0,0.148957764,0,0.0189,0,0,0.374424233,0.53314076,0,0.703255523,0.144117417,3
1913,540,6,66,0.450386447,0.00925,0.443008822,0.691857288,0,0.557654774,0.000468,0.378600984,0.0196,0.281520806,0.283511593,0,0.223436646,0,0.0283,0,0,0.561636349,0.799711141,0,1.054883285,0.216176126,3
1914,540,5,67,0.375322039,0.00771,0.369174018,0.57654774,0,0.464712312,0.00039,0.31550082,0.0163,0.234600671,0.236259661,0,0.186197205,0,0.0236,0,0,0.468030291,0.666425951,0,0.879069404,0.180146772,3
1915,540,9,68,0.675579671,0.0139,0.664513233,1.037785932,0,0.836482161,0.000703,0.567901476,0.0293,0.422281209,0.42526739,0,0.335154969,0,0.0425,0,0,0.842454524,1.199566711,0,1.582324928,0.324264189,1
1916,540,8,69,0.600515263,0.0123,0.590678429,0.922476384,0,0.743539699,0.000625,0.504801312,0.0261,0.375361074,0.378015458,0,0.297915528,0,0.0378,0,0,0.748848466,1.066281521,0,1.406511047,0.288234835,1
1917,540,8,70,0.600515263,0.0123,0.590678429,0.922476384,0,0.743539699,0.000625,0.504801312,0.0261,0.375361074,0.378015458,0,0.297915528,0,0.0378,0,0,0.748848466,1.066281521,0,1.406511047,0.288234835,1
1918,540,4,71,0.300257631,0.00617,0.295339215,0.461238192,0,0.371769849,0.000312,0.252400656,0.013,0.187680537,0.189007729,0,0.148957764,0,0.0189,0,0,0.374424233,0.53314076,0,0.703255523,0.144117417,3
1919,540,5,72,0.375322039,0.00771,0.369174018,0.57654774,0,0.464712312,0.00039,0.31550082,0.0163,0.234600671,0.236259661,0,0.186197205,0,0.0236,0,0,0.468030291,0.666425951,0,0.879069404,0.180146772,3
1920,540,7,73,0.525450855,0.0108,0.516843626,0.807166836,0,0.650597236,0.000546,0.441701148,0.0228,0.32844094,0.330763526,0,0.260676087,0,0.0331,0,0,0.655242408,0.932996331,0,1.230697166,0.252205481,1
1921,540,8,74,0.600515263,0.0123,0.590678429,0.922476384,0,0.743539699,0.000625,0.504801312,0.0261,0.375361074,0.378015458,0,0.297915528,0,0.0378,0,0,0.748848466,1.066281521,0,1.406511047,0.288234835,1
1922,540,9,75,0.675579671,0.0139,0.664513233,1.037785932,0,0.836482161,0.000703,0.567901476,0.0293,0.422281209,0.42526739,0,0.335154969,0,0.0425,0,0,0.842454524,1.199566711,0,1.582324928,0.324264189,1
1923,540,7,76,0.525450855,0.0108,0.516843626,0.807166836,0,0.650597236,0.000546,0.441701148,0.0228,0.32844094,0.330763526,0,0.260676087,0,0.0331,0,0,0.655242408,0.932996331,0,1.230697166,0.252205481,1
1924,540,7,77,0.525450855,0.0108,0.516843626,0.807166836,0,0.650597236,0.000546,0.441701148,0.0228,0.32844094,0.330763526,0,0.260676087,0,0.0331,0,0,0.655242408,0.932996331,0,1.230697166,0.252205481,1
1925,540,7,78,0.525450855,0.0108,0.516843626,0.807166836,0,0.650597236,0.000546,0.441701148,0.0228,0.32844094,0.330763526,0,0.260676087,0,0.0331,0,0,0.655242408,0.932996331,0,1.230697166,0.252205481,1
1926,540,8,79,0.600515263,0.0123,0.590678429,0.922476384,0,0.743539699,0.000625,0.504801312,0.0261,0.375361074,0.378015458,0,0.297915528,0,0.0378,0,0,0.748848466,1.066281521,0,1.406511047,0.288234835,1
1927,540,3,80,0.225193224,0.00463,0.221504411,0.345928644,0,0.278827387,0.000234,0.189300492,0.00978,0.140760403,0.141755797,0,0.111718323,0,0.0142,0,0,0.280818175,0.39985557,0,0.527441643,0.108088063,3
1928,540,7,81,0.525450855,0.0108,0.516843626,0.807166836,0,0.650597236,0.000546,0.441701148,0.0228,0.32844094,0.330763526,0,0.260676087,0,0.0331,0,0,0.655242408,0.932996331,0,1.230697166,0.252205481,1
1929,540,9,82,0.675579671,0.0139,0.664513233,1.037785932,0,0.836482161,0.000703,0.567901476,0.0293,0.422281209,0.42526739,0,0.335154969,0,0.0425,0,0,0.842454524,1.199566711,0,1.582324928,0.324264189,1
1930,540,8,83,0.600515263,0.0123,0.590678429,0.922476384,0,0.743539699,0.000625,0.504801312,0.0261,0.375361074,0.378015458,0,0.297915528,0,0.0378,0,0,0.748848466,1.066281521,0,1.406511047,0.288234835,1
1931,540,5,84,0.375322039,0.00771,0.369174018,0.57654774,0,0.464712312,0.00039,0.31550082,0.0163,0.234600671,0.236259661,0,0.186197205,0,0.0236,0,0,0.468030291,0.666425951,0,0.879069404,0.180146772,3
1932,540,9,85,0.675579671,0.0139,0.664513233,1.037785932,0,0.836482161,0.000703,0.567901476,0.0293,0.422281209,0.42526739,0,0.335154969,0,0.0425,0,0,0.842454524,1.199566711,0,1.582324928,0.324264189,1
1933,540,1,86,0.0751,0.00154,0.0738,0.115309548,0,0.0929,7.81E-05,0.0631,0.00326,0.0469,0.0473,0,0.0372,0,0.00472,0,0,0.0936,0.13328519,0,0.175813881,0.036,3
1934,540,3,87,0.225193224,0.00463,0.221504411,0.345928644,0,0.278827387,0.000234,0.189300492,0.00978,0.140760403,0.141755797,0,0.111718323,0,0.0142,0,0,0.280818175,0.39985557,0,0.527441643,0.108088063,3
1935,540,6,88,0.450386447,0.00925,0.443008822,0.691857288,0,0.557654774,0.000468,0.378600984,0.0196,0.281520806,0.283511593,0,0.223436646,0,0.0283,0,0,0.561636349,0.799711141,0,1.054883285,0.216176126,3
1936,540,8,89,0.600515263,0.0123,0.590678429,0.922476384,0,0.743539699,0.000625,0.504801312,0.0261,0.375361074,0.378015458,0,0.297915528,0,0.0378,0,0,0.748848466,1.066281521,0,1.406511047,0.288234835,1
1937,540,8,90,0.600515263,0.0123,0.590678429,0.922476384,0,0.743539699,0.000625,0.504801312,0.0261,0.375361074,0.378015458,0,0.297915528,0,0.0378,0,0,0.748848466,1.066281521,0,1.406511047,0.288234835,1
1938,540,9,91,0.675579671,0.0139,0.664513233,1.037785932,0,0.836482161,0.000703,0.567901476,0.0293,0.422281209,0.42526739,0,0.335154969,0,0.0425,0,0,0.842454524,1.199566711,0,1.582324928,0.324264189,1
1939,540,9,92,0.675579671,0.0139,0.664513233,1.037785932,0,0.836482161,0.000703,0.567901476,0.0293,0.422281209,0.42526739,0,0.335154969,0,0.0425,0,0,0.842454524,1.199566711,0,1.582324928,0.324264189,1
1940,540,8,93,0.600515263,0.0123,0.590678429,0.922476384,0,0.743539699,0.000625,0.504801312,0.0261,0.375361074,0.378015458,0,0.297915528,0,0.0378,0,0,0.748848466,1.066281521,0,1.406511047,0.288234835,1
1941,540,7,94,0.525450855,0.0108,0.516843626,0.807166836,0,0.650597236,0.000546,0.441701148,0.0228,0.32844094,0.330763526,0,0.260676087,0,0.0331,0,0,0.655242408,0.932996331,0,1.230697166,0.252205481,1
1942,540,8,95,0.600515263,0.0123,0.590678429,0.922476384,0,0.743539699,0.000625,0.504801312,0.0261,0.375361074,0.378015458,0,0.297915528,0,0.0378,0,0,0.748848466,1.066281521,0,1.406511047,0.288234835,1
1943,540,8,96,0.600515263,0.0123,0.590678429,0.922476384,0,0.743539699,0.000625,0.504801312,0.0261,0.375361074,0.378015458,0,0.297915528,0,0.0378,0,0,0.748848466,1.066281521,0,1.406511047,0.288234835,1
1944,540,7,97,0.525450855,0.0108,0.516843626,0.807166836,0,0.650597236,0.000546,0.441701148,0.0228,0.32844094,0.330763526,0,0.260676087,0,0.0331,0,0,0.655242408,0.932996331,0,1.230697166,0.252205481,1
1945,540,6,98,0.450386447,0.00925,0.443008822,0.691857288,0,0.557654774,0.000468,0.378600984,0.0196,0.281520806,0.283511593,0,0.223436646,0,0.0283,0,0,0.561636349,0.799711141,0,1.054883285,0.216176126,3
1946,540,7,99,0.525450855,0.0108,0.516843626,0.807166836,0,0.650597236,0.000546,0.441701148,0.0228,0.32844094,0.330763526,0,0.260676087,0,0.0331,0,0,0.655242408,0.932996331,0,1.230697166,0.252205481,1
1947,540,8,100,0.600515263,0.0123,0.590678429,0.922476384,0,0.743539699,0.000625,0.504801312,0.0261,0.375361074,0.378015458,0,0.297915528,0,0.0378,0,0,0.748848466,1.066281521,0,1.406511047,0.288234835,1
1948,540,9,101,0.675579671,0.0139,0.664513233,1.037785932,0,0.836482161,0.000703,0.567901476,0.0293,0.422281209,0.42526739,0,0.335154969,0,0.0425,0,0,0.842454524,1.199566711,0,1.582324928,0.324264189,1
1949,540,6,102,0.450386447,0.00925,0.443008822,0.691857288,0,0.557654774,0.000468,0.378600984,0.0196,0.281520806,0.283511593,0,0.223436646,0,0.0283,0,0,0.561636349,0.799711141,0,1.054883285,0.216176126,3
1950,540,9,103,0.675579671,0.0139,0.664513233,1.037785932,0,0.836482161,0.000703,0.567901476,0.0293,0.422281209,0.42526739,0,0.335154969,0,0.0425,0,0,0.842454524,1.199566711,0,1.582324928,0.324264189,1
1951,540,8,104,0.600515263,0.0123,0.590678429,0.922476384,0,0.743539699,0.000625,0.504801312,0.0261,0.375361074,0.378015458,0,0.297915528,0,0.0378,0,0,0.748848466,1.066281521,0,1.406511047,0.288234835,1
1952,540,8,105,0.600515263,0.0123,0.590678429,0.922476384,0,0.743539699,0.000625,0.504801312,0.0261,0.375361074,0.378015458,0,0.297915528,0,0.0378,0,0,0.748848466,1.066281521,0,1.406511047,0.288234835,1
1953,540,8,106,0.600515263,0.0123,0.590678429,0.922476384,0,0.743539699,0.000625,0.504801312,0.0261,0.375361074,0.378015458,0,0.297915528,0,0.0378,0,0,0.748848466,1.066281521,0,1.406511047,0.288234835,1
1954,540,9,107,0.675579671,0.0139,0.664513233,1.037785932,0,0.836482161,0.000703,0.567901476,0.0293,0.422281209,0.42526739,0,0.335154969,0,0.0425,0,0,0.842454524,1.199566711,0,1.582324928,0.324264189,1
1955,540,6,108,0.450386447,0.00925,0.443008822,0.691857288,0,0.557654774,0.000468,0.378600984,0.0196,0.281520806,0.283511593,0,0.223436646,0,0.0283,0,0,0.561636349,0.799711141,0,1.054883285,0.216176126,3
1956,540,7,109,0.525450855,0.0108,0.516843626,0.807166836,0,0.650597236,0.000546,0.441701148,0.0228,0.32844094,0.330763526,0,0.260676087,0,0.0331,0,0,0.655242408,0.932996331,0,1.230697166,0.252205481,1
1957,540,8,110,0.600515263,0.0123,0.590678429,0.922476384,0,0.743539699,0.000625,0.504801312,0.0261,0.375361074,0.378015458,0,0.297915528,0,0.0378,0,0,0.748848466,1.066281521,0,1.406511047,0.288234835,1
1958,540,7,111,0.525450855,0.0108,0.516843626,0.807166836,0,0.650597236,0.000546,0.441701148,0.0228,0.32844094,0.330763526,0,0.260676087,0,0.0331,0,0,0.655242408,0.932996331,0,1.230697166,0.252205481,1
1959,540,7,112,0.525450855,0.0108,0.516843626,0.807166836,0,0.650597236,0.000546,0.441701148,0.0228,0.32844094,0.330763526,0,0.260676087,0,0.0331,0,0,0.655242408,0.932996331,0,1.230697166,0.252205481,1
1960,540,7,113,0.525450855,0.0108,0.516843626,0.807166836,0,0.650597236,0.000546,0.441701148,0.0228,0.32844094,0.330763526,0,0.260676087,0,0.0331,0,0,0.655242408,0.932996331,0,1.230697166,0.252205481,1
1961,540,1,114,0.0751,0.00154,0.0738,0.115309548,0,0.0929,7.81E-05,0.0631,0.00326,0.0469,0.0473,0,0.0372,0,0.00472,0,0,0.0936,0.13328519,0,0.175813881,0.036,3
1962,540,8,115,0.600515263,0.0123,0.590678429,0.922476384,0,0.743539699,0.000625,0.504801312,0.0261,0.375361074,0.378015458,0,0.297915528,0,0.0378,0,0,0.748848466,1.066281521,0,1.406511047,0.288234835,1
1963,540,8,116,0.600515263,0.0123,0.590678429,0.922476384,0,0.743539699,0.000625,0.504801312,0.0261,0.375361074,0.378015458,0,0.297915528,0,0.0378,0,0,0.748848466,1.066281521,0,1.406511047,0.288234835,1
1964,540,2,117,0.150128816,0.00308,0.147669607,0.230619096,0,0.185884925,0.000156,0.126200328,0.00652,0.0938,0.0945,0,0.0745,0,0.00945,0,0,0.187212116,0.26657038,0,0.351627762,0.0721,3
1965,540,4,118,0.300257631,0.00617,0.295339215,0.461238192,0,0.371769849,0.000312,0.252400656,0.013,0.187680537,0.189007729,0,0.148957764,0,0.0189,0,0,0.374424233,0.53314076,0,0.703255523,0.144117417,3
1966,540,7,119,0.525450855,0.0108,0.516843626,0.807166836,0,0.650597236,0.000546,0.441701148,0.0228,0.32844094,0.330763526,0,0.260676087,0,0.0331,0,0,0.655242408,0.932996331,0,1.230697166,0.252205481,1
1967,540,8,120,0.600515263,0.0123,0.590678429,0.922476384,0,0.743539699,0.000625,0.504801312,0.0261,0.375361074,0.378015458,0,0.297915528,0,0.0378,0,0,0.748848466,1.066281521,0,1.406511047,0.288234835,1
1968,540,9,121,0.675579671,0.0139,0.664513233,1.037785932,0,0.836482161,0.000703,0.567901476,0.0293,0.422281209,0.42526739,0,0.335154969,0,0.0425,0,0,0.842454524,1.199566711,0,1.582324928,0.324264189,1
1969,540,9,122,0.675579671,0.0139,0.664513233,1.037785932,0,0.836482161,0.000703,0.567901476,0.0293,0.422281209,0.42526739,0,0.335154969,0,0.0425,0,0,0.842454524,1.199566711,0,1.582324928,0.324264189,1
1970,540,8,123,0.600515263,0.0123,0.590678429,0.922476384,0,0.743539699,0.000625,0.504801312,0.0261,0.375361074,0.378015458,0,0.297915528,0,0.0378,0,0,0.748848466,1.066281521,0,1.406511047,0.288234835,1
1971,540,9,124,0.675579671,0.0139,0.664513233,1.037785932,0,0.836482161,0.000703,0.567901476,0.0293,0.422281209,0.42526739,0,0.335154969,0,0.0425,0,0,0.842454524,1.199566711,0,1.582324928,0.324264189,1
1972,540,7,125,0.525450855,0.0108,0.516843626,0.807166836,0,0.650597236,0.000546,0.441701148,0.0228,0.32844094,0.330763526,0,0.260676087,0,0.0331,0,0,0.655242408,0.932996331,0,1.230697166,0.252205481,1
1973,540,5,126,0.375322039,0.00771,0.369174018,0.57654774,0,0.464712312,0.00039,0.31550082,0.0163,0.234600671,0.236259661,0,0.186197205,0,0.0236,0,0,0.468030291,0.666425951,0,0.879069404,0.180146772,3
1974,540,8,127,0.600515263,0.0123,0.590678429,0.922476384,0,0.743539699,0.000625,0.504801312,0.0261,0.375361074,0.378015458,0,0.297915528,0,0.0378,0,0,0.748848466,1.066281521,0,1.406511047,0.288234835,1
1975,540,9,128,0.675579671,0.0139,0.664513233,1.037785932,0,0.836482161,0.000703,0.567901476,0.0293,0.422281209,0.42526739,0,0.335154969,0,0.0425,0,0,0.842454524,1.199566711,0,1.582324928,0.324264189,1
1976,540,8,129,0.600515263,0.0123,0.590678429,0.922476384,0,0.743539699,0.000625,0.504801312,0.0261,0.375361074,0.378015458,0,0.297915528,0,0.0378,0,0,0.748848466,1.066281521,0,1.406511047,0.288234835,1
1977,540,7,130,0.525450855,0.0108,0.516843626,0.807166836,0,0.650597236,0.000546,0.441701148,0.0228,0.32844094,0.330763526,0,0.260676087,0,0.0331,0,0,0.655242408,0.932996331,0,1.230697166,0.252205481,1
1978,540,8,131,0.600515263,0.0123,0.590678429,0.922476384,0,0.743539699,0.000625,0.504801312,0.0261,0.375361074,0.378015458,0,0.297915528,0,0.0378,0,0,0.748848466,1.066281521,0,1.406511047,0.288234835,1
1979,540,2,132,0.150128816,0.00308,0.147669607,0.230619096,0,0.185884925,0.000156,0.126200328,0.00652,0.0938,0.0945,0,0.0745,0,0.00945,0,0,0.187212116,0.26657038,0,0.351627762,0.0721,3
1980,540,6,133,0.450386447,0.00925,0.443008822,0.691857288,0,0.557654774,0.000468,0.378600984,0.0196,0.281520806,0.283511593,0,0.223436646,0,0.0283,0,0,0.561636349,0.799711141,0,1.054883285,0.216176126,3
1981,540,6,134,0.450386447,0.00925,0.443008822,0.691857288,0,0.557654774,0.000468,0.378600984,0.0196,0.281520806,0.283511593,0,0.223436646,0,0.0283,0,0,0.561636349,0.799711141,0,1.054883285,0.216176126,3
1982,540,8,135,0.600515263,0.0123,0.590678429,0.922476384,0,0.743539699,0.000625,0.504801312,0.0261,0.375361074,0.378015458,0,0.297915528,0,0.0378,0,0,0.748848466,1.066281521,0,1.406511047,0.288234835,1
1983,540,9,136,0.675579671,0.0139,0.664513233,1.037785932,0,0.836482161,0.000703,0.567901476,0.0293,0.422281209,0.42526739,0,0.335154969,0,0.0425,0,0,0.842454524,1.199566711,0,1.582324928,0.324264189,1
1984,540,8,137,0.600515263,0.0123,0.590678429,0.922476384,0,0.743539699,0.000625,0.504801312,0.0261,0.375361074,0.378015458,0,0.297915528,0,0.0378,0,0,0.748848466,1.066281521,0,1.406511047,0.288234835,1
1985,540,7,138,0.525450855,0.0108,0.516843626,0.807166836,0,0.650597236,0.000546,0.441701148,0.0228,0.32844094,0.330763526,0,0.260676087,0,0.0331,0,0,0.655242408,0.932996331,0,1.230697166,0.252205481,1
1986,540,8,139,0.600515263,0.0123,0.590678429,0.922476384,0,0.743539699,0.000625,0.504801312,0.0261,0.375361074,0.378015458,0,0.297915528,0,0.0378,0,0,0.748848466,1.066281521,0,1.406511047,0.288234835,1
1987,540,9,140,0.675579671,0.0139,0.664513233,1.037785932,0,0.836482161,0.000703,0.567901476,0.0293,0.422281209,0.42526739,0,0.335154969,0,0.0425,0,0,0.842454524,1.199566711,0,1.582324928,0.324264189,1
1988,540,8,141,0.600515263,0.0123,0.590678429,0.922476384,0,0.743539699,0.000625,0.504801312,0.0261,0.375361074,0.378015458,0,0.297915528,0,0.0378,0,0,0.748848466,1.066281521,0,1.406511047,0.288234835,1
1989,540,5,142,0.375322039,0.00771,0.369174018,0.57654774,0,0.464712312,0.00039,0.31550082,0.0163,0.234600671,0.236259661,0,0.186197205,0,0.0236,0,0,0.468030291,0.666425951,0,0.879069404,0.180146772,3
1990,540,9,143,0.675579671,0.0139,0.664513233,1.037785932,0,0.836482161,0.000703,0.567901476,0.0293,0.422281209,0.42526739,0,0.335154969,0,0.0425,0,0,0.842454524,1.199566711,0,1.582324928,0.324264189,1
1991,540,6,144,0.450386447,0.00925,0.443008822,0.691857288,0,0.557654774,0.000468,0.378600984,0.0196,0.281520806,0.283511593,0,0.223436646,0,0.0283,0,0,0.561636349,0.799711141,0,1.054883285,0.216176126,3
1992,540,7,145,0.525450855,0.0108,0.516843626,0.807166836,0,0.650597236,0.000546,0.441701148,0.0228,0.32844094,0.330763526,0,0.260676087,0,0.0331,0,0,0.655242408,0.932996331,0,1.230697166,0.252205481,1
1993,540,6,146,0.450386447,0.00925,0.443008822,0.691857288,0,0.557654774,0.000468,0.378600984,0.0196,0.281520806,0.283511593,0,0.223436646,0,0.0283,0,0,0.561636349,0.799711141,0,1.054883285,0.216176126,3
1994,540,9,147,0.675579671,0.0139,0.664513233,1.037785932,0,0.836482161,0.000703,0.567901476,0.0293,0.422281209,0.42526739,0,0.335154969,0,0.0425,0,0,0.842454524,1.199566711,0,1.582324928,0.324264189,1
1995,540,8,148,0.600515263,0.0123,0.590678429,0.922476384,0,0.743539699,0.000625,0.504801312,0.0261,0.375361074,0.378015458,0,0.297915528,0,0.0378,0,0,0.748848466,1.066281521,0,1.406511047,0.288234835,1
1996,540,4,149,0.300257631,0.00617,0.295339215,0.461238192,0,0.371769849,0.000312,0.252400656,0.013,0.187680537,0.189007729,0,0.148957764,0,0.0189,0,0,0.374424233,0.53314076,0,0.703255523,0.144117417,3
1997,540,2,150,0.150128816,0.00308,0.147669607,0.230619096,0,0.185884925,0.000156,0.126200328,0.00652,0.0938,0.0945,0,0.0745,0,0.00945,0,0,0.187212116,0.26657038,0,0.351627762,0.0721,3
1998,540,7,151,0.525450855,0.0108,0.516843626,0.807166836,0,0.650597236,0.000546,0.441701148,0.0228,0.32844094,0.330763526,0,0.260676087,0,0.0331,0,0,0.655242408,0.932996331,0,1.230697166,0.252205481,1
1999,540,7,152,0.525450855,0.0108,0.516843626,0.807166836,0,0.650597236,0.000546,0.441701148,0.0228,0.32844094,0.330763526,0,0.260676087,0,0.0331,0,0,0.655242408,0.932996331,0,1.230697166,0.252205481,1
2000,540,7,153,0.525450855,0.0108,0.516843626,0.807166836,0,0.650597236,0.000546,0.441701148,0.0228,0.32844094,0.330763526,0,0.260676087,0,0.0331,0,0,0.655242408,0.932996331,0,1.230697166,0.252205481,1
2001,540,9,154,0.675579671,0.0139,0.664513233,1.037785932,0,0.836482161,0.000703,0.567901476,0.0293,0.422281209,0.42526739,0,0.335154969,0,0.0425,0,0,0.842454524,1.199566711,0,1.582324928,0.324264189,1
2002,540,7,155,0.525450855,0.0108,0.516843626,0.807166836,0,0.650597236,0.000546,0.441701148,0.0228,0.32844094,0.330763526,0,0.260676087,0,0.0331,0,0,0.655242408,0.932996331,0,1.230697166,0.252205481,1
2003,540,8,156,0.600515263,0.0123,0.590678429,0.922476384,0,0.743539699,0.000625,0.504801312,0.0261,0.375361074,0.378015458,0,0.297915528,0,0.0378,0,0,0.748848466,1.066281521,0,1.406511047,0.288234835,1
2004,540,8,157,0.600515263,0.0123,0.590678429,0.922476384,0,0.743539699,0.000625,0.504801312,0.0261,0.375361074,0.378015458,0,0.297915528,0,0.0378,0,0,0.748848466,1.066281521,0,1.406511047,0.288234835,1
2005,540,8,158,0.600515263,0.0123,0.590678429,0.922476384,0,0.743539699,0.000625,0.504801312,0.0261,0.375361074,0.378015458,0,0.297915528,0,0.0378,0,0,0.748848466,1.066281521,0,1.406511047,0.288234835,1
2006,540,8,159,0.600515263,0.0123,0.590678429,0.922476384,0,0.743539699,0.000625,0.504801312,0.0261,0.375361074,0.378015458,0,0.297915528,0,0.0378,0,0,0.748848466,1.066281521,0,1.406511047,0.288234835,1
2007,540,5,160,0.375322039,0.00771,0.369174018,0.57654774,0,0.464712312,0.00039,0.31550082,0.0163,0.234600671,0.236259661,0,0.186197205,0,0.0236,0,0,0.468030291,0.666425951,0,0.879069404,0.180146772,3
2008,540,9,161,0.675579671,0.0139,0.664513233,1.037785932,0,0.836482161,0.000703,0.567901476,0.0293,0.422281209,0.42526739,0,0.335154969,0,0.0425,0,0,0.842454524,1.199566711,0,1.582324928,0.324264189,1
2009,540,8,162,0.600515263,0.0123,0.590678429,0.922476384,0,0.743539699,0.000625,0.504801312,0.0261,0.375361074,0.378015458,0,0.297915528,0,0.0378,0,0,0.748848466,1.066281521,0,1.406511047,0.288234835,1
2010,540,9,163,0.675579671,0.0139,0.664513233,1.037785932,0,0.836482161,0.000703,0.567901476,0.0293,0.422281209,0.42526739,0,0.335154969,0,0.0425,0,0,0.842454524,1.199566711,0,1.582324928,0.324264189,1
2011,540,9,164,0.675579671,0.0139,0.664513233,1.037785932,0,0.836482161,0.000703,0.567901476,0.0293,0.422281209,0.42526739,0,0.335154969,0,0.0425,0,0,0.842454524,1.199566711,0,1.582324928,0.324264189,1
2012,540,5,165,0.375322039,0.00771,0.369174018,0.57654774,0,0.464712312,0.00039,0.31550082,0.0163,0.234600671,0.236259661,0,0.186197205,0,0.0236,0,0,0.468030291,0.666425951,0,0.879069404,0.180146772,3
2013,540,9,166,0.675579671,0.0139,0.664513233,1.037785932,0,0.836482161,0.000703,0.567901476,0.0293,0.422281209,0.42526739,0,0.335154969,0,0.0425,0,0,0.842454524,1.199566711,0,1.582324928,0.324264189,1
2014,540,6,167,0.450386447,0.00925,0.443008822,0.691857288,0,0.557654774,0.000468,0.378600984,0.0196,0.281520806,0.283511593,0,0.223436646,0,0.0283,0,0,0.561636349,0.799711141,0,1.054883285,0.216176126,3
2015,540,9,168,0.675579671,0.0139,0.664513233,1.037785932,0,0.836482161,0.000703,0.567901476,0.0293,0.422281209,0.42526739,0,0.335154969,0,0.0425,0,0,0.842454524,1.199566711,0,1.582324928,0.324264189,1
2016,540,7,169,0.525450855,0.0108,0.516843626,0.807166836,0,0.650597236,0.000546,0.441701148,0.0228,0.32844094,0.330763526,0,0.260676087,0,0.0331,0,0,0.655242408,0.932996331,0,1.230697166,0.252205481,1
2017,540,7,170,0.525450855,0.0108,0.516843626,0.807166836,0,0.650597236,0.000546,0.441701148,0.0228,0.32844094,0.330763526,0,0.260676087,0,0.0331,0,0,0.655242408,0.932996331,0,1.230697166,0.252205481,1
2018,540,8,171,0.600515263,0.0123,0.590678429,0.922476384,0,0.743539699,0.000625,0.504801312,0.0261,0.375361074,0.378015458,0,0.297915528,0,0.0378,0,0,0.748848466,1.066281521,0,1.406511047,0.288234835,1
2019,540,9,172,0.675579671,0.0139,0.664513233,1.037785932,0,0.836482161,0.000703,0.567901476,0.0293,0.422281209,0.42526739,0,0.335154969,0,0.0425,0,0,0.842454524,1.199566711,0,1.582324928,0.324264189,1
2020,540,8,173,0.600515263,0.0123,0.590678429,0.922476384,0,0.743539699,0.000625,0.504801312,0.0261,0.375361074,0.378015458,0,0.297915528,0,0.0378,0,0,0.748848466,1.066281521,0,1.406511047,0.288234835,1
2021,540,8,174,0.600515263,0.0123,0.590678429,0.922476384,0,0.743539699,0.000625,0.504801312,0.0261,0.375361074,0.378015458,0,0.297915528,0,0.0378,0,0,0.748848466,1.066281521,0,1.406511047,0.288234835,1
2022,540,9,175,0.675579671,0.0139,0.664513233,1.037785932,0,0.836482161,0.000703,0.567901476,0.0293,0.422281209,0.42526739,0,0.335154969,0,0.0425,0,0,0.842454524,1.199566711,0,1.582324928,0.324264189,1
2023,540,4,176,0.300257631,0.00617,0.295339215,0.461238192,0,0.371769849,0.000312,0.252400656,0.013,0.187680537,0.189007729,0,0.148957764,0,0.0189,0,0,0.374424233,0.53314076,0,0.703255523,0.144117417,3
2024,540,8,177,0.600515263,0.0123,0.590678429,0.922476384,0,0.743539699,0.000625,0.504801312,0.0261,0.375361074,0.378015458,0,0.297915528,0,0.0378,0,0,0.748848466,1.066281521,0,1.406511047,0.288234835,1
2025,540,9,178,0.675579671,0.0139,0.664513233,1.037785932,0,0.836482161,0.000703,0.567901476,0.0293,0.422281209,0.42526739,0,0.335154969,0,0.0425,0,0,0.842454524,1.199566711,0,1.582324928,0.324264189,1
2026,540,9,179,0.675579671,0.0139,0.664513233,1.037785932,0,0.836482161,0.000703,0.567901476,0.0293,0.422281209,0.42526739,0,0.335154969,0,0.0425,0,0,0.842454524,1.199566711,0,1.582324928,0.324264189,1
2027,540,9,180,0.675579671,0.0139,0.664513233,1.037785932,0,0.836482161,0.000703,0.567901476,0.0293,0.422281209,0.42526739,0,0.335154969,0,0.0425,0,0,0.842454524,1.199566711,0,1.582324928,0.324264189,1
2028,540,1,181,0.0751,0.00154,0.0738,0.115309548,0,0.0929,7.81E-05,0.0631,0.00326,0.0469,0.0473,0,0.0372,0,0.00472,0,0,0.0936,0.13328519,0,0.175813881,0.036,3
2029,540,9,182,0.675579671,0.0139,0.664513233,1.037785932,0,0.836482161,0.000703,0.567901476,0.0293,0.422281209,0.42526739,0,0.335154969,0,0.0425,0,0,0.842454524,1.199566711,0,1.582324928,0.324264189,1
2030,540,9,183,0.675579671,0.0139,0.664513233,1.037785932,0,0.836482161,0.000703,0.567901476,0.0293,0.422281209,0.42526739,0,0.335154969,0,0.0425,0,0,0.842454524,1.199566711,0,1.582324928,0.324264189,1
2031,540,8,184,0.600515263,0.0123,0.590678429,0.922476384,0,0.743539699,0.000625,0.504801312,0.0261,0.375361074,0.378015458,0,0.297915528,0,0.0378,0,0,0.748848466,1.066281521,0,1.406511047,0.288234835,1
2032,540,6,185,0.450386447,0.00925,0.443008822,0.691857288,0,0.557654774,0.000468,0.378600984,0.0196,0.281520806,0.283511593,0,0.223436646,0,0.0283,0,0,0.561636349,0.799711141,0,1.054883285,0.216176126,3
2033,540,9,186,0.675579671,0.0139,0.664513233,1.037785932,0,0.836482161,0.000703,0.567901476,0.0293,0.422281209,0.42526739,0,0.335154969,0,0.0425,0,0,0.842454524,1.199566711,0,1.582324928,0.324264189,1
2034,540,7,187,0.525450855,0.0108,0.516843626,0.807166836,0,0.650597236,0.000546,0.441701148,0.0228,0.32844094,0.330763526,0,0.260676087,0,0.0331,0,0,0.655242408,0.932996331,0,1.230697166,0.252205481,1
2035,540,8,188,0.600515263,0.0123,0.590678429,0.922476384,0,0.743539699,0.000625,0.504801312,0.0261,0.375361074,0.378015458,0,0.297915528,0,0.0378,0,0,0.748848466,1.066281521,0,1.406511047,0.288234835,1
2036,540,8,189,0.600515263,0.0123,0.590678429,0.922476384,0,0.743539699,0.000625,0.504801312,0.0261,0.375361074,0.378015458,0,0.297915528,0,0.0378,0,0,0.748848466,1.066281521,0,1.406511047,0.288234835,1
2037,540,9,190,0.675579671,0.0139,0.664513233,1.037785932,0,0.836482161,0.000703,0.567901476,0.0293,0.422281209,0.42526739,0,0.335154969,0,0.0425,0,0,0.842454524,1.199566711,0,1.582324928,0.324264189,1
2038,540,9,191,0.675579671,0.0139,0.664513233,1.037785932,0,0.836482161,0.000703,0.567901476,0.0293,0.422281209,0.42526739,0,0.335154969,0,0.0425,0,0,0.842454524,1.199566711,0,1.582324928,0.324264189,1
2039,540,6,192,0.450386447,0.00925,0.443008822,0.691857288,0,0.557654774,0.000468,0.378600984,0.0196,0.281520806,0.283511593,0,0.223436646,0,0.0283,0,0,0.561636349,0.799711141,0,1.054883285,0.216176126,3
2040,540,7,193,0.525450855,0.0108,0.516843626,0.807166836,0,0.650597236,0.000546,0.441701148,0.0228,0.32844094,0.330763526,0,0.260676087,0,0.0331,0,0,0.655242408,0.932996331,0,1.230697166,0.252205481,1
2041,540,6,194,0.450386447,0.00925,0.443008822,0.691857288,0,0.557654774,0.000468,0.378600984,0.0196,0.281520806,0.283511593,0,0.223436646,0,0.0283,0,0,0.561636349,0.799711141,0,1.054883285,0.216176126,3
2042,540,4,195,0.300257631,0.00617,0.295339215,0.461238192,0,0.371769849,0.000312,0.252400656,0.013,0.187680537,0.189007729,0,0.148957764,0,0.0189,0,0,0.374424233,0.53314076,0,0.703255523,0.144117417,3
2043,540,9,196,0.675579671,0.0139,0.664513233,1.037785932,0,0.836482161,0.000703,0.567901476,0.0293,0.422281209,0.42526739,0,0.335154969,0,0.0425,0,0,0.842454524,1.199566711,0,1.582324928,0.324264189,1
2044,540,8,197,0.600515263,0.0123,0.590678429,0.922476384,0,0.743539699,0.000625,0.504801312,0.0261,0.375361074,0.378015458,0,0.297915528,0,0.0378,0,0,0.748848466,1.066281521,0,1.406511047,0.288234835,1
2045,540,9,198,0.675579671,0.0139,0.664513233,1.037785932,0,0.836482161,0.000703,0.567901476,0.0293,0.422281209,0.42526739,0,0.335154969,0,0.0425,0,0,0.842454524,1.199566711,0,1.582324928,0.324264189,1
2046,540,6,199,0.450386447,0.00925,0.443008822,0.691857288,0,0.557654774,0.000468,0.378600984,0.0196,0.281520806,0.283511593,0,0.223436646,0,0.0283,0,0,0.561636349,0.799711141,0,1.054883285,0.216176126,3
2047,540,9,200,0.675579671,0.0139,0.664513233,1.037785932,0,0.836482161,0.000703,0.567901476,0.0293,0.422281209,0.42526739,0,0.335154969,0,0.0425,0,0,0.842454524,1.199566711,0,1.582324928,0.324264189,1
2048,540,8,201,0.600515263,0.0123,0.590678429,0.922476384,0,0.743539699,0.000625,0.504801312,0.0261,0.375361074,0.378015458,0,0.297915528,0,0.0378,0,0,0.748848466,1.066281521,0,1.406511047,0.288234835,1
2049,540,6,202,0.450386447,0.00925,0.443008822,0.691857288,0,0.557654774,0.000468,0.378600984,0.0196,0.281520806,0.283511593,0,0.223436646,0,0.0283,0,0,0.561636349,0.799711141,0,1.054883285,0.216176126,3
2050,540,9,203,0.675579671,0.0139,0.664513233,1.037785932,0,0.836482161,0.000703,0.567901476,0.0293,0.422281209,0.42526739,0,0.335154969,0,0.0425,0,0,0.842454524,1.199566711,0,1.582324928,0.324264189,1
2051,540,4,204,0.300257631,0.00617,0.295339215,0.461238192,0,0.371769849,0.000312,0.252400656,0.013,0.187680537,0.189007729,0,0.148957764,0,0.0189,0,0,0.374424233,0.53314076,0,0.703255523,0.144117417,3
2052,540,8,205,0.600515263,0.0123,0.590678429,0.922476384,0,0.743539699,0.000625,0.504801312,0.0261,0.375361074,0.378015458,0,0.297915528,0,0.0378,0,0,0.748848466,1.066281521,0,1.406511047,0.288234835,1
2053,540,8,206,0.600515263,0.0123,0.590678429,0.922476384,0,0.743539699,0.000625,0.504801312,0.0261,0.375361074,0.378015458,0,0.297915528,0,0.0378,0,0,0.748848466,1.066281521,0,1.406511047,0.288234835,1
2054,540,7,207,0.525450855,0.0108,0.516843626,0.807166836,0,0.650597236,0.000546,0.441701148,0.0228,0.32844094,0.330763526,0,0.260676087,0,0.0331,0,0,0.655242408,0.932996331,0,1.230697166,0.252205481,1
2055,540,9,208,0.675579671,0.0139,0.664513233,1.037785932,0,0.836482161,0.000703,0.567901476,0.0293,0.422281209,0.42526739,0,0.335154969,0,0.0425,0,0,0.842454524,1.199566711,0,1.582324928,0.324264189,1
2056,540,1,209,0.0751,0.00154,0.0738,0.115309548,0,0.0929,7.81E-05,0.0631,0.00326,0.0469,0.0473,0,0.0372,0,0.00472,0,0,0.0936,0.13328519,0,0.175813881,0.036,3
2057,540,9,210,0.675579671,0.0139,0.664513233,1.037785932,0,0.836482161,0.000703,0.567901476,0.0293,0.422281209,0.42526739,0,0.335154969,0,0.0425,0,0,0.842454524,1.199566711,0,1.582324928,0.324264189,1
2058,540,7,211,0.525450855,0.0108,0.516843626,0.807166836,0,0.650597236,0.000546,0.441701148,0.0228,0.32844094,0.330763526,0,0.260676087,0,0.0331,0,0,0.655242408,0.932996331,0,1.230697166,0.252205481,1
2059,540,9,212,0.675579671,0.0139,0.664513233,1.037785932,0,0.836482161,0.000703,0.567901476,0.0293,0.422281209,0.42526739,0,0.335154969,0,0.0425,0,0,0.842454524,1.199566711,0,1.582324928,0.324264189,1
2060,540,7,213,0.525450855,0.0108,0.516843626,0.807166836,0,0.650597236,0.000546,0.441701148,0.0228,0.32844094,0.330763526,0,0.260676087,0,0.0331,0,0,0.655242408,0.932996331,0,1.230697166,0.252205481,1
2061,540,9,214,0.675579671,0.0139,0.664513233,1.037785932,0,0.836482161,0.000703,0.567901476,0.0293,0.422281209,0.42526739,0,0.335154969,0,0.0425,0,0,0.842454524,1.199566711,0,1.582324928,0.324264189,1
2062,540,8,215,0.600515263,0.0123,0.590678429,0.922476384,0,0.743539699,0.000625,0.504801312,0.0261,0.375361074,0.378015458,0,0.297915528,0,0.0378,0,0,0.748848466,1.066281521,0,1.406511047,0.288234835,1
2063,540,9,216,0.675579671,0.0139,0.664513233,1.037785932,0,0.836482161,0.000703,0.567901476,0.0293,0.422281209,0.42526739,0,0.335154969,0,0.0425,0,0,0.842454524,1.199566711,0,1.582324928,0.324264189,1
2064,540,8,217,0.600515263,0.0123,0.590678429,0.922476384,0,0.743539699,0.000625,0.504801312,0.0261,0.375361074,0.378015458,0,0.297915528,0,0.0378,0,0,0.748848466,1.066281521,0,1.406511047,0.288234835,1
2065,540,6,218,0.450386447,0.00925,0.443008822,0.691857288,0,0.557654774,0.000468,0.378600984,0.0196,0.281520806,0.283511593,0,0.223436646,0,0.0283,0,0,0.561636349,0.799711141,0,1.054883285,0.216176126,3
2066,540,8,219,0.600515263,0.0123,0.590678429,0.922476384,0,0.743539699,0.000625,0.504801312,0.0261,0.375361074,0.378015458,0,0.297915528,0,0.0378,0,0,0.748848466,1.066281521,0,1.406511047,0.288234835,1
2067,540,8,220,0.600515263,0.0123,0.590678429,0.922476384,0,0.743539699,0.000625,0.504801312,0.0261,0.375361074,0.378015458,0,0.297915528,0,0.0378,0,0,0.748848466,1.066281521,0,1.406511047,0.288234835,1
2068,540,8,221,0.600515263,0.0123,0.590678429,0.922476384,0,0.743539699,0.000625,0.504801312,0.0261,0.375361074,0.378015458,0,0.297915528,0,0.0378,0,0,0.748848466,1.066281521,0,1.406511047,0.288234835,1
2069,540,7,222,0.525450855,0.0108,0.516843626,0.807166836,0,0.650597236,0.000546,0.441701148,0.0228,0.32844094,0.330763526,0,0.260676087,0,0.0331,0,0,0.655242408,0.932996331,0,1.230697166,0.252205481,1
2070,540,6,223,0.450386447,0.00925,0.443008822,0.691857288,0,0.557654774,0.000468,0.378600984,0.0196,0.281520806,0.283511593,0,0.223436646,0,0.0283,0,0,0.561636349,0.799711141,0,1.054883285,0.216176126,3
2071,540,7,224,0.525450855,0.0108,0.516843626,0.807166836,0,0.650597236,0.000546,0.441701148,0.0228,0.32844094,0.330763526,0,0.260676087,0,0.0331,0,0,0.655242408,0.932996331,0,1.230697166,0.252205481,1
2072,540,8,225,0.600515263,0.0123,0.590678429,0.922476384,0,0.743539699,0.000625,0.504801312,0.0261,0.375361074,0.378015458,0,0.297915528,0,0.0378,0,0,0.748848466,1.066281521,0,1.406511047,0.288234835,1
2073,540,6,226,0.450386447,0.00925,0.443008822,0.691857288,0,0.557654774,0.000468,0.378600984,0.0196,0.281520806,0.283511593,0,0.223436646,0,0.0283,0,0,0.561636349,0.799711141,0,1.054883285,0.216176126,3
2074,540,9,227,0.675579671,0.0139,0.664513233,1.037785932,0,0.836482161,0.000703,0.567901476,0.0293,0.422281209,0.42526739,0,0.335154969,0,0.0425,0,0,0.842454524,1.199566711,0,1.582324928,0.324264189,1
2075,540,7,228,0.525450855,0.0108,0.516843626,0.807166836,0,0.650597236,0.000546,0.441701148,0.0228,0.32844094,0.330763526,0,0.260676087,0,0.0331,0,0,0.655242408,0.932996331,0,1.230697166,0.252205481,1
2076,540,8,229,0.600515263,0.0123,0.590678429,0.922476384,0,0.743539699,0.000625,0.504801312,0.0261,0.375361074,0.378015458,0,0.297915528,0,0.0378,0,0,0.748848466,1.066281521,0,1.406511047,0.288234835,1
2077,540,9,230,0.675579671,0.0139,0.664513233,1.037785932,0,0.836482161,0.000703,0.567901476,0.0293,0.422281209,0.42526739,0,0.335154969,0,0.0425,0,0,0.842454524,1.199566711,0,1.582324928,0.324264189,1
2078,540,7,231,0.525450855,0.0108,0.516843626,0.807166836,0,0.650597236,0.000546,0.441701148,0.0228,0.32844094,0.330763526,0,0.260676087,0,0.0331,0,0,0.655242408,0.932996331,0,1.230697166,0.252205481,1
2079,540,7,232,0.525450855,0.0108,0.516843626,0.807166836,0,0.650597236,0.000546,0.441701148,0.0228,0.32844094,0.330763526,0,0.260676087,0,0.0331,0,0,0.655242408,0.932996331,0,1.230697166,0.252205481,1
2080,540,8,233,0.600515263,0.0123,0.590678429,0.922476384,0,0.743539699,0.000625,0.504801312,0.0261,0.375361074,0.378015458,0,0.297915528,0,0.0378,0,0,0.748848466,1.066281521,0,1.406511047,0.288234835,1
2081,540,8,234,0.600515263,0.0123,0.590678429,0.922476384,0,0.743539699,0.000625,0.504801312,0.0261,0.375361074,0.378015458,0,0.297915528,0,0.0378,0,0,0.748848466,1.066281521,0,1.406511047,0.288234835,1
2082,540,7,235,0.525450855,0.0108,0.516843626,0.807166836,0,0.650597236,0.000546,0.441701148,0.0228,0.32844094,0.330763526,0,0.260676087,0,0.0331,0,0,0.655242408,0.932996331,0,1.230697166,0.252205481,1
2083,540,8,236,0.600515263,0.0123,0.590678429,0.922476384,0,0.743539699,0.000625,0.504801312,0.0261,0.375361074,0.378015458,0,0.297915528,0,0.0378,0,0,0.748848466,1.066281521,0,1.406511047,0.288234835,1
2084,540,5,237,0.375322039,0.00771,0.369174018,0.57654774,0,0.464712312,0.00039,0.31550082,0.0163,0.234600671,0.236259661,0,0.186197205,0,0.0236,0,0,0.468030291,0.666425951,0,0.879069404,0.180146772,3
2085,540,6,238,0.450386447,0.00925,0.443008822,0.691857288,0,0.557654774,0.000468,0.378600984,0.0196,0.281520806,0.283511593,0,0.223436646,0,0.0283,0,0,0.561636349,0.799711141,0,1.054883285,0.216176126,3
2086,540,8,239,0.600515263,0.0123,0.590678429,0.922476384,0,0.743539699,0.000625,0.504801312,0.0261,0.375361074,0.378015458,0,0.297915528,0,0.0378,0,0,0.748848466,1.066281521,0,1.406511047,0.288234835,1
2087,540,8,240,0.600515263,0.0123,0.590678429,0.922476384,0,0.743539699,0.000625,0.504801312,0.0261,0.375361074,0.378015458,0,0.297915528,0,0.0378,0,0,0.748848466,1.066281521,0,1.406511047,0.288234835,1
2088,540,7,241,0.525450855,0.0108,0.516843626,0.807166836,0,0.650597236,0.000546,0.441701148,0.0228,0.32844094,0.330763526,0,0.260676087,0,0.0331,0,0,0.655242408,0.932996331,0,1.230697166,0.252205481,1
2089,540,6,242,0.450386447,0.00925,0.443008822,0.691857288,0,0.557654774,0.000468,0.378600984,0.0196,0.281520806,0.283511593,0,0.223436646,0,0.0283,0,0,0.561636349,0.799711141,0,1.054883285,0.216176126,3
2090,540,8,243,0.600515263,0.0123,0.590678429,0.922476384,0,0.743539699,0.000625,0.504801312,0.0261,0.375361074,0.378015458,0,0.297915528,0,0.0378,0,0,0.748848466,1.066281521,0,1.406511047,0.288234835,1
2091,540,9,244,0.675579671,0.0139,0.664513233,1.037785932,0,0.836482161,0.000703,0.567901476,0.0293,0.422281209,0.42526739,0,0.335154969,0,0.0425,0,0,0.842454524,1.199566711,0,1.582324928,0.324264189,1
2092,540,7,245,0.525450855,0.0108,0.516843626,0.807166836,0,0.650597236,0.000546,0.441701148,0.0228,0.32844094,0.330763526,0,0.260676087,0,0.0331,0,0,0.655242408,0.932996331,0,1.230697166,0.252205481,1
2093,540,3,246,0.225193224,0.00463,0.221504411,0.345928644,0,0.278827387,0.000234,0.189300492,0.00978,0.140760403,0.141755797,0,0.111718323,0,0.0142,0,0,0.280818175,0.39985557,0,0.527441643,0.108088063,3
2094,540,7,247,0.525450855,0.0108,0.516843626,0.807166836,0,0.650597236,0.000546,0.441701148,0.0228,0.32844094,0.330763526,0,0.260676087,0,0.0331,0,0,0.655242408,0.932996331,0,1.230697166,0.252205481,1
2095,540,9,248,0.675579671,0.0139,0.664513233,1.037785932,0,0.836482161,0.000703,0.567901476,0.0293,0.422281209,0.42526739,0,0.335154969,0,0.0425,0,0,0.842454524,1.199566711,0,1.582324928,0.324264189,1
2096,540,7,249,0.525450855,0.0108,0.516843626,0.807166836,0,0.650597236,0.000546,0.441701148,0.0228,0.32844094,0.330763526,0,0.260676087,0,0.0331,0,0,0.655242408,0.932996331,0,1.230697166,0.252205481,1
2097,540,5,250,0.375322039,0.00771,0.369174018,0.57654774,0,0.464712312,0.00039,0.31550082,0.0163,0.234600671,0.236259661,0,0.186197205,0,0.0236,0,0,0.468030291,0.666425951,0,0.879069404,0.180146772,3
2098,540,9,251,0.675579671,0.0139,0.664513233,1.037785932,0,0.836482161,0.000703,0.567901476,0.0293,0.422281209,0.42526739,0,0.335154969,0,0.0425,0,0,0.842454524,1.199566711,0,1.582324928,0.324264189,1
2099,540,7,252,0.525450855,0.0108,0.516843626,0.807166836,0,0.650597236,0.000546,0.441701148,0.0228,0.32844094,0.330763526,0,0.260676087,0,0.0331,0,0,0.655242408,0.932996331,0,1.230697166,0.252205481,1
2100,540,6,253,0.450386447,0.00925,0.443008822,0.691857288,0,0.557654774,0.000468,0.378600984,0.0196,0.281520806,0.283511593,0,0.223436646,0,0.0283,0,0,0.561636349,0.799711141,0,1.054883285,0.216176126,3
2101,540,9,254,0.675579671,0.0139,0.664513233,1.037785932,0,0.836482161,0.000703,0.567901476,0.0293,0.422281209,0.42526739,0,0.335154969,0,0.0425,0,0,0.842454524,1.199566711,0,1.582324928,0.324264189,1
2102,540,9,255,0.675579671,0.0139,0.664513233,1.037785932,0,0.836482161,0.000703,0.567901476,0.0293,0.422281209,0.42526739,0,0.335154969,0,0.0425,0,0,0.842454524,1.199566711,0,1.582324928,0.324264189,1
2103,540,7,256,0.525450855,0.0108,0.516843626,0.807166836,0,0.650597236,0.000546,0.441701148,0.0228,0.32844094,0.330763526,0,0.260676087,0,0.0331,0,0,0.655242408,0.932996331,0,1.230697166,0.252205481,1
2104,540,8,257,0.600515263,0.0123,0.590678429,0.922476384,0,0.743539699,0.000625,0.504801312,0.0261,0.375361074,0.378015458,0,0.297915528,0,0.0378,0,0,0.748848466,1.066281521,0,1.406511047,0.288234835,1
2105,540,9,258,0.675579671,0.0139,0.664513233,1.037785932,0,0.836482161,0.000703,0.567901476,0.0293,0.422281209,0.42526739,0,0.335154969,0,0.0425,0,0,0.842454524,1.199566711,0,1.582324928,0.324264189,1
2106,540,5,259,0.375322039,0.00771,0.369174018,0.57654774,0,0.464712312,0.00039,0.31550082,0.0163,0.234600671,0.236259661,0,0.186197205,0,0.0236,0,0,0.468030291,0.666425951,0,0.879069404,0.180146772,3
2107,540,7,260,0.525450855,0.0108,0.516843626,0.807166836,0,0.650597236,0.000546,0.441701148,0.0228,0.32844094,0.330763526,0,0.260676087,0,0.0331,0,0,0.655242408,0.932996331,0,1.230697166,0.252205481,1
2108,540,7,261,0.525450855,0.0108,0.516843626,0.807166836,0,0.650597236,0.000546,0.441701148,0.0228,0.32844094,0.330763526,0,0.260676087,0,0.0331,0,0,0.655242408,0.932996331,0,1.230697166,0.252205481,1
2109,540,7,262,0.525450855,0.0108,0.516843626,0.807166836,0,0.650597236,0.000546,0.441701148,0.0228,0.32844094,0.330763526,0,0.260676087,0,0.0331,0,0,0.655242408,0.932996331,0,1.230697166,0.252205481,1
2110,540,9,263,0.675579671,0.0139,0.664513233,1.037785932,0,0.836482161,0.000703,0.567901476,0.0293,0.422281209,0.42526739,0,0.335154969,0,0.0425,0,0,0.842454524,1.199566711,0,1.582324928,0.324264189,1
2111,540,9,264,0.675579671,0.0139,0.664513233,1.037785932,0,0.836482161,0.000703,0.567901476,0.0293,0.422281209,0.42526739,0,0.335154969,0,0.0425,0,0,0.842454524,1.199566711,0,1.582324928,0.324264189,1
2112,540,8,265,0.600515263,0.0123,0.590678429,0.922476384,0,0.743539699,0.000625,0.504801312,0.0261,0.375361074,0.378015458,0,0.297915528,0,0.0378,0,0,0.748848466,1.066281521,0,1.406511047,0.288234835,1
2113,540,7,266,0.525450855,0.0108,0.516843626,0.807166836,0,0.650597236,0.000546,0.441701148,0.0228,0.32844094,0.330763526,0,0.260676087,0,0.0331,0,0,0.655242408,0.932996331,0,1.230697166,0.252205481,1
2114,540,7,267,0.525450855,0.0108,0.516843626,0.807166836,0,0.650597236,0.000546,0.441701148,0.0228,0.32844094,0.330763526,0,0.260676087,0,0.0331,0,0,0.655242408,0.932996331,0,1.230697166,0.252205481,1
2115,540,3,268,0.225193224,0.00463,0.221504411,0.345928644,0,0.278827387,0.000234,0.189300492,0.00978,0.140760403,0.141755797,0,0.111718323,0,0.0142,0,0,0.280818175,0.39985557,0,0.527441643,0.108088063,3
2116,540,5,269,0.375322039,0.00771,0.369174018,0.57654774,0,0.464712312,0.00039,0.31550082,0.0163,0.234600671,0.236259661,0,0.186197205,0,0.0236,0,0,0.468030291,0.666425951,0,0.879069404,0.180146772,3
2117,540,5,270,0.375322039,0.00771,0.369174018,0.57654774,0,0.464712312,0.00039,0.31550082,0.0163,0.234600671,0.236259661,0,0.186197205,0,0.0236,0,0,0.468030291,0.666425951,0,0.879069404,0.180146772,3
2118,540,9,271,0.675579671,0.0139,0.664513233,1.037785932,0,0.836482161,0.000703,0.567901476,0.0293,0.422281209,0.42526739,0,0.335154969,0,0.0425,0,0,0.842454524,1.199566711,0,1.582324928,0.324264189,1
2119,540,2,272,0.150128816,0.00308,0.147669607,0.230619096,0,0.185884925,0.000156,0.126200328,0.00652,0.0938,0.0945,0,0.0745,0,0.00945,0,0,0.187212116,0.26657038,0,0.351627762,0.0721,3
2120,540,9,273,0.675579671,0.0139,0.664513233,1.037785932,0,0.836482161,0.000703,0.567901476,0.0293,0.422281209,0.42526739,0,0.335154969,0,0.0425,0,0,0.842454524,1.199566711,0,1.582324928,0.324264189,1
2121,540,4,274,0.300257631,0.00617,0.295339215,0.461238192,0,0.371769849,0.000312,0.252400656,0.013,0.187680537,0.189007729,0,0.148957764,0,0.0189,0,0,0.374424233,0.53314076,0,0.703255523,0.144117417,3
2122,540,5,275,0.375322039,0.00771,0.369174018,0.57654774,0,0.464712312,0.00039,0.31550082,0.0163,0.234600671,0.236259661,0,0.186197205,0,0.0236,0,0,0.468030291,0.666425951,0,0.879069404,0.180146772,3
2123,540,8,276,0.600515263,0.0123,0.590678429,0.922476384,0,0.743539699,0.000625,0.504801312,0.0261,0.375361074,0.378015458,0,0.297915528,0,0.0378,0,0,0.748848466,1.066281521,0,1.406511047,0.288234835,1
2124,540,8,277,0.600515263,0.0123,0.590678429,0.922476384,0,0.743539699,0.000625,0.504801312,0.0261,0.375361074,0.378015458,0,0.297915528,0,0.0378,0,0,0.748848466,1.066281521,0,1.406511047,0.288234835,1
2125,540,7,278,0.525450855,0.0108,0.516843626,0.807166836,0,0.650597236,0.000546,0.441701148,0.0228,0.32844094,0.330763526,0,0.260676087,0,0.0331,0,0,0.655242408,0.932996331,0,1.230697166,0.252205481,1
2126,540,9,279,0.675579671,0.0139,0.664513233,1.037785932,0,0.836482161,0.000703,0.567901476,0.0293,0.422281209,0.42526739,0,0.335154969,0,0.0425,0,0,0.842454524,1.199566711,0,1.582324928,0.324264189,1
2127,540,9,280,0.675579671,0.0139,0.664513233,1.037785932,0,0.836482161,0.000703,0.567901476,0.0293,0.422281209,0.42526739,0,0.335154969,0,0.0425,0,0,0.842454524,1.199566711,0,1.582324928,0.324264189,1
2128,540,5,281,0.375322039,0.00771,0.369174018,0.57654774,0,0.464712312,0.00039,0.31550082,0.0163,0.234600671,0.236259661,0,0.186197205,0,0.0236,0,0,0.468030291,0.666425951,0,0.879069404,0.180146772,3
2129,540,9,282,0.675579671,0.0139,0.664513233,1.037785932,0,0.836482161,0.000703,0.567901476,0.0293,0.422281209,0.42526739,0,0.335154969,0,0.0425,0,0,0.842454524,1.199566711,0,1.582324928,0.324264189,1
2130,540,8,283,0.600515263,0.0123,0.590678429,0.922476384,0,0.743539699,0.000625,0.504801312,0.0261,0.375361074,0.378015458,0,0.297915528,0,0.0378,0,0,0.748848466,1.066281521,0,1.406511047,0.288234835,1
2131,540,5,284,0.375322039,0.00771,0.369174018,0.57654774,0,0.464712312,0.00039,0.31550082,0.0163,0.234600671,0.236259661,0,0.186197205,0,0.0236,0,0,0.468030291,0.666425951,0,0.879069404,0.180146772,3
2132,540,5,285,0.375322039,0.00771,0.369174018,0.57654774,0,0.464712312,0.00039,0.31550082,0.0163,0.234600671,0.236259661,0,0.186197205,0,0.0236,0,0,0.468030291,0.666425951,0,0.879069404,0.180146772,3
2133,540,8,286,0.600515263,0.0123,0.590678429,0.922476384,0,0.743539699,0.000625,0.504801312,0.0261,0.375361074,0.378015458,0,0.297915528,0,0.0378,0,0,0.748848466,1.066281521,0,1.406511047,0.288234835,1
2134,540,7,287,0.525450855,0.0108,0.516843626,0.807166836,0,0.650597236,0.000546,0.441701148,0.0228,0.32844094,0.330763526,0,0.260676087,0,0.0331,0,0,0.655242408,0.932996331,0,1.230697166,0.252205481,1
2135,540,8,288,0.600515263,0.0123,0.590678429,0.922476384,0,0.743539699,0.000625,0.504801312,0.0261,0.375361074,0.378015458,0,0.297915528,0,0.0378,0,0,0.748848466,1.066281521,0,1.406511047,0.288234835,1
2136,540,9,289,0.675579671,0.0139,0.664513233,1.037785932,0,0.836482161,0.000703,0.567901476,0.0293,0.422281209,0.42526739,0,0.335154969,0,0.0425,0,0,0.842454524,1.199566711,0,1.582324928,0.324264189,1
2137,540,9,290,0.675579671,0.0139,0.664513233,1.037785932,0,0.836482161,0.000703,0.567901476,0.0293,0.422281209,0.42526739,0,0.335154969,0,0.0425,0,0,0.842454524,1.199566711,0,1.582324928,0.324264189,1
2138,540,8,291,0.600515263,0.0123,0.590678429,0.922476384,0,0.743539699,0.000625,0.504801312,0.0261,0.375361074,0.378015458,0,0.297915528,0,0.0378,0,0,0.748848466,1.066281521,0,1.406511047,0.288234835,1
2139,540,8,292,0.600515263,0.0123,0.590678429,0.922476384,0,0.743539699,0.000625,0.504801312,0.0261,0.375361074,0.378015458,0,0.297915528,0,0.0378,0,0,0.748848466,1.066281521,0,1.406511047,0.288234835,1
2140,540,5,293,0.375322039,0.00771,0.369174018,0.57654774,0,0.464712312,0.00039,0.31550082,0.0163,0.234600671,0.236259661,0,0.186197205,0,0.0236,0,0,0.468030291,0.666425951,0,0.879069404,0.180146772,3
2141,540,9,294,0.675579671,0.0139,0.664513233,1.037785932,0,0.836482161,0.000703,0.567901476,0.0293,0.422281209,0.42526739,0,0.335154969,0,0.0425,0,0,0.842454524,1.199566711,0,1.582324928,0.324264189,1
2142,540,9,295,0.675579671,0.0139,0.664513233,1.037785932,0,0.836482161,0.000703,0.567901476,0.0293,0.422281209,0.42526739,0,0.335154969,0,0.0425,0,0,0.842454524,1.199566711,0,1.582324928,0.324264189,1
2143,540,5,296,0.375322039,0.00771,0.369174018,0.57654774,0,0.464712312,0.00039,0.31550082,0.0163,0.234600671,0.236259661,0,0.186197205,0,0.0236,0,0,0.468030291,0.666425951,0,0.879069404,0.180146772,3
2144,540,1,297,0.0751,0.00154,0.0738,0.115309548,0,0.0929,7.81E-05,0.0631,0.00326,0.0469,0.0473,0,0.0372,0,0.00472,0,0,0.0936,0.13328519,0,0.175813881,0.036,3
2145,540,4,298,0.300257631,0.00617,0.295339215,0.461238192,0,0.371769849,0.000312,0.252400656,0.013,0.187680537,0.189007729,0,0.148957764,0,0.0189,0,0,0.374424233,0.53314076,0,0.703255523,0.144117417,3
2146,540,9,299,0.675579671,0.0139,0.664513233,1.037785932,0,0.836482161,0.000703,0.567901476,0.0293,0.422281209,0.42526739,0,0.335154969,0,0.0425,0,0,0.842454524,1.199566711,0,1.582324928,0.324264189,1
2147,540,9,300,0.675579671,0.0139,0.664513233,1.037785932,0,0.836482161,0.000703,0.567901476,0.0293,0.422281209,0.42526739,0,0.335154969,0,0.0425,0,0,0.842454524,1.199566711,0,1.582324928,0.324264189,1
2148,540,4,301,0.300257631,0.00617,0.295339215,0.461238192,0,0.371769849,0.000312,0.252400656,0.013,0.187680537,0.189007729,0,0.148957764,0,0.0189,0,0,0.374424233,0.53314076,0,0.703255523,0.144117417,3
2149,540,9,302,0.675579671,0.0139,0.664513233,1.037785932,0,0.836482161,0.000703,0.567901476,0.0293,0.422281209,0.42526739,0,0.335154969,0,0.0425,0,0,0.842454524,1.199566711,0,1.582324928,0.324264189,1
2150,540,6,303,0.450386447,0.00925,0.443008822,0.691857288,0,0.557654774,0.000468,0.378600984,0.0196,0.281520806,0.283511593,0,0.223436646,0,0.0283,0,0,0.561636349,0.799711141,0,1.054883285,0.216176126,3
2151,540,5,304,0.375322039,0.00771,0.369174018,0.57654774,0,0.464712312,0.00039,0.31550082,0.0163,0.234600671,0.236259661,0,0.186197205,0,0.0236,0,0,0.468030291,0.666425951,0,0.879069404,0.180146772,3
2152,540,6,305,0.450386447,0.00925,0.443008822,0.691857288,0,0.557654774,0.000468,0.378600984,0.0196,0.281520806,0.283511593,0,0.223436646,0,0.0283,0,0,0.561636349,0.799711141,0,1.054883285,0.216176126,3
2153,540,9,306,0.675579671,0.0139,0.664513233,1.037785932,0,0.836482161,0.000703,0.567901476,0.0293,0.422281209,0.42526739,0,0.335154969,0,0.0425,0,0,0.842454524,1.199566711,0,1.582324928,0.324264189,1
2154,540,7,307,0.525450855,0.0108,0.516843626,0.807166836,0,0.650597236,0.000546,0.441701148,0.0228,0.32844094,0.330763526,0,0.260676087,0,0.0331,0,0,0.655242408,0.932996331,0,1.230697166,0.252205481,1
2155,540,9,308,0.675579671,0.0139,0.664513233,1.037785932,0,0.836482161,0.000703,0.567901476,0.0293,0.422281209,0.42526739,0,0.335154969,0,0.0425,0,0,0.842454524,1.199566711,0,1.582324928,0.324264189,1
2156,186,8,1,1.059254328,0,0.65379494,0,0.0133,0.645805593,0,0.502663116,0.0786,0.850865513,0.26298269,0,0.219707057,0,0.435419441,0.02,0.02,0.748335553,1.005992011,0.105193076,1.067909454,0.310252996,1
2157,186,8,2,1.059254328,0,0.65379494,0,0.0133,0.645805593,0,0.502663116,0.0786,0.850865513,0.26298269,0,0.219707057,0,0.435419441,0.02,0.02,0.748335553,1.005992011,0.105193076,1.067909454,0.310252996,1
2158,186,8,3,1.059254328,0,0.65379494,0,0.0133,0.645805593,0,0.502663116,0.0786,0.850865513,0.26298269,0,0.219707057,0,0.435419441,0.02,0.02,0.748335553,1.005992011,0.105193076,1.067909454,0.310252996,1
2159,186,7,4,0.926847537,0,0.572070573,0,0.0117,0.565079893,0,0.439830226,0.0687,0.744507324,0.230109854,0,0.192243675,0,0.380992011,0.0175,0.0175,0.654793608,0.880243009,0.092,0.934420772,0.271471372,1
2160,186,8,5,1.059254328,0,0.65379494,0,0.0133,0.645805593,0,0.502663116,0.0786,0.850865513,0.26298269,0,0.219707057,0,0.435419441,0.02,0.02,0.748335553,1.005992011,0.105193076,1.067909454,0.310252996,1
2161,186,7,6,0.926847537,0,0.572070573,0,0.0117,0.565079893,0,0.439830226,0.0687,0.744507324,0.230109854,0,0.192243675,0,0.380992011,0.0175,0.0175,0.654793608,0.880243009,0.092,0.934420772,0.271471372,1
2162,186,7,7,0.926847537,0,0.572070573,0,0.0117,0.565079893,0,0.439830226,0.0687,0.744507324,0.230109854,0,0.192243675,0,0.380992011,0.0175,0.0175,0.654793608,0.880243009,0.092,0.934420772,0.271471372,1
2163,186,9,8,1.191661119,0,0.735519308,0,0.015,0.726531292,0,0.565496005,0.0884,0.957223702,0.295855526,0,0.247170439,0,0.489846871,0.0225,0.0225,0.841877497,1.131741012,0.11834221,1.201398136,0.349034621,1
2164,186,8,9,1.059254328,0,0.65379494,0,0.0133,0.645805593,0,0.502663116,0.0786,0.850865513,0.26298269,0,0.219707057,0,0.435419441,0.02,0.02,0.748335553,1.005992011,0.105193076,1.067909454,0.310252996,1
2165,186,9,10,1.191661119,0,0.735519308,0,0.015,0.726531292,0,0.565496005,0.0884,0.957223702,0.295855526,0,0.247170439,0,0.489846871,0.0225,0.0225,0.841877497,1.131741012,0.11834221,1.201398136,0.349034621,1
2166,186,7,11,0.926847537,0,0.572070573,0,0.0117,0.565079893,0,0.439830226,0.0687,0.744507324,0.230109854,0,0.192243675,0,0.380992011,0.0175,0.0175,0.654793608,0.880243009,0.092,0.934420772,0.271471372,1
2167,186,9,12,1.191661119,0,0.735519308,0,0.015,0.726531292,0,0.565496005,0.0884,0.957223702,0.295855526,0,0.247170439,0,0.489846871,0.0225,0.0225,0.841877497,1.131741012,0.11834221,1.201398136,0.349034621,1
2168,186,6,13,0.794440746,0,0.490346205,0,0.00999,0.484354194,0,0.376997337,0.0589,0.638149135,0.197237017,0,0.164780293,0,0.326564581,0.015,0.015,0.561251664,0.754494008,0.0789,0.800932091,0.232689747,1
2169,186,9,14,1.191661119,0,0.735519308,0,0.015,0.726531292,0,0.565496005,0.0884,0.957223702,0.295855526,0,0.247170439,0,0.489846871,0.0225,0.0225,0.841877497,1.131741012,0.11834221,1.201398136,0.349034621,1
2170,186,8,15,1.059254328,0,0.65379494,0,0.0133,0.645805593,0,0.502663116,0.0786,0.850865513,0.26298269,0,0.219707057,0,0.435419441,0.02,0.02,0.748335553,1.005992011,0.105193076,1.067909454,0.310252996,1
2171,186,9,16,1.191661119,0,0.735519308,0,0.015,0.726531292,0,0.565496005,0.0884,0.957223702,0.295855526,0,0.247170439,0,0.489846871,0.0225,0.0225,0.841877497,1.131741012,0.11834221,1.201398136,0.349034621,1
2172,186,4,17,0.529627164,0,0.32689747,0,0.00666,0.322902796,0,0.251331558,0.0393,0.425432756,0.131491345,0,0.109853529,0,0.21770972,0.00999,0.00999,0.374167776,0.502996005,0.0526,0.533954727,0.155126498,3
2173,186,8,18,1.059254328,0,0.65379494,0,0.0133,0.645805593,0,0.502663116,0.0786,0.850865513,0.26298269,0,0.219707057,0,0.435419441,0.02,0.02,0.748335553,1.005992011,0.105193076,1.067909454,0.310252996,1
2174,186,5,19,0.662033955,0,0.408621838,0,0.00832,0.403628495,0,0.314164447,0.0491,0.531790945,0.164364181,0,0.137316911,0,0.27213715,0.0125,0.0125,0.46770972,0.628745007,0.0657,0.667443409,0.193908123,3
2175,186,8,20,1.059254328,0,0.65379494,0,0.0133,0.645805593,0,0.502663116,0.0786,0.850865513,0.26298269,0,0.219707057,0,0.435419441,0.02,0.02,0.748335553,1.005992011,0.105193076,1.067909454,0.310252996,1
2176,186,8,21,1.059254328,0,0.65379494,0,0.0133,0.645805593,0,0.502663116,0.0786,0.850865513,0.26298269,0,0.219707057,0,0.435419441,0.02,0.02,0.748335553,1.005992011,0.105193076,1.067909454,0.310252996,1
2177,186,5,22,0.662033955,0,0.408621838,0,0.00832,0.403628495,0,0.314164447,0.0491,0.531790945,0.164364181,0,0.137316911,0,0.27213715,0.0125,0.0125,0.46770972,0.628745007,0.0657,0.667443409,0.193908123,3
2178,186,6,23,0.794440746,0,0.490346205,0,0.00999,0.484354194,0,0.376997337,0.0589,0.638149135,0.197237017,0,0.164780293,0,0.326564581,0.015,0.015,0.561251664,0.754494008,0.0789,0.800932091,0.232689747,1
2179,186,8,24,1.059254328,0,0.65379494,0,0.0133,0.645805593,0,0.502663116,0.0786,0.850865513,0.26298269,0,0.219707057,0,0.435419441,0.02,0.02,0.748335553,1.005992011,0.105193076,1.067909454,0.310252996,1
2180,186,8,25,1.059254328,0,0.65379494,0,0.0133,0.645805593,0,0.502663116,0.0786,0.850865513,0.26298269,0,0.219707057,0,0.435419441,0.02,0.02,0.748335553,1.005992011,0.105193076,1.067909454,0.310252996,1
2181,186,7,26,0.926847537,0,0.572070573,0,0.0117,0.565079893,0,0.439830226,0.0687,0.744507324,0.230109854,0,0.192243675,0,0.380992011,0.0175,0.0175,0.654793608,0.880243009,0.092,0.934420772,0.271471372,1
2182,186,7,27,0.926847537,0,0.572070573,0,0.0117,0.565079893,0,0.439830226,0.0687,0.744507324,0.230109854,0,0.192243675,0,0.380992011,0.0175,0.0175,0.654793608,0.880243009,0.092,0.934420772,0.271471372,1
2183,186,7,28,0.926847537,0,0.572070573,0,0.0117,0.565079893,0,0.439830226,0.0687,0.744507324,0.230109854,0,0.192243675,0,0.380992011,0.0175,0.0175,0.654793608,0.880243009,0.092,0.934420772,0.271471372,1
2184,186,8,29,1.059254328,0,0.65379494,0,0.0133,0.645805593,0,0.502663116,0.0786,0.850865513,0.26298269,0,0.219707057,0,0.435419441,0.02,0.02,0.748335553,1.005992011,0.105193076,1.067909454,0.310252996,1
2185,186,9,30,1.191661119,0,0.735519308,0,0.015,0.726531292,0,0.565496005,0.0884,0.957223702,0.295855526,0,0.247170439,0,0.489846871,0.0225,0.0225,0.841877497,1.131741012,0.11834221,1.201398136,0.349034621,1
2186,186,6,31,0.794440746,0,0.490346205,0,0.00999,0.484354194,0,0.376997337,0.0589,0.638149135,0.197237017,0,0.164780293,0,0.326564581,0.015,0.015,0.561251664,0.754494008,0.0789,0.800932091,0.232689747,1
2187,186,7,32,0.926847537,0,0.572070573,0,0.0117,0.565079893,0,0.439830226,0.0687,0.744507324,0.230109854,0,0.192243675,0,0.380992011,0.0175,0.0175,0.654793608,0.880243009,0.092,0.934420772,0.271471372,1
2188,186,9,33,1.191661119,0,0.735519308,0,0.015,0.726531292,0,0.565496005,0.0884,0.957223702,0.295855526,0,0.247170439,0,0.489846871,0.0225,0.0225,0.841877497,1.131741012,0.11834221,1.201398136,0.349034621,1
2189,186,6,34,0.794440746,0,0.490346205,0,0.00999,0.484354194,0,0.376997337,0.0589,0.638149135,0.197237017,0,0.164780293,0,0.326564581,0.015,0.015,0.561251664,0.754494008,0.0789,0.800932091,0.232689747,1
2190,186,9,35,1.191661119,0,0.735519308,0,0.015,0.726531292,0,0.565496005,0.0884,0.957223702,0.295855526,0,0.247170439,0,0.489846871,0.0225,0.0225,0.841877497,1.131741012,0.11834221,1.201398136,0.349034621,1
2191,186,8,36,1.059254328,0,0.65379494,0,0.0133,0.645805593,0,0.502663116,0.0786,0.850865513,0.26298269,0,0.219707057,0,0.435419441,0.02,0.02,0.748335553,1.005992011,0.105193076,1.067909454,0.310252996,1
2192,186,8,37,1.059254328,0,0.65379494,0,0.0133,0.645805593,0,0.502663116,0.0786,0.850865513,0.26298269,0,0.219707057,0,0.435419441,0.02,0.02,0.748335553,1.005992011,0.105193076,1.067909454,0.310252996,1
2193,186,7,38,0.926847537,0,0.572070573,0,0.0117,0.565079893,0,0.439830226,0.0687,0.744507324,0.230109854,0,0.192243675,0,0.380992011,0.0175,0.0175,0.654793608,0.880243009,0.092,0.934420772,0.271471372,1
2194,186,8,39,1.059254328,0,0.65379494,0,0.0133,0.645805593,0,0.502663116,0.0786,0.850865513,0.26298269,0,0.219707057,0,0.435419441,0.02,0.02,0.748335553,1.005992011,0.105193076,1.067909454,0.310252996,1
2195,186,8,40,1.059254328,0,0.65379494,0,0.0133,0.645805593,0,0.502663116,0.0786,0.850865513,0.26298269,0,0.219707057,0,0.435419441,0.02,0.02,0.748335553,1.005992011,0.105193076,1.067909454,0.310252996,1
2196,186,2,41,0.264813582,0,0.163448735,0,0.00333,0.161451398,0,0.125665779,0.0196,0.212716378,0.0657,0,0.0549,0,0.10885486,0.00499,0.00499,0.187083888,0.251498003,0.0263,0.266977364,0.0776,3
2197,186,7,42,0.926847537,0,0.572070573,0,0.0117,0.565079893,0,0.439830226,0.0687,0.744507324,0.230109854,0,0.192243675,0,0.380992011,0.0175,0.0175,0.654793608,0.880243009,0.092,0.934420772,0.271471372,1
2198,186,7,43,0.926847537,0,0.572070573,0,0.0117,0.565079893,0,0.439830226,0.0687,0.744507324,0.230109854,0,0.192243675,0,0.380992011,0.0175,0.0175,0.654793608,0.880243009,0.092,0.934420772,0.271471372,1
2199,186,5,44,0.662033955,0,0.408621838,0,0.00832,0.403628495,0,0.314164447,0.0491,0.531790945,0.164364181,0,0.137316911,0,0.27213715,0.0125,0.0125,0.46770972,0.628745007,0.0657,0.667443409,0.193908123,3
2200,186,6,45,0.794440746,0,0.490346205,0,0.00999,0.484354194,0,0.376997337,0.0589,0.638149135,0.197237017,0,0.164780293,0,0.326564581,0.015,0.015,0.561251664,0.754494008,0.0789,0.800932091,0.232689747,1
2201,186,6,46,0.794440746,0,0.490346205,0,0.00999,0.484354194,0,0.376997337,0.0589,0.638149135,0.197237017,0,0.164780293,0,0.326564581,0.015,0.015,0.561251664,0.754494008,0.0789,0.800932091,0.232689747,1
2202,186,8,47,1.059254328,0,0.65379494,0,0.0133,0.645805593,0,0.502663116,0.0786,0.850865513,0.26298269,0,0.219707057,0,0.435419441,0.02,0.02,0.748335553,1.005992011,0.105193076,1.067909454,0.310252996,1
2203,186,7,48,0.926847537,0,0.572070573,0,0.0117,0.565079893,0,0.439830226,0.0687,0.744507324,0.230109854,0,0.192243675,0,0.380992011,0.0175,0.0175,0.654793608,0.880243009,0.092,0.934420772,0.271471372,1
2204,186,5,49,0.662033955,0,0.408621838,0,0.00832,0.403628495,0,0.314164447,0.0491,0.531790945,0.164364181,0,0.137316911,0,0.27213715,0.0125,0.0125,0.46770972,0.628745007,0.0657,0.667443409,0.193908123,3
2205,186,9,50,1.191661119,0,0.735519308,0,0.015,0.726531292,0,0.565496005,0.0884,0.957223702,0.295855526,0,0.247170439,0,0.489846871,0.0225,0.0225,0.841877497,1.131741012,0.11834221,1.201398136,0.349034621,1
2206,186,7,51,0.926847537,0,0.572070573,0,0.0117,0.565079893,0,0.439830226,0.0687,0.744507324,0.230109854,0,0.192243675,0,0.380992011,0.0175,0.0175,0.654793608,0.880243009,0.092,0.934420772,0.271471372,1
2207,186,8,52,1.059254328,0,0.65379494,0,0.0133,0.645805593,0,0.502663116,0.0786,0.850865513,0.26298269,0,0.219707057,0,0.435419441,0.02,0.02,0.748335553,1.005992011,0.105193076,1.067909454,0.310252996,1
2208,186,4,53,0.529627164,0,0.32689747,0,0.00666,0.322902796,0,0.251331558,0.0393,0.425432756,0.131491345,0,0.109853529,0,0.21770972,0.00999,0.00999,0.374167776,0.502996005,0.0526,0.533954727,0.155126498,3
2209,186,1,54,0.132406791,0,0.0817,0,0.00166,0.0807,0,0.0628,0.00982,0.106358189,0.0329,0,0.0275,0,0.0544,0.0025,0.0025,0.0935,0.125749001,0.0131,0.133488682,0.0388,3
2210,186,7,55,0.926847537,0,0.572070573,0,0.0117,0.565079893,0,0.439830226,0.0687,0.744507324,0.230109854,0,0.192243675,0,0.380992011,0.0175,0.0175,0.654793608,0.880243009,0.092,0.934420772,0.271471372,1
2211,186,7,56,0.926847537,0,0.572070573,0,0.0117,0.565079893,0,0.439830226,0.0687,0.744507324,0.230109854,0,0.192243675,0,0.380992011,0.0175,0.0175,0.654793608,0.880243009,0.092,0.934420772,0.271471372,1
2212,186,7,57,0.926847537,0,0.572070573,0,0.0117,0.565079893,0,0.439830226,0.0687,0.744507324,0.230109854,0,0.192243675,0,0.380992011,0.0175,0.0175,0.654793608,0.880243009,0.092,0.934420772,0.271471372,1
2213,186,9,58,1.191661119,0,0.735519308,0,0.015,0.726531292,0,0.565496005,0.0884,0.957223702,0.295855526,0,0.247170439,0,0.489846871,0.0225,0.0225,0.841877497,1.131741012,0.11834221,1.201398136,0.349034621,1
2214,186,8,59,1.059254328,0,0.65379494,0,0.0133,0.645805593,0,0.502663116,0.0786,0.850865513,0.26298269,0,0.219707057,0,0.435419441,0.02,0.02,0.748335553,1.005992011,0.105193076,1.067909454,0.310252996,1
2215,186,1,60,0.132406791,0,0.0817,0,0.00166,0.0807,0,0.0628,0.00982,0.106358189,0.0329,0,0.0275,0,0.0544,0.0025,0.0025,0.0935,0.125749001,0.0131,0.133488682,0.0388,3
2216,186,8,61,1.059254328,0,0.65379494,0,0.0133,0.645805593,0,0.502663116,0.0786,0.850865513,0.26298269,0,0.219707057,0,0.435419441,0.02,0.02,0.748335553,1.005992011,0.105193076,1.067909454,0.310252996,1
2217,186,8,62,1.059254328,0,0.65379494,0,0.0133,0.645805593,0,0.502663116,0.0786,0.850865513,0.26298269,0,0.219707057,0,0.435419441,0.02,0.02,0.748335553,1.005992011,0.105193076,1.067909454,0.310252996,1
2218,186,9,63,1.191661119,0,0.735519308,0,0.015,0.726531292,0,0.565496005,0.0884,0.957223702,0.295855526,0,0.247170439,0,0.489846871,0.0225,0.0225,0.841877497,1.131741012,0.11834221,1.201398136,0.349034621,1
2219,186,9,64,1.191661119,0,0.735519308,0,0.015,0.726531292,0,0.565496005,0.0884,0.957223702,0.295855526,0,0.247170439,0,0.489846871,0.0225,0.0225,0.841877497,1.131741012,0.11834221,1.201398136,0.349034621,1
2220,186,5,65,0.662033955,0,0.408621838,0,0.00832,0.403628495,0,0.314164447,0.0491,0.531790945,0.164364181,0,0.137316911,0,0.27213715,0.0125,0.0125,0.46770972,0.628745007,0.0657,0.667443409,0.193908123,3
2221,186,9,66,1.191661119,0,0.735519308,0,0.015,0.726531292,0,0.565496005,0.0884,0.957223702,0.295855526,0,0.247170439,0,0.489846871,0.0225,0.0225,0.841877497,1.131741012,0.11834221,1.201398136,0.349034621,1
2222,186,5,67,0.662033955,0,0.408621838,0,0.00832,0.403628495,0,0.314164447,0.0491,0.531790945,0.164364181,0,0.137316911,0,0.27213715,0.0125,0.0125,0.46770972,0.628745007,0.0657,0.667443409,0.193908123,3
2223,186,7,68,0.926847537,0,0.572070573,0,0.0117,0.565079893,0,0.439830226,0.0687,0.744507324,0.230109854,0,0.192243675,0,0.380992011,0.0175,0.0175,0.654793608,0.880243009,0.092,0.934420772,0.271471372,1
2224,186,9,69,1.191661119,0,0.735519308,0,0.015,0.726531292,0,0.565496005,0.0884,0.957223702,0.295855526,0,0.247170439,0,0.489846871,0.0225,0.0225,0.841877497,1.131741012,0.11834221,1.201398136,0.349034621,1
2225,186,9,70,1.191661119,0,0.735519308,0,0.015,0.726531292,0,0.565496005,0.0884,0.957223702,0.295855526,0,0.247170439,0,0.489846871,0.0225,0.0225,0.841877497,1.131741012,0.11834221,1.201398136,0.349034621,1
2226,186,9,71,1.191661119,0,0.735519308,0,0.015,0.726531292,0,0.565496005,0.0884,0.957223702,0.295855526,0,0.247170439,0,0.489846871,0.0225,0.0225,0.841877497,1.131741012,0.11834221,1.201398136,0.349034621,1
2227,186,9,72,1.191661119,0,0.735519308,0,0.015,0.726531292,0,0.565496005,0.0884,0.957223702,0.295855526,0,0.247170439,0,0.489846871,0.0225,0.0225,0.841877497,1.131741012,0.11834221,1.201398136,0.349034621,1
2228,186,7,73,0.926847537,0,0.572070573,0,0.0117,0.565079893,0,0.439830226,0.0687,0.744507324,0.230109854,0,0.192243675,0,0.380992011,0.0175,0.0175,0.654793608,0.880243009,0.092,0.934420772,0.271471372,1
2229,186,9,74,1.191661119,0,0.735519308,0,0.015,0.726531292,0,0.565496005,0.0884,0.957223702,0.295855526,0,0.247170439,0,0.489846871,0.0225,0.0225,0.841877497,1.131741012,0.11834221,1.201398136,0.349034621,1
2230,186,7,75,0.926847537,0,0.572070573,0,0.0117,0.565079893,0,0.439830226,0.0687,0.744507324,0.230109854,0,0.192243675,0,0.380992011,0.0175,0.0175,0.654793608,0.880243009,0.092,0.934420772,0.271471372,1
2231,186,9,76,1.191661119,0,0.735519308,0,0.015,0.726531292,0,0.565496005,0.0884,0.957223702,0.295855526,0,0.247170439,0,0.489846871,0.0225,0.0225,0.841877497,1.131741012,0.11834221,1.201398136,0.349034621,1
2232,186,8,77,1.059254328,0,0.65379494,0,0.0133,0.645805593,0,0.502663116,0.0786,0.850865513,0.26298269,0,0.219707057,0,0.435419441,0.02,0.02,0.748335553,1.005992011,0.105193076,1.067909454,0.310252996,1
2233,186,9,78,1.191661119,0,0.735519308,0,0.015,0.726531292,0,0.565496005,0.0884,0.957223702,0.295855526,0,0.247170439,0,0.489846871,0.0225,0.0225,0.841877497,1.131741012,0.11834221,1.201398136,0.349034621,1
2234,186,8,79,1.059254328,0,0.65379494,0,0.0133,0.645805593,0,0.502663116,0.0786,0.850865513,0.26298269,0,0.219707057,0,0.435419441,0.02,0.02,0.748335553,1.005992011,0.105193076,1.067909454,0.310252996,1
2235,186,8,80,1.059254328,0,0.65379494,0,0.0133,0.645805593,0,0.502663116,0.0786,0.850865513,0.26298269,0,0.219707057,0,0.435419441,0.02,0.02,0.748335553,1.005992011,0.105193076,1.067909454,0.310252996,1
2236,186,7,81,0.926847537,0,0.572070573,0,0.0117,0.565079893,0,0.439830226,0.0687,0.744507324,0.230109854,0,0.192243675,0,0.380992011,0.0175,0.0175,0.654793608,0.880243009,0.092,0.934420772,0.271471372,1
2237,186,9,82,1.191661119,0,0.735519308,0,0.015,0.726531292,0,0.565496005,0.0884,0.957223702,0.295855526,0,0.247170439,0,0.489846871,0.0225,0.0225,0.841877497,1.131741012,0.11834221,1.201398136,0.349034621,1
2238,186,9,83,1.191661119,0,0.735519308,0,0.015,0.726531292,0,0.565496005,0.0884,0.957223702,0.295855526,0,0.247170439,0,0.489846871,0.0225,0.0225,0.841877497,1.131741012,0.11834221,1.201398136,0.349034621,1
2239,186,6,84,0.794440746,0,0.490346205,0,0.00999,0.484354194,0,0.376997337,0.0589,0.638149135,0.197237017,0,0.164780293,0,0.326564581,0.015,0.015,0.561251664,0.754494008,0.0789,0.800932091,0.232689747,1
2240,186,9,85,1.191661119,0,0.735519308,0,0.015,0.726531292,0,0.565496005,0.0884,0.957223702,0.295855526,0,0.247170439,0,0.489846871,0.0225,0.0225,0.841877497,1.131741012,0.11834221,1.201398136,0.349034621,1
2241,186,8,86,1.059254328,0,0.65379494,0,0.0133,0.645805593,0,0.502663116,0.0786,0.850865513,0.26298269,0,0.219707057,0,0.435419441,0.02,0.02,0.748335553,1.005992011,0.105193076,1.067909454,0.310252996,1
2242,186,9,87,1.191661119,0,0.735519308,0,0.015,0.726531292,0,0.565496005,0.0884,0.957223702,0.295855526,0,0.247170439,0,0.489846871,0.0225,0.0225,0.841877497,1.131741012,0.11834221,1.201398136,0.349034621,1
2243,186,8,88,1.059254328,0,0.65379494,0,0.0133,0.645805593,0,0.502663116,0.0786,0.850865513,0.26298269,0,0.219707057,0,0.435419441,0.02,0.02,0.748335553,1.005992011,0.105193076,1.067909454,0.310252996,1
2244,186,8,89,1.059254328,0,0.65379494,0,0.0133,0.645805593,0,0.502663116,0.0786,0.850865513,0.26298269,0,0.219707057,0,0.435419441,0.02,0.02,0.748335553,1.005992011,0.105193076,1.067909454,0.310252996,1
2245,186,8,90,1.059254328,0,0.65379494,0,0.0133,0.645805593,0,0.502663116,0.0786,0.850865513,0.26298269,0,0.219707057,0,0.435419441,0.02,0.02,0.748335553,1.005992011,0.105193076,1.067909454,0.310252996,1
2246,186,9,91,1.191661119,0,0.735519308,0,0.015,0.726531292,0,0.565496005,0.0884,0.957223702,0.295855526,0,0.247170439,0,0.489846871,0.0225,0.0225,0.841877497,1.131741012,0.11834221,1.201398136,0.349034621,1
2247,186,5,92,0.662033955,0,0.408621838,0,0.00832,0.403628495,0,0.314164447,0.0491,0.531790945,0.164364181,0,0.137316911,0,0.27213715,0.0125,0.0125,0.46770972,0.628745007,0.0657,0.667443409,0.193908123,3
2248,186,7,93,0.926847537,0,0.572070573,0,0.0117,0.565079893,0,0.439830226,0.0687,0.744507324,0.230109854,0,0.192243675,0,0.380992011,0.0175,0.0175,0.654793608,0.880243009,0.092,0.934420772,0.271471372,1
2249,186,8,94,1.059254328,0,0.65379494,0,0.0133,0.645805593,0,0.502663116,0.0786,0.850865513,0.26298269,0,0.219707057,0,0.435419441,0.02,0.02,0.748335553,1.005992011,0.105193076,1.067909454,0.310252996,1
2250,186,9,95,1.191661119,0,0.735519308,0,0.015,0.726531292,0,0.565496005,0.0884,0.957223702,0.295855526,0,0.247170439,0,0.489846871,0.0225,0.0225,0.841877497,1.131741012,0.11834221,1.201398136,0.349034621,1
2251,186,9,96,1.191661119,0,0.735519308,0,0.015,0.726531292,0,0.565496005,0.0884,0.957223702,0.295855526,0,0.247170439,0,0.489846871,0.0225,0.0225,0.841877497,1.131741012,0.11834221,1.201398136,0.349034621,1
2252,186,7,97,0.926847537,0,0.572070573,0,0.0117,0.565079893,0,0.439830226,0.0687,0.744507324,0.230109854,0,0.192243675,0,0.380992011,0.0175,0.0175,0.654793608,0.880243009,0.092,0.934420772,0.271471372,1
2253,186,8,98,1.059254328,0,0.65379494,0,0.0133,0.645805593,0,0.502663116,0.0786,0.850865513,0.26298269,0,0.219707057,0,0.435419441,0.02,0.02,0.748335553,1.005992011,0.105193076,1.067909454,0.310252996,1
2254,186,7,99,0.926847537,0,0.572070573,0,0.0117,0.565079893,0,0.439830226,0.0687,0.744507324,0.230109854,0,0.192243675,0,0.380992011,0.0175,0.0175,0.654793608,0.880243009,0.092,0.934420772,0.271471372,1
2255,186,9,100,1.191661119,0,0.735519308,0,0.015,0.726531292,0,0.565496005,0.0884,0.957223702,0.295855526,0,0.247170439,0,0.489846871,0.0225,0.0225,0.841877497,1.131741012,0.11834221,1.201398136,0.349034621,1
2256,186,8,101,1.059254328,0,0.65379494,0,0.0133,0.645805593,0,0.502663116,0.0786,0.850865513,0.26298269,0,0.219707057,0,0.435419441,0.02,0.02,0.748335553,1.005992011,0.105193076,1.067909454,0.310252996,1
2257,186,9,102,1.191661119,0,0.735519308,0,0.015,0.726531292,0,0.565496005,0.0884,0.957223702,0.295855526,0,0.247170439,0,0.489846871,0.0225,0.0225,0.841877497,1.131741012,0.11834221,1.201398136,0.349034621,1
2258,186,8,103,1.059254328,0,0.65379494,0,0.0133,0.645805593,0,0.502663116,0.0786,0.850865513,0.26298269,0,0.219707057,0,0.435419441,0.02,0.02,0.748335553,1.005992011,0.105193076,1.067909454,0.310252996,1
2259,186,7,104,0.926847537,0,0.572070573,0,0.0117,0.565079893,0,0.439830226,0.0687,0.744507324,0.230109854,0,0.192243675,0,0.380992011,0.0175,0.0175,0.654793608,0.880243009,0.092,0.934420772,0.271471372,1
2260,186,8,105,1.059254328,0,0.65379494,0,0.0133,0.645805593,0,0.502663116,0.0786,0.850865513,0.26298269,0,0.219707057,0,0.435419441,0.02,0.02,0.748335553,1.005992011,0.105193076,1.067909454,0.310252996,1
2261,186,7,106,0.926847537,0,0.572070573,0,0.0117,0.565079893,0,0.439830226,0.0687,0.744507324,0.230109854,0,0.192243675,0,0.380992011,0.0175,0.0175,0.654793608,0.880243009,0.092,0.934420772,0.271471372,1
2262,186,8,107,1.059254328,0,0.65379494,0,0.0133,0.645805593,0,0.502663116,0.0786,0.850865513,0.26298269,0,0.219707057,0,0.435419441,0.02,0.02,0.748335553,1.005992011,0.105193076,1.067909454,0.310252996,1
2263,186,7,108,0.926847537,0,0.572070573,0,0.0117,0.565079893,0,0.439830226,0.0687,0.744507324,0.230109854,0,0.192243675,0,0.380992011,0.0175,0.0175,0.654793608,0.880243009,0.092,0.934420772,0.271471372,1
2264,186,8,109,1.059254328,0,0.65379494,0,0.0133,0.645805593,0,0.502663116,0.0786,0.850865513,0.26298269,0,0.219707057,0,0.435419441,0.02,0.02,0.748335553,1.005992011,0.105193076,1.067909454,0.310252996,1
2265,186,7,110,0.926847537,0,0.572070573,0,0.0117,0.565079893,0,0.439830226,0.0687,0.744507324,0.230109854,0,0.192243675,0,0.380992011,0.0175,0.0175,0.654793608,0.880243009,0.092,0.934420772,0.271471372,1
2266,186,8,111,1.059254328,0,0.65379494,0,0.0133,0.645805593,0,0.502663116,0.0786,0.850865513,0.26298269,0,0.219707057,0,0.435419441,0.02,0.02,0.748335553,1.005992011,0.105193076,1.067909454,0.310252996,1
2267,186,4,112,0.529627164,0,0.32689747,0,0.00666,0.322902796,0,0.251331558,0.0393,0.425432756,0.131491345,0,0.109853529,0,0.21770972,0.00999,0.00999,0.374167776,0.502996005,0.0526,0.533954727,0.155126498,3
2268,186,6,113,0.794440746,0,0.490346205,0,0.00999,0.484354194,0,0.376997337,0.0589,0.638149135,0.197237017,0,0.164780293,0,0.326564581,0.015,0.015,0.561251664,0.754494008,0.0789,0.800932091,0.232689747,1
2269,186,7,114,0.926847537,0,0.572070573,0,0.0117,0.565079893,0,0.439830226,0.0687,0.744507324,0.230109854,0,0.192243675,0,0.380992011,0.0175,0.0175,0.654793608,0.880243009,0.092,0.934420772,0.271471372,1
2270,186,6,115,0.794440746,0,0.490346205,0,0.00999,0.484354194,0,0.376997337,0.0589,0.638149135,0.197237017,0,0.164780293,0,0.326564581,0.015,0.015,0.561251664,0.754494008,0.0789,0.800932091,0.232689747,1
2271,186,7,116,0.926847537,0,0.572070573,0,0.0117,0.565079893,0,0.439830226,0.0687,0.744507324,0.230109854,0,0.192243675,0,0.380992011,0.0175,0.0175,0.654793608,0.880243009,0.092,0.934420772,0.271471372,1
2272,186,8,117,1.059254328,0,0.65379494,0,0.0133,0.645805593,0,0.502663116,0.0786,0.850865513,0.26298269,0,0.219707057,0,0.435419441,0.02,0.02,0.748335553,1.005992011,0.105193076,1.067909454,0.310252996,1
2273,186,6,118,0.794440746,0,0.490346205,0,0.00999,0.484354194,0,0.376997337,0.0589,0.638149135,0.197237017,0,0.164780293,0,0.326564581,0.015,0.015,0.561251664,0.754494008,0.0789,0.800932091,0.232689747,1
2274,186,7,119,0.926847537,0,0.572070573,0,0.0117,0.565079893,0,0.439830226,0.0687,0.744507324,0.230109854,0,0.192243675,0,0.380992011,0.0175,0.0175,0.654793608,0.880243009,0.092,0.934420772,0.271471372,1
2275,186,7,120,0.926847537,0,0.572070573,0,0.0117,0.565079893,0,0.439830226,0.0687,0.744507324,0.230109854,0,0.192243675,0,0.380992011,0.0175,0.0175,0.654793608,0.880243009,0.092,0.934420772,0.271471372,1
2276,186,8,121,1.059254328,0,0.65379494,0,0.0133,0.645805593,0,0.502663116,0.0786,0.850865513,0.26298269,0,0.219707057,0,0.435419441,0.02,0.02,0.748335553,1.005992011,0.105193076,1.067909454,0.310252996,1
2277,186,7,122,0.926847537,0,0.572070573,0,0.0117,0.565079893,0,0.439830226,0.0687,0.744507324,0.230109854,0,0.192243675,0,0.380992011,0.0175,0.0175,0.654793608,0.880243009,0.092,0.934420772,0.271471372,1
2278,186,8,123,1.059254328,0,0.65379494,0,0.0133,0.645805593,0,0.502663116,0.0786,0.850865513,0.26298269,0,0.219707057,0,0.435419441,0.02,0.02,0.748335553,1.005992011,0.105193076,1.067909454,0.310252996,1
2279,186,8,124,1.059254328,0,0.65379494,0,0.0133,0.645805593,0,0.502663116,0.0786,0.850865513,0.26298269,0,0.219707057,0,0.435419441,0.02,0.02,0.748335553,1.005992011,0.105193076,1.067909454,0.310252996,1
2280,186,4,125,0.529627164,0,0.32689747,0,0.00666,0.322902796,0,0.251331558,0.0393,0.425432756,0.131491345,0,0.109853529,0,0.21770972,0.00999,0.00999,0.374167776,0.502996005,0.0526,0.533954727,0.155126498,3
2281,186,6,126,0.794440746,0,0.490346205,0,0.00999,0.484354194,0,0.376997337,0.0589,0.638149135,0.197237017,0,0.164780293,0,0.326564581,0.015,0.015,0.561251664,0.754494008,0.0789,0.800932091,0.232689747,1
2282,186,7,127,0.926847537,0,0.572070573,0,0.0117,0.565079893,0,0.439830226,0.0687,0.744507324,0.230109854,0,0.192243675,0,0.380992011,0.0175,0.0175,0.654793608,0.880243009,0.092,0.934420772,0.271471372,1
2283,186,8,128,1.059254328,0,0.65379494,0,0.0133,0.645805593,0,0.502663116,0.0786,0.850865513,0.26298269,0,0.219707057,0,0.435419441,0.02,0.02,0.748335553,1.005992011,0.105193076,1.067909454,0.310252996,1
2284,186,9,129,1.191661119,0,0.735519308,0,0.015,0.726531292,0,0.565496005,0.0884,0.957223702,0.295855526,0,0.247170439,0,0.489846871,0.0225,0.0225,0.841877497,1.131741012,0.11834221,1.201398136,0.349034621,1
2285,186,8,130,1.059254328,0,0.65379494,0,0.0133,0.645805593,0,0.502663116,0.0786,0.850865513,0.26298269,0,0.219707057,0,0.435419441,0.02,0.02,0.748335553,1.005992011,0.105193076,1.067909454,0.310252996,1
2286,186,7,131,0.926847537,0,0.572070573,0,0.0117,0.565079893,0,0.439830226,0.0687,0.744507324,0.230109854,0,0.192243675,0,0.380992011,0.0175,0.0175,0.654793608,0.880243009,0.092,0.934420772,0.271471372,1
2287,186,7,132,0.926847537,0,0.572070573,0,0.0117,0.565079893,0,0.439830226,0.0687,0.744507324,0.230109854,0,0.192243675,0,0.380992011,0.0175,0.0175,0.654793608,0.880243009,0.092,0.934420772,0.271471372,1
2288,186,6,133,0.794440746,0,0.490346205,0,0.00999,0.484354194,0,0.376997337,0.0589,0.638149135,0.197237017,0,0.164780293,0,0.326564581,0.015,0.015,0.561251664,0.754494008,0.0789,0.800932091,0.232689747,1
2289,186,5,134,0.662033955,0,0.408621838,0,0.00832,0.403628495,0,0.314164447,0.0491,0.531790945,0.164364181,0,0.137316911,0,0.27213715,0.0125,0.0125,0.46770972,0.628745007,0.0657,0.667443409,0.193908123,3
2290,186,7,135,0.926847537,0,0.572070573,0,0.0117,0.565079893,0,0.439830226,0.0687,0.744507324,0.230109854,0,0.192243675,0,0.380992011,0.0175,0.0175,0.654793608,0.880243009,0.092,0.934420772,0.271471372,1
2291,186,5,136,0.662033955,0,0.408621838,0,0.00832,0.403628495,0,0.314164447,0.0491,0.531790945,0.164364181,0,0.137316911,0,0.27213715,0.0125,0.0125,0.46770972,0.628745007,0.0657,0.667443409,0.193908123,3
2292,186,7,137,0.926847537,0,0.572070573,0,0.0117,0.565079893,0,0.439830226,0.0687,0.744507324,0.230109854,0,0.192243675,0,0.380992011,0.0175,0.0175,0.654793608,0.880243009,0.092,0.934420772,0.271471372,1
2293,186,8,138,1.059254328,0,0.65379494,0,0.0133,0.645805593,0,0.502663116,0.0786,0.850865513,0.26298269,0,0.219707057,0,0.435419441,0.02,0.02,0.748335553,1.005992011,0.105193076,1.067909454,0.310252996,1
2294,186,6,139,0.794440746,0,0.490346205,0,0.00999,0.484354194,0,0.376997337,0.0589,0.638149135,0.197237017,0,0.164780293,0,0.326564581,0.015,0.015,0.561251664,0.754494008,0.0789,0.800932091,0.232689747,1
2295,186,7,140,0.926847537,0,0.572070573,0,0.0117,0.565079893,0,0.439830226,0.0687,0.744507324,0.230109854,0,0.192243675,0,0.380992011,0.0175,0.0175,0.654793608,0.880243009,0.092,0.934420772,0.271471372,1
2296,186,9,141,1.191661119,0,0.735519308,0,0.015,0.726531292,0,0.565496005,0.0884,0.957223702,0.295855526,0,0.247170439,0,0.489846871,0.0225,0.0225,0.841877497,1.131741012,0.11834221,1.201398136,0.349034621,1
2297,186,5,142,0.662033955,0,0.408621838,0,0.00832,0.403628495,0,0.314164447,0.0491,0.531790945,0.164364181,0,0.137316911,0,0.27213715,0.0125,0.0125,0.46770972,0.628745007,0.0657,0.667443409,0.193908123,3
2298,186,9,143,1.191661119,0,0.735519308,0,0.015,0.726531292,0,0.565496005,0.0884,0.957223702,0.295855526,0,0.247170439,0,0.489846871,0.0225,0.0225,0.841877497,1.131741012,0.11834221,1.201398136,0.349034621,1
2299,186,8,144,1.059254328,0,0.65379494,0,0.0133,0.645805593,0,0.502663116,0.0786,0.850865513,0.26298269,0,0.219707057,0,0.435419441,0.02,0.02,0.748335553,1.005992011,0.105193076,1.067909454,0.310252996,1
2300,186,7,145,0.926847537,0,0.572070573,0,0.0117,0.565079893,0,0.439830226,0.0687,0.744507324,0.230109854,0,0.192243675,0,0.380992011,0.0175,0.0175,0.654793608,0.880243009,0.092,0.934420772,0.271471372,1
2301,186,7,146,0.926847537,0,0.572070573,0,0.0117,0.565079893,0,0.439830226,0.0687,0.744507324,0.230109854,0,0.192243675,0,0.380992011,0.0175,0.0175,0.654793608,0.880243009,0.092,0.934420772,0.271471372,1
2302,186,7,147,0.926847537,0,0.572070573,0,0.0117,0.565079893,0,0.439830226,0.0687,0.744507324,0.230109854,0,0.192243675,0,0.380992011,0.0175,0.0175,0.654793608,0.880243009,0.092,0.934420772,0.271471372,1
2303,186,9,148,1.191661119,0,0.735519308,0,0.015,0.726531292,0,0.565496005,0.0884,0.957223702,0.295855526,0,0.247170439,0,0.489846871,0.0225,0.0225,0.841877497,1.131741012,0.11834221,1.201398136,0.349034621,1
2304,186,8,149,1.059254328,0,0.65379494,0,0.0133,0.645805593,0,0.502663116,0.0786,0.850865513,0.26298269,0,0.219707057,0,0.435419441,0.02,0.02,0.748335553,1.005992011,0.105193076,1.067909454,0.310252996,1
2305,186,6,150,0.794440746,0,0.490346205,0,0.00999,0.484354194,0,0.376997337,0.0589,0.638149135,0.197237017,0,0.164780293,0,0.326564581,0.015,0.015,0.561251664,0.754494008,0.0789,0.800932091,0.232689747,1
2306,186,4,151,0.529627164,0,0.32689747,0,0.00666,0.322902796,0,0.251331558,0.0393,0.425432756,0.131491345,0,0.109853529,0,0.21770972,0.00999,0.00999,0.374167776,0.502996005,0.0526,0.533954727,0.155126498,3
2307,186,9,152,1.191661119,0,0.735519308,0,0.015,0.726531292,0,0.565496005,0.0884,0.957223702,0.295855526,0,0.247170439,0,0.489846871,0.0225,0.0225,0.841877497,1.131741012,0.11834221,1.201398136,0.349034621,1
2308,186,9,153,1.191661119,0,0.735519308,0,0.015,0.726531292,0,0.565496005,0.0884,0.957223702,0.295855526,0,0.247170439,0,0.489846871,0.0225,0.0225,0.841877497,1.131741012,0.11834221,1.201398136,0.349034621,1
2309,186,6,154,0.794440746,0,0.490346205,0,0.00999,0.484354194,0,0.376997337,0.0589,0.638149135,0.197237017,0,0.164780293,0,0.326564581,0.015,0.015,0.561251664,0.754494008,0.0789,0.800932091,0.232689747,1
2310,186,4,155,0.529627164,0,0.32689747,0,0.00666,0.322902796,0,0.251331558,0.0393,0.425432756,0.131491345,0,0.109853529,0,0.21770972,0.00999,0.00999,0.374167776,0.502996005,0.0526,0.533954727,0.155126498,3
2311,186,9,156,1.191661119,0,0.735519308,0,0.015,0.726531292,0,0.565496005,0.0884,0.957223702,0.295855526,0,0.247170439,0,0.489846871,0.0225,0.0225,0.841877497,1.131741012,0.11834221,1.201398136,0.349034621,1
2312,186,4,157,0.529627164,0,0.32689747,0,0.00666,0.322902796,0,0.251331558,0.0393,0.425432756,0.131491345,0,0.109853529,0,0.21770972,0.00999,0.00999,0.374167776,0.502996005,0.0526,0.533954727,0.155126498,3
2313,186,5,158,0.662033955,0,0.408621838,0,0.00832,0.403628495,0,0.314164447,0.0491,0.531790945,0.164364181,0,0.137316911,0,0.27213715,0.0125,0.0125,0.46770972,0.628745007,0.0657,0.667443409,0.193908123,3
2314,186,9,159,1.191661119,0,0.735519308,0,0.015,0.726531292,0,0.565496005,0.0884,0.957223702,0.295855526,0,0.247170439,0,0.489846871,0.0225,0.0225,0.841877497,1.131741012,0.11834221,1.201398136,0.349034621,1
2315,186,7,160,0.926847537,0,0.572070573,0,0.0117,0.565079893,0,0.439830226,0.0687,0.744507324,0.230109854,0,0.192243675,0,0.380992011,0.0175,0.0175,0.654793608,0.880243009,0.092,0.934420772,0.271471372,1
2316,186,7,161,0.926847537,0,0.572070573,0,0.0117,0.565079893,0,0.439830226,0.0687,0.744507324,0.230109854,0,0.192243675,0,0.380992011,0.0175,0.0175,0.654793608,0.880243009,0.092,0.934420772,0.271471372,1
2317,186,8,162,1.059254328,0,0.65379494,0,0.0133,0.645805593,0,0.502663116,0.0786,0.850865513,0.26298269,0,0.219707057,0,0.435419441,0.02,0.02,0.748335553,1.005992011,0.105193076,1.067909454,0.310252996,1
2318,186,6,163,0.794440746,0,0.490346205,0,0.00999,0.484354194,0,0.376997337,0.0589,0.638149135,0.197237017,0,0.164780293,0,0.326564581,0.015,0.015,0.561251664,0.754494008,0.0789,0.800932091,0.232689747,1
2319,186,9,164,1.191661119,0,0.735519308,0,0.015,0.726531292,0,0.565496005,0.0884,0.957223702,0.295855526,0,0.247170439,0,0.489846871,0.0225,0.0225,0.841877497,1.131741012,0.11834221,1.201398136,0.349034621,1
2320,186,7,165,0.926847537,0,0.572070573,0,0.0117,0.565079893,0,0.439830226,0.0687,0.744507324,0.230109854,0,0.192243675,0,0.380992011,0.0175,0.0175,0.654793608,0.880243009,0.092,0.934420772,0.271471372,1
2321,186,9,166,1.191661119,0,0.735519308,0,0.015,0.726531292,0,0.565496005,0.0884,0.957223702,0.295855526,0,0.247170439,0,0.489846871,0.0225,0.0225,0.841877497,1.131741012,0.11834221,1.201398136,0.349034621,1
2322,186,8,167,1.059254328,0,0.65379494,0,0.0133,0.645805593,0,0.502663116,0.0786,0.850865513,0.26298269,0,0.219707057,0,0.435419441,0.02,0.02,0.748335553,1.005992011,0.105193076,1.067909454,0.310252996,1
2323,186,5,168,0.662033955,0,0.408621838,0,0.00832,0.403628495,0,0.314164447,0.0491,0.531790945,0.164364181,0,0.137316911,0,0.27213715,0.0125,0.0125,0.46770972,0.628745007,0.0657,0.667443409,0.193908123,3
2324,186,9,169,1.191661119,0,0.735519308,0,0.015,0.726531292,0,0.565496005,0.0884,0.957223702,0.295855526,0,0.247170439,0,0.489846871,0.0225,0.0225,0.841877497,1.131741012,0.11834221,1.201398136,0.349034621,1
2325,186,8,170,1.059254328,0,0.65379494,0,0.0133,0.645805593,0,0.502663116,0.0786,0.850865513,0.26298269,0,0.219707057,0,0.435419441,0.02,0.02,0.748335553,1.005992011,0.105193076,1.067909454,0.310252996,1
2326,186,9,171,1.191661119,0,0.735519308,0,0.015,0.726531292,0,0.565496005,0.0884,0.957223702,0.295855526,0,0.247170439,0,0.489846871,0.0225,0.0225,0.841877497,1.131741012,0.11834221,1.201398136,0.349034621,1
2327,186,7,172,0.926847537,0,0.572070573,0,0.0117,0.565079893,0,0.439830226,0.0687,0.744507324,0.230109854,0,0.192243675,0,0.380992011,0.0175,0.0175,0.654793608,0.880243009,0.092,0.934420772,0.271471372,1
2328,186,8,173,1.059254328,0,0.65379494,0,0.0133,0.645805593,0,0.502663116,0.0786,0.850865513,0.26298269,0,0.219707057,0,0.435419441,0.02,0.02,0.748335553,1.005992011,0.105193076,1.067909454,0.310252996,1
2329,186,5,174,0.662033955,0,0.408621838,0,0.00832,0.403628495,0,0.314164447,0.0491,0.531790945,0.164364181,0,0.137316911,0,0.27213715,0.0125,0.0125,0.46770972,0.628745007,0.0657,0.667443409,0.193908123,3
2330,186,9,175,1.191661119,0,0.735519308,0,0.015,0.726531292,0,0.565496005,0.0884,0.957223702,0.295855526,0,0.247170439,0,0.489846871,0.0225,0.0225,0.841877497,1.131741012,0.11834221,1.201398136,0.349034621,1
2331,186,5,176,0.662033955,0,0.408621838,0,0.00832,0.403628495,0,0.314164447,0.0491,0.531790945,0.164364181,0,0.137316911,0,0.27213715,0.0125,0.0125,0.46770972,0.628745007,0.0657,0.667443409,0.193908123,3
2332,186,9,177,1.191661119,0,0.735519308,0,0.015,0.726531292,0,0.565496005,0.0884,0.957223702,0.295855526,0,0.247170439,0,0.489846871,0.0225,0.0225,0.841877497,1.131741012,0.11834221,1.201398136,0.349034621,1
2333,186,6,178,0.794440746,0,0.490346205,0,0.00999,0.484354194,0,0.376997337,0.0589,0.638149135,0.197237017,0,0.164780293,0,0.326564581,0.015,0.015,0.561251664,0.754494008,0.0789,0.800932091,0.232689747,1
2334,186,9,179,1.191661119,0,0.735519308,0,0.015,0.726531292,0,0.565496005,0.0884,0.957223702,0.295855526,0,0.247170439,0,0.489846871,0.0225,0.0225,0.841877497,1.131741012,0.11834221,1.201398136,0.349034621,1
2335,186,8,180,1.059254328,0,0.65379494,0,0.0133,0.645805593,0,0.502663116,0.0786,0.850865513,0.26298269,0,0.219707057,0,0.435419441,0.02,0.02,0.748335553,1.005992011,0.105193076,1.067909454,0.310252996,1
2336,186,7,181,0.926847537,0,0.572070573,0,0.0117,0.565079893,0,0.439830226,0.0687,0.744507324,0.230109854,0,0.192243675,0,0.380992011,0.0175,0.0175,0.654793608,0.880243009,0.092,0.934420772,0.271471372,1
2337,186,3,182,0.397220373,0,0.245173103,0,0.00499,0.242177097,0,0.188498668,0.0295,0.319074567,0.0986,0,0.0824,0,0.16328229,0.00749,0.00749,0.280625832,0.377247004,0.0394,0.400466045,0.116344874,3
2338,186,1,183,0.132406791,0,0.0817,0,0.00166,0.0807,0,0.0628,0.00982,0.106358189,0.0329,0,0.0275,0,0.0544,0.0025,0.0025,0.0935,0.125749001,0.0131,0.133488682,0.0388,3
2339,186,9,184,1.191661119,0,0.735519308,0,0.015,0.726531292,0,0.565496005,0.0884,0.957223702,0.295855526,0,0.247170439,0,0.489846871,0.0225,0.0225,0.841877497,1.131741012,0.11834221,1.201398136,0.349034621,1
2340,186,5,185,0.662033955,0,0.408621838,0,0.00832,0.403628495,0,0.314164447,0.0491,0.531790945,0.164364181,0,0.137316911,0,0.27213715,0.0125,0.0125,0.46770972,0.628745007,0.0657,0.667443409,0.193908123,3
2341,186,3,186,0.397220373,0,0.245173103,0,0.00499,0.242177097,0,0.188498668,0.0295,0.319074567,0.0986,0,0.0824,0,0.16328229,0.00749,0.00749,0.280625832,0.377247004,0.0394,0.400466045,0.116344874,3
2342,186,5,187,0.662033955,0,0.408621838,0,0.00832,0.403628495,0,0.314164447,0.0491,0.531790945,0.164364181,0,0.137316911,0,0.27213715,0.0125,0.0125,0.46770972,0.628745007,0.0657,0.667443409,0.193908123,3
2343,186,8,188,1.059254328,0,0.65379494,0,0.0133,0.645805593,0,0.502663116,0.0786,0.850865513,0.26298269,0,0.219707057,0,0.435419441,0.02,0.02,0.748335553,1.005992011,0.105193076,1.067909454,0.310252996,1
2344,186,5,189,0.662033955,0,0.408621838,0,0.00832,0.403628495,0,0.314164447,0.0491,0.531790945,0.164364181,0,0.137316911,0,0.27213715,0.0125,0.0125,0.46770972,0.628745007,0.0657,0.667443409,0.193908123,3
2345,186,8,190,1.059254328,0,0.65379494,0,0.0133,0.645805593,0,0.502663116,0.0786,0.850865513,0.26298269,0,0.219707057,0,0.435419441,0.02,0.02,0.748335553,1.005992011,0.105193076,1.067909454,0.310252996,1
2346,186,2,191,0.264813582,0,0.163448735,0,0.00333,0.161451398,0,0.125665779,0.0196,0.212716378,0.0657,0,0.0549,0,0.10885486,0.00499,0.00499,0.187083888,0.251498003,0.0263,0.266977364,0.0776,3
2347,186,5,192,0.662033955,0,0.408621838,0,0.00832,0.403628495,0,0.314164447,0.0491,0.531790945,0.164364181,0,0.137316911,0,0.27213715,0.0125,0.0125,0.46770972,0.628745007,0.0657,0.667443409,0.193908123,3
2348,186,8,193,1.059254328,0,0.65379494,0,0.0133,0.645805593,0,0.502663116,0.0786,0.850865513,0.26298269,0,0.219707057,0,0.435419441,0.02,0.02,0.748335553,1.005992011,0.105193076,1.067909454,0.310252996,1
2349,186,9,194,1.191661119,0,0.735519308,0,0.015,0.726531292,0,0.565496005,0.0884,0.957223702,0.295855526,0,0.247170439,0,0.489846871,0.0225,0.0225,0.841877497,1.131741012,0.11834221,1.201398136,0.349034621,1
2350,186,6,195,0.794440746,0,0.490346205,0,0.00999,0.484354194,0,0.376997337,0.0589,0.638149135,0.197237017,0,0.164780293,0,0.326564581,0.015,0.015,0.561251664,0.754494008,0.0789,0.800932091,0.232689747,1
2351,186,9,196,1.191661119,0,0.735519308,0,0.015,0.726531292,0,0.565496005,0.0884,0.957223702,0.295855526,0,0.247170439,0,0.489846871,0.0225,0.0225,0.841877497,1.131741012,0.11834221,1.201398136,0.349034621,1
2352,186,7,197,0.926847537,0,0.572070573,0,0.0117,0.565079893,0,0.439830226,0.0687,0.744507324,0.230109854,0,0.192243675,0,0.380992011,0.0175,0.0175,0.654793608,0.880243009,0.092,0.934420772,0.271471372,1
2353,186,7,198,0.926847537,0,0.572070573,0,0.0117,0.565079893,0,0.439830226,0.0687,0.744507324,0.230109854,0,0.192243675,0,0.380992011,0.0175,0.0175,0.654793608,0.880243009,0.092,0.934420772,0.271471372,1
2354,186,5,199,0.662033955,0,0.408621838,0,0.00832,0.403628495,0,0.314164447,0.0491,0.531790945,0.164364181,0,0.137316911,0,0.27213715,0.0125,0.0125,0.46770972,0.628745007,0.0657,0.667443409,0.193908123,3
2355,186,3,200,0.397220373,0,0.245173103,0,0.00499,0.242177097,0,0.188498668,0.0295,0.319074567,0.0986,0,0.0824,0,0.16328229,0.00749,0.00749,0.280625832,0.377247004,0.0394,0.400466045,0.116344874,3
2356,186,8,201,1.059254328,0,0.65379494,0,0.0133,0.645805593,0,0.502663116,0.0786,0.850865513,0.26298269,0,0.219707057,0,0.435419441,0.02,0.02,0.748335553,1.005992011,0.105193076,1.067909454,0.310252996,1
2357,186,4,202,0.529627164,0,0.32689747,0,0.00666,0.322902796,0,0.251331558,0.0393,0.425432756,0.131491345,0,0.109853529,0,0.21770972,0.00999,0.00999,0.374167776,0.502996005,0.0526,0.533954727,0.155126498,3
2358,186,9,203,1.191661119,0,0.735519308,0,0.015,0.726531292,0,0.565496005,0.0884,0.957223702,0.295855526,0,0.247170439,0,0.489846871,0.0225,0.0225,0.841877497,1.131741012,0.11834221,1.201398136,0.349034621,1
2359,186,6,204,0.794440746,0,0.490346205,0,0.00999,0.484354194,0,0.376997337,0.0589,0.638149135,0.197237017,0,0.164780293,0,0.326564581,0.015,0.015,0.561251664,0.754494008,0.0789,0.800932091,0.232689747,1
2360,186,5,205,0.662033955,0,0.408621838,0,0.00832,0.403628495,0,0.314164447,0.0491,0.531790945,0.164364181,0,0.137316911,0,0.27213715,0.0125,0.0125,0.46770972,0.628745007,0.0657,0.667443409,0.193908123,3
2361,186,8,206,1.059254328,0,0.65379494,0,0.0133,0.645805593,0,0.502663116,0.0786,0.850865513,0.26298269,0,0.219707057,0,0.435419441,0.02,0.02,0.748335553,1.005992011,0.105193076,1.067909454,0.310252996,1
2362,186,8,207,1.059254328,0,0.65379494,0,0.0133,0.645805593,0,0.502663116,0.0786,0.850865513,0.26298269,0,0.219707057,0,0.435419441,0.02,0.02,0.748335553,1.005992011,0.105193076,1.067909454,0.310252996,1
2363,186,8,208,1.059254328,0,0.65379494,0,0.0133,0.645805593,0,0.502663116,0.0786,0.850865513,0.26298269,0,0.219707057,0,0.435419441,0.02,0.02,0.748335553,1.005992011,0.105193076,1.067909454,0.310252996,1
2364,186,7,209,0.926847537,0,0.572070573,0,0.0117,0.565079893,0,0.439830226,0.0687,0.744507324,0.230109854,0,0.192243675,0,0.380992011,0.0175,0.0175,0.654793608,0.880243009,0.092,0.934420772,0.271471372,1
2365,186,8,210,1.059254328,0,0.65379494,0,0.0133,0.645805593,0,0.502663116,0.0786,0.850865513,0.26298269,0,0.219707057,0,0.435419441,0.02,0.02,0.748335553,1.005992011,0.105193076,1.067909454,0.310252996,1
2366,186,7,211,0.926847537,0,0.572070573,0,0.0117,0.565079893,0,0.439830226,0.0687,0.744507324,0.230109854,0,0.192243675,0,0.380992011,0.0175,0.0175,0.654793608,0.880243009,0.092,0.934420772,0.271471372,1
2367,186,9,212,1.191661119,0,0.735519308,0,0.015,0.726531292,0,0.565496005,0.0884,0.957223702,0.295855526,0,0.247170439,0,0.489846871,0.0225,0.0225,0.841877497,1.131741012,0.11834221,1.201398136,0.349034621,1
2368,186,8,213,1.059254328,0,0.65379494,0,0.0133,0.645805593,0,0.502663116,0.0786,0.850865513,0.26298269,0,0.219707057,0,0.435419441,0.02,0.02,0.748335553,1.005992011,0.105193076,1.067909454,0.310252996,1
2369,186,8,214,1.059254328,0,0.65379494,0,0.0133,0.645805593,0,0.502663116,0.0786,0.850865513,0.26298269,0,0.219707057,0,0.435419441,0.02,0.02,0.748335553,1.005992011,0.105193076,1.067909454,0.310252996,1
2370,186,8,215,1.059254328,0,0.65379494,0,0.0133,0.645805593,0,0.502663116,0.0786,0.850865513,0.26298269,0,0.219707057,0,0.435419441,0.02,0.02,0.748335553,1.005992011,0.105193076,1.067909454,0.310252996,1
2371,186,8,216,1.059254328,0,0.65379494,0,0.0133,0.645805593,0,0.502663116,0.0786,0.850865513,0.26298269,0,0.219707057,0,0.435419441,0.02,0.02,0.748335553,1.005992011,0.105193076,1.067909454,0.310252996,1
2372,186,8,217,1.059254328,0,0.65379494,0,0.0133,0.645805593,0,0.502663116,0.0786,0.850865513,0.26298269,0,0.219707057,0,0.435419441,0.02,0.02,0.748335553,1.005992011,0.105193076,1.067909454,0.310252996,1
2373,186,6,218,0.794440746,0,0.490346205,0,0.00999,0.484354194,0,0.376997337,0.0589,0.638149135,0.197237017,0,0.164780293,0,0.326564581,0.015,0.015,0.561251664,0.754494008,0.0789,0.800932091,0.232689747,1
2374,186,7,219,0.926847537,0,0.572070573,0,0.0117,0.565079893,0,0.439830226,0.0687,0.744507324,0.230109854,0,0.192243675,0,0.380992011,0.0175,0.0175,0.654793608,0.880243009,0.092,0.934420772,0.271471372,1
2375,186,9,220,1.191661119,0,0.735519308,0,0.015,0.726531292,0,0.565496005,0.0884,0.957223702,0.295855526,0,0.247170439,0,0.489846871,0.0225,0.0225,0.841877497,1.131741012,0.11834221,1.201398136,0.349034621,1
2376,186,8,221,1.059254328,0,0.65379494,0,0.0133,0.645805593,0,0.502663116,0.0786,0.850865513,0.26298269,0,0.219707057,0,0.435419441,0.02,0.02,0.748335553,1.005992011,0.105193076,1.067909454,0.310252996,1
2377,186,9,222,1.191661119,0,0.735519308,0,0.015,0.726531292,0,0.565496005,0.0884,0.957223702,0.295855526,0,0.247170439,0,0.489846871,0.0225,0.0225,0.841877497,1.131741012,0.11834221,1.201398136,0.349034621,1
2378,186,7,223,0.926847537,0,0.572070573,0,0.0117,0.565079893,0,0.439830226,0.0687,0.744507324,0.230109854,0,0.192243675,0,0.380992011,0.0175,0.0175,0.654793608,0.880243009,0.092,0.934420772,0.271471372,1
2379,186,9,224,1.191661119,0,0.735519308,0,0.015,0.726531292,0,0.565496005,0.0884,0.957223702,0.295855526,0,0.247170439,0,0.489846871,0.0225,0.0225,0.841877497,1.131741012,0.11834221,1.201398136,0.349034621,1
2380,186,8,225,1.059254328,0,0.65379494,0,0.0133,0.645805593,0,0.502663116,0.0786,0.850865513,0.26298269,0,0.219707057,0,0.435419441,0.02,0.02,0.748335553,1.005992011,0.105193076,1.067909454,0.310252996,1
2381,186,4,226,0.529627164,0,0.32689747,0,0.00666,0.322902796,0,0.251331558,0.0393,0.425432756,0.131491345,0,0.109853529,0,0.21770972,0.00999,0.00999,0.374167776,0.502996005,0.0526,0.533954727,0.155126498,3
2382,186,8,227,1.059254328,0,0.65379494,0,0.0133,0.645805593,0,0.502663116,0.0786,0.850865513,0.26298269,0,0.219707057,0,0.435419441,0.02,0.02,0.748335553,1.005992011,0.105193076,1.067909454,0.310252996,1
2383,186,3,228,0.397220373,0,0.245173103,0,0.00499,0.242177097,0,0.188498668,0.0295,0.319074567,0.0986,0,0.0824,0,0.16328229,0.00749,0.00749,0.280625832,0.377247004,0.0394,0.400466045,0.116344874,3
2384,186,7,229,0.926847537,0,0.572070573,0,0.0117,0.565079893,0,0.439830226,0.0687,0.744507324,0.230109854,0,0.192243675,0,0.380992011,0.0175,0.0175,0.654793608,0.880243009,0.092,0.934420772,0.271471372,1
2385,186,7,230,0.926847537,0,0.572070573,0,0.0117,0.565079893,0,0.439830226,0.0687,0.744507324,0.230109854,0,0.192243675,0,0.380992011,0.0175,0.0175,0.654793608,0.880243009,0.092,0.934420772,0.271471372,1
2386,186,8,231,1.059254328,0,0.65379494,0,0.0133,0.645805593,0,0.502663116,0.0786,0.850865513,0.26298269,0,0.219707057,0,0.435419441,0.02,0.02,0.748335553,1.005992011,0.105193076,1.067909454,0.310252996,1
2387,186,9,232,1.191661119,0,0.735519308,0,0.015,0.726531292,0,0.565496005,0.0884,0.957223702,0.295855526,0,0.247170439,0,0.489846871,0.0225,0.0225,0.841877497,1.131741012,0.11834221,1.201398136,0.349034621,1
2388,186,9,233,1.191661119,0,0.735519308,0,0.015,0.726531292,0,0.565496005,0.0884,0.957223702,0.295855526,0,0.247170439,0,0.489846871,0.0225,0.0225,0.841877497,1.131741012,0.11834221,1.201398136,0.349034621,1
2389,186,9,234,1.191661119,0,0.735519308,0,0.015,0.726531292,0,0.565496005,0.0884,0.957223702,0.295855526,0,0.247170439,0,0.489846871,0.0225,0.0225,0.841877497,1.131741012,0.11834221,1.201398136,0.349034621,1
2390,186,5,235,0.662033955,0,0.408621838,0,0.00832,0.403628495,0,0.314164447,0.0491,0.531790945,0.164364181,0,0.137316911,0,0.27213715,0.0125,0.0125,0.46770972,0.628745007,0.0657,0.667443409,0.193908123,3
2391,186,8,236,1.059254328,0,0.65379494,0,0.0133,0.645805593,0,0.502663116,0.0786,0.850865513,0.26298269,0,0.219707057,0,0.435419441,0.02,0.02,0.748335553,1.005992011,0.105193076,1.067909454,0.310252996,1
2392,186,8,237,1.059254328,0,0.65379494,0,0.0133,0.645805593,0,0.502663116,0.0786,0.850865513,0.26298269,0,0.219707057,0,0.435419441,0.02,0.02,0.748335553,1.005992011,0.105193076,1.067909454,0.310252996,1
2393,186,9,238,1.191661119,0,0.735519308,0,0.015,0.726531292,0,0.565496005,0.0884,0.957223702,0.295855526,0,0.247170439,0,0.489846871,0.0225,0.0225,0.841877497,1.131741012,0.11834221,1.201398136,0.349034621,1
2394,186,7,239,0.926847537,0,0.572070573,0,0.0117,0.565079893,0,0.439830226,0.0687,0.744507324,0.230109854,0,0.192243675,0,0.380992011,0.0175,0.0175,0.654793608,0.880243009,0.092,0.934420772,0.271471372,1
2395,186,6,240,0.794440746,0,0.490346205,0,0.00999,0.484354194,0,0.376997337,0.0589,0.638149135,0.197237017,0,0.164780293,0,0.326564581,0.015,0.015,0.561251664,0.754494008,0.0789,0.800932091,0.232689747,1
2396,186,5,241,0.662033955,0,0.408621838,0,0.00832,0.403628495,0,0.314164447,0.0491,0.531790945,0.164364181,0,0.137316911,0,0.27213715,0.0125,0.0125,0.46770972,0.628745007,0.0657,0.667443409,0.193908123,3
2397,186,7,242,0.926847537,0,0.572070573,0,0.0117,0.565079893,0,0.439830226,0.0687,0.744507324,0.230109854,0,0.192243675,0,0.380992011,0.0175,0.0175,0.654793608,0.880243009,0.092,0.934420772,0.271471372,1
2398,186,7,243,0.926847537,0,0.572070573,0,0.0117,0.565079893,0,0.439830226,0.0687,0.744507324,0.230109854,0,0.192243675,0,0.380992011,0.0175,0.0175,0.654793608,0.880243009,0.092,0.934420772,0.271471372,1
2399,186,9,244,1.191661119,0,0.735519308,0,0.015,0.726531292,0,0.565496005,0.0884,0.957223702,0.295855526,0,0.247170439,0,0.489846871,0.0225,0.0225,0.841877497,1.131741012,0.11834221,1.201398136,0.349034621,1
2400,186,4,245,0.529627164,0,0.32689747,0,0.00666,0.322902796,0,0.251331558,0.0393,0.425432756,0.131491345,0,0.109853529,0,0.21770972,0.00999,0.00999,0.374167776,0.502996005,0.0526,0.533954727,0.155126498,3
2401,186,6,246,0.794440746,0,0.490346205,0,0.00999,0.484354194,0,0.376997337,0.0589,0.638149135,0.197237017,0,0.164780293,0,0.326564581,0.015,0.015,0.561251664,0.754494008,0.0789,0.800932091,0.232689747,1
2402,186,9,247,1.191661119,0,0.735519308,0,0.015,0.726531292,0,0.565496005,0.0884,0.957223702,0.295855526,0,0.247170439,0,0.489846871,0.0225,0.0225,0.841877497,1.131741012,0.11834221,1.201398136,0.349034621,1
2403,186,8,248,1.059254328,0,0.65379494,0,0.0133,0.645805593,0,0.502663116,0.0786,0.850865513,0.26298269,0,0.219707057,0,0.435419441,0.02,0.02,0.748335553,1.005992011,0.105193076,1.067909454,0.310252996,1
2404,186,1,249,0.132406791,0,0.0817,0,0.00166,0.0807,0,0.0628,0.00982,0.106358189,0.0329,0,0.0275,0,0.0544,0.0025,0.0025,0.0935,0.125749001,0.0131,0.133488682,0.0388,3
2405,186,6,250,0.794440746,0,0.490346205,0,0.00999,0.484354194,0,0.376997337,0.0589,0.638149135,0.197237017,0,0.164780293,0,0.326564581,0.015,0.015,0.561251664,0.754494008,0.0789,0.800932091,0.232689747,1
2406,186,7,251,0.926847537,0,0.572070573,0,0.0117,0.565079893,0,0.439830226,0.0687,0.744507324,0.230109854,0,0.192243675,0,0.380992011,0.0175,0.0175,0.654793608,0.880243009,0.092,0.934420772,0.271471372,1
2407,186,7,252,0.926847537,0,0.572070573,0,0.0117,0.565079893,0,0.439830226,0.0687,0.744507324,0.230109854,0,0.192243675,0,0.380992011,0.0175,0.0175,0.654793608,0.880243009,0.092,0.934420772,0.271471372,1
2408,186,7,253,0.926847537,0,0.572070573,0,0.0117,0.565079893,0,0.439830226,0.0687,0.744507324,0.230109854,0,0.192243675,0,0.380992011,0.0175,0.0175,0.654793608,0.880243009,0.092,0.934420772,0.271471372,1
2409,186,9,254,1.191661119,0,0.735519308,0,0.015,0.726531292,0,0.565496005,0.0884,0.957223702,0.295855526,0,0.247170439,0,0.489846871,0.0225,0.0225,0.841877497,1.131741012,0.11834221,1.201398136,0.349034621,1
2410,186,8,255,1.059254328,0,0.65379494,0,0.0133,0.645805593,0,0.502663116,0.0786,0.850865513,0.26298269,0,0.219707057,0,0.435419441,0.02,0.02,0.748335553,1.005992011,0.105193076,1.067909454,0.310252996,1
2411,186,9,256,1.191661119,0,0.735519308,0,0.015,0.726531292,0,0.565496005,0.0884,0.957223702,0.295855526,0,0.247170439,0,0.489846871,0.0225,0.0225,0.841877497,1.131741012,0.11834221,1.201398136,0.349034621,1
2412,186,9,257,1.191661119,0,0.735519308,0,0.015,0.726531292,0,0.565496005,0.0884,0.957223702,0.295855526,0,0.247170439,0,0.489846871,0.0225,0.0225,0.841877497,1.131741012,0.11834221,1.201398136,0.349034621,1
2413,186,8,258,1.059254328,0,0.65379494,0,0.0133,0.645805593,0,0.502663116,0.0786,0.850865513,0.26298269,0,0.219707057,0,0.435419441,0.02,0.02,0.748335553,1.005992011,0.105193076,1.067909454,0.310252996,1
2414,186,9,259,1.191661119,0,0.735519308,0,0.015,0.726531292,0,0.565496005,0.0884,0.957223702,0.295855526,0,0.247170439,0,0.489846871,0.0225,0.0225,0.841877497,1.131741012,0.11834221,1.201398136,0.349034621,1
2415,186,4,260,0.529627164,0,0.32689747,0,0.00666,0.322902796,0,0.251331558,0.0393,0.425432756,0.131491345,0,0.109853529,0,0.21770972,0.00999,0.00999,0.374167776,0.502996005,0.0526,0.533954727,0.155126498,3
2416,186,9,261,1.191661119,0,0.735519308,0,0.015,0.726531292,0,0.565496005,0.0884,0.957223702,0.295855526,0,0.247170439,0,0.489846871,0.0225,0.0225,0.841877497,1.131741012,0.11834221,1.201398136,0.349034621,1
2417,186,7,262,0.926847537,0,0.572070573,0,0.0117,0.565079893,0,0.439830226,0.0687,0.744507324,0.230109854,0,0.192243675,0,0.380992011,0.0175,0.0175,0.654793608,0.880243009,0.092,0.934420772,0.271471372,1
2418,186,8,263,1.059254328,0,0.65379494,0,0.0133,0.645805593,0,0.502663116,0.0786,0.850865513,0.26298269,0,0.219707057,0,0.435419441,0.02,0.02,0.748335553,1.005992011,0.105193076,1.067909454,0.310252996,1
2419,186,4,264,0.529627164,0,0.32689747,0,0.00666,0.322902796,0,0.251331558,0.0393,0.425432756,0.131491345,0,0.109853529,0,0.21770972,0.00999,0.00999,0.374167776,0.502996005,0.0526,0.533954727,0.155126498,3
2420,186,7,265,0.926847537,0,0.572070573,0,0.0117,0.565079893,0,0.439830226,0.0687,0.744507324,0.230109854,0,0.192243675,0,0.380992011,0.0175,0.0175,0.654793608,0.880243009,0.092,0.934420772,0.271471372,1
2421,186,1,266,0.132406791,0,0.0817,0,0.00166,0.0807,0,0.0628,0.00982,0.106358189,0.0329,0,0.0275,0,0.0544,0.0025,0.0025,0.0935,0.125749001,0.0131,0.133488682,0.0388,3
2422,186,5,267,0.662033955,0,0.408621838,0,0.00832,0.403628495,0,0.314164447,0.0491,0.531790945,0.164364181,0,0.137316911,0,0.27213715,0.0125,0.0125,0.46770972,0.628745007,0.0657,0.667443409,0.193908123,3
2423,186,8,268,1.059254328,0,0.65379494,0,0.0133,0.645805593,0,0.502663116,0.0786,0.850865513,0.26298269,0,0.219707057,0,0.435419441,0.02,0.02,0.748335553,1.005992011,0.105193076,1.067909454,0.310252996,1
2424,186,7,269,0.926847537,0,0.572070573,0,0.0117,0.565079893,0,0.439830226,0.0687,0.744507324,0.230109854,0,0.192243675,0,0.380992011,0.0175,0.0175,0.654793608,0.880243009,0.092,0.934420772,0.271471372,1
2425,186,8,270,1.059254328,0,0.65379494,0,0.0133,0.645805593,0,0.502663116,0.0786,0.850865513,0.26298269,0,0.219707057,0,0.435419441,0.02,0.02,0.748335553,1.005992011,0.105193076,1.067909454,0.310252996,1
2426,186,8,271,1.059254328,0,0.65379494,0,0.0133,0.645805593,0,0.502663116,0.0786,0.850865513,0.26298269,0,0.219707057,0,0.435419441,0.02,0.02,0.748335553,1.005992011,0.105193076,1.067909454,0.310252996,1
2427,186,5,272,0.662033955,0,0.408621838,0,0.00832,0.403628495,0,0.314164447,0.0491,0.531790945,0.164364181,0,0.137316911,0,0.27213715,0.0125,0.0125,0.46770972,0.628745007,0.0657,0.667443409,0.193908123,3
2428,186,9,273,1.191661119,0,0.735519308,0,0.015,0.726531292,0,0.565496005,0.0884,0.957223702,0.295855526,0,0.247170439,0,0.489846871,0.0225,0.0225,0.841877497,1.131741012,0.11834221,1.201398136,0.349034621,1
2429,186,9,274,1.191661119,0,0.735519308,0,0.015,0.726531292,0,0.565496005,0.0884,0.957223702,0.295855526,0,0.247170439,0,0.489846871,0.0225,0.0225,0.841877497,1.131741012,0.11834221,1.201398136,0.349034621,1
2430,186,6,275,0.794440746,0,0.490346205,0,0.00999,0.484354194,0,0.376997337,0.0589,0.638149135,0.197237017,0,0.164780293,0,0.326564581,0.015,0.015,0.561251664,0.754494008,0.0789,0.800932091,0.232689747,1
2431,186,4,276,0.529627164,0,0.32689747,0,0.00666,0.322902796,0,0.251331558,0.0393,0.425432756,0.131491345,0,0.109853529,0,0.21770972,0.00999,0.00999,0.374167776,0.502996005,0.0526,0.533954727,0.155126498,3
2432,186,8,277,1.059254328,0,0.65379494,0,0.0133,0.645805593,0,0.502663116,0.0786,0.850865513,0.26298269,0,0.219707057,0,0.435419441,0.02,0.02,0.748335553,1.005992011,0.105193076,1.067909454,0.310252996,1
2433,186,5,278,0.662033955,0,0.408621838,0,0.00832,0.403628495,0,0.314164447,0.0491,0.531790945,0.164364181,0,0.137316911,0,0.27213715,0.0125,0.0125,0.46770972,0.628745007,0.0657,0.667443409,0.193908123,3
2434,186,7,279,0.926847537,0,0.572070573,0,0.0117,0.565079893,0,0.439830226,0.0687,0.744507324,0.230109854,0,0.192243675,0,0.380992011,0.0175,0.0175,0.654793608,0.880243009,0.092,0.934420772,0.271471372,1
2435,186,6,280,0.794440746,0,0.490346205,0,0.00999,0.484354194,0,0.376997337,0.0589,0.638149135,0.197237017,0,0.164780293,0,0.326564581,0.015,0.015,0.561251664,0.754494008,0.0789,0.800932091,0.232689747,1
2436,186,7,281,0.926847537,0,0.572070573,0,0.0117,0.565079893,0,0.439830226,0.0687,0.744507324,0.230109854,0,0.192243675,0,0.380992011,0.0175,0.0175,0.654793608,0.880243009,0.092,0.934420772,0.271471372,1
2437,186,5,282,0.662033955,0,0.408621838,0,0.00832,0.403628495,0,0.314164447,0.0491,0.531790945,0.164364181,0,0.137316911,0,0.27213715,0.0125,0.0125,0.46770972,0.628745007,0.0657,0.667443409,0.193908123,3
2438,186,9,283,1.191661119,0,0.735519308,0,0.015,0.726531292,0,0.565496005,0.0884,0.957223702,0.295855526,0,0.247170439,0,0.489846871,0.0225,0.0225,0.841877497,1.131741012,0.11834221,1.201398136,0.349034621,1
2439,186,4,284,0.529627164,0,0.32689747,0,0.00666,0.322902796,0,0.251331558,0.0393,0.425432756,0.131491345,0,0.109853529,0,0.21770972,0.00999,0.00999,0.374167776,0.502996005,0.0526,0.533954727,0.155126498,3
2440,186,5,285,0.662033955,0,0.408621838,0,0.00832,0.403628495,0,0.314164447,0.0491,0.531790945,0.164364181,0,0.137316911,0,0.27213715,0.0125,0.0125,0.46770972,0.628745007,0.0657,0.667443409,0.193908123,3
2441,186,5,286,0.662033955,0,0.408621838,0,0.00832,0.403628495,0,0.314164447,0.0491,0.531790945,0.164364181,0,0.137316911,0,0.27213715,0.0125,0.0125,0.46770972,0.628745007,0.0657,0.667443409,0.193908123,3
2442,186,7,287,0.926847537,0,0.572070573,0,0.0117,0.565079893,0,0.439830226,0.0687,0.744507324,0.230109854,0,0.192243675,0,0.380992011,0.0175,0.0175,0.654793608,0.880243009,0.092,0.934420772,0.271471372,1
2443,186,4,288,0.529627164,0,0.32689747,0,0.00666,0.322902796,0,0.251331558,0.0393,0.425432756,0.131491345,0,0.109853529,0,0.21770972,0.00999,0.00999,0.374167776,0.502996005,0.0526,0.533954727,0.155126498,3
2444,186,8,289,1.059254328,0,0.65379494,0,0.0133,0.645805593,0,0.502663116,0.0786,0.850865513,0.26298269,0,0.219707057,0,0.435419441,0.02,0.02,0.748335553,1.005992011,0.105193076,1.067909454,0.310252996,1
2445,186,1,290,0.132406791,0,0.0817,0,0.00166,0.0807,0,0.0628,0.00982,0.106358189,0.0329,0,0.0275,0,0.0544,0.0025,0.0025,0.0935,0.125749001,0.0131,0.133488682,0.0388,3
2446,186,5,291,0.662033955,0,0.408621838,0,0.00832,0.403628495,0,0.314164447,0.0491,0.531790945,0.164364181,0,0.137316911,0,0.27213715,0.0125,0.0125,0.46770972,0.628745007,0.0657,0.667443409,0.193908123,3
2447,186,8,292,1.059254328,0,0.65379494,0,0.0133,0.645805593,0,0.502663116,0.0786,0.850865513,0.26298269,0,0.219707057,0,0.435419441,0.02,0.02,0.748335553,1.005992011,0.105193076,1.067909454,0.310252996,1
2448,186,9,293,1.191661119,0,0.735519308,0,0.015,0.726531292,0,0.565496005,0.0884,0.957223702,0.295855526,0,0.247170439,0,0.489846871,0.0225,0.0225,0.841877497,1.131741012,0.11834221,1.201398136,0.349034621,1
2449,186,3,294,0.397220373,0,0.245173103,0,0.00499,0.242177097,0,0.188498668,0.0295,0.319074567,0.0986,0,0.0824,0,0.16328229,0.00749,0.00749,0.280625832,0.377247004,0.0394,0.400466045,0.116344874,3
2450,186,8,295,1.059254328,0,0.65379494,0,0.0133,0.645805593,0,0.502663116,0.0786,0.850865513,0.26298269,0,0.219707057,0,0.435419441,0.02,0.02,0.748335553,1.005992011,0.105193076,1.067909454,0.310252996,1
2451,186,9,296,1.191661119,0,0.735519308,0,0.015,0.726531292,0,0.565496005,0.0884,0.957223702,0.295855526,0,0.247170439,0,0.489846871,0.0225,0.0225,0.841877497,1.131741012,0.11834221,1.201398136,0.349034621,1
2452,186,7,297,0.926847537,0,0.572070573,0,0.0117,0.565079893,0,0.439830226,0.0687,0.744507324,0.230109854,0,0.192243675,0,0.380992011,0.0175,0.0175,0.654793608,0.880243009,0.092,0.934420772,0.271471372,1
2453,186,9,298,1.191661119,0,0.735519308,0,0.015,0.726531292,0,0.565496005,0.0884,0.957223702,0.295855526,0,0.247170439,0,0.489846871,0.0225,0.0225,0.841877497,1.131741012,0.11834221,1.201398136,0.349034621,1
2454,186,7,299,0.926847537,0,0.572070573,0,0.0117,0.565079893,0,0.439830226,0.0687,0.744507324,0.230109854,0,0.192243675,0,0.380992011,0.0175,0.0175,0.654793608,0.880243009,0.092,0.934420772,0.271471372,1
2455,186,8,300,1.059254328,0,0.65379494,0,0.0133,0.645805593,0,0.502663116,0.0786,0.850865513,0.26298269,0,0.219707057,0,0.435419441,0.02,0.02,0.748335553,1.005992011,0.105193076,1.067909454,0.310252996,1
2456,186,8,301,1.059254328,0,0.65379494,0,0.0133,0.645805593,0,0.502663116,0.0786,0.850865513,0.26298269,0,0.219707057,0,0.435419441,0.02,0.02,0.748335553,1.005992011,0.105193076,1.067909454,0.310252996,1
2457,186,6,302,0.794440746,0,0.490346205,0,0.00999,0.484354194,0,0.376997337,0.0589,0.638149135,0.197237017,0,0.164780293,0,0.326564581,0.015,0.015,0.561251664,0.754494008,0.0789,0.800932091,0.232689747,1
2458,186,9,303,1.191661119,0,0.735519308,0,0.015,0.726531292,0,0.565496005,0.0884,0.957223702,0.295855526,0,0.247170439,0,0.489846871,0.0225,0.0225,0.841877497,1.131741012,0.11834221,1.201398136,0.349034621,1
2459,186,8,304,1.059254328,0,0.65379494,0,0.0133,0.645805593,0,0.502663116,0.0786,0.850865513,0.26298269,0,0.219707057,0,0.435419441,0.02,0.02,0.748335553,1.005992011,0.105193076,1.067909454,0.310252996,1
2460,186,7,305,0.926847537,0,0.572070573,0,0.0117,0.565079893,0,0.439830226,0.0687,0.744507324,0.230109854,0,0.192243675,0,0.380992011,0.0175,0.0175,0.654793608,0.880243009,0.092,0.934420772,0.271471372,1
2461,186,9,306,1.191661119,0,0.735519308,0,0.015,0.726531292,0,0.565496005,0.0884,0.957223702,0.295855526,0,0.247170439,0,0.489846871,0.0225,0.0225,0.841877497,1.131741012,0.11834221,1.201398136,0.349034621,1
2462,186,8,307,1.059254328,0,0.65379494,0,0.0133,0.645805593,0,0.502663116,0.0786,0.850865513,0.26298269,0,0.219707057,0,0.435419441,0.02,0.02,0.748335553,1.005992011,0.105193076,1.067909454,0.310252996,1
2463,186,9,308,1.191661119,0,0.735519308,0,0.015,0.726531292,0,0.565496005,0.0884,0.957223702,0.295855526,0,0.247170439,0,0.489846871,0.0225,0.0225,0.841877497,1.131741012,0.11834221,1.201398136,0.349034621,1
2464,272,8,1,1.014283064,0.0453,0.549063254,0,0.143201632,0.710072343,0,0.490447041,0,0.638842515,0.432572806,0,0.337599703,0,0.0289,0,0,0.859951771,1.113708032,0.0653,1.219068818,0.351697273,1
2465,272,9,2,1.141068447,0.0509,0.61769616,0,0.161101836,0.798831386,0,0.551752922,0,0.71869783,0.486644407,0,0.379799666,0,0.0326,0,0,0.967445743,1.252921536,0.0735,1.371452421,0.395659432,1
2466,272,8,3,1.014283064,0.0453,0.549063254,0,0.143201632,0.710072343,0,0.490447041,0,0.638842515,0.432572806,0,0.337599703,0,0.0289,0,0,0.859951771,1.113708032,0.0653,1.219068818,0.351697273,1
2467,272,8,4,1.014283064,0.0453,0.549063254,0,0.143201632,0.710072343,0,0.490447041,0,0.638842515,0.432572806,0,0.337599703,0,0.0289,0,0,0.859951771,1.113708032,0.0653,1.219068818,0.351697273,1
2468,272,8,5,1.014283064,0.0453,0.549063254,0,0.143201632,0.710072343,0,0.490447041,0,0.638842515,0.432572806,0,0.337599703,0,0.0289,0,0,0.859951771,1.113708032,0.0653,1.219068818,0.351697273,1
2469,272,9,6,1.141068447,0.0509,0.61769616,0,0.161101836,0.798831386,0,0.551752922,0,0.71869783,0.486644407,0,0.379799666,0,0.0326,0,0,0.967445743,1.252921536,0.0735,1.371452421,0.395659432,1
2470,272,8,7,1.014283064,0.0453,0.549063254,0,0.143201632,0.710072343,0,0.490447041,0,0.638842515,0.432572806,0,0.337599703,0,0.0289,0,0,0.859951771,1.113708032,0.0653,1.219068818,0.351697273,1
2471,272,7,8,0.887497681,0.0396,0.480430347,0,0.125301428,0.6213133,0,0.429141161,0,0.558987201,0.378501206,0,0.29539974,0,0.0253,0,0,0.7524578,0.974494528,0.0571,1.066685216,0.307735114,1
2472,272,3,9,0.380356149,0.017,0.20589872,0,0.0537,0.266277129,0,0.183917641,0,0.239565943,0.162214802,0,0.126599889,0,0.0109,0,0,0.322481914,0.417640512,0.024485253,0.457150807,0.131886477,3
2473,272,3,10,0.380356149,0.017,0.20589872,0,0.0537,0.266277129,0,0.183917641,0,0.239565943,0.162214802,0,0.126599889,0,0.0109,0,0,0.322481914,0.417640512,0.024485253,0.457150807,0.131886477,3
2474,272,7,11,0.887497681,0.0396,0.480430347,0,0.125301428,0.6213133,0,0.429141161,0,0.558987201,0.378501206,0,0.29539974,0,0.0253,0,0,0.7524578,0.974494528,0.0571,1.066685216,0.307735114,1
2475,272,7,12,0.887497681,0.0396,0.480430347,0,0.125301428,0.6213133,0,0.429141161,0,0.558987201,0.378501206,0,0.29539974,0,0.0253,0,0,0.7524578,0.974494528,0.0571,1.066685216,0.307735114,1
2476,272,9,13,1.141068447,0.0509,0.61769616,0,0.161101836,0.798831386,0,0.551752922,0,0.71869783,0.486644407,0,0.379799666,0,0.0326,0,0,0.967445743,1.252921536,0.0735,1.371452421,0.395659432,1
2477,272,8,14,1.014283064,0.0453,0.549063254,0,0.143201632,0.710072343,0,0.490447041,0,0.638842515,0.432572806,0,0.337599703,0,0.0289,0,0,0.859951771,1.113708032,0.0653,1.219068818,0.351697273,1
2478,272,6,15,0.760712298,0.0339,0.41179744,0,0.107401224,0.532554257,0,0.367835281,0,0.479131886,0.324429605,0,0.253199777,0,0.0217,0,0,0.644963829,0.835281024,0.049,0.914301614,0.263772955,1
2479,272,7,16,0.887497681,0.0396,0.480430347,0,0.125301428,0.6213133,0,0.429141161,0,0.558987201,0.378501206,0,0.29539974,0,0.0253,0,0,0.7524578,0.974494528,0.0571,1.066685216,0.307735114,1
2480,272,6,17,0.760712298,0.0339,0.41179744,0,0.107401224,0.532554257,0,0.367835281,0,0.479131886,0.324429605,0,0.253199777,0,0.0217,0,0,0.644963829,0.835281024,0.049,0.914301614,0.263772955,1
2481,272,8,18,1.014283064,0.0453,0.549063254,0,0.143201632,0.710072343,0,0.490447041,0,0.638842515,0.432572806,0,0.337599703,0,0.0289,0,0,0.859951771,1.113708032,0.0653,1.219068818,0.351697273,1
2482,272,8,19,1.014283064,0.0453,0.549063254,0,0.143201632,0.710072343,0,0.490447041,0,0.638842515,0.432572806,0,0.337599703,0,0.0289,0,0,0.859951771,1.113708032,0.0653,1.219068818,0.351697273,1
2483,272,9,20,1.141068447,0.0509,0.61769616,0,0.161101836,0.798831386,0,0.551752922,0,0.71869783,0.486644407,0,0.379799666,0,0.0326,0,0,0.967445743,1.252921536,0.0735,1.371452421,0.395659432,1
2484,272,9,21,1.141068447,0.0509,0.61769616,0,0.161101836,0.798831386,0,0.551752922,0,0.71869783,0.486644407,0,0.379799666,0,0.0326,0,0,0.967445743,1.252921536,0.0735,1.371452421,0.395659432,1
2485,272,6,22,0.760712298,0.0339,0.41179744,0,0.107401224,0.532554257,0,0.367835281,0,0.479131886,0.324429605,0,0.253199777,0,0.0217,0,0,0.644963829,0.835281024,0.049,0.914301614,0.263772955,1
2486,272,9,23,1.141068447,0.0509,0.61769616,0,0.161101836,0.798831386,0,0.551752922,0,0.71869783,0.486644407,0,0.379799666,0,0.0326,0,0,0.967445743,1.252921536,0.0735,1.371452421,0.395659432,1
2487,272,8,24,1.014283064,0.0453,0.549063254,0,0.143201632,0.710072343,0,0.490447041,0,0.638842515,0.432572806,0,0.337599703,0,0.0289,0,0,0.859951771,1.113708032,0.0653,1.219068818,0.351697273,1
2488,272,5,25,0.633926915,0.0283,0.343164533,0,0.0895,0.443795214,0,0.306529401,0,0.399276572,0.270358004,0,0.210999815,0,0.0181,0,0,0.537469857,0.69606752,0.0408,0.761918012,0.219810796,3
2489,272,8,26,1.014283064,0.0453,0.549063254,0,0.143201632,0.710072343,0,0.490447041,0,0.638842515,0.432572806,0,0.337599703,0,0.0289,0,0,0.859951771,1.113708032,0.0653,1.219068818,0.351697273,1
2490,272,8,27,1.014283064,0.0453,0.549063254,0,0.143201632,0.710072343,0,0.490447041,0,0.638842515,0.432572806,0,0.337599703,0,0.0289,0,0,0.859951771,1.113708032,0.0653,1.219068818,0.351697273,1
2491,272,9,28,1.141068447,0.0509,0.61769616,0,0.161101836,0.798831386,0,0.551752922,0,0.71869783,0.486644407,0,0.379799666,0,0.0326,0,0,0.967445743,1.252921536,0.0735,1.371452421,0.395659432,1
2492,272,6,29,0.760712298,0.0339,0.41179744,0,0.107401224,0.532554257,0,0.367835281,0,0.479131886,0.324429605,0,0.253199777,0,0.0217,0,0,0.644963829,0.835281024,0.049,0.914301614,0.263772955,1
2493,272,7,30,0.887497681,0.0396,0.480430347,0,0.125301428,0.6213133,0,0.429141161,0,0.558987201,0.378501206,0,0.29539974,0,0.0253,0,0,0.7524578,0.974494528,0.0571,1.066685216,0.307735114,1
2494,272,8,31,1.014283064,0.0453,0.549063254,0,0.143201632,0.710072343,0,0.490447041,0,0.638842515,0.432572806,0,0.337599703,0,0.0289,0,0,0.859951771,1.113708032,0.0653,1.219068818,0.351697273,1
2495,272,7,32,0.887497681,0.0396,0.480430347,0,0.125301428,0.6213133,0,0.429141161,0,0.558987201,0.378501206,0,0.29539974,0,0.0253,0,0,0.7524578,0.974494528,0.0571,1.066685216,0.307735114,1
2496,272,8,33,1.014283064,0.0453,0.549063254,0,0.143201632,0.710072343,0,0.490447041,0,0.638842515,0.432572806,0,0.337599703,0,0.0289,0,0,0.859951771,1.113708032,0.0653,1.219068818,0.351697273,1
2497,272,9,34,1.141068447,0.0509,0.61769616,0,0.161101836,0.798831386,0,0.551752922,0,0.71869783,0.486644407,0,0.379799666,0,0.0326,0,0,0.967445743,1.252921536,0.0735,1.371452421,0.395659432,1
2498,272,8,35,1.014283064,0.0453,0.549063254,0,0.143201632,0.710072343,0,0.490447041,0,0.638842515,0.432572806,0,0.337599703,0,0.0289,0,0,0.859951771,1.113708032,0.0653,1.219068818,0.351697273,1
2499,272,7,36,0.887497681,0.0396,0.480430347,0,0.125301428,0.6213133,0,0.429141161,0,0.558987201,0.378501206,0,0.29539974,0,0.0253,0,0,0.7524578,0.974494528,0.0571,1.066685216,0.307735114,1
2500,272,8,37,1.014283064,0.0453,0.549063254,0,0.143201632,0.710072343,0,0.490447041,0,0.638842515,0.432572806,0,0.337599703,0,0.0289,0,0,0.859951771,1.113708032,0.0653,1.219068818,0.351697273,1
2501,272,5,38,0.633926915,0.0283,0.343164533,0,0.0895,0.443795214,0,0.306529401,0,0.399276572,0.270358004,0,0.210999815,0,0.0181,0,0,0.537469857,0.69606752,0.0408,0.761918012,0.219810796,3
2502,272,8,39,1.014283064,0.0453,0.549063254,0,0.143201632,0.710072343,0,0.490447041,0,0.638842515,0.432572806,0,0.337599703,0,0.0289,0,0,0.859951771,1.113708032,0.0653,1.219068818,0.351697273,1
2503,272,8,40,1.014283064,0.0453,0.549063254,0,0.143201632,0.710072343,0,0.490447041,0,0.638842515,0.432572806,0,0.337599703,0,0.0289,0,0,0.859951771,1.113708032,0.0653,1.219068818,0.351697273,1
2504,272,6,41,0.760712298,0.0339,0.41179744,0,0.107401224,0.532554257,0,0.367835281,0,0.479131886,0.324429605,0,0.253199777,0,0.0217,0,0,0.644963829,0.835281024,0.049,0.914301614,0.263772955,1
2505,272,8,42,1.014283064,0.0453,0.549063254,0,0.143201632,0.710072343,0,0.490447041,0,0.638842515,0.432572806,0,0.337599703,0,0.0289,0,0,0.859951771,1.113708032,0.0653,1.219068818,0.351697273,1
2506,272,8,43,1.014283064,0.0453,0.549063254,0,0.143201632,0.710072343,0,0.490447041,0,0.638842515,0.432572806,0,0.337599703,0,0.0289,0,0,0.859951771,1.113708032,0.0653,1.219068818,0.351697273,1
2507,272,7,44,0.887497681,0.0396,0.480430347,0,0.125301428,0.6213133,0,0.429141161,0,0.558987201,0.378501206,0,0.29539974,0,0.0253,0,0,0.7524578,0.974494528,0.0571,1.066685216,0.307735114,1
2508,272,8,45,1.014283064,0.0453,0.549063254,0,0.143201632,0.710072343,0,0.490447041,0,0.638842515,0.432572806,0,0.337599703,0,0.0289,0,0,0.859951771,1.113708032,0.0653,1.219068818,0.351697273,1
2509,272,8,46,1.014283064,0.0453,0.549063254,0,0.143201632,0.710072343,0,0.490447041,0,0.638842515,0.432572806,0,0.337599703,0,0.0289,0,0,0.859951771,1.113708032,0.0653,1.219068818,0.351697273,1
2510,272,7,47,0.887497681,0.0396,0.480430347,0,0.125301428,0.6213133,0,0.429141161,0,0.558987201,0.378501206,0,0.29539974,0,0.0253,0,0,0.7524578,0.974494528,0.0571,1.066685216,0.307735114,1
2511,272,8,48,1.014283064,0.0453,0.549063254,0,0.143201632,0.710072343,0,0.490447041,0,0.638842515,0.432572806,0,0.337599703,0,0.0289,0,0,0.859951771,1.113708032,0.0653,1.219068818,0.351697273,1
2512,272,5,49,0.633926915,0.0283,0.343164533,0,0.0895,0.443795214,0,0.306529401,0,0.399276572,0.270358004,0,0.210999815,0,0.0181,0,0,0.537469857,0.69606752,0.0408,0.761918012,0.219810796,3
2513,272,7,50,0.887497681,0.0396,0.480430347,0,0.125301428,0.6213133,0,0.429141161,0,0.558987201,0.378501206,0,0.29539974,0,0.0253,0,0,0.7524578,0.974494528,0.0571,1.066685216,0.307735114,1
2514,272,4,51,0.507141532,0.0226,0.274531627,0,0.0716,0.355036171,0,0.245223521,0,0.319421258,0.216286403,0,0.168799852,0,0.0145,0,0,0.429975886,0.556854016,0.0326,0.609534409,0.175848637,3
2515,272,7,52,0.887497681,0.0396,0.480430347,0,0.125301428,0.6213133,0,0.429141161,0,0.558987201,0.378501206,0,0.29539974,0,0.0253,0,0,0.7524578,0.974494528,0.0571,1.066685216,0.307735114,1
2516,272,8,53,1.014283064,0.0453,0.549063254,0,0.143201632,0.710072343,0,0.490447041,0,0.638842515,0.432572806,0,0.337599703,0,0.0289,0,0,0.859951771,1.113708032,0.0653,1.219068818,0.351697273,1
2517,272,8,54,1.014283064,0.0453,0.549063254,0,0.143201632,0.710072343,0,0.490447041,0,0.638842515,0.432572806,0,0.337599703,0,0.0289,0,0,0.859951771,1.113708032,0.0653,1.219068818,0.351697273,1
2518,272,9,55,1.141068447,0.0509,0.61769616,0,0.161101836,0.798831386,0,0.551752922,0,0.71869783,0.486644407,0,0.379799666,0,0.0326,0,0,0.967445743,1.252921536,0.0735,1.371452421,0.395659432,1
2519,272,9,56,1.141068447,0.0509,0.61769616,0,0.161101836,0.798831386,0,0.551752922,0,0.71869783,0.486644407,0,0.379799666,0,0.0326,0,0,0.967445743,1.252921536,0.0735,1.371452421,0.395659432,1
2520,272,9,57,1.141068447,0.0509,0.61769616,0,0.161101836,0.798831386,0,0.551752922,0,0.71869783,0.486644407,0,0.379799666,0,0.0326,0,0,0.967445743,1.252921536,0.0735,1.371452421,0.395659432,1
2521,272,4,58,0.507141532,0.0226,0.274531627,0,0.0716,0.355036171,0,0.245223521,0,0.319421258,0.216286403,0,0.168799852,0,0.0145,0,0,0.429975886,0.556854016,0.0326,0.609534409,0.175848637,3
2522,272,5,59,0.633926915,0.0283,0.343164533,0,0.0895,0.443795214,0,0.306529401,0,0.399276572,0.270358004,0,0.210999815,0,0.0181,0,0,0.537469857,0.69606752,0.0408,0.761918012,0.219810796,3
2523,272,9,60,1.141068447,0.0509,0.61769616,0,0.161101836,0.798831386,0,0.551752922,0,0.71869783,0.486644407,0,0.379799666,0,0.0326,0,0,0.967445743,1.252921536,0.0735,1.371452421,0.395659432,1
2524,272,9,61,1.141068447,0.0509,0.61769616,0,0.161101836,0.798831386,0,0.551752922,0,0.71869783,0.486644407,0,0.379799666,0,0.0326,0,0,0.967445743,1.252921536,0.0735,1.371452421,0.395659432,1
2525,272,7,62,0.887497681,0.0396,0.480430347,0,0.125301428,0.6213133,0,0.429141161,0,0.558987201,0.378501206,0,0.29539974,0,0.0253,0,0,0.7524578,0.974494528,0.0571,1.066685216,0.307735114,1
2526,272,9,63,1.141068447,0.0509,0.61769616,0,0.161101836,0.798831386,0,0.551752922,0,0.71869783,0.486644407,0,0.379799666,0,0.0326,0,0,0.967445743,1.252921536,0.0735,1.371452421,0.395659432,1
2527,272,9,64,1.141068447,0.0509,0.61769616,0,0.161101836,0.798831386,0,0.551752922,0,0.71869783,0.486644407,0,0.379799666,0,0.0326,0,0,0.967445743,1.252921536,0.0735,1.371452421,0.395659432,1
2528,272,7,65,0.887497681,0.0396,0.480430347,0,0.125301428,0.6213133,0,0.429141161,0,0.558987201,0.378501206,0,0.29539974,0,0.0253,0,0,0.7524578,0.974494528,0.0571,1.066685216,0.307735114,1
2529,272,9,66,1.141068447,0.0509,0.61769616,0,0.161101836,0.798831386,0,0.551752922,0,0.71869783,0.486644407,0,0.379799666,0,0.0326,0,0,0.967445743,1.252921536,0.0735,1.371452421,0.395659432,1
2530,272,8,67,1.014283064,0.0453,0.549063254,0,0.143201632,0.710072343,0,0.490447041,0,0.638842515,0.432572806,0,0.337599703,0,0.0289,0,0,0.859951771,1.113708032,0.0653,1.219068818,0.351697273,1
2531,272,7,68,0.887497681,0.0396,0.480430347,0,0.125301428,0.6213133,0,0.429141161,0,0.558987201,0.378501206,0,0.29539974,0,0.0253,0,0,0.7524578,0.974494528,0.0571,1.066685216,0.307735114,1
2532,272,5,69,0.633926915,0.0283,0.343164533,0,0.0895,0.443795214,0,0.306529401,0,0.399276572,0.270358004,0,0.210999815,0,0.0181,0,0,0.537469857,0.69606752,0.0408,0.761918012,0.219810796,3
2533,272,9,70,1.141068447,0.0509,0.61769616,0,0.161101836,0.798831386,0,0.551752922,0,0.71869783,0.486644407,0,0.379799666,0,0.0326,0,0,0.967445743,1.252921536,0.0735,1.371452421,0.395659432,1
2534,272,9,71,1.141068447,0.0509,0.61769616,0,0.161101836,0.798831386,0,0.551752922,0,0.71869783,0.486644407,0,0.379799666,0,0.0326,0,0,0.967445743,1.252921536,0.0735,1.371452421,0.395659432,1
2535,272,9,72,1.141068447,0.0509,0.61769616,0,0.161101836,0.798831386,0,0.551752922,0,0.71869783,0.486644407,0,0.379799666,0,0.0326,0,0,0.967445743,1.252921536,0.0735,1.371452421,0.395659432,1
2536,272,8,73,1.014283064,0.0453,0.549063254,0,0.143201632,0.710072343,0,0.490447041,0,0.638842515,0.432572806,0,0.337599703,0,0.0289,0,0,0.859951771,1.113708032,0.0653,1.219068818,0.351697273,1
2537,272,5,74,0.633926915,0.0283,0.343164533,0,0.0895,0.443795214,0,0.306529401,0,0.399276572,0.270358004,0,0.210999815,0,0.0181,0,0,0.537469857,0.69606752,0.0408,0.761918012,0.219810796,3
2538,272,8,75,1.014283064,0.0453,0.549063254,0,0.143201632,0.710072343,0,0.490447041,0,0.638842515,0.432572806,0,0.337599703,0,0.0289,0,0,0.859951771,1.113708032,0.0653,1.219068818,0.351697273,1
2539,272,7,76,0.887497681,0.0396,0.480430347,0,0.125301428,0.6213133,0,0.429141161,0,0.558987201,0.378501206,0,0.29539974,0,0.0253,0,0,0.7524578,0.974494528,0.0571,1.066685216,0.307735114,1
2540,272,8,77,1.014283064,0.0453,0.549063254,0,0.143201632,0.710072343,0,0.490447041,0,0.638842515,0.432572806,0,0.337599703,0,0.0289,0,0,0.859951771,1.113708032,0.0653,1.219068818,0.351697273,1
2541,272,9,78,1.141068447,0.0509,0.61769616,0,0.161101836,0.798831386,0,0.551752922,0,0.71869783,0.486644407,0,0.379799666,0,0.0326,0,0,0.967445743,1.252921536,0.0735,1.371452421,0.395659432,1
2542,272,9,79,1.141068447,0.0509,0.61769616,0,0.161101836,0.798831386,0,0.551752922,0,0.71869783,0.486644407,0,0.379799666,0,0.0326,0,0,0.967445743,1.252921536,0.0735,1.371452421,0.395659432,1
2543,272,9,80,1.141068447,0.0509,0.61769616,0,0.161101836,0.798831386,0,0.551752922,0,0.71869783,0.486644407,0,0.379799666,0,0.0326,0,0,0.967445743,1.252921536,0.0735,1.371452421,0.395659432,1
2544,272,8,81,1.014283064,0.0453,0.549063254,0,0.143201632,0.710072343,0,0.490447041,0,0.638842515,0.432572806,0,0.337599703,0,0.0289,0,0,0.859951771,1.113708032,0.0653,1.219068818,0.351697273,1
2545,272,9,82,1.141068447,0.0509,0.61769616,0,0.161101836,0.798831386,0,0.551752922,0,0.71869783,0.486644407,0,0.379799666,0,0.0326,0,0,0.967445743,1.252921536,0.0735,1.371452421,0.395659432,1
2546,272,8,83,1.014283064,0.0453,0.549063254,0,0.143201632,0.710072343,0,0.490447041,0,0.638842515,0.432572806,0,0.337599703,0,0.0289,0,0,0.859951771,1.113708032,0.0653,1.219068818,0.351697273,1
2547,272,1,84,0.126785383,0.00566,0.0686,0,0.0179,0.0888,0,0.06130588,0,0.0799,0.0541,0,0.0422,0,0.00362,0,0,0.107493971,0.139213504,0.00816,0.152383602,0.044,3
2548,272,6,85,0.760712298,0.0339,0.41179744,0,0.107401224,0.532554257,0,0.367835281,0,0.479131886,0.324429605,0,0.253199777,0,0.0217,0,0,0.644963829,0.835281024,0.049,0.914301614,0.263772955,1
2549,272,9,86,1.141068447,0.0509,0.61769616,0,0.161101836,0.798831386,0,0.551752922,0,0.71869783,0.486644407,0,0.379799666,0,0.0326,0,0,0.967445743,1.252921536,0.0735,1.371452421,0.395659432,1
2550,272,7,87,0.887497681,0.0396,0.480430347,0,0.125301428,0.6213133,0,0.429141161,0,0.558987201,0.378501206,0,0.29539974,0,0.0253,0,0,0.7524578,0.974494528,0.0571,1.066685216,0.307735114,1
2551,272,8,88,1.014283064,0.0453,0.549063254,0,0.143201632,0.710072343,0,0.490447041,0,0.638842515,0.432572806,0,0.337599703,0,0.0289,0,0,0.859951771,1.113708032,0.0653,1.219068818,0.351697273,1
2552,272,5,89,0.633926915,0.0283,0.343164533,0,0.0895,0.443795214,0,0.306529401,0,0.399276572,0.270358004,0,0.210999815,0,0.0181,0,0,0.537469857,0.69606752,0.0408,0.761918012,0.219810796,3
2553,272,8,90,1.014283064,0.0453,0.549063254,0,0.143201632,0.710072343,0,0.490447041,0,0.638842515,0.432572806,0,0.337599703,0,0.0289,0,0,0.859951771,1.113708032,0.0653,1.219068818,0.351697273,1
2554,272,9,91,1.141068447,0.0509,0.61769616,0,0.161101836,0.798831386,0,0.551752922,0,0.71869783,0.486644407,0,0.379799666,0,0.0326,0,0,0.967445743,1.252921536,0.0735,1.371452421,0.395659432,1
2555,272,7,92,0.887497681,0.0396,0.480430347,0,0.125301428,0.6213133,0,0.429141161,0,0.558987201,0.378501206,0,0.29539974,0,0.0253,0,0,0.7524578,0.974494528,0.0571,1.066685216,0.307735114,1
2556,272,9,93,1.141068447,0.0509,0.61769616,0,0.161101836,0.798831386,0,0.551752922,0,0.71869783,0.486644407,0,0.379799666,0,0.0326,0,0,0.967445743,1.252921536,0.0735,1.371452421,0.395659432,1
2557,272,5,94,0.633926915,0.0283,0.343164533,0,0.0895,0.443795214,0,0.306529401,0,0.399276572,0.270358004,0,0.210999815,0,0.0181,0,0,0.537469857,0.69606752,0.0408,0.761918012,0.219810796,3
2558,272,9,95,1.141068447,0.0509,0.61769616,0,0.161101836,0.798831386,0,0.551752922,0,0.71869783,0.486644407,0,0.379799666,0,0.0326,0,0,0.967445743,1.252921536,0.0735,1.371452421,0.395659432,1
2559,272,9,96,1.141068447,0.0509,0.61769616,0,0.161101836,0.798831386,0,0.551752922,0,0.71869783,0.486644407,0,0.379799666,0,0.0326,0,0,0.967445743,1.252921536,0.0735,1.371452421,0.395659432,1
2560,272,9,97,1.141068447,0.0509,0.61769616,0,0.161101836,0.798831386,0,0.551752922,0,0.71869783,0.486644407,0,0.379799666,0,0.0326,0,0,0.967445743,1.252921536,0.0735,1.371452421,0.395659432,1
2561,272,9,98,1.141068447,0.0509,0.61769616,0,0.161101836,0.798831386,0,0.551752922,0,0.71869783,0.486644407,0,0.379799666,0,0.0326,0,0,0.967445743,1.252921536,0.0735,1.371452421,0.395659432,1
2562,272,6,99,0.760712298,0.0339,0.41179744,0,0.107401224,0.532554257,0,0.367835281,0,0.479131886,0.324429605,0,0.253199777,0,0.0217,0,0,0.644963829,0.835281024,0.049,0.914301614,0.263772955,1
2563,272,7,100,0.887497681,0.0396,0.480430347,0,0.125301428,0.6213133,0,0.429141161,0,0.558987201,0.378501206,0,0.29539974,0,0.0253,0,0,0.7524578,0.974494528,0.0571,1.066685216,0.307735114,1
2564,272,9,101,1.141068447,0.0509,0.61769616,0,0.161101836,0.798831386,0,0.551752922,0,0.71869783,0.486644407,0,0.379799666,0,0.0326,0,0,0.967445743,1.252921536,0.0735,1.371452421,0.395659432,1
2565,272,1,102,0.126785383,0.00566,0.0686,0,0.0179,0.0888,0,0.06130588,0,0.0799,0.0541,0,0.0422,0,0.00362,0,0,0.107493971,0.139213504,0.00816,0.152383602,0.044,3
2566,272,8,103,1.014283064,0.0453,0.549063254,0,0.143201632,0.710072343,0,0.490447041,0,0.638842515,0.432572806,0,0.337599703,0,0.0289,0,0,0.859951771,1.113708032,0.0653,1.219068818,0.351697273,1
2567,272,9,104,1.141068447,0.0509,0.61769616,0,0.161101836,0.798831386,0,0.551752922,0,0.71869783,0.486644407,0,0.379799666,0,0.0326,0,0,0.967445743,1.252921536,0.0735,1.371452421,0.395659432,1
2568,272,8,105,1.014283064,0.0453,0.549063254,0,0.143201632,0.710072343,0,0.490447041,0,0.638842515,0.432572806,0,0.337599703,0,0.0289,0,0,0.859951771,1.113708032,0.0653,1.219068818,0.351697273,1
2569,272,9,106,1.141068447,0.0509,0.61769616,0,0.161101836,0.798831386,0,0.551752922,0,0.71869783,0.486644407,0,0.379799666,0,0.0326,0,0,0.967445743,1.252921536,0.0735,1.371452421,0.395659432,1
2570,272,8,107,1.014283064,0.0453,0.549063254,0,0.143201632,0.710072343,0,0.490447041,0,0.638842515,0.432572806,0,0.337599703,0,0.0289,0,0,0.859951771,1.113708032,0.0653,1.219068818,0.351697273,1
2571,272,8,108,1.014283064,0.0453,0.549063254,0,0.143201632,0.710072343,0,0.490447041,0,0.638842515,0.432572806,0,0.337599703,0,0.0289,0,0,0.859951771,1.113708032,0.0653,1.219068818,0.351697273,1
2572,272,7,109,0.887497681,0.0396,0.480430347,0,0.125301428,0.6213133,0,0.429141161,0,0.558987201,0.378501206,0,0.29539974,0,0.0253,0,0,0.7524578,0.974494528,0.0571,1.066685216,0.307735114,1
2573,272,5,110,0.633926915,0.0283,0.343164533,0,0.0895,0.443795214,0,0.306529401,0,0.399276572,0.270358004,0,0.210999815,0,0.0181,0,0,0.537469857,0.69606752,0.0408,0.761918012,0.219810796,3
2574,272,8,111,1.014283064,0.0453,0.549063254,0,0.143201632,0.710072343,0,0.490447041,0,0.638842515,0.432572806,0,0.337599703,0,0.0289,0,0,0.859951771,1.113708032,0.0653,1.219068818,0.351697273,1
2575,272,7,112,0.887497681,0.0396,0.480430347,0,0.125301428,0.6213133,0,0.429141161,0,0.558987201,0.378501206,0,0.29539974,0,0.0253,0,0,0.7524578,0.974494528,0.0571,1.066685216,0.307735114,1
2576,272,9,113,1.141068447,0.0509,0.61769616,0,0.161101836,0.798831386,0,0.551752922,0,0.71869783,0.486644407,0,0.379799666,0,0.0326,0,0,0.967445743,1.252921536,0.0735,1.371452421,0.395659432,1
2577,272,7,114,0.887497681,0.0396,0.480430347,0,0.125301428,0.6213133,0,0.429141161,0,0.558987201,0.378501206,0,0.29539974,0,0.0253,0,0,0.7524578,0.974494528,0.0571,1.066685216,0.307735114,1
2578,272,5,115,0.633926915,0.0283,0.343164533,0,0.0895,0.443795214,0,0.306529401,0,0.399276572,0.270358004,0,0.210999815,0,0.0181,0,0,0.537469857,0.69606752,0.0408,0.761918012,0.219810796,3
2579,272,9,116,1.141068447,0.0509,0.61769616,0,0.161101836,0.798831386,0,0.551752922,0,0.71869783,0.486644407,0,0.379799666,0,0.0326,0,0,0.967445743,1.252921536,0.0735,1.371452421,0.395659432,1
2580,272,7,117,0.887497681,0.0396,0.480430347,0,0.125301428,0.6213133,0,0.429141161,0,0.558987201,0.378501206,0,0.29539974,0,0.0253,0,0,0.7524578,0.974494528,0.0571,1.066685216,0.307735114,1
2581,272,9,118,1.141068447,0.0509,0.61769616,0,0.161101836,0.798831386,0,0.551752922,0,0.71869783,0.486644407,0,0.379799666,0,0.0326,0,0,0.967445743,1.252921536,0.0735,1.371452421,0.395659432,1
2582,272,8,119,1.014283064,0.0453,0.549063254,0,0.143201632,0.710072343,0,0.490447041,0,0.638842515,0.432572806,0,0.337599703,0,0.0289,0,0,0.859951771,1.113708032,0.0653,1.219068818,0.351697273,1
2583,272,8,120,1.014283064,0.0453,0.549063254,0,0.143201632,0.710072343,0,0.490447041,0,0.638842515,0.432572806,0,0.337599703,0,0.0289,0,0,0.859951771,1.113708032,0.0653,1.219068818,0.351697273,1
2584,272,9,121,1.141068447,0.0509,0.61769616,0,0.161101836,0.798831386,0,0.551752922,0,0.71869783,0.486644407,0,0.379799666,0,0.0326,0,0,0.967445743,1.252921536,0.0735,1.371452421,0.395659432,1
2585,272,7,122,0.887497681,0.0396,0.480430347,0,0.125301428,0.6213133,0,0.429141161,0,0.558987201,0.378501206,0,0.29539974,0,0.0253,0,0,0.7524578,0.974494528,0.0571,1.066685216,0.307735114,1
2586,272,8,123,1.014283064,0.0453,0.549063254,0,0.143201632,0.710072343,0,0.490447041,0,0.638842515,0.432572806,0,0.337599703,0,0.0289,0,0,0.859951771,1.113708032,0.0653,1.219068818,0.351697273,1
2587,272,9,124,1.141068447,0.0509,0.61769616,0,0.161101836,0.798831386,0,0.551752922,0,0.71869783,0.486644407,0,0.379799666,0,0.0326,0,0,0.967445743,1.252921536,0.0735,1.371452421,0.395659432,1
2588,272,6,125,0.760712298,0.0339,0.41179744,0,0.107401224,0.532554257,0,0.367835281,0,0.479131886,0.324429605,0,0.253199777,0,0.0217,0,0,0.644963829,0.835281024,0.049,0.914301614,0.263772955,1
2589,272,8,126,1.014283064,0.0453,0.549063254,0,0.143201632,0.710072343,0,0.490447041,0,0.638842515,0.432572806,0,0.337599703,0,0.0289,0,0,0.859951771,1.113708032,0.0653,1.219068818,0.351697273,1
2590,272,7,127,0.887497681,0.0396,0.480430347,0,0.125301428,0.6213133,0,0.429141161,0,0.558987201,0.378501206,0,0.29539974,0,0.0253,0,0,0.7524578,0.974494528,0.0571,1.066685216,0.307735114,1
2591,272,6,128,0.760712298,0.0339,0.41179744,0,0.107401224,0.532554257,0,0.367835281,0,0.479131886,0.324429605,0,0.253199777,0,0.0217,0,0,0.644963829,0.835281024,0.049,0.914301614,0.263772955,1
2592,272,9,129,1.141068447,0.0509,0.61769616,0,0.161101836,0.798831386,0,0.551752922,0,0.71869783,0.486644407,0,0.379799666,0,0.0326,0,0,0.967445743,1.252921536,0.0735,1.371452421,0.395659432,1
2593,272,8,130,1.014283064,0.0453,0.549063254,0,0.143201632,0.710072343,0,0.490447041,0,0.638842515,0.432572806,0,0.337599703,0,0.0289,0,0,0.859951771,1.113708032,0.0653,1.219068818,0.351697273,1
2594,272,8,131,1.014283064,0.0453,0.549063254,0,0.143201632,0.710072343,0,0.490447041,0,0.638842515,0.432572806,0,0.337599703,0,0.0289,0,0,0.859951771,1.113708032,0.0653,1.219068818,0.351697273,1
2595,272,8,132,1.014283064,0.0453,0.549063254,0,0.143201632,0.710072343,0,0.490447041,0,0.638842515,0.432572806,0,0.337599703,0,0.0289,0,0,0.859951771,1.113708032,0.0653,1.219068818,0.351697273,1
2596,272,7,133,0.887497681,0.0396,0.480430347,0,0.125301428,0.6213133,0,0.429141161,0,0.558987201,0.378501206,0,0.29539974,0,0.0253,0,0,0.7524578,0.974494528,0.0571,1.066685216,0.307735114,1
2597,272,8,134,1.014283064,0.0453,0.549063254,0,0.143201632,0.710072343,0,0.490447041,0,0.638842515,0.432572806,0,0.337599703,0,0.0289,0,0,0.859951771,1.113708032,0.0653,1.219068818,0.351697273,1
2598,272,6,135,0.760712298,0.0339,0.41179744,0,0.107401224,0.532554257,0,0.367835281,0,0.479131886,0.324429605,0,0.253199777,0,0.0217,0,0,0.644963829,0.835281024,0.049,0.914301614,0.263772955,1
2599,272,7,136,0.887497681,0.0396,0.480430347,0,0.125301428,0.6213133,0,0.429141161,0,0.558987201,0.378501206,0,0.29539974,0,0.0253,0,0,0.7524578,0.974494528,0.0571,1.066685216,0.307735114,1
2600,272,8,137,1.014283064,0.0453,0.549063254,0,0.143201632,0.710072343,0,0.490447041,0,0.638842515,0.432572806,0,0.337599703,0,0.0289,0,0,0.859951771,1.113708032,0.0653,1.219068818,0.351697273,1
2601,272,4,138,0.507141532,0.0226,0.274531627,0,0.0716,0.355036171,0,0.245223521,0,0.319421258,0.216286403,0,0.168799852,0,0.0145,0,0,0.429975886,0.556854016,0.0326,0.609534409,0.175848637,3
2602,272,9,139,1.141068447,0.0509,0.61769616,0,0.161101836,0.798831386,0,0.551752922,0,0.71869783,0.486644407,0,0.379799666,0,0.0326,0,0,0.967445743,1.252921536,0.0735,1.371452421,0.395659432,1
2603,272,7,140,0.887497681,0.0396,0.480430347,0,0.125301428,0.6213133,0,0.429141161,0,0.558987201,0.378501206,0,0.29539974,0,0.0253,0,0,0.7524578,0.974494528,0.0571,1.066685216,0.307735114,1
2604,272,9,141,1.141068447,0.0509,0.61769616,0,0.161101836,0.798831386,0,0.551752922,0,0.71869783,0.486644407,0,0.379799666,0,0.0326,0,0,0.967445743,1.252921536,0.0735,1.371452421,0.395659432,1
2605,272,8,142,1.014283064,0.0453,0.549063254,0,0.143201632,0.710072343,0,0.490447041,0,0.638842515,0.432572806,0,0.337599703,0,0.0289,0,0,0.859951771,1.113708032,0.0653,1.219068818,0.351697273,1
2606,272,9,143,1.141068447,0.0509,0.61769616,0,0.161101836,0.798831386,0,0.551752922,0,0.71869783,0.486644407,0,0.379799666,0,0.0326,0,0,0.967445743,1.252921536,0.0735,1.371452421,0.395659432,1
2607,272,6,144,0.760712298,0.0339,0.41179744,0,0.107401224,0.532554257,0,0.367835281,0,0.479131886,0.324429605,0,0.253199777,0,0.0217,0,0,0.644963829,0.835281024,0.049,0.914301614,0.263772955,1
2608,272,8,145,1.014283064,0.0453,0.549063254,0,0.143201632,0.710072343,0,0.490447041,0,0.638842515,0.432572806,0,0.337599703,0,0.0289,0,0,0.859951771,1.113708032,0.0653,1.219068818,0.351697273,1
2609,272,8,146,1.014283064,0.0453,0.549063254,0,0.143201632,0.710072343,0,0.490447041,0,0.638842515,0.432572806,0,0.337599703,0,0.0289,0,0,0.859951771,1.113708032,0.0653,1.219068818,0.351697273,1
2610,272,8,147,1.014283064,0.0453,0.549063254,0,0.143201632,0.710072343,0,0.490447041,0,0.638842515,0.432572806,0,0.337599703,0,0.0289,0,0,0.859951771,1.113708032,0.0653,1.219068818,0.351697273,1
2611,272,9,148,1.141068447,0.0509,0.61769616,0,0.161101836,0.798831386,0,0.551752922,0,0.71869783,0.486644407,0,0.379799666,0,0.0326,0,0,0.967445743,1.252921536,0.0735,1.371452421,0.395659432,1
2612,272,8,149,1.014283064,0.0453,0.549063254,0,0.143201632,0.710072343,0,0.490447041,0,0.638842515,0.432572806,0,0.337599703,0,0.0289,0,0,0.859951771,1.113708032,0.0653,1.219068818,0.351697273,1
2613,272,6,150,0.760712298,0.0339,0.41179744,0,0.107401224,0.532554257,0,0.367835281,0,0.479131886,0.324429605,0,0.253199777,0,0.0217,0,0,0.644963829,0.835281024,0.049,0.914301614,0.263772955,1
2614,272,7,151,0.887497681,0.0396,0.480430347,0,0.125301428,0.6213133,0,0.429141161,0,0.558987201,0.378501206,0,0.29539974,0,0.0253,0,0,0.7524578,0.974494528,0.0571,1.066685216,0.307735114,1
2615,272,7,152,0.887497681,0.0396,0.480430347,0,0.125301428,0.6213133,0,0.429141161,0,0.558987201,0.378501206,0,0.29539974,0,0.0253,0,0,0.7524578,0.974494528,0.0571,1.066685216,0.307735114,1
2616,272,8,153,1.014283064,0.0453,0.549063254,0,0.143201632,0.710072343,0,0.490447041,0,0.638842515,0.432572806,0,0.337599703,0,0.0289,0,0,0.859951771,1.113708032,0.0653,1.219068818,0.351697273,1
2617,272,7,154,0.887497681,0.0396,0.480430347,0,0.125301428,0.6213133,0,0.429141161,0,0.558987201,0.378501206,0,0.29539974,0,0.0253,0,0,0.7524578,0.974494528,0.0571,1.066685216,0.307735114,1
2618,272,9,155,1.141068447,0.0509,0.61769616,0,0.161101836,0.798831386,0,0.551752922,0,0.71869783,0.486644407,0,0.379799666,0,0.0326,0,0,0.967445743,1.252921536,0.0735,1.371452421,0.395659432,1
2619,272,6,156,0.760712298,0.0339,0.41179744,0,0.107401224,0.532554257,0,0.367835281,0,0.479131886,0.324429605,0,0.253199777,0,0.0217,0,0,0.644963829,0.835281024,0.049,0.914301614,0.263772955,1
2620,272,8,157,1.014283064,0.0453,0.549063254,0,0.143201632,0.710072343,0,0.490447041,0,0.638842515,0.432572806,0,0.337599703,0,0.0289,0,0,0.859951771,1.113708032,0.0653,1.219068818,0.351697273,1
2621,272,9,158,1.141068447,0.0509,0.61769616,0,0.161101836,0.798831386,0,0.551752922,0,0.71869783,0.486644407,0,0.379799666,0,0.0326,0,0,0.967445743,1.252921536,0.0735,1.371452421,0.395659432,1
2622,272,8,159,1.014283064,0.0453,0.549063254,0,0.143201632,0.710072343,0,0.490447041,0,0.638842515,0.432572806,0,0.337599703,0,0.0289,0,0,0.859951771,1.113708032,0.0653,1.219068818,0.351697273,1
2623,272,5,160,0.633926915,0.0283,0.343164533,0,0.0895,0.443795214,0,0.306529401,0,0.399276572,0.270358004,0,0.210999815,0,0.0181,0,0,0.537469857,0.69606752,0.0408,0.761918012,0.219810796,3
2624,272,9,161,1.141068447,0.0509,0.61769616,0,0.161101836,0.798831386,0,0.551752922,0,0.71869783,0.486644407,0,0.379799666,0,0.0326,0,0,0.967445743,1.252921536,0.0735,1.371452421,0.395659432,1
2625,272,7,162,0.887497681,0.0396,0.480430347,0,0.125301428,0.6213133,0,0.429141161,0,0.558987201,0.378501206,0,0.29539974,0,0.0253,0,0,0.7524578,0.974494528,0.0571,1.066685216,0.307735114,1
2626,272,9,163,1.141068447,0.0509,0.61769616,0,0.161101836,0.798831386,0,0.551752922,0,0.71869783,0.486644407,0,0.379799666,0,0.0326,0,0,0.967445743,1.252921536,0.0735,1.371452421,0.395659432,1
2627,272,9,164,1.141068447,0.0509,0.61769616,0,0.161101836,0.798831386,0,0.551752922,0,0.71869783,0.486644407,0,0.379799666,0,0.0326,0,0,0.967445743,1.252921536,0.0735,1.371452421,0.395659432,1
2628,272,8,165,1.014283064,0.0453,0.549063254,0,0.143201632,0.710072343,0,0.490447041,0,0.638842515,0.432572806,0,0.337599703,0,0.0289,0,0,0.859951771,1.113708032,0.0653,1.219068818,0.351697273,1
2629,272,7,166,0.887497681,0.0396,0.480430347,0,0.125301428,0.6213133,0,0.429141161,0,0.558987201,0.378501206,0,0.29539974,0,0.0253,0,0,0.7524578,0.974494528,0.0571,1.066685216,0.307735114,1
2630,272,8,167,1.014283064,0.0453,0.549063254,0,0.143201632,0.710072343,0,0.490447041,0,0.638842515,0.432572806,0,0.337599703,0,0.0289,0,0,0.859951771,1.113708032,0.0653,1.219068818,0.351697273,1
2631,272,6,168,0.760712298,0.0339,0.41179744,0,0.107401224,0.532554257,0,0.367835281,0,0.479131886,0.324429605,0,0.253199777,0,0.0217,0,0,0.644963829,0.835281024,0.049,0.914301614,0.263772955,1
2632,272,7,169,0.887497681,0.0396,0.480430347,0,0.125301428,0.6213133,0,0.429141161,0,0.558987201,0.378501206,0,0.29539974,0,0.0253,0,0,0.7524578,0.974494528,0.0571,1.066685216,0.307735114,1
2633,272,5,170,0.633926915,0.0283,0.343164533,0,0.0895,0.443795214,0,0.306529401,0,0.399276572,0.270358004,0,0.210999815,0,0.0181,0,0,0.537469857,0.69606752,0.0408,0.761918012,0.219810796,3
2634,272,9,171,1.141068447,0.0509,0.61769616,0,0.161101836,0.798831386,0,0.551752922,0,0.71869783,0.486644407,0,0.379799666,0,0.0326,0,0,0.967445743,1.252921536,0.0735,1.371452421,0.395659432,1
2635,272,7,172,0.887497681,0.0396,0.480430347,0,0.125301428,0.6213133,0,0.429141161,0,0.558987201,0.378501206,0,0.29539974,0,0.0253,0,0,0.7524578,0.974494528,0.0571,1.066685216,0.307735114,1
2636,272,9,173,1.141068447,0.0509,0.61769616,0,0.161101836,0.798831386,0,0.551752922,0,0.71869783,0.486644407,0,0.379799666,0,0.0326,0,0,0.967445743,1.252921536,0.0735,1.371452421,0.395659432,1
2637,272,8,174,1.014283064,0.0453,0.549063254,0,0.143201632,0.710072343,0,0.490447041,0,0.638842515,0.432572806,0,0.337599703,0,0.0289,0,0,0.859951771,1.113708032,0.0653,1.219068818,0.351697273,1
2638,272,2,175,0.253570766,0.0113,0.137265813,0,0.0358,0.177518086,0,0.12261176,0,0.159710629,0.108143202,0,0.0844,0,0.00723,0,0,0.214987943,0.278427008,0.0163,0.304767205,0.0879,3
2639,272,7,176,0.887497681,0.0396,0.480430347,0,0.125301428,0.6213133,0,0.429141161,0,0.558987201,0.378501206,0,0.29539974,0,0.0253,0,0,0.7524578,0.974494528,0.0571,1.066685216,0.307735114,1
2640,272,8,177,1.014283064,0.0453,0.549063254,0,0.143201632,0.710072343,0,0.490447041,0,0.638842515,0.432572806,0,0.337599703,0,0.0289,0,0,0.859951771,1.113708032,0.0653,1.219068818,0.351697273,1
2641,272,9,178,1.141068447,0.0509,0.61769616,0,0.161101836,0.798831386,0,0.551752922,0,0.71869783,0.486644407,0,0.379799666,0,0.0326,0,0,0.967445743,1.252921536,0.0735,1.371452421,0.395659432,1
2642,272,8,179,1.014283064,0.0453,0.549063254,0,0.143201632,0.710072343,0,0.490447041,0,0.638842515,0.432572806,0,0.337599703,0,0.0289,0,0,0.859951771,1.113708032,0.0653,1.219068818,0.351697273,1
2643,272,8,180,1.014283064,0.0453,0.549063254,0,0.143201632,0.710072343,0,0.490447041,0,0.638842515,0.432572806,0,0.337599703,0,0.0289,0,0,0.859951771,1.113708032,0.0653,1.219068818,0.351697273,1
2644,272,8,181,1.014283064,0.0453,0.549063254,0,0.143201632,0.710072343,0,0.490447041,0,0.638842515,0.432572806,0,0.337599703,0,0.0289,0,0,0.859951771,1.113708032,0.0653,1.219068818,0.351697273,1
2645,272,7,182,0.887497681,0.0396,0.480430347,0,0.125301428,0.6213133,0,0.429141161,0,0.558987201,0.378501206,0,0.29539974,0,0.0253,0,0,0.7524578,0.974494528,0.0571,1.066685216,0.307735114,1
2646,272,7,183,0.887497681,0.0396,0.480430347,0,0.125301428,0.6213133,0,0.429141161,0,0.558987201,0.378501206,0,0.29539974,0,0.0253,0,0,0.7524578,0.974494528,0.0571,1.066685216,0.307735114,1
2647,272,6,184,0.760712298,0.0339,0.41179744,0,0.107401224,0.532554257,0,0.367835281,0,0.479131886,0.324429605,0,0.253199777,0,0.0217,0,0,0.644963829,0.835281024,0.049,0.914301614,0.263772955,1
2648,272,9,185,1.141068447,0.0509,0.61769616,0,0.161101836,0.798831386,0,0.551752922,0,0.71869783,0.486644407,0,0.379799666,0,0.0326,0,0,0.967445743,1.252921536,0.0735,1.371452421,0.395659432,1
2649,272,6,186,0.760712298,0.0339,0.41179744,0,0.107401224,0.532554257,0,0.367835281,0,0.479131886,0.324429605,0,0.253199777,0,0.0217,0,0,0.644963829,0.835281024,0.049,0.914301614,0.263772955,1
2650,272,7,187,0.887497681,0.0396,0.480430347,0,0.125301428,0.6213133,0,0.429141161,0,0.558987201,0.378501206,0,0.29539974,0,0.0253,0,0,0.7524578,0.974494528,0.0571,1.066685216,0.307735114,1
2651,272,7,188,0.887497681,0.0396,0.480430347,0,0.125301428,0.6213133,0,0.429141161,0,0.558987201,0.378501206,0,0.29539974,0,0.0253,0,0,0.7524578,0.974494528,0.0571,1.066685216,0.307735114,1
2652,272,7,189,0.887497681,0.0396,0.480430347,0,0.125301428,0.6213133,0,0.429141161,0,0.558987201,0.378501206,0,0.29539974,0,0.0253,0,0,0.7524578,0.974494528,0.0571,1.066685216,0.307735114,1
2653,272,5,190,0.633926915,0.0283,0.343164533,0,0.0895,0.443795214,0,0.306529401,0,0.399276572,0.270358004,0,0.210999815,0,0.0181,0,0,0.537469857,0.69606752,0.0408,0.761918012,0.219810796,3
2654,272,8,191,1.014283064,0.0453,0.549063254,0,0.143201632,0.710072343,0,0.490447041,0,0.638842515,0.432572806,0,0.337599703,0,0.0289,0,0,0.859951771,1.113708032,0.0653,1.219068818,0.351697273,1
2655,272,9,192,1.141068447,0.0509,0.61769616,0,0.161101836,0.798831386,0,0.551752922,0,0.71869783,0.486644407,0,0.379799666,0,0.0326,0,0,0.967445743,1.252921536,0.0735,1.371452421,0.395659432,1
2656,272,5,193,0.633926915,0.0283,0.343164533,0,0.0895,0.443795214,0,0.306529401,0,0.399276572,0.270358004,0,0.210999815,0,0.0181,0,0,0.537469857,0.69606752,0.0408,0.761918012,0.219810796,3
2657,272,1,194,0.126785383,0.00566,0.0686,0,0.0179,0.0888,0,0.06130588,0,0.0799,0.0541,0,0.0422,0,0.00362,0,0,0.107493971,0.139213504,0.00816,0.152383602,0.044,3
2658,272,9,195,1.141068447,0.0509,0.61769616,0,0.161101836,0.798831386,0,0.551752922,0,0.71869783,0.486644407,0,0.379799666,0,0.0326,0,0,0.967445743,1.252921536,0.0735,1.371452421,0.395659432,1
2659,272,9,196,1.141068447,0.0509,0.61769616,0,0.161101836,0.798831386,0,0.551752922,0,0.71869783,0.486644407,0,0.379799666,0,0.0326,0,0,0.967445743,1.252921536,0.0735,1.371452421,0.395659432,1
2660,272,3,197,0.380356149,0.017,0.20589872,0,0.0537,0.266277129,0,0.183917641,0,0.239565943,0.162214802,0,0.126599889,0,0.0109,0,0,0.322481914,0.417640512,0.024485253,0.457150807,0.131886477,3
2661,272,9,198,1.141068447,0.0509,0.61769616,0,0.161101836,0.798831386,0,0.551752922,0,0.71869783,0.486644407,0,0.379799666,0,0.0326,0,0,0.967445743,1.252921536,0.0735,1.371452421,0.395659432,1
2662,272,7,199,0.887497681,0.0396,0.480430347,0,0.125301428,0.6213133,0,0.429141161,0,0.558987201,0.378501206,0,0.29539974,0,0.0253,0,0,0.7524578,0.974494528,0.0571,1.066685216,0.307735114,1
2663,272,8,200,1.014283064,0.0453,0.549063254,0,0.143201632,0.710072343,0,0.490447041,0,0.638842515,0.432572806,0,0.337599703,0,0.0289,0,0,0.859951771,1.113708032,0.0653,1.219068818,0.351697273,1
2664,272,8,201,1.014283064,0.0453,0.549063254,0,0.143201632,0.710072343,0,0.490447041,0,0.638842515,0.432572806,0,0.337599703,0,0.0289,0,0,0.859951771,1.113708032,0.0653,1.219068818,0.351697273,1
2665,272,9,202,1.141068447,0.0509,0.61769616,0,0.161101836,0.798831386,0,0.551752922,0,0.71869783,0.486644407,0,0.379799666,0,0.0326,0,0,0.967445743,1.252921536,0.0735,1.371452421,0.395659432,1
2666,272,6,203,0.760712298,0.0339,0.41179744,0,0.107401224,0.532554257,0,0.367835281,0,0.479131886,0.324429605,0,0.253199777,0,0.0217,0,0,0.644963829,0.835281024,0.049,0.914301614,0.263772955,1
2667,272,8,204,1.014283064,0.0453,0.549063254,0,0.143201632,0.710072343,0,0.490447041,0,0.638842515,0.432572806,0,0.337599703,0,0.0289,0,0,0.859951771,1.113708032,0.0653,1.219068818,0.351697273,1
2668,272,9,205,1.141068447,0.0509,0.61769616,0,0.161101836,0.798831386,0,0.551752922,0,0.71869783,0.486644407,0,0.379799666,0,0.0326,0,0,0.967445743,1.252921536,0.0735,1.371452421,0.395659432,1
2669,272,8,206,1.014283064,0.0453,0.549063254,0,0.143201632,0.710072343,0,0.490447041,0,0.638842515,0.432572806,0,0.337599703,0,0.0289,0,0,0.859951771,1.113708032,0.0653,1.219068818,0.351697273,1
2670,272,7,207,0.887497681,0.0396,0.480430347,0,0.125301428,0.6213133,0,0.429141161,0,0.558987201,0.378501206,0,0.29539974,0,0.0253,0,0,0.7524578,0.974494528,0.0571,1.066685216,0.307735114,1
2671,272,6,208,0.760712298,0.0339,0.41179744,0,0.107401224,0.532554257,0,0.367835281,0,0.479131886,0.324429605,0,0.253199777,0,0.0217,0,0,0.644963829,0.835281024,0.049,0.914301614,0.263772955,1
2672,272,7,209,0.887497681,0.0396,0.480430347,0,0.125301428,0.6213133,0,0.429141161,0,0.558987201,0.378501206,0,0.29539974,0,0.0253,0,0,0.7524578,0.974494528,0.0571,1.066685216,0.307735114,1
2673,272,7,210,0.887497681,0.0396,0.480430347,0,0.125301428,0.6213133,0,0.429141161,0,0.558987201,0.378501206,0,0.29539974,0,0.0253,0,0,0.7524578,0.974494528,0.0571,1.066685216,0.307735114,1
2674,272,6,211,0.760712298,0.0339,0.41179744,0,0.107401224,0.532554257,0,0.367835281,0,0.479131886,0.324429605,0,0.253199777,0,0.0217,0,0,0.644963829,0.835281024,0.049,0.914301614,0.263772955,1
2675,272,6,212,0.760712298,0.0339,0.41179744,0,0.107401224,0.532554257,0,0.367835281,0,0.479131886,0.324429605,0,0.253199777,0,0.0217,0,0,0.644963829,0.835281024,0.049,0.914301614,0.263772955,1
2676,272,8,213,1.014283064,0.0453,0.549063254,0,0.143201632,0.710072343,0,0.490447041,0,0.638842515,0.432572806,0,0.337599703,0,0.0289,0,0,0.859951771,1.113708032,0.0653,1.219068818,0.351697273,1
2677,272,8,214,1.014283064,0.0453,0.549063254,0,0.143201632,0.710072343,0,0.490447041,0,0.638842515,0.432572806,0,0.337599703,0,0.0289,0,0,0.859951771,1.113708032,0.0653,1.219068818,0.351697273,1
2678,272,8,215,1.014283064,0.0453,0.549063254,0,0.143201632,0.710072343,0,0.490447041,0,0.638842515,0.432572806,0,0.337599703,0,0.0289,0,0,0.859951771,1.113708032,0.0653,1.219068818,0.351697273,1
2679,272,9,216,1.141068447,0.0509,0.61769616,0,0.161101836,0.798831386,0,0.551752922,0,0.71869783,0.486644407,0,0.379799666,0,0.0326,0,0,0.967445743,1.252921536,0.0735,1.371452421,0.395659432,1
2680,272,7,217,0.887497681,0.0396,0.480430347,0,0.125301428,0.6213133,0,0.429141161,0,0.558987201,0.378501206,0,0.29539974,0,0.0253,0,0,0.7524578,0.974494528,0.0571,1.066685216,0.307735114,1
2681,272,8,218,1.014283064,0.0453,0.549063254,0,0.143201632,0.710072343,0,0.490447041,0,0.638842515,0.432572806,0,0.337599703,0,0.0289,0,0,0.859951771,1.113708032,0.0653,1.219068818,0.351697273,1
2682,272,7,219,0.887497681,0.0396,0.480430347,0,0.125301428,0.6213133,0,0.429141161,0,0.558987201,0.378501206,0,0.29539974,0,0.0253,0,0,0.7524578,0.974494528,0.0571,1.066685216,0.307735114,1
2683,272,7,220,0.887497681,0.0396,0.480430347,0,0.125301428,0.6213133,0,0.429141161,0,0.558987201,0.378501206,0,0.29539974,0,0.0253,0,0,0.7524578,0.974494528,0.0571,1.066685216,0.307735114,1
2684,272,9,221,1.141068447,0.0509,0.61769616,0,0.161101836,0.798831386,0,0.551752922,0,0.71869783,0.486644407,0,0.379799666,0,0.0326,0,0,0.967445743,1.252921536,0.0735,1.371452421,0.395659432,1
2685,272,5,222,0.633926915,0.0283,0.343164533,0,0.0895,0.443795214,0,0.306529401,0,0.399276572,0.270358004,0,0.210999815,0,0.0181,0,0,0.537469857,0.69606752,0.0408,0.761918012,0.219810796,3
2686,272,7,223,0.887497681,0.0396,0.480430347,0,0.125301428,0.6213133,0,0.429141161,0,0.558987201,0.378501206,0,0.29539974,0,0.0253,0,0,0.7524578,0.974494528,0.0571,1.066685216,0.307735114,1
2687,272,8,224,1.014283064,0.0453,0.549063254,0,0.143201632,0.710072343,0,0.490447041,0,0.638842515,0.432572806,0,0.337599703,0,0.0289,0,0,0.859951771,1.113708032,0.0653,1.219068818,0.351697273,1
2688,272,7,225,0.887497681,0.0396,0.480430347,0,0.125301428,0.6213133,0,0.429141161,0,0.558987201,0.378501206,0,0.29539974,0,0.0253,0,0,0.7524578,0.974494528,0.0571,1.066685216,0.307735114,1
2689,272,8,226,1.014283064,0.0453,0.549063254,0,0.143201632,0.710072343,0,0.490447041,0,0.638842515,0.432572806,0,0.337599703,0,0.0289,0,0,0.859951771,1.113708032,0.0653,1.219068818,0.351697273,1
2690,272,4,227,0.507141532,0.0226,0.274531627,0,0.0716,0.355036171,0,0.245223521,0,0.319421258,0.216286403,0,0.168799852,0,0.0145,0,0,0.429975886,0.556854016,0.0326,0.609534409,0.175848637,3
2691,272,8,228,1.014283064,0.0453,0.549063254,0,0.143201632,0.710072343,0,0.490447041,0,0.638842515,0.432572806,0,0.337599703,0,0.0289,0,0,0.859951771,1.113708032,0.0653,1.219068818,0.351697273,1
2692,272,7,229,0.887497681,0.0396,0.480430347,0,0.125301428,0.6213133,0,0.429141161,0,0.558987201,0.378501206,0,0.29539974,0,0.0253,0,0,0.7524578,0.974494528,0.0571,1.066685216,0.307735114,1
2693,272,6,230,0.760712298,0.0339,0.41179744,0,0.107401224,0.532554257,0,0.367835281,0,0.479131886,0.324429605,0,0.253199777,0,0.0217,0,0,0.644963829,0.835281024,0.049,0.914301614,0.263772955,1
2694,272,7,231,0.887497681,0.0396,0.480430347,0,0.125301428,0.6213133,0,0.429141161,0,0.558987201,0.378501206,0,0.29539974,0,0.0253,0,0,0.7524578,0.974494528,0.0571,1.066685216,0.307735114,1
2695,272,7,232,0.887497681,0.0396,0.480430347,0,0.125301428,0.6213133,0,0.429141161,0,0.558987201,0.378501206,0,0.29539974,0,0.0253,0,0,0.7524578,0.974494528,0.0571,1.066685216,0.307735114,1
2696,272,8,233,1.014283064,0.0453,0.549063254,0,0.143201632,0.710072343,0,0.490447041,0,0.638842515,0.432572806,0,0.337599703,0,0.0289,0,0,0.859951771,1.113708032,0.0653,1.219068818,0.351697273,1
2697,272,9,234,1.141068447,0.0509,0.61769616,0,0.161101836,0.798831386,0,0.551752922,0,0.71869783,0.486644407,0,0.379799666,0,0.0326,0,0,0.967445743,1.252921536,0.0735,1.371452421,0.395659432,1
2698,272,8,235,1.014283064,0.0453,0.549063254,0,0.143201632,0.710072343,0,0.490447041,0,0.638842515,0.432572806,0,0.337599703,0,0.0289,0,0,0.859951771,1.113708032,0.0653,1.219068818,0.351697273,1
2699,272,9,236,1.141068447,0.0509,0.61769616,0,0.161101836,0.798831386,0,0.551752922,0,0.71869783,0.486644407,0,0.379799666,0,0.0326,0,0,0.967445743,1.252921536,0.0735,1.371452421,0.395659432,1
2700,272,8,237,1.014283064,0.0453,0.549063254,0,0.143201632,0.710072343,0,0.490447041,0,0.638842515,0.432572806,0,0.337599703,0,0.0289,0,0,0.859951771,1.113708032,0.0653,1.219068818,0.351697273,1
2701,272,8,238,1.014283064,0.0453,0.549063254,0,0.143201632,0.710072343,0,0.490447041,0,0.638842515,0.432572806,0,0.337599703,0,0.0289,0,0,0.859951771,1.113708032,0.0653,1.219068818,0.351697273,1
2702,272,9,239,1.141068447,0.0509,0.61769616,0,0.161101836,0.798831386,0,0.551752922,0,0.71869783,0.486644407,0,0.379799666,0,0.0326,0,0,0.967445743,1.252921536,0.0735,1.371452421,0.395659432,1
2703,272,5,240,0.633926915,0.0283,0.343164533,0,0.0895,0.443795214,0,0.306529401,0,0.399276572,0.270358004,0,0.210999815,0,0.0181,0,0,0.537469857,0.69606752,0.0408,0.761918012,0.219810796,3
2704,272,8,241,1.014283064,0.0453,0.549063254,0,0.143201632,0.710072343,0,0.490447041,0,0.638842515,0.432572806,0,0.337599703,0,0.0289,0,0,0.859951771,1.113708032,0.0653,1.219068818,0.351697273,1
2705,272,7,242,0.887497681,0.0396,0.480430347,0,0.125301428,0.6213133,0,0.429141161,0,0.558987201,0.378501206,0,0.29539974,0,0.0253,0,0,0.7524578,0.974494528,0.0571,1.066685216,0.307735114,1
2706,272,6,243,0.760712298,0.0339,0.41179744,0,0.107401224,0.532554257,0,0.367835281,0,0.479131886,0.324429605,0,0.253199777,0,0.0217,0,0,0.644963829,0.835281024,0.049,0.914301614,0.263772955,1
2707,272,8,244,1.014283064,0.0453,0.549063254,0,0.143201632,0.710072343,0,0.490447041,0,0.638842515,0.432572806,0,0.337599703,0,0.0289,0,0,0.859951771,1.113708032,0.0653,1.219068818,0.351697273,1
2708,272,5,245,0.633926915,0.0283,0.343164533,0,0.0895,0.443795214,0,0.306529401,0,0.399276572,0.270358004,0,0.210999815,0,0.0181,0,0,0.537469857,0.69606752,0.0408,0.761918012,0.219810796,3
2709,272,7,246,0.887497681,0.0396,0.480430347,0,0.125301428,0.6213133,0,0.429141161,0,0.558987201,0.378501206,0,0.29539974,0,0.0253,0,0,0.7524578,0.974494528,0.0571,1.066685216,0.307735114,1
2710,272,8,247,1.014283064,0.0453,0.549063254,0,0.143201632,0.710072343,0,0.490447041,0,0.638842515,0.432572806,0,0.337599703,0,0.0289,0,0,0.859951771,1.113708032,0.0653,1.219068818,0.351697273,1
2711,272,9,248,1.141068447,0.0509,0.61769616,0,0.161101836,0.798831386,0,0.551752922,0,0.71869783,0.486644407,0,0.379799666,0,0.0326,0,0,0.967445743,1.252921536,0.0735,1.371452421,0.395659432,1
2712,272,7,249,0.887497681,0.0396,0.480430347,0,0.125301428,0.6213133,0,0.429141161,0,0.558987201,0.378501206,0,0.29539974,0,0.0253,0,0,0.7524578,0.974494528,0.0571,1.066685216,0.307735114,1
2713,272,7,250,0.887497681,0.0396,0.480430347,0,0.125301428,0.6213133,0,0.429141161,0,0.558987201,0.378501206,0,0.29539974,0,0.0253,0,0,0.7524578,0.974494528,0.0571,1.066685216,0.307735114,1
2714,272,7,251,0.887497681,0.0396,0.480430347,0,0.125301428,0.6213133,0,0.429141161,0,0.558987201,0.378501206,0,0.29539974,0,0.0253,0,0,0.7524578,0.974494528,0.0571,1.066685216,0.307735114,1
2715,272,7,252,0.887497681,0.0396,0.480430347,0,0.125301428,0.6213133,0,0.429141161,0,0.558987201,0.378501206,0,0.29539974,0,0.0253,0,0,0.7524578,0.974494528,0.0571,1.066685216,0.307735114,1
2716,272,6,253,0.760712298,0.0339,0.41179744,0,0.107401224,0.532554257,0,0.367835281,0,0.479131886,0.324429605,0,0.253199777,0,0.0217,0,0,0.644963829,0.835281024,0.049,0.914301614,0.263772955,1
2717,272,5,254,0.633926915,0.0283,0.343164533,0,0.0895,0.443795214,0,0.306529401,0,0.399276572,0.270358004,0,0.210999815,0,0.0181,0,0,0.537469857,0.69606752,0.0408,0.761918012,0.219810796,3
2718,272,3,255,0.380356149,0.017,0.20589872,0,0.0537,0.266277129,0,0.183917641,0,0.239565943,0.162214802,0,0.126599889,0,0.0109,0,0,0.322481914,0.417640512,0.024485253,0.457150807,0.131886477,3
2719,272,7,256,0.887497681,0.0396,0.480430347,0,0.125301428,0.6213133,0,0.429141161,0,0.558987201,0.378501206,0,0.29539974,0,0.0253,0,0,0.7524578,0.974494528,0.0571,1.066685216,0.307735114,1
2720,272,7,257,0.887497681,0.0396,0.480430347,0,0.125301428,0.6213133,0,0.429141161,0,0.558987201,0.378501206,0,0.29539974,0,0.0253,0,0,0.7524578,0.974494528,0.0571,1.066685216,0.307735114,1
2721,272,7,258,0.887497681,0.0396,0.480430347,0,0.125301428,0.6213133,0,0.429141161,0,0.558987201,0.378501206,0,0.29539974,0,0.0253,0,0,0.7524578,0.974494528,0.0571,1.066685216,0.307735114,1
2722,272,6,259,0.760712298,0.0339,0.41179744,0,0.107401224,0.532554257,0,0.367835281,0,0.479131886,0.324429605,0,0.253199777,0,0.0217,0,0,0.644963829,0.835281024,0.049,0.914301614,0.263772955,1
2723,272,8,260,1.014283064,0.0453,0.549063254,0,0.143201632,0.710072343,0,0.490447041,0,0.638842515,0.432572806,0,0.337599703,0,0.0289,0,0,0.859951771,1.113708032,0.0653,1.219068818,0.351697273,1
2724,272,9,261,1.141068447,0.0509,0.61769616,0,0.161101836,0.798831386,0,0.551752922,0,0.71869783,0.486644407,0,0.379799666,0,0.0326,0,0,0.967445743,1.252921536,0.0735,1.371452421,0.395659432,1
2725,272,7,262,0.887497681,0.0396,0.480430347,0,0.125301428,0.6213133,0,0.429141161,0,0.558987201,0.378501206,0,0.29539974,0,0.0253,0,0,0.7524578,0.974494528,0.0571,1.066685216,0.307735114,1
2726,272,8,263,1.014283064,0.0453,0.549063254,0,0.143201632,0.710072343,0,0.490447041,0,0.638842515,0.432572806,0,0.337599703,0,0.0289,0,0,0.859951771,1.113708032,0.0653,1.219068818,0.351697273,1
2727,272,9,264,1.141068447,0.0509,0.61769616,0,0.161101836,0.798831386,0,0.551752922,0,0.71869783,0.486644407,0,0.379799666,0,0.0326,0,0,0.967445743,1.252921536,0.0735,1.371452421,0.395659432,1
2728,272,6,265,0.760712298,0.0339,0.41179744,0,0.107401224,0.532554257,0,0.367835281,0,0.479131886,0.324429605,0,0.253199777,0,0.0217,0,0,0.644963829,0.835281024,0.049,0.914301614,0.263772955,1
2729,272,6,266,0.760712298,0.0339,0.41179744,0,0.107401224,0.532554257,0,0.367835281,0,0.479131886,0.324429605,0,0.253199777,0,0.0217,0,0,0.644963829,0.835281024,0.049,0.914301614,0.263772955,1
2730,272,5,267,0.633926915,0.0283,0.343164533,0,0.0895,0.443795214,0,0.306529401,0,0.399276572,0.270358004,0,0.210999815,0,0.0181,0,0,0.537469857,0.69606752,0.0408,0.761918012,0.219810796,3
2731,272,6,268,0.760712298,0.0339,0.41179744,0,0.107401224,0.532554257,0,0.367835281,0,0.479131886,0.324429605,0,0.253199777,0,0.0217,0,0,0.644963829,0.835281024,0.049,0.914301614,0.263772955,1
2732,272,5,269,0.633926915,0.0283,0.343164533,0,0.0895,0.443795214,0,0.306529401,0,0.399276572,0.270358004,0,0.210999815,0,0.0181,0,0,0.537469857,0.69606752,0.0408,0.761918012,0.219810796,3
2733,272,8,270,1.014283064,0.0453,0.549063254,0,0.143201632,0.710072343,0,0.490447041,0,0.638842515,0.432572806,0,0.337599703,0,0.0289,0,0,0.859951771,1.113708032,0.0653,1.219068818,0.351697273,1
2734,272,9,271,1.141068447,0.0509,0.61769616,0,0.161101836,0.798831386,0,0.551752922,0,0.71869783,0.486644407,0,0.379799666,0,0.0326,0,0,0.967445743,1.252921536,0.0735,1.371452421,0.395659432,1
2735,272,6,272,0.760712298,0.0339,0.41179744,0,0.107401224,0.532554257,0,0.367835281,0,0.479131886,0.324429605,0,0.253199777,0,0.0217,0,0,0.644963829,0.835281024,0.049,0.914301614,0.263772955,1
2736,272,9,273,1.141068447,0.0509,0.61769616,0,0.161101836,0.798831386,0,0.551752922,0,0.71869783,0.486644407,0,0.379799666,0,0.0326,0,0,0.967445743,1.252921536,0.0735,1.371452421,0.395659432,1
2737,272,4,274,0.507141532,0.0226,0.274531627,0,0.0716,0.355036171,0,0.245223521,0,0.319421258,0.216286403,0,0.168799852,0,0.0145,0,0,0.429975886,0.556854016,0.0326,0.609534409,0.175848637,3
2738,272,9,275,1.141068447,0.0509,0.61769616,0,0.161101836,0.798831386,0,0.551752922,0,0.71869783,0.486644407,0,0.379799666,0,0.0326,0,0,0.967445743,1.252921536,0.0735,1.371452421,0.395659432,1
2739,272,9,276,1.141068447,0.0509,0.61769616,0,0.161101836,0.798831386,0,0.551752922,0,0.71869783,0.486644407,0,0.379799666,0,0.0326,0,0,0.967445743,1.252921536,0.0735,1.371452421,0.395659432,1
2740,272,6,277,0.760712298,0.0339,0.41179744,0,0.107401224,0.532554257,0,0.367835281,0,0.479131886,0.324429605,0,0.253199777,0,0.0217,0,0,0.644963829,0.835281024,0.049,0.914301614,0.263772955,1
2741,272,2,278,0.253570766,0.0113,0.137265813,0,0.0358,0.177518086,0,0.12261176,0,0.159710629,0.108143202,0,0.0844,0,0.00723,0,0,0.214987943,0.278427008,0.0163,0.304767205,0.0879,3
2742,272,8,279,1.014283064,0.0453,0.549063254,0,0.143201632,0.710072343,0,0.490447041,0,0.638842515,0.432572806,0,0.337599703,0,0.0289,0,0,0.859951771,1.113708032,0.0653,1.219068818,0.351697273,1
2743,272,8,280,1.014283064,0.0453,0.549063254,0,0.143201632,0.710072343,0,0.490447041,0,0.638842515,0.432572806,0,0.337599703,0,0.0289,0,0,0.859951771,1.113708032,0.0653,1.219068818,0.351697273,1
2744,272,5,281,0.633926915,0.0283,0.343164533,0,0.0895,0.443795214,0,0.306529401,0,0.399276572,0.270358004,0,0.210999815,0,0.0181,0,0,0.537469857,0.69606752,0.0408,0.761918012,0.219810796,3
2745,272,9,282,1.141068447,0.0509,0.61769616,0,0.161101836,0.798831386,0,0.551752922,0,0.71869783,0.486644407,0,0.379799666,0,0.0326,0,0,0.967445743,1.252921536,0.0735,1.371452421,0.395659432,1
2746,272,8,283,1.014283064,0.0453,0.549063254,0,0.143201632,0.710072343,0,0.490447041,0,0.638842515,0.432572806,0,0.337599703,0,0.0289,0,0,0.859951771,1.113708032,0.0653,1.219068818,0.351697273,1
2747,272,8,284,1.014283064,0.0453,0.549063254,0,0.143201632,0.710072343,0,0.490447041,0,0.638842515,0.432572806,0,0.337599703,0,0.0289,0,0,0.859951771,1.113708032,0.0653,1.219068818,0.351697273,1
2748,272,9,285,1.141068447,0.0509,0.61769616,0,0.161101836,0.798831386,0,0.551752922,0,0.71869783,0.486644407,0,0.379799666,0,0.0326,0,0,0.967445743,1.252921536,0.0735,1.371452421,0.395659432,1
2749,272,9,286,1.141068447,0.0509,0.61769616,0,0.161101836,0.798831386,0,0.551752922,0,0.71869783,0.486644407,0,0.379799666,0,0.0326,0,0,0.967445743,1.252921536,0.0735,1.371452421,0.395659432,1
2750,272,5,287,0.633926915,0.0283,0.343164533,0,0.0895,0.443795214,0,0.306529401,0,0.399276572,0.270358004,0,0.210999815,0,0.0181,0,0,0.537469857,0.69606752,0.0408,0.761918012,0.219810796,3
2751,272,5,288,0.633926915,0.0283,0.343164533,0,0.0895,0.443795214,0,0.306529401,0,0.399276572,0.270358004,0,0.210999815,0,0.0181,0,0,0.537469857,0.69606752,0.0408,0.761918012,0.219810796,3
2752,272,9,289,1.141068447,0.0509,0.61769616,0,0.161101836,0.798831386,0,0.551752922,0,0.71869783,0.486644407,0,0.379799666,0,0.0326,0,0,0.967445743,1.252921536,0.0735,1.371452421,0.395659432,1
2753,272,1,290,0.126785383,0.00566,0.0686,0,0.0179,0.0888,0,0.06130588,0,0.0799,0.0541,0,0.0422,0,0.00362,0,0,0.107493971,0.139213504,0.00816,0.152383602,0.044,3
2754,272,5,291,0.633926915,0.0283,0.343164533,0,0.0895,0.443795214,0,0.306529401,0,0.399276572,0.270358004,0,0.210999815,0,0.0181,0,0,0.537469857,0.69606752,0.0408,0.761918012,0.219810796,3
2755,272,2,292,0.253570766,0.0113,0.137265813,0,0.0358,0.177518086,0,0.12261176,0,0.159710629,0.108143202,0,0.0844,0,0.00723,0,0,0.214987943,0.278427008,0.0163,0.304767205,0.0879,3
2756,272,5,293,0.633926915,0.0283,0.343164533,0,0.0895,0.443795214,0,0.306529401,0,0.399276572,0.270358004,0,0.210999815,0,0.0181,0,0,0.537469857,0.69606752,0.0408,0.761918012,0.219810796,3
2757,272,9,294,1.141068447,0.0509,0.61769616,0,0.161101836,0.798831386,0,0.551752922,0,0.71869783,0.486644407,0,0.379799666,0,0.0326,0,0,0.967445743,1.252921536,0.0735,1.371452421,0.395659432,1
2758,272,9,295,1.141068447,0.0509,0.61769616,0,0.161101836,0.798831386,0,0.551752922,0,0.71869783,0.486644407,0,0.379799666,0,0.0326,0,0,0.967445743,1.252921536,0.0735,1.371452421,0.395659432,1
2759,272,8,296,1.014283064,0.0453,0.549063254,0,0.143201632,0.710072343,0,0.490447041,0,0.638842515,0.432572806,0,0.337599703,0,0.0289,0,0,0.859951771,1.113708032,0.0653,1.219068818,0.351697273,1
2760,272,9,297,1.141068447,0.0509,0.61769616,0,0.161101836,0.798831386,0,0.551752922,0,0.71869783,0.486644407,0,0.379799666,0,0.0326,0,0,0.967445743,1.252921536,0.0735,1.371452421,0.395659432,1
2761,272,5,298,0.633926915,0.0283,0.343164533,0,0.0895,0.443795214,0,0.306529401,0,0.399276572,0.270358004,0,0.210999815,0,0.0181,0,0,0.537469857,0.69606752,0.0408,0.761918012,0.219810796,3
2762,272,7,299,0.887497681,0.0396,0.480430347,0,0.125301428,0.6213133,0,0.429141161,0,0.558987201,0.378501206,0,0.29539974,0,0.0253,0,0,0.7524578,0.974494528,0.0571,1.066685216,0.307735114,1
2763,272,5,300,0.633926915,0.0283,0.343164533,0,0.0895,0.443795214,0,0.306529401,0,0.399276572,0.270358004,0,0.210999815,0,0.0181,0,0,0.537469857,0.69606752,0.0408,0.761918012,0.219810796,3
2764,272,8,301,1.014283064,0.0453,0.549063254,0,0.143201632,0.710072343,0,0.490447041,0,0.638842515,0.432572806,0,0.337599703,0,0.0289,0,0,0.859951771,1.113708032,0.0653,1.219068818,0.351697273,1
2765,272,6,302,0.760712298,0.0339,0.41179744,0,0.107401224,0.532554257,0,0.367835281,0,0.479131886,0.324429605,0,0.253199777,0,0.0217,0,0,0.644963829,0.835281024,0.049,0.914301614,0.263772955,1
2766,272,7,303,0.887497681,0.0396,0.480430347,0,0.125301428,0.6213133,0,0.429141161,0,0.558987201,0.378501206,0,0.29539974,0,0.0253,0,0,0.7524578,0.974494528,0.0571,1.066685216,0.307735114,1
2767,272,4,304,0.507141532,0.0226,0.274531627,0,0.0716,0.355036171,0,0.245223521,0,0.319421258,0.216286403,0,0.168799852,0,0.0145,0,0,0.429975886,0.556854016,0.0326,0.609534409,0.175848637,3
2768,272,5,305,0.633926915,0.0283,0.343164533,0,0.0895,0.443795214,0,0.306529401,0,0.399276572,0.270358004,0,0.210999815,0,0.0181,0,0,0.537469857,0.69606752,0.0408,0.761918012,0.219810796,3
2769,272,5,306,0.633926915,0.0283,0.343164533,0,0.0895,0.443795214,0,0.306529401,0,0.399276572,0.270358004,0,0.210999815,0,0.0181,0,0,0.537469857,0.69606752,0.0408,0.761918012,0.219810796,3
2770,272,8,307,1.014283064,0.0453,0.549063254,0,0.143201632,0.710072343,0,0.490447041,0,0.638842515,0.432572806,0,0.337599703,0,0.0289,0,0,0.859951771,1.113708032,0.0653,1.219068818,0.351697273,1
2771,272,7,308,0.887497681,0.0396,0.480430347,0,0.125301428,0.6213133,0,0.429141161,0,0.558987201,0.378501206,0,0.29539974,0,0.0253,0,0,0.7524578,0.974494528,0.0571,1.066685216,0.307735114,1
2772,Antiquity Blue (109),9,1,1.220045478,0,0.654101802,0,0,0.717859017,0,0.713923386,0.0708,0.682438342,0.354993878,0,0.353419626,0,0.444726255,0,0,0.905195032,1.17911492,0.0669,1.285376946,0.351058247,1
2773,Antiquity Blue (109),8,2,1.08448487,0,0.581423824,0,0,0.638096904,0,0.634598566,0.063,0.606611859,0.315550114,0,0.314150778,0,0.395312227,0,0,0.804617807,1.048102151,0.0595,1.142557285,0.312051775,1
2774,Antiquity Blue (109),8,3,1.08448487,0,0.581423824,0,0,0.638096904,0,0.634598566,0.063,0.606611859,0.315550114,0,0.314150778,0,0.395312227,0,0,0.804617807,1.048102151,0.0595,1.142557285,0.312051775,1
2775,Antiquity Blue (109),7,4,0.948924261,0,0.508745846,0,0,0.558334791,0,0.555273745,0.0551,0.530785377,0.27610635,0,0.274881931,0,0.345898198,0,0,0.704040581,0.917089382,0.052,0.999737625,0.273045304,1
2776,Antiquity Blue (109),7,5,0.948924261,0,0.508745846,0,0,0.558334791,0,0.555273745,0.0551,0.530785377,0.27610635,0,0.274881931,0,0.345898198,0,0,0.704040581,0.917089382,0.052,0.999737625,0.273045304,1
2777,Antiquity Blue (109),7,6,0.948924261,0,0.508745846,0,0,0.558334791,0,0.555273745,0.0551,0.530785377,0.27610635,0,0.274881931,0,0.345898198,0,0,0.704040581,0.917089382,0.052,0.999737625,0.273045304,1
2778,Antiquity Blue (109),7,7,0.948924261,0,0.508745846,0,0,0.558334791,0,0.555273745,0.0551,0.530785377,0.27610635,0,0.274881931,0,0.345898198,0,0,0.704040581,0.917089382,0.052,0.999737625,0.273045304,1
2779,Antiquity Blue (109),8,8,1.08448487,0,0.581423824,0,0,0.638096904,0,0.634598566,0.063,0.606611859,0.315550114,0,0.314150778,0,0.395312227,0,0,0.804617807,1.048102151,0.0595,1.142557285,0.312051775,1
2780,Antiquity Blue (109),8,9,1.08448487,0,0.581423824,0,0,0.638096904,0,0.634598566,0.063,0.606611859,0.315550114,0,0.314150778,0,0.395312227,0,0,0.804617807,1.048102151,0.0595,1.142557285,0.312051775,1
2781,Antiquity Blue (109),8,10,1.08448487,0,0.581423824,0,0,0.638096904,0,0.634598566,0.063,0.606611859,0.315550114,0,0.314150778,0,0.395312227,0,0,0.804617807,1.048102151,0.0595,1.142557285,0.312051775,1
2782,Antiquity Blue (109),7,11,0.948924261,0,0.508745846,0,0,0.558334791,0,0.555273745,0.0551,0.530785377,0.27610635,0,0.274881931,0,0.345898198,0,0,0.704040581,0.917089382,0.052,0.999737625,0.273045304,1
2783,Antiquity Blue (109),8,12,1.08448487,0,0.581423824,0,0,0.638096904,0,0.634598566,0.063,0.606611859,0.315550114,0,0.314150778,0,0.395312227,0,0,0.804617807,1.048102151,0.0595,1.142557285,0.312051775,1
2784,Antiquity Blue (109),7,13,0.948924261,0,0.508745846,0,0,0.558334791,0,0.555273745,0.0551,0.530785377,0.27610635,0,0.274881931,0,0.345898198,0,0,0.704040581,0.917089382,0.052,0.999737625,0.273045304,1
2785,Antiquity Blue (109),5,14,0.677803044,0,0.36338989,0,0,0.398810565,0,0.396624104,0.0394,0.379132412,0.197218821,0,0.196344236,0,0.247070142,0,0,0.502886129,0.655063845,0.0372,0.714098303,0.19503236,3
2786,Antiquity Blue (109),8,15,1.08448487,0,0.581423824,0,0,0.638096904,0,0.634598566,0.063,0.606611859,0.315550114,0,0.314150778,0,0.395312227,0,0,0.804617807,1.048102151,0.0595,1.142557285,0.312051775,1
2787,Antiquity Blue (109),7,16,0.948924261,0,0.508745846,0,0,0.558334791,0,0.555273745,0.0551,0.530785377,0.27610635,0,0.274881931,0,0.345898198,0,0,0.704040581,0.917089382,0.052,0.999737625,0.273045304,1
2788,Antiquity Blue (109),8,17,1.08448487,0,0.581423824,0,0,0.638096904,0,0.634598566,0.063,0.606611859,0.315550114,0,0.314150778,0,0.395312227,0,0,0.804617807,1.048102151,0.0595,1.142557285,0.312051775,1
2789,Antiquity Blue (109),6,18,0.813363652,0,0.436067868,0,0,0.478572678,0,0.475948924,0.0472,0.454958895,0.236662585,0,0.235613084,0,0.29648417,0,0,0.603463355,0.786076614,0.0446,0.856917964,0.234038832,1
2790,Antiquity Blue (109),6,19,0.813363652,0,0.436067868,0,0,0.478572678,0,0.475948924,0.0472,0.454958895,0.236662585,0,0.235613084,0,0.29648417,0,0,0.603463355,0.786076614,0.0446,0.856917964,0.234038832,1
2791,Antiquity Blue (109),7,20,0.948924261,0,0.508745846,0,0,0.558334791,0,0.555273745,0.0551,0.530785377,0.27610635,0,0.274881931,0,0.345898198,0,0,0.704040581,0.917089382,0.052,0.999737625,0.273045304,1
2792,Antiquity Blue (109),5,21,0.677803044,0,0.36338989,0,0,0.398810565,0,0.396624104,0.0394,0.379132412,0.197218821,0,0.196344236,0,0.247070142,0,0,0.502886129,0.655063845,0.0372,0.714098303,0.19503236,3
2793,Antiquity Blue (109),8,22,1.08448487,0,0.581423824,0,0,0.638096904,0,0.634598566,0.063,0.606611859,0.315550114,0,0.314150778,0,0.395312227,0,0,0.804617807,1.048102151,0.0595,1.142557285,0.312051775,1
2794,Antiquity Blue (109),9,23,1.220045478,0,0.654101802,0,0,0.717859017,0,0.713923386,0.0708,0.682438342,0.354993878,0,0.353419626,0,0.444726255,0,0,0.905195032,1.17911492,0.0669,1.285376946,0.351058247,1
2795,Antiquity Blue (109),6,24,0.813363652,0,0.436067868,0,0,0.478572678,0,0.475948924,0.0472,0.454958895,0.236662585,0,0.235613084,0,0.29648417,0,0,0.603463355,0.786076614,0.0446,0.856917964,0.234038832,1
2796,Antiquity Blue (109),7,25,0.948924261,0,0.508745846,0,0,0.558334791,0,0.555273745,0.0551,0.530785377,0.27610635,0,0.274881931,0,0.345898198,0,0,0.704040581,0.917089382,0.052,0.999737625,0.273045304,1
2797,Antiquity Blue (109),4,26,0.542242435,0,0.290711912,0,0,0.319048452,0,0.317299283,0.0315,0.30330593,0.157775057,0,0.157075389,0,0.197656113,0,0,0.402308903,0.524051076,0.0297,0.571278643,0.156025888,3
2798,Antiquity Blue (109),7,27,0.948924261,0,0.508745846,0,0,0.558334791,0,0.555273745,0.0551,0.530785377,0.27610635,0,0.274881931,0,0.345898198,0,0,0.704040581,0.917089382,0.052,0.999737625,0.273045304,1
2799,Antiquity Blue (109),8,28,1.08448487,0,0.581423824,0,0,0.638096904,0,0.634598566,0.063,0.606611859,0.315550114,0,0.314150778,0,0.395312227,0,0,0.804617807,1.048102151,0.0595,1.142557285,0.312051775,1
2800,Antiquity Blue (109),9,29,1.220045478,0,0.654101802,0,0,0.717859017,0,0.713923386,0.0708,0.682438342,0.354993878,0,0.353419626,0,0.444726255,0,0,0.905195032,1.17911492,0.0669,1.285376946,0.351058247,1
2801,Antiquity Blue (109),8,30,1.08448487,0,0.581423824,0,0,0.638096904,0,0.634598566,0.063,0.606611859,0.315550114,0,0.314150778,0,0.395312227,0,0,0.804617807,1.048102151,0.0595,1.142557285,0.312051775,1
2802,Antiquity Blue (109),6,31,0.813363652,0,0.436067868,0,0,0.478572678,0,0.475948924,0.0472,0.454958895,0.236662585,0,0.235613084,0,0.29648417,0,0,0.603463355,0.786076614,0.0446,0.856917964,0.234038832,1
2803,Antiquity Blue (109),9,32,1.220045478,0,0.654101802,0,0,0.717859017,0,0.713923386,0.0708,0.682438342,0.354993878,0,0.353419626,0,0.444726255,0,0,0.905195032,1.17911492,0.0669,1.285376946,0.351058247,1
2804,Antiquity Blue (109),9,33,1.220045478,0,0.654101802,0,0,0.717859017,0,0.713923386,0.0708,0.682438342,0.354993878,0,0.353419626,0,0.444726255,0,0,0.905195032,1.17911492,0.0669,1.285376946,0.351058247,1
2805,Antiquity Blue (109),9,34,1.220045478,0,0.654101802,0,0,0.717859017,0,0.713923386,0.0708,0.682438342,0.354993878,0,0.353419626,0,0.444726255,0,0,0.905195032,1.17911492,0.0669,1.285376946,0.351058247,1
2806,Antiquity Blue (109),8,35,1.08448487,0,0.581423824,0,0,0.638096904,0,0.634598566,0.063,0.606611859,0.315550114,0,0.314150778,0,0.395312227,0,0,0.804617807,1.048102151,0.0595,1.142557285,0.312051775,1
2807,Antiquity Blue (109),4,36,0.542242435,0,0.290711912,0,0,0.319048452,0,0.317299283,0.0315,0.30330593,0.157775057,0,0.157075389,0,0.197656113,0,0,0.402308903,0.524051076,0.0297,0.571278643,0.156025888,3
2808,Antiquity Blue (109),8,37,1.08448487,0,0.581423824,0,0,0.638096904,0,0.634598566,0.063,0.606611859,0.315550114,0,0.314150778,0,0.395312227,0,0,0.804617807,1.048102151,0.0595,1.142557285,0.312051775,1
2809,Antiquity Blue (109),3,38,0.406681826,0,0.218033934,0,0,0.239286339,0,0.237974462,0.0236,0.227479447,0.118331293,0,0.117806542,0,0.148242085,0,0,0.301731677,0.393038307,0.0223,0.428458982,0.117019416,3
2810,Antiquity Blue (109),7,39,0.948924261,0,0.508745846,0,0,0.558334791,0,0.555273745,0.0551,0.530785377,0.27610635,0,0.274881931,0,0.345898198,0,0,0.704040581,0.917089382,0.052,0.999737625,0.273045304,1
2811,Antiquity Blue (109),9,40,1.220045478,0,0.654101802,0,0,0.717859017,0,0.713923386,0.0708,0.682438342,0.354993878,0,0.353419626,0,0.444726255,0,0,0.905195032,1.17911492,0.0669,1.285376946,0.351058247,1
2812,Antiquity Blue (109),7,41,0.948924261,0,0.508745846,0,0,0.558334791,0,0.555273745,0.0551,0.530785377,0.27610635,0,0.274881931,0,0.345898198,0,0,0.704040581,0.917089382,0.052,0.999737625,0.273045304,1
2813,Antiquity Blue (109),7,42,0.948924261,0,0.508745846,0,0,0.558334791,0,0.555273745,0.0551,0.530785377,0.27610635,0,0.274881931,0,0.345898198,0,0,0.704040581,0.917089382,0.052,0.999737625,0.273045304,1
2814,Antiquity Blue (109),8,43,1.08448487,0,0.581423824,0,0,0.638096904,0,0.634598566,0.063,0.606611859,0.315550114,0,0.314150778,0,0.395312227,0,0,0.804617807,1.048102151,0.0595,1.142557285,0.312051775,1
2815,Antiquity Blue (109),8,44,1.08448487,0,0.581423824,0,0,0.638096904,0,0.634598566,0.063,0.606611859,0.315550114,0,0.314150778,0,0.395312227,0,0,0.804617807,1.048102151,0.0595,1.142557285,0.312051775,1
2816,Antiquity Blue (109),7,45,0.948924261,0,0.508745846,0,0,0.558334791,0,0.555273745,0.0551,0.530785377,0.27610635,0,0.274881931,0,0.345898198,0,0,0.704040581,0.917089382,0.052,0.999737625,0.273045304,1
2817,Antiquity Blue (109),8,46,1.08448487,0,0.581423824,0,0,0.638096904,0,0.634598566,0.063,0.606611859,0.315550114,0,0.314150778,0,0.395312227,0,0,0.804617807,1.048102151,0.0595,1.142557285,0.312051775,1
2818,Antiquity Blue (109),7,47,0.948924261,0,0.508745846,0,0,0.558334791,0,0.555273745,0.0551,0.530785377,0.27610635,0,0.274881931,0,0.345898198,0,0,0.704040581,0.917089382,0.052,0.999737625,0.273045304,1
2819,Antiquity Blue (109),8,48,1.08448487,0,0.581423824,0,0,0.638096904,0,0.634598566,0.063,0.606611859,0.315550114,0,0.314150778,0,0.395312227,0,0,0.804617807,1.048102151,0.0595,1.142557285,0.312051775,1
2820,Antiquity Blue (109),8,49,1.08448487,0,0.581423824,0,0,0.638096904,0,0.634598566,0.063,0.606611859,0.315550114,0,0.314150778,0,0.395312227,0,0,0.804617807,1.048102151,0.0595,1.142557285,0.312051775,1
2821,Antiquity Blue (109),9,50,1.220045478,0,0.654101802,0,0,0.717859017,0,0.713923386,0.0708,0.682438342,0.354993878,0,0.353419626,0,0.444726255,0,0,0.905195032,1.17911492,0.0669,1.285376946,0.351058247,1
2822,Antiquity Blue (109),7,51,0.948924261,0,0.508745846,0,0,0.558334791,0,0.555273745,0.0551,0.530785377,0.27610635,0,0.274881931,0,0.345898198,0,0,0.704040581,0.917089382,0.052,0.999737625,0.273045304,1
2823,Antiquity Blue (109),7,52,0.948924261,0,0.508745846,0,0,0.558334791,0,0.555273745,0.0551,0.530785377,0.27610635,0,0.274881931,0,0.345898198,0,0,0.704040581,0.917089382,0.052,0.999737625,0.273045304,1
2824,Antiquity Blue (109),5,53,0.677803044,0,0.36338989,0,0,0.398810565,0,0.396624104,0.0394,0.379132412,0.197218821,0,0.196344236,0,0.247070142,0,0,0.502886129,0.655063845,0.0372,0.714098303,0.19503236,3
2825,Antiquity Blue (109),8,54,1.08448487,0,0.581423824,0,0,0.638096904,0,0.634598566,0.063,0.606611859,0.315550114,0,0.314150778,0,0.395312227,0,0,0.804617807,1.048102151,0.0595,1.142557285,0.312051775,1
2826,Antiquity Blue (109),7,55,0.948924261,0,0.508745846,0,0,0.558334791,0,0.555273745,0.0551,0.530785377,0.27610635,0,0.274881931,0,0.345898198,0,0,0.704040581,0.917089382,0.052,0.999737625,0.273045304,1
2827,Antiquity Blue (109),8,56,1.08448487,0,0.581423824,0,0,0.638096904,0,0.634598566,0.063,0.606611859,0.315550114,0,0.314150778,0,0.395312227,0,0,0.804617807,1.048102151,0.0595,1.142557285,0.312051775,1
2828,Antiquity Blue (109),9,57,1.220045478,0,0.654101802,0,0,0.717859017,0,0.713923386,0.0708,0.682438342,0.354993878,0,0.353419626,0,0.444726255,0,0,0.905195032,1.17911492,0.0669,1.285376946,0.351058247,1
2829,Antiquity Blue (109),7,58,0.948924261,0,0.508745846,0,0,0.558334791,0,0.555273745,0.0551,0.530785377,0.27610635,0,0.274881931,0,0.345898198,0,0,0.704040581,0.917089382,0.052,0.999737625,0.273045304,1
2830,Antiquity Blue (109),5,59,0.677803044,0,0.36338989,0,0,0.398810565,0,0.396624104,0.0394,0.379132412,0.197218821,0,0.196344236,0,0.247070142,0,0,0.502886129,0.655063845,0.0372,0.714098303,0.19503236,3
2831,Antiquity Blue (109),8,60,1.08448487,0,0.581423824,0,0,0.638096904,0,0.634598566,0.063,0.606611859,0.315550114,0,0.314150778,0,0.395312227,0,0,0.804617807,1.048102151,0.0595,1.142557285,0.312051775,1
2832,Antiquity Blue (109),8,61,1.08448487,0,0.581423824,0,0,0.638096904,0,0.634598566,0.063,0.606611859,0.315550114,0,0.314150778,0,0.395312227,0,0,0.804617807,1.048102151,0.0595,1.142557285,0.312051775,1
2833,Antiquity Blue (109),9,62,1.220045478,0,0.654101802,0,0,0.717859017,0,0.713923386,0.0708,0.682438342,0.354993878,0,0.353419626,0,0.444726255,0,0,0.905195032,1.17911492,0.0669,1.285376946,0.351058247,1
2834,Antiquity Blue (109),8,63,1.08448487,0,0.581423824,0,0,0.638096904,0,0.634598566,0.063,0.606611859,0.315550114,0,0.314150778,0,0.395312227,0,0,0.804617807,1.048102151,0.0595,1.142557285,0.312051775,1
2835,Antiquity Blue (109),6,64,0.813363652,0,0.436067868,0,0,0.478572678,0,0.475948924,0.0472,0.454958895,0.236662585,0,0.235613084,0,0.29648417,0,0,0.603463355,0.786076614,0.0446,0.856917964,0.234038832,1
2836,Antiquity Blue (109),6,65,0.813363652,0,0.436067868,0,0,0.478572678,0,0.475948924,0.0472,0.454958895,0.236662585,0,0.235613084,0,0.29648417,0,0,0.603463355,0.786076614,0.0446,0.856917964,0.234038832,1
2837,Antiquity Blue (109),1,66,0.135560609,0,0.0727,0,0,0.0798,0,0.0793,0.00787,0.0758,0.039443764,0,0.0393,0,0.0494,0,0,0.100577226,0.131012769,0.00743,0.142819661,0.039,3
2838,Antiquity Blue (109),9,67,1.220045478,0,0.654101802,0,0,0.717859017,0,0.713923386,0.0708,0.682438342,0.354993878,0,0.353419626,0,0.444726255,0,0,0.905195032,1.17911492,0.0669,1.285376946,0.351058247,1
2839,Antiquity Blue (109),6,68,0.813363652,0,0.436067868,0,0,0.478572678,0,0.475948924,0.0472,0.454958895,0.236662585,0,0.235613084,0,0.29648417,0,0,0.603463355,0.786076614,0.0446,0.856917964,0.234038832,1
2840,Antiquity Blue (109),4,69,0.542242435,0,0.290711912,0,0,0.319048452,0,0.317299283,0.0315,0.30330593,0.157775057,0,0.157075389,0,0.197656113,0,0,0.402308903,0.524051076,0.0297,0.571278643,0.156025888,3
2841,Antiquity Blue (109),8,70,1.08448487,0,0.581423824,0,0,0.638096904,0,0.634598566,0.063,0.606611859,0.315550114,0,0.314150778,0,0.395312227,0,0,0.804617807,1.048102151,0.0595,1.142557285,0.312051775,1
2842,Antiquity Blue (109),9,71,1.220045478,0,0.654101802,0,0,0.717859017,0,0.713923386,0.0708,0.682438342,0.354993878,0,0.353419626,0,0.444726255,0,0,0.905195032,1.17911492,0.0669,1.285376946,0.351058247,1
2843,Antiquity Blue (109),6,72,0.813363652,0,0.436067868,0,0,0.478572678,0,0.475948924,0.0472,0.454958895,0.236662585,0,0.235613084,0,0.29648417,0,0,0.603463355,0.786076614,0.0446,0.856917964,0.234038832,1
2844,Antiquity Blue (109),8,73,1.08448487,0,0.581423824,0,0,0.638096904,0,0.634598566,0.063,0.606611859,0.315550114,0,0.314150778,0,0.395312227,0,0,0.804617807,1.048102151,0.0595,1.142557285,0.312051775,1
2845,Antiquity Blue (109),5,74,0.677803044,0,0.36338989,0,0,0.398810565,0,0.396624104,0.0394,0.379132412,0.197218821,0,0.196344236,0,0.247070142,0,0,0.502886129,0.655063845,0.0372,0.714098303,0.19503236,3
2846,Antiquity Blue (109),5,75,0.677803044,0,0.36338989,0,0,0.398810565,0,0.396624104,0.0394,0.379132412,0.197218821,0,0.196344236,0,0.247070142,0,0,0.502886129,0.655063845,0.0372,0.714098303,0.19503236,3
2847,Antiquity Blue (109),4,76,0.542242435,0,0.290711912,0,0,0.319048452,0,0.317299283,0.0315,0.30330593,0.157775057,0,0.157075389,0,0.197656113,0,0,0.402308903,0.524051076,0.0297,0.571278643,0.156025888,3
2848,Antiquity Blue (109),7,77,0.948924261,0,0.508745846,0,0,0.558334791,0,0.555273745,0.0551,0.530785377,0.27610635,0,0.274881931,0,0.345898198,0,0,0.704040581,0.917089382,0.052,0.999737625,0.273045304,1
2849,Antiquity Blue (109),9,78,1.220045478,0,0.654101802,0,0,0.717859017,0,0.713923386,0.0708,0.682438342,0.354993878,0,0.353419626,0,0.444726255,0,0,0.905195032,1.17911492,0.0669,1.285376946,0.351058247,1
2850,Antiquity Blue (109),8,79,1.08448487,0,0.581423824,0,0,0.638096904,0,0.634598566,0.063,0.606611859,0.315550114,0,0.314150778,0,0.395312227,0,0,0.804617807,1.048102151,0.0595,1.142557285,0.312051775,1
2851,Antiquity Blue (109),5,80,0.677803044,0,0.36338989,0,0,0.398810565,0,0.396624104,0.0394,0.379132412,0.197218821,0,0.196344236,0,0.247070142,0,0,0.502886129,0.655063845,0.0372,0.714098303,0.19503236,3
2852,Antiquity Blue (109),9,81,1.220045478,0,0.654101802,0,0,0.717859017,0,0.713923386,0.0708,0.682438342,0.354993878,0,0.353419626,0,0.444726255,0,0,0.905195032,1.17911492,0.0669,1.285376946,0.351058247,1
2853,Antiquity Blue (109),8,82,1.08448487,0,0.581423824,0,0,0.638096904,0,0.634598566,0.063,0.606611859,0.315550114,0,0.314150778,0,0.395312227,0,0,0.804617807,1.048102151,0.0595,1.142557285,0.312051775,1
2854,Antiquity Blue (109),5,83,0.677803044,0,0.36338989,0,0,0.398810565,0,0.396624104,0.0394,0.379132412,0.197218821,0,0.196344236,0,0.247070142,0,0,0.502886129,0.655063845,0.0372,0.714098303,0.19503236,3
2855,Antiquity Blue (109),9,84,1.220045478,0,0.654101802,0,0,0.717859017,0,0.713923386,0.0708,0.682438342,0.354993878,0,0.353419626,0,0.444726255,0,0,0.905195032,1.17911492,0.0669,1.285376946,0.351058247,1
2856,Antiquity Blue (109),9,85,1.220045478,0,0.654101802,0,0,0.717859017,0,0.713923386,0.0708,0.682438342,0.354993878,0,0.353419626,0,0.444726255,0,0,0.905195032,1.17911492,0.0669,1.285376946,0.351058247,1
2857,Antiquity Blue (109),7,86,0.948924261,0,0.508745846,0,0,0.558334791,0,0.555273745,0.0551,0.530785377,0.27610635,0,0.274881931,0,0.345898198,0,0,0.704040581,0.917089382,0.052,0.999737625,0.273045304,1
2858,Antiquity Blue (109),9,87,1.220045478,0,0.654101802,0,0,0.717859017,0,0.713923386,0.0708,0.682438342,0.354993878,0,0.353419626,0,0.444726255,0,0,0.905195032,1.17911492,0.0669,1.285376946,0.351058247,1
2859,Antiquity Blue (109),6,88,0.813363652,0,0.436067868,0,0,0.478572678,0,0.475948924,0.0472,0.454958895,0.236662585,0,0.235613084,0,0.29648417,0,0,0.603463355,0.786076614,0.0446,0.856917964,0.234038832,1
2860,Antiquity Blue (109),9,89,1.220045478,0,0.654101802,0,0,0.717859017,0,0.713923386,0.0708,0.682438342,0.354993878,0,0.353419626,0,0.444726255,0,0,0.905195032,1.17911492,0.0669,1.285376946,0.351058247,1
2861,Antiquity Blue (109),6,90,0.813363652,0,0.436067868,0,0,0.478572678,0,0.475948924,0.0472,0.454958895,0.236662585,0,0.235613084,0,0.29648417,0,0,0.603463355,0.786076614,0.0446,0.856917964,0.234038832,1
2862,Antiquity Blue (109),9,91,1.220045478,0,0.654101802,0,0,0.717859017,0,0.713923386,0.0708,0.682438342,0.354993878,0,0.353419626,0,0.444726255,0,0,0.905195032,1.17911492,0.0669,1.285376946,0.351058247,1
2863,Antiquity Blue (109),6,92,0.813363652,0,0.436067868,0,0,0.478572678,0,0.475948924,0.0472,0.454958895,0.236662585,0,0.235613084,0,0.29648417,0,0,0.603463355,0.786076614,0.0446,0.856917964,0.234038832,1
2864,Antiquity Blue (109),6,93,0.813363652,0,0.436067868,0,0,0.478572678,0,0.475948924,0.0472,0.454958895,0.236662585,0,0.235613084,0,0.29648417,0,0,0.603463355,0.786076614,0.0446,0.856917964,0.234038832,1
2865,Antiquity Blue (109),7,94,0.948924261,0,0.508745846,0,0,0.558334791,0,0.555273745,0.0551,0.530785377,0.27610635,0,0.274881931,0,0.345898198,0,0,0.704040581,0.917089382,0.052,0.999737625,0.273045304,1
2866,Antiquity Blue (109),8,95,1.08448487,0,0.581423824,0,0,0.638096904,0,0.634598566,0.063,0.606611859,0.315550114,0,0.314150778,0,0.395312227,0,0,0.804617807,1.048102151,0.0595,1.142557285,0.312051775,1
2867,Antiquity Blue (109),7,96,0.948924261,0,0.508745846,0,0,0.558334791,0,0.555273745,0.0551,0.530785377,0.27610635,0,0.274881931,0,0.345898198,0,0,0.704040581,0.917089382,0.052,0.999737625,0.273045304,1
2868,Antiquity Blue (109),8,97,1.08448487,0,0.581423824,0,0,0.638096904,0,0.634598566,0.063,0.606611859,0.315550114,0,0.314150778,0,0.395312227,0,0,0.804617807,1.048102151,0.0595,1.142557285,0.312051775,1
2869,Antiquity Blue (109),9,98,1.220045478,0,0.654101802,0,0,0.717859017,0,0.713923386,0.0708,0.682438342,0.354993878,0,0.353419626,0,0.444726255,0,0,0.905195032,1.17911492,0.0669,1.285376946,0.351058247,1
2870,Antiquity Blue (109),7,99,0.948924261,0,0.508745846,0,0,0.558334791,0,0.555273745,0.0551,0.530785377,0.27610635,0,0.274881931,0,0.345898198,0,0,0.704040581,0.917089382,0.052,0.999737625,0.273045304,1
2871,Antiquity Blue (109),5,100,0.677803044,0,0.36338989,0,0,0.398810565,0,0.396624104,0.0394,0.379132412,0.197218821,0,0.196344236,0,0.247070142,0,0,0.502886129,0.655063845,0.0372,0.714098303,0.19503236,3
2872,Antiquity Blue (109),8,101,1.08448487,0,0.581423824,0,0,0.638096904,0,0.634598566,0.063,0.606611859,0.315550114,0,0.314150778,0,0.395312227,0,0,0.804617807,1.048102151,0.0595,1.142557285,0.312051775,1
2873,Antiquity Blue (109),7,102,0.948924261,0,0.508745846,0,0,0.558334791,0,0.555273745,0.0551,0.530785377,0.27610635,0,0.274881931,0,0.345898198,0,0,0.704040581,0.917089382,0.052,0.999737625,0.273045304,1
2874,Antiquity Blue (109),7,103,0.948924261,0,0.508745846,0,0,0.558334791,0,0.555273745,0.0551,0.530785377,0.27610635,0,0.274881931,0,0.345898198,0,0,0.704040581,0.917089382,0.052,0.999737625,0.273045304,1
2875,Antiquity Blue (109),7,104,0.948924261,0,0.508745846,0,0,0.558334791,0,0.555273745,0.0551,0.530785377,0.27610635,0,0.274881931,0,0.345898198,0,0,0.704040581,0.917089382,0.052,0.999737625,0.273045304,1
2876,Antiquity Blue (109),4,105,0.542242435,0,0.290711912,0,0,0.319048452,0,0.317299283,0.0315,0.30330593,0.157775057,0,0.157075389,0,0.197656113,0,0,0.402308903,0.524051076,0.0297,0.571278643,0.156025888,3
2877,Antiquity Blue (109),4,106,0.542242435,0,0.290711912,0,0,0.319048452,0,0.317299283,0.0315,0.30330593,0.157775057,0,0.157075389,0,0.197656113,0,0,0.402308903,0.524051076,0.0297,0.571278643,0.156025888,3
2878,Antiquity Blue (109),9,107,1.220045478,0,0.654101802,0,0,0.717859017,0,0.713923386,0.0708,0.682438342,0.354993878,0,0.353419626,0,0.444726255,0,0,0.905195032,1.17911492,0.0669,1.285376946,0.351058247,1
2879,Antiquity Blue (109),4,108,0.542242435,0,0.290711912,0,0,0.319048452,0,0.317299283,0.0315,0.30330593,0.157775057,0,0.157075389,0,0.197656113,0,0,0.402308903,0.524051076,0.0297,0.571278643,0.156025888,3
2880,Antiquity Blue (109),8,109,1.08448487,0,0.581423824,0,0,0.638096904,0,0.634598566,0.063,0.606611859,0.315550114,0,0.314150778,0,0.395312227,0,0,0.804617807,1.048102151,0.0595,1.142557285,0.312051775,1
2881,Antiquity Blue (109),8,110,1.08448487,0,0.581423824,0,0,0.638096904,0,0.634598566,0.063,0.606611859,0.315550114,0,0.314150778,0,0.395312227,0,0,0.804617807,1.048102151,0.0595,1.142557285,0.312051775,1
2882,Antiquity Blue (109),8,111,1.08448487,0,0.581423824,0,0,0.638096904,0,0.634598566,0.063,0.606611859,0.315550114,0,0.314150778,0,0.395312227,0,0,0.804617807,1.048102151,0.0595,1.142557285,0.312051775,1
2883,Antiquity Blue (109),9,112,1.220045478,0,0.654101802,0,0,0.717859017,0,0.713923386,0.0708,0.682438342,0.354993878,0,0.353419626,0,0.444726255,0,0,0.905195032,1.17911492,0.0669,1.285376946,0.351058247,1
2884,Antiquity Blue (109),9,113,1.220045478,0,0.654101802,0,0,0.717859017,0,0.713923386,0.0708,0.682438342,0.354993878,0,0.353419626,0,0.444726255,0,0,0.905195032,1.17911492,0.0669,1.285376946,0.351058247,1
2885,Antiquity Blue (109),9,114,1.220045478,0,0.654101802,0,0,0.717859017,0,0.713923386,0.0708,0.682438342,0.354993878,0,0.353419626,0,0.444726255,0,0,0.905195032,1.17911492,0.0669,1.285376946,0.351058247,1
2886,Antiquity Blue (109),7,115,0.948924261,0,0.508745846,0,0,0.558334791,0,0.555273745,0.0551,0.530785377,0.27610635,0,0.274881931,0,0.345898198,0,0,0.704040581,0.917089382,0.052,0.999737625,0.273045304,1
2887,Antiquity Blue (109),7,116,0.948924261,0,0.508745846,0,0,0.558334791,0,0.555273745,0.0551,0.530785377,0.27610635,0,0.274881931,0,0.345898198,0,0,0.704040581,0.917089382,0.052,0.999737625,0.273045304,1
2888,Antiquity Blue (109),7,117,0.948924261,0,0.508745846,0,0,0.558334791,0,0.555273745,0.0551,0.530785377,0.27610635,0,0.274881931,0,0.345898198,0,0,0.704040581,0.917089382,0.052,0.999737625,0.273045304,1
2889,Antiquity Blue (109),8,118,1.08448487,0,0.581423824,0,0,0.638096904,0,0.634598566,0.063,0.606611859,0.315550114,0,0.314150778,0,0.395312227,0,0,0.804617807,1.048102151,0.0595,1.142557285,0.312051775,1
2890,Antiquity Blue (109),3,119,0.406681826,0,0.218033934,0,0,0.239286339,0,0.237974462,0.0236,0.227479447,0.118331293,0,0.117806542,0,0.148242085,0,0,0.301731677,0.393038307,0.0223,0.428458982,0.117019416,3
2891,Antiquity Blue (109),9,120,1.220045478,0,0.654101802,0,0,0.717859017,0,0.713923386,0.0708,0.682438342,0.354993878,0,0.353419626,0,0.444726255,0,0,0.905195032,1.17911492,0.0669,1.285376946,0.351058247,1
2892,Antiquity Blue (109),8,121,1.08448487,0,0.581423824,0,0,0.638096904,0,0.634598566,0.063,0.606611859,0.315550114,0,0.314150778,0,0.395312227,0,0,0.804617807,1.048102151,0.0595,1.142557285,0.312051775,1
2893,Antiquity Blue (109),7,122,0.948924261,0,0.508745846,0,0,0.558334791,0,0.555273745,0.0551,0.530785377,0.27610635,0,0.274881931,0,0.345898198,0,0,0.704040581,0.917089382,0.052,0.999737625,0.273045304,1
2894,Antiquity Blue (109),9,123,1.220045478,0,0.654101802,0,0,0.717859017,0,0.713923386,0.0708,0.682438342,0.354993878,0,0.353419626,0,0.444726255,0,0,0.905195032,1.17911492,0.0669,1.285376946,0.351058247,1
2895,Antiquity Blue (109),9,124,1.220045478,0,0.654101802,0,0,0.717859017,0,0.713923386,0.0708,0.682438342,0.354993878,0,0.353419626,0,0.444726255,0,0,0.905195032,1.17911492,0.0669,1.285376946,0.351058247,1
2896,Antiquity Blue (109),7,125,0.948924261,0,0.508745846,0,0,0.558334791,0,0.555273745,0.0551,0.530785377,0.27610635,0,0.274881931,0,0.345898198,0,0,0.704040581,0.917089382,0.052,0.999737625,0.273045304,1
2897,Antiquity Blue (109),8,126,1.08448487,0,0.581423824,0,0,0.638096904,0,0.634598566,0.063,0.606611859,0.315550114,0,0.314150778,0,0.395312227,0,0,0.804617807,1.048102151,0.0595,1.142557285,0.312051775,1
2898,Antiquity Blue (109),9,127,1.220045478,0,0.654101802,0,0,0.717859017,0,0.713923386,0.0708,0.682438342,0.354993878,0,0.353419626,0,0.444726255,0,0,0.905195032,1.17911492,0.0669,1.285376946,0.351058247,1
2899,Antiquity Blue (109),8,128,1.08448487,0,0.581423824,0,0,0.638096904,0,0.634598566,0.063,0.606611859,0.315550114,0,0.314150778,0,0.395312227,0,0,0.804617807,1.048102151,0.0595,1.142557285,0.312051775,1
2900,Antiquity Blue (109),7,129,0.948924261,0,0.508745846,0,0,0.558334791,0,0.555273745,0.0551,0.530785377,0.27610635,0,0.274881931,0,0.345898198,0,0,0.704040581,0.917089382,0.052,0.999737625,0.273045304,1
2901,Antiquity Blue (109),8,130,1.08448487,0,0.581423824,0,0,0.638096904,0,0.634598566,0.063,0.606611859,0.315550114,0,0.314150778,0,0.395312227,0,0,0.804617807,1.048102151,0.0595,1.142557285,0.312051775,1
2902,Antiquity Blue (109),8,131,1.08448487,0,0.581423824,0,0,0.638096904,0,0.634598566,0.063,0.606611859,0.315550114,0,0.314150778,0,0.395312227,0,0,0.804617807,1.048102151,0.0595,1.142557285,0.312051775,1
2903,Antiquity Blue (109),7,132,0.948924261,0,0.508745846,0,0,0.558334791,0,0.555273745,0.0551,0.530785377,0.27610635,0,0.274881931,0,0.345898198,0,0,0.704040581,0.917089382,0.052,0.999737625,0.273045304,1
2904,Antiquity Blue (109),7,133,0.948924261,0,0.508745846,0,0,0.558334791,0,0.555273745,0.0551,0.530785377,0.27610635,0,0.274881931,0,0.345898198,0,0,0.704040581,0.917089382,0.052,0.999737625,0.273045304,1
2905,Antiquity Blue (109),7,134,0.948924261,0,0.508745846,0,0,0.558334791,0,0.555273745,0.0551,0.530785377,0.27610635,0,0.274881931,0,0.345898198,0,0,0.704040581,0.917089382,0.052,0.999737625,0.273045304,1
2906,Antiquity Blue (109),4,135,0.542242435,0,0.290711912,0,0,0.319048452,0,0.317299283,0.0315,0.30330593,0.157775057,0,0.157075389,0,0.197656113,0,0,0.402308903,0.524051076,0.0297,0.571278643,0.156025888,3
2907,Antiquity Blue (109),6,136,0.813363652,0,0.436067868,0,0,0.478572678,0,0.475948924,0.0472,0.454958895,0.236662585,0,0.235613084,0,0.29648417,0,0,0.603463355,0.786076614,0.0446,0.856917964,0.234038832,1
2908,Antiquity Blue (109),9,137,1.220045478,0,0.654101802,0,0,0.717859017,0,0.713923386,0.0708,0.682438342,0.354993878,0,0.353419626,0,0.444726255,0,0,0.905195032,1.17911492,0.0669,1.285376946,0.351058247,1
2909,Antiquity Blue (109),6,138,0.813363652,0,0.436067868,0,0,0.478572678,0,0.475948924,0.0472,0.454958895,0.236662585,0,0.235613084,0,0.29648417,0,0,0.603463355,0.786076614,0.0446,0.856917964,0.234038832,1
2910,Antiquity Blue (109),5,139,0.677803044,0,0.36338989,0,0,0.398810565,0,0.396624104,0.0394,0.379132412,0.197218821,0,0.196344236,0,0.247070142,0,0,0.502886129,0.655063845,0.0372,0.714098303,0.19503236,3
2911,Antiquity Blue (109),7,140,0.948924261,0,0.508745846,0,0,0.558334791,0,0.555273745,0.0551,0.530785377,0.27610635,0,0.274881931,0,0.345898198,0,0,0.704040581,0.917089382,0.052,0.999737625,0.273045304,1
2912,Antiquity Blue (109),6,141,0.813363652,0,0.436067868,0,0,0.478572678,0,0.475948924,0.0472,0.454958895,0.236662585,0,0.235613084,0,0.29648417,0,0,0.603463355,0.786076614,0.0446,0.856917964,0.234038832,1
2913,Antiquity Blue (109),8,142,1.08448487,0,0.581423824,0,0,0.638096904,0,0.634598566,0.063,0.606611859,0.315550114,0,0.314150778,0,0.395312227,0,0,0.804617807,1.048102151,0.0595,1.142557285,0.312051775,1
2914,Antiquity Blue (109),7,143,0.948924261,0,0.508745846,0,0,0.558334791,0,0.555273745,0.0551,0.530785377,0.27610635,0,0.274881931,0,0.345898198,0,0,0.704040581,0.917089382,0.052,0.999737625,0.273045304,1
2915,Antiquity Blue (109),7,144,0.948924261,0,0.508745846,0,0,0.558334791,0,0.555273745,0.0551,0.530785377,0.27610635,0,0.274881931,0,0.345898198,0,0,0.704040581,0.917089382,0.052,0.999737625,0.273045304,1
2916,Antiquity Blue (109),9,145,1.220045478,0,0.654101802,0,0,0.717859017,0,0.713923386,0.0708,0.682438342,0.354993878,0,0.353419626,0,0.444726255,0,0,0.905195032,1.17911492,0.0669,1.285376946,0.351058247,1
2917,Antiquity Blue (109),6,146,0.813363652,0,0.436067868,0,0,0.478572678,0,0.475948924,0.0472,0.454958895,0.236662585,0,0.235613084,0,0.29648417,0,0,0.603463355,0.786076614,0.0446,0.856917964,0.234038832,1
2918,Antiquity Blue (109),5,147,0.677803044,0,0.36338989,0,0,0.398810565,0,0.396624104,0.0394,0.379132412,0.197218821,0,0.196344236,0,0.247070142,0,0,0.502886129,0.655063845,0.0372,0.714098303,0.19503236,3
2919,Antiquity Blue (109),8,148,1.08448487,0,0.581423824,0,0,0.638096904,0,0.634598566,0.063,0.606611859,0.315550114,0,0.314150778,0,0.395312227,0,0,0.804617807,1.048102151,0.0595,1.142557285,0.312051775,1
2920,Antiquity Blue (109),5,149,0.677803044,0,0.36338989,0,0,0.398810565,0,0.396624104,0.0394,0.379132412,0.197218821,0,0.196344236,0,0.247070142,0,0,0.502886129,0.655063845,0.0372,0.714098303,0.19503236,3
2921,Antiquity Blue (109),7,150,0.948924261,0,0.508745846,0,0,0.558334791,0,0.555273745,0.0551,0.530785377,0.27610635,0,0.274881931,0,0.345898198,0,0,0.704040581,0.917089382,0.052,0.999737625,0.273045304,1
2922,Antiquity Blue (109),7,151,0.948924261,0,0.508745846,0,0,0.558334791,0,0.555273745,0.0551,0.530785377,0.27610635,0,0.274881931,0,0.345898198,0,0,0.704040581,0.917089382,0.052,0.999737625,0.273045304,1
2923,Antiquity Blue (109),9,152,1.220045478,0,0.654101802,0,0,0.717859017,0,0.713923386,0.0708,0.682438342,0.354993878,0,0.353419626,0,0.444726255,0,0,0.905195032,1.17911492,0.0669,1.285376946,0.351058247,1
2924,Antiquity Blue (109),8,153,1.08448487,0,0.581423824,0,0,0.638096904,0,0.634598566,0.063,0.606611859,0.315550114,0,0.314150778,0,0.395312227,0,0,0.804617807,1.048102151,0.0595,1.142557285,0.312051775,1
2925,Antiquity Blue (109),7,154,0.948924261,0,0.508745846,0,0,0.558334791,0,0.555273745,0.0551,0.530785377,0.27610635,0,0.274881931,0,0.345898198,0,0,0.704040581,0.917089382,0.052,0.999737625,0.273045304,1
2926,Antiquity Blue (109),7,155,0.948924261,0,0.508745846,0,0,0.558334791,0,0.555273745,0.0551,0.530785377,0.27610635,0,0.274881931,0,0.345898198,0,0,0.704040581,0.917089382,0.052,0.999737625,0.273045304,1
2927,Antiquity Blue (109),7,156,0.948924261,0,0.508745846,0,0,0.558334791,0,0.555273745,0.0551,0.530785377,0.27610635,0,0.274881931,0,0.345898198,0,0,0.704040581,0.917089382,0.052,0.999737625,0.273045304,1
2928,Antiquity Blue (109),4,157,0.542242435,0,0.290711912,0,0,0.319048452,0,0.317299283,0.0315,0.30330593,0.157775057,0,0.157075389,0,0.197656113,0,0,0.402308903,0.524051076,0.0297,0.571278643,0.156025888,3
2929,Antiquity Blue (109),9,158,1.220045478,0,0.654101802,0,0,0.717859017,0,0.713923386,0.0708,0.682438342,0.354993878,0,0.353419626,0,0.444726255,0,0,0.905195032,1.17911492,0.0669,1.285376946,0.351058247,1
2930,Antiquity Blue (109),9,159,1.220045478,0,0.654101802,0,0,0.717859017,0,0.713923386,0.0708,0.682438342,0.354993878,0,0.353419626,0,0.444726255,0,0,0.905195032,1.17911492,0.0669,1.285376946,0.351058247,1
2931,Antiquity Blue (109),9,160,1.220045478,0,0.654101802,0,0,0.717859017,0,0.713923386,0.0708,0.682438342,0.354993878,0,0.353419626,0,0.444726255,0,0,0.905195032,1.17911492,0.0669,1.285376946,0.351058247,1
2932,Antiquity Blue (109),5,161,0.677803044,0,0.36338989,0,0,0.398810565,0,0.396624104,0.0394,0.379132412,0.197218821,0,0.196344236,0,0.247070142,0,0,0.502886129,0.655063845,0.0372,0.714098303,0.19503236,3
2933,Antiquity Blue (109),5,162,0.677803044,0,0.36338989,0,0,0.398810565,0,0.396624104,0.0394,0.379132412,0.197218821,0,0.196344236,0,0.247070142,0,0,0.502886129,0.655063845,0.0372,0.714098303,0.19503236,3
2934,Antiquity Blue (109),8,163,1.08448487,0,0.581423824,0,0,0.638096904,0,0.634598566,0.063,0.606611859,0.315550114,0,0.314150778,0,0.395312227,0,0,0.804617807,1.048102151,0.0595,1.142557285,0.312051775,1
2935,Antiquity Blue (109),9,164,1.220045478,0,0.654101802,0,0,0.717859017,0,0.713923386,0.0708,0.682438342,0.354993878,0,0.353419626,0,0.444726255,0,0,0.905195032,1.17911492,0.0669,1.285376946,0.351058247,1
2936,Antiquity Blue (109),8,165,1.08448487,0,0.581423824,0,0,0.638096904,0,0.634598566,0.063,0.606611859,0.315550114,0,0.314150778,0,0.395312227,0,0,0.804617807,1.048102151,0.0595,1.142557285,0.312051775,1
2937,Antiquity Blue (109),7,166,0.948924261,0,0.508745846,0,0,0.558334791,0,0.555273745,0.0551,0.530785377,0.27610635,0,0.274881931,0,0.345898198,0,0,0.704040581,0.917089382,0.052,0.999737625,0.273045304,1
2938,Antiquity Blue (109),1,167,0.135560609,0,0.0727,0,0,0.0798,0,0.0793,0.00787,0.0758,0.039443764,0,0.0393,0,0.0494,0,0,0.100577226,0.131012769,0.00743,0.142819661,0.039,3
2939,Antiquity Blue (109),8,168,1.08448487,0,0.581423824,0,0,0.638096904,0,0.634598566,0.063,0.606611859,0.315550114,0,0.314150778,0,0.395312227,0,0,0.804617807,1.048102151,0.0595,1.142557285,0.312051775,1
2940,Antiquity Blue (109),8,169,1.08448487,0,0.581423824,0,0,0.638096904,0,0.634598566,0.063,0.606611859,0.315550114,0,0.314150778,0,0.395312227,0,0,0.804617807,1.048102151,0.0595,1.142557285,0.312051775,1
2941,Antiquity Blue (109),9,170,1.220045478,0,0.654101802,0,0,0.717859017,0,0.713923386,0.0708,0.682438342,0.354993878,0,0.353419626,0,0.444726255,0,0,0.905195032,1.17911492,0.0669,1.285376946,0.351058247,1
2942,Antiquity Blue (109),8,171,1.08448487,0,0.581423824,0,0,0.638096904,0,0.634598566,0.063,0.606611859,0.315550114,0,0.314150778,0,0.395312227,0,0,0.804617807,1.048102151,0.0595,1.142557285,0.312051775,1
2943,Antiquity Blue (109),9,172,1.220045478,0,0.654101802,0,0,0.717859017,0,0.713923386,0.0708,0.682438342,0.354993878,0,0.353419626,0,0.444726255,0,0,0.905195032,1.17911492,0.0669,1.285376946,0.351058247,1
2944,Antiquity Blue (109),8,173,1.08448487,0,0.581423824,0,0,0.638096904,0,0.634598566,0.063,0.606611859,0.315550114,0,0.314150778,0,0.395312227,0,0,0.804617807,1.048102151,0.0595,1.142557285,0.312051775,1
2945,Antiquity Blue (109),7,174,0.948924261,0,0.508745846,0,0,0.558334791,0,0.555273745,0.0551,0.530785377,0.27610635,0,0.274881931,0,0.345898198,0,0,0.704040581,0.917089382,0.052,0.999737625,0.273045304,1
2946,Antiquity Blue (109),8,175,1.08448487,0,0.581423824,0,0,0.638096904,0,0.634598566,0.063,0.606611859,0.315550114,0,0.314150778,0,0.395312227,0,0,0.804617807,1.048102151,0.0595,1.142557285,0.312051775,1
2947,Antiquity Blue (109),8,176,1.08448487,0,0.581423824,0,0,0.638096904,0,0.634598566,0.063,0.606611859,0.315550114,0,0.314150778,0,0.395312227,0,0,0.804617807,1.048102151,0.0595,1.142557285,0.312051775,1
2948,Antiquity Blue (109),6,177,0.813363652,0,0.436067868,0,0,0.478572678,0,0.475948924,0.0472,0.454958895,0.236662585,0,0.235613084,0,0.29648417,0,0,0.603463355,0.786076614,0.0446,0.856917964,0.234038832,1
2949,Antiquity Blue (109),5,178,0.677803044,0,0.36338989,0,0,0.398810565,0,0.396624104,0.0394,0.379132412,0.197218821,0,0.196344236,0,0.247070142,0,0,0.502886129,0.655063845,0.0372,0.714098303,0.19503236,3
2950,Antiquity Blue (109),6,179,0.813363652,0,0.436067868,0,0,0.478572678,0,0.475948924,0.0472,0.454958895,0.236662585,0,0.235613084,0,0.29648417,0,0,0.603463355,0.786076614,0.0446,0.856917964,0.234038832,1
2951,Antiquity Blue (109),8,180,1.08448487,0,0.581423824,0,0,0.638096904,0,0.634598566,0.063,0.606611859,0.315550114,0,0.314150778,0,0.395312227,0,0,0.804617807,1.048102151,0.0595,1.142557285,0.312051775,1
2952,Antiquity Blue (109),5,181,0.677803044,0,0.36338989,0,0,0.398810565,0,0.396624104,0.0394,0.379132412,0.197218821,0,0.196344236,0,0.247070142,0,0,0.502886129,0.655063845,0.0372,0.714098303,0.19503236,3
2953,Antiquity Blue (109),5,182,0.677803044,0,0.36338989,0,0,0.398810565,0,0.396624104,0.0394,0.379132412,0.197218821,0,0.196344236,0,0.247070142,0,0,0.502886129,0.655063845,0.0372,0.714098303,0.19503236,3
2954,Antiquity Blue (109),1,183,0.135560609,0,0.0727,0,0,0.0798,0,0.0793,0.00787,0.0758,0.039443764,0,0.0393,0,0.0494,0,0,0.100577226,0.131012769,0.00743,0.142819661,0.039,3
2955,Antiquity Blue (109),9,184,1.220045478,0,0.654101802,0,0,0.717859017,0,0.713923386,0.0708,0.682438342,0.354993878,0,0.353419626,0,0.444726255,0,0,0.905195032,1.17911492,0.0669,1.285376946,0.351058247,1
2956,Antiquity Blue (109),9,185,1.220045478,0,0.654101802,0,0,0.717859017,0,0.713923386,0.0708,0.682438342,0.354993878,0,0.353419626,0,0.444726255,0,0,0.905195032,1.17911492,0.0669,1.285376946,0.351058247,1
2957,Antiquity Blue (109),7,186,0.948924261,0,0.508745846,0,0,0.558334791,0,0.555273745,0.0551,0.530785377,0.27610635,0,0.274881931,0,0.345898198,0,0,0.704040581,0.917089382,0.052,0.999737625,0.273045304,1
2958,Antiquity Blue (109),7,187,0.948924261,0,0.508745846,0,0,0.558334791,0,0.555273745,0.0551,0.530785377,0.27610635,0,0.274881931,0,0.345898198,0,0,0.704040581,0.917089382,0.052,0.999737625,0.273045304,1
2959,Antiquity Blue (109),8,188,1.08448487,0,0.581423824,0,0,0.638096904,0,0.634598566,0.063,0.606611859,0.315550114,0,0.314150778,0,0.395312227,0,0,0.804617807,1.048102151,0.0595,1.142557285,0.312051775,1
2960,Antiquity Blue (109),7,189,0.948924261,0,0.508745846,0,0,0.558334791,0,0.555273745,0.0551,0.530785377,0.27610635,0,0.274881931,0,0.345898198,0,0,0.704040581,0.917089382,0.052,0.999737625,0.273045304,1
2961,Antiquity Blue (109),4,190,0.542242435,0,0.290711912,0,0,0.319048452,0,0.317299283,0.0315,0.30330593,0.157775057,0,0.157075389,0,0.197656113,0,0,0.402308903,0.524051076,0.0297,0.571278643,0.156025888,3
2962,Antiquity Blue (109),8,191,1.08448487,0,0.581423824,0,0,0.638096904,0,0.634598566,0.063,0.606611859,0.315550114,0,0.314150778,0,0.395312227,0,0,0.804617807,1.048102151,0.0595,1.142557285,0.312051775,1
2963,Antiquity Blue (109),4,192,0.542242435,0,0.290711912,0,0,0.319048452,0,0.317299283,0.0315,0.30330593,0.157775057,0,0.157075389,0,0.197656113,0,0,0.402308903,0.524051076,0.0297,0.571278643,0.156025888,3
2964,Antiquity Blue (109),5,193,0.677803044,0,0.36338989,0,0,0.398810565,0,0.396624104,0.0394,0.379132412,0.197218821,0,0.196344236,0,0.247070142,0,0,0.502886129,0.655063845,0.0372,0.714098303,0.19503236,3
2965,Antiquity Blue (109),5,194,0.677803044,0,0.36338989,0,0,0.398810565,0,0.396624104,0.0394,0.379132412,0.197218821,0,0.196344236,0,0.247070142,0,0,0.502886129,0.655063845,0.0372,0.714098303,0.19503236,3
2966,Antiquity Blue (109),9,195,1.220045478,0,0.654101802,0,0,0.717859017,0,0.713923386,0.0708,0.682438342,0.354993878,0,0.353419626,0,0.444726255,0,0,0.905195032,1.17911492,0.0669,1.285376946,0.351058247,1
2967,Antiquity Blue (109),9,196,1.220045478,0,0.654101802,0,0,0.717859017,0,0.713923386,0.0708,0.682438342,0.354993878,0,0.353419626,0,0.444726255,0,0,0.905195032,1.17911492,0.0669,1.285376946,0.351058247,1
2968,Antiquity Blue (109),5,197,0.677803044,0,0.36338989,0,0,0.398810565,0,0.396624104,0.0394,0.379132412,0.197218821,0,0.196344236,0,0.247070142,0,0,0.502886129,0.655063845,0.0372,0.714098303,0.19503236,3
2969,Antiquity Blue (109),8,198,1.08448487,0,0.581423824,0,0,0.638096904,0,0.634598566,0.063,0.606611859,0.315550114,0,0.314150778,0,0.395312227,0,0,0.804617807,1.048102151,0.0595,1.142557285,0.312051775,1
2970,Antiquity Blue (109),8,199,1.08448487,0,0.581423824,0,0,0.638096904,0,0.634598566,0.063,0.606611859,0.315550114,0,0.314150778,0,0.395312227,0,0,0.804617807,1.048102151,0.0595,1.142557285,0.312051775,1
2971,Antiquity Blue (109),6,200,0.813363652,0,0.436067868,0,0,0.478572678,0,0.475948924,0.0472,0.454958895,0.236662585,0,0.235613084,0,0.29648417,0,0,0.603463355,0.786076614,0.0446,0.856917964,0.234038832,1
2972,Antiquity Blue (109),7,201,0.948924261,0,0.508745846,0,0,0.558334791,0,0.555273745,0.0551,0.530785377,0.27610635,0,0.274881931,0,0.345898198,0,0,0.704040581,0.917089382,0.052,0.999737625,0.273045304,1
2973,Antiquity Blue (109),9,202,1.220045478,0,0.654101802,0,0,0.717859017,0,0.713923386,0.0708,0.682438342,0.354993878,0,0.353419626,0,0.444726255,0,0,0.905195032,1.17911492,0.0669,1.285376946,0.351058247,1
2974,Antiquity Blue (109),8,203,1.08448487,0,0.581423824,0,0,0.638096904,0,0.634598566,0.063,0.606611859,0.315550114,0,0.314150778,0,0.395312227,0,0,0.804617807,1.048102151,0.0595,1.142557285,0.312051775,1
2975,Antiquity Blue (109),8,204,1.08448487,0,0.581423824,0,0,0.638096904,0,0.634598566,0.063,0.606611859,0.315550114,0,0.314150778,0,0.395312227,0,0,0.804617807,1.048102151,0.0595,1.142557285,0.312051775,1
2976,Antiquity Blue (109),9,205,1.220045478,0,0.654101802,0,0,0.717859017,0,0.713923386,0.0708,0.682438342,0.354993878,0,0.353419626,0,0.444726255,0,0,0.905195032,1.17911492,0.0669,1.285376946,0.351058247,1
2977,Antiquity Blue (109),8,206,1.08448487,0,0.581423824,0,0,0.638096904,0,0.634598566,0.063,0.606611859,0.315550114,0,0.314150778,0,0.395312227,0,0,0.804617807,1.048102151,0.0595,1.142557285,0.312051775,1
2978,Antiquity Blue (109),7,207,0.948924261,0,0.508745846,0,0,0.558334791,0,0.555273745,0.0551,0.530785377,0.27610635,0,0.274881931,0,0.345898198,0,0,0.704040581,0.917089382,0.052,0.999737625,0.273045304,1
2979,Antiquity Blue (109),6,208,0.813363652,0,0.436067868,0,0,0.478572678,0,0.475948924,0.0472,0.454958895,0.236662585,0,0.235613084,0,0.29648417,0,0,0.603463355,0.786076614,0.0446,0.856917964,0.234038832,1
2980,Antiquity Blue (109),7,209,0.948924261,0,0.508745846,0,0,0.558334791,0,0.555273745,0.0551,0.530785377,0.27610635,0,0.274881931,0,0.345898198,0,0,0.704040581,0.917089382,0.052,0.999737625,0.273045304,1
2981,Antiquity Blue (109),7,210,0.948924261,0,0.508745846,0,0,0.558334791,0,0.555273745,0.0551,0.530785377,0.27610635,0,0.274881931,0,0.345898198,0,0,0.704040581,0.917089382,0.052,0.999737625,0.273045304,1
2982,Antiquity Blue (109),7,211,0.948924261,0,0.508745846,0,0,0.558334791,0,0.555273745,0.0551,0.530785377,0.27610635,0,0.274881931,0,0.345898198,0,0,0.704040581,0.917089382,0.052,0.999737625,0.273045304,1
2983,Antiquity Blue (109),4,212,0.542242435,0,0.290711912,0,0,0.319048452,0,0.317299283,0.0315,0.30330593,0.157775057,0,0.157075389,0,0.197656113,0,0,0.402308903,0.524051076,0.0297,0.571278643,0.156025888,3
2984,Antiquity Blue (109),7,213,0.948924261,0,0.508745846,0,0,0.558334791,0,0.555273745,0.0551,0.530785377,0.27610635,0,0.274881931,0,0.345898198,0,0,0.704040581,0.917089382,0.052,0.999737625,0.273045304,1
2985,Antiquity Blue (109),5,214,0.677803044,0,0.36338989,0,0,0.398810565,0,0.396624104,0.0394,0.379132412,0.197218821,0,0.196344236,0,0.247070142,0,0,0.502886129,0.655063845,0.0372,0.714098303,0.19503236,3
2986,Antiquity Blue (109),8,215,1.08448487,0,0.581423824,0,0,0.638096904,0,0.634598566,0.063,0.606611859,0.315550114,0,0.314150778,0,0.395312227,0,0,0.804617807,1.048102151,0.0595,1.142557285,0.312051775,1
2987,Antiquity Blue (109),8,216,1.08448487,0,0.581423824,0,0,0.638096904,0,0.634598566,0.063,0.606611859,0.315550114,0,0.314150778,0,0.395312227,0,0,0.804617807,1.048102151,0.0595,1.142557285,0.312051775,1
2988,Antiquity Blue (109),6,217,0.813363652,0,0.436067868,0,0,0.478572678,0,0.475948924,0.0472,0.454958895,0.236662585,0,0.235613084,0,0.29648417,0,0,0.603463355,0.786076614,0.0446,0.856917964,0.234038832,1
2989,Antiquity Blue (109),7,218,0.948924261,0,0.508745846,0,0,0.558334791,0,0.555273745,0.0551,0.530785377,0.27610635,0,0.274881931,0,0.345898198,0,0,0.704040581,0.917089382,0.052,0.999737625,0.273045304,1
2990,Antiquity Blue (109),6,219,0.813363652,0,0.436067868,0,0,0.478572678,0,0.475948924,0.0472,0.454958895,0.236662585,0,0.235613084,0,0.29648417,0,0,0.603463355,0.786076614,0.0446,0.856917964,0.234038832,1
2991,Antiquity Blue (109),8,220,1.08448487,0,0.581423824,0,0,0.638096904,0,0.634598566,0.063,0.606611859,0.315550114,0,0.314150778,0,0.395312227,0,0,0.804617807,1.048102151,0.0595,1.142557285,0.312051775,1
2992,Antiquity Blue (109),9,221,1.220045478,0,0.654101802,0,0,0.717859017,0,0.713923386,0.0708,0.682438342,0.354993878,0,0.353419626,0,0.444726255,0,0,0.905195032,1.17911492,0.0669,1.285376946,0.351058247,1
2993,Antiquity Blue (109),7,222,0.948924261,0,0.508745846,0,0,0.558334791,0,0.555273745,0.0551,0.530785377,0.27610635,0,0.274881931,0,0.345898198,0,0,0.704040581,0.917089382,0.052,0.999737625,0.273045304,1
2994,Antiquity Blue (109),7,223,0.948924261,0,0.508745846,0,0,0.558334791,0,0.555273745,0.0551,0.530785377,0.27610635,0,0.274881931,0,0.345898198,0,0,0.704040581,0.917089382,0.052,0.999737625,0.273045304,1
2995,Antiquity Blue (109),5,224,0.677803044,0,0.36338989,0,0,0.398810565,0,0.396624104,0.0394,0.379132412,0.197218821,0,0.196344236,0,0.247070142,0,0,0.502886129,0.655063845,0.0372,0.714098303,0.19503236,3
2996,Antiquity Blue (109),8,225,1.08448487,0,0.581423824,0,0,0.638096904,0,0.634598566,0.063,0.606611859,0.315550114,0,0.314150778,0,0.395312227,0,0,0.804617807,1.048102151,0.0595,1.142557285,0.312051775,1
2997,Antiquity Blue (109),7,226,0.948924261,0,0.508745846,0,0,0.558334791,0,0.555273745,0.0551,0.530785377,0.27610635,0,0.274881931,0,0.345898198,0,0,0.704040581,0.917089382,0.052,0.999737625,0.273045304,1
2998,Antiquity Blue (109),6,227,0.813363652,0,0.436067868,0,0,0.478572678,0,0.475948924,0.0472,0.454958895,0.236662585,0,0.235613084,0,0.29648417,0,0,0.603463355,0.786076614,0.0446,0.856917964,0.234038832,1
2999,Antiquity Blue (109),6,228,0.813363652,0,0.436067868,0,0,0.478572678,0,0.475948924,0.0472,0.454958895,0.236662585,0,0.235613084,0,0.29648417,0,0,0.603463355,0.786076614,0.0446,0.856917964,0.234038832,1
3000,Antiquity Blue (109),8,229,1.08448487,0,0.581423824,0,0,0.638096904,0,0.634598566,0.063,0.606611859,0.315550114,0,0.314150778,0,0.395312227,0,0,0.804617807,1.048102151,0.0595,1.142557285,0.312051775,1
3001,Antiquity Blue (109),5,230,0.677803044,0,0.36338989,0,0,0.398810565,0,0.396624104,0.0394,0.379132412,0.197218821,0,0.196344236,0,0.247070142,0,0,0.502886129,0.655063845,0.0372,0.714098303,0.19503236,3
3002,Antiquity Blue (109),6,231,0.813363652,0,0.436067868,0,0,0.478572678,0,0.475948924,0.0472,0.454958895,0.236662585,0,0.235613084,0,0.29648417,0,0,0.603463355,0.786076614,0.0446,0.856917964,0.234038832,1
3003,Antiquity Blue (109),6,232,0.813363652,0,0.436067868,0,0,0.478572678,0,0.475948924,0.0472,0.454958895,0.236662585,0,0.235613084,0,0.29648417,0,0,0.603463355,0.786076614,0.0446,0.856917964,0.234038832,1
3004,Antiquity Blue (109),7,233,0.948924261,0,0.508745846,0,0,0.558334791,0,0.555273745,0.0551,0.530785377,0.27610635,0,0.274881931,0,0.345898198,0,0,0.704040581,0.917089382,0.052,0.999737625,0.273045304,1
3005,Antiquity Blue (109),8,234,1.08448487,0,0.581423824,0,0,0.638096904,0,0.634598566,0.063,0.606611859,0.315550114,0,0.314150778,0,0.395312227,0,0,0.804617807,1.048102151,0.0595,1.142557285,0.312051775,1
3006,Antiquity Blue (109),4,235,0.542242435,0,0.290711912,0,0,0.319048452,0,0.317299283,0.0315,0.30330593,0.157775057,0,0.157075389,0,0.197656113,0,0,0.402308903,0.524051076,0.0297,0.571278643,0.156025888,3
3007,Antiquity Blue (109),6,236,0.813363652,0,0.436067868,0,0,0.478572678,0,0.475948924,0.0472,0.454958895,0.236662585,0,0.235613084,0,0.29648417,0,0,0.603463355,0.786076614,0.0446,0.856917964,0.234038832,1
3008,Antiquity Blue (109),7,237,0.948924261,0,0.508745846,0,0,0.558334791,0,0.555273745,0.0551,0.530785377,0.27610635,0,0.274881931,0,0.345898198,0,0,0.704040581,0.917089382,0.052,0.999737625,0.273045304,1
3009,Antiquity Blue (109),9,238,1.220045478,0,0.654101802,0,0,0.717859017,0,0.713923386,0.0708,0.682438342,0.354993878,0,0.353419626,0,0.444726255,0,0,0.905195032,1.17911492,0.0669,1.285376946,0.351058247,1
3010,Antiquity Blue (109),7,239,0.948924261,0,0.508745846,0,0,0.558334791,0,0.555273745,0.0551,0.530785377,0.27610635,0,0.274881931,0,0.345898198,0,0,0.704040581,0.917089382,0.052,0.999737625,0.273045304,1
3011,Antiquity Blue (109),4,240,0.542242435,0,0.290711912,0,0,0.319048452,0,0.317299283,0.0315,0.30330593,0.157775057,0,0.157075389,0,0.197656113,0,0,0.402308903,0.524051076,0.0297,0.571278643,0.156025888,3
3012,Antiquity Blue (109),6,241,0.813363652,0,0.436067868,0,0,0.478572678,0,0.475948924,0.0472,0.454958895,0.236662585,0,0.235613084,0,0.29648417,0,0,0.603463355,0.786076614,0.0446,0.856917964,0.234038832,1
3013,Antiquity Blue (109),7,242,0.948924261,0,0.508745846,0,0,0.558334791,0,0.555273745,0.0551,0.530785377,0.27610635,0,0.274881931,0,0.345898198,0,0,0.704040581,0.917089382,0.052,0.999737625,0.273045304,1
3014,Antiquity Blue (109),9,243,1.220045478,0,0.654101802,0,0,0.717859017,0,0.713923386,0.0708,0.682438342,0.354993878,0,0.353419626,0,0.444726255,0,0,0.905195032,1.17911492,0.0669,1.285376946,0.351058247,1
3015,Antiquity Blue (109),9,244,1.220045478,0,0.654101802,0,0,0.717859017,0,0.713923386,0.0708,0.682438342,0.354993878,0,0.353419626,0,0.444726255,0,0,0.905195032,1.17911492,0.0669,1.285376946,0.351058247,1
3016,Antiquity Blue (109),6,245,0.813363652,0,0.436067868,0,0,0.478572678,0,0.475948924,0.0472,0.454958895,0.236662585,0,0.235613084,0,0.29648417,0,0,0.603463355,0.786076614,0.0446,0.856917964,0.234038832,1
3017,Antiquity Blue (109),8,246,1.08448487,0,0.581423824,0,0,0.638096904,0,0.634598566,0.063,0.606611859,0.315550114,0,0.314150778,0,0.395312227,0,0,0.804617807,1.048102151,0.0595,1.142557285,0.312051775,1
3018,Antiquity Blue (109),9,247,1.220045478,0,0.654101802,0,0,0.717859017,0,0.713923386,0.0708,0.682438342,0.354993878,0,0.353419626,0,0.444726255,0,0,0.905195032,1.17911492,0.0669,1.285376946,0.351058247,1
3019,Antiquity Blue (109),8,248,1.08448487,0,0.581423824,0,0,0.638096904,0,0.634598566,0.063,0.606611859,0.315550114,0,0.314150778,0,0.395312227,0,0,0.804617807,1.048102151,0.0595,1.142557285,0.312051775,1
3020,Antiquity Blue (109),8,249,1.08448487,0,0.581423824,0,0,0.638096904,0,0.634598566,0.063,0.606611859,0.315550114,0,0.314150778,0,0.395312227,0,0,0.804617807,1.048102151,0.0595,1.142557285,0.312051775,1
3021,Antiquity Blue (109),7,250,0.948924261,0,0.508745846,0,0,0.558334791,0,0.555273745,0.0551,0.530785377,0.27610635,0,0.274881931,0,0.345898198,0,0,0.704040581,0.917089382,0.052,0.999737625,0.273045304,1
3022,Antiquity Blue (109),8,251,1.08448487,0,0.581423824,0,0,0.638096904,0,0.634598566,0.063,0.606611859,0.315550114,0,0.314150778,0,0.395312227,0,0,0.804617807,1.048102151,0.0595,1.142557285,0.312051775,1
3023,Antiquity Blue (109),7,252,0.948924261,0,0.508745846,0,0,0.558334791,0,0.555273745,0.0551,0.530785377,0.27610635,0,0.274881931,0,0.345898198,0,0,0.704040581,0.917089382,0.052,0.999737625,0.273045304,1
3024,Antiquity Blue (109),7,253,0.948924261,0,0.508745846,0,0,0.558334791,0,0.555273745,0.0551,0.530785377,0.27610635,0,0.274881931,0,0.345898198,0,0,0.704040581,0.917089382,0.052,0.999737625,0.273045304,1
3025,Antiquity Blue (109),3,254,0.406681826,0,0.218033934,0,0,0.239286339,0,0.237974462,0.0236,0.227479447,0.118331293,0,0.117806542,0,0.148242085,0,0,0.301731677,0.393038307,0.0223,0.428458982,0.117019416,3
3026,Antiquity Blue (109),6,255,0.813363652,0,0.436067868,0,0,0.478572678,0,0.475948924,0.0472,0.454958895,0.236662585,0,0.235613084,0,0.29648417,0,0,0.603463355,0.786076614,0.0446,0.856917964,0.234038832,1
3027,Antiquity Blue (109),9,256,1.220045478,0,0.654101802,0,0,0.717859017,0,0.713923386,0.0708,0.682438342,0.354993878,0,0.353419626,0,0.444726255,0,0,0.905195032,1.17911492,0.0669,1.285376946,0.351058247,1
3028,Antiquity Blue (109),6,257,0.813363652,0,0.436067868,0,0,0.478572678,0,0.475948924,0.0472,0.454958895,0.236662585,0,0.235613084,0,0.29648417,0,0,0.603463355,0.786076614,0.0446,0.856917964,0.234038832,1
3029,Antiquity Blue (109),9,258,1.220045478,0,0.654101802,0,0,0.717859017,0,0.713923386,0.0708,0.682438342,0.354993878,0,0.353419626,0,0.444726255,0,0,0.905195032,1.17911492,0.0669,1.285376946,0.351058247,1
3030,Antiquity Blue (109),9,259,1.220045478,0,0.654101802,0,0,0.717859017,0,0.713923386,0.0708,0.682438342,0.354993878,0,0.353419626,0,0.444726255,0,0,0.905195032,1.17911492,0.0669,1.285376946,0.351058247,1
3031,Antiquity Blue (109),9,260,1.220045478,0,0.654101802,0,0,0.717859017,0,0.713923386,0.0708,0.682438342,0.354993878,0,0.353419626,0,0.444726255,0,0,0.905195032,1.17911492,0.0669,1.285376946,0.351058247,1
3032,Antiquity Blue (109),9,261,1.220045478,0,0.654101802,0,0,0.717859017,0,0.713923386,0.0708,0.682438342,0.354993878,0,0.353419626,0,0.444726255,0,0,0.905195032,1.17911492,0.0669,1.285376946,0.351058247,1
3033,Antiquity Blue (109),9,262,1.220045478,0,0.654101802,0,0,0.717859017,0,0.713923386,0.0708,0.682438342,0.354993878,0,0.353419626,0,0.444726255,0,0,0.905195032,1.17911492,0.0669,1.285376946,0.351058247,1
3034,Antiquity Blue (109),9,263,1.220045478,0,0.654101802,0,0,0.717859017,0,0.713923386,0.0708,0.682438342,0.354993878,0,0.353419626,0,0.444726255,0,0,0.905195032,1.17911492,0.0669,1.285376946,0.351058247,1
3035,Antiquity Blue (109),7,264,0.948924261,0,0.508745846,0,0,0.558334791,0,0.555273745,0.0551,0.530785377,0.27610635,0,0.274881931,0,0.345898198,0,0,0.704040581,0.917089382,0.052,0.999737625,0.273045304,1
3036,Antiquity Blue (109),9,265,1.220045478,0,0.654101802,0,0,0.717859017,0,0.713923386,0.0708,0.682438342,0.354993878,0,0.353419626,0,0.444726255,0,0,0.905195032,1.17911492,0.0669,1.285376946,0.351058247,1
3037,Antiquity Blue (109),8,266,1.08448487,0,0.581423824,0,0,0.638096904,0,0.634598566,0.063,0.606611859,0.315550114,0,0.314150778,0,0.395312227,0,0,0.804617807,1.048102151,0.0595,1.142557285,0.312051775,1
3038,Antiquity Blue (109),9,267,1.220045478,0,0.654101802,0,0,0.717859017,0,0.713923386,0.0708,0.682438342,0.354993878,0,0.353419626,0,0.444726255,0,0,0.905195032,1.17911492,0.0669,1.285376946,0.351058247,1
3039,Antiquity Blue (109),7,268,0.948924261,0,0.508745846,0,0,0.558334791,0,0.555273745,0.0551,0.530785377,0.27610635,0,0.274881931,0,0.345898198,0,0,0.704040581,0.917089382,0.052,0.999737625,0.273045304,1
3040,Antiquity Blue (109),9,269,1.220045478,0,0.654101802,0,0,0.717859017,0,0.713923386,0.0708,0.682438342,0.354993878,0,0.353419626,0,0.444726255,0,0,0.905195032,1.17911492,0.0669,1.285376946,0.351058247,1
3041,Antiquity Blue (109),9,270,1.220045478,0,0.654101802,0,0,0.717859017,0,0.713923386,0.0708,0.682438342,0.354993878,0,0.353419626,0,0.444726255,0,0,0.905195032,1.17911492,0.0669,1.285376946,0.351058247,1
3042,Antiquity Blue (109),6,271,0.813363652,0,0.436067868,0,0,0.478572678,0,0.475948924,0.0472,0.454958895,0.236662585,0,0.235613084,0,0.29648417,0,0,0.603463355,0.786076614,0.0446,0.856917964,0.234038832,1
3043,Antiquity Blue (109),7,272,0.948924261,0,0.508745846,0,0,0.558334791,0,0.555273745,0.0551,0.530785377,0.27610635,0,0.274881931,0,0.345898198,0,0,0.704040581,0.917089382,0.052,0.999737625,0.273045304,1
3044,Antiquity Blue (109),5,273,0.677803044,0,0.36338989,0,0,0.398810565,0,0.396624104,0.0394,0.379132412,0.197218821,0,0.196344236,0,0.247070142,0,0,0.502886129,0.655063845,0.0372,0.714098303,0.19503236,3
3045,Antiquity Blue (109),8,274,1.08448487,0,0.581423824,0,0,0.638096904,0,0.634598566,0.063,0.606611859,0.315550114,0,0.314150778,0,0.395312227,0,0,0.804617807,1.048102151,0.0595,1.142557285,0.312051775,1
3046,Antiquity Blue (109),9,275,1.220045478,0,0.654101802,0,0,0.717859017,0,0.713923386,0.0708,0.682438342,0.354993878,0,0.353419626,0,0.444726255,0,0,0.905195032,1.17911492,0.0669,1.285376946,0.351058247,1
3047,Antiquity Blue (109),8,276,1.08448487,0,0.581423824,0,0,0.638096904,0,0.634598566,0.063,0.606611859,0.315550114,0,0.314150778,0,0.395312227,0,0,0.804617807,1.048102151,0.0595,1.142557285,0.312051775,1
3048,Antiquity Blue (109),7,277,0.948924261,0,0.508745846,0,0,0.558334791,0,0.555273745,0.0551,0.530785377,0.27610635,0,0.274881931,0,0.345898198,0,0,0.704040581,0.917089382,0.052,0.999737625,0.273045304,1
3049,Antiquity Blue (109),1,278,0.135560609,0,0.0727,0,0,0.0798,0,0.0793,0.00787,0.0758,0.039443764,0,0.0393,0,0.0494,0,0,0.100577226,0.131012769,0.00743,0.142819661,0.039,3
3050,Antiquity Blue (109),7,279,0.948924261,0,0.508745846,0,0,0.558334791,0,0.555273745,0.0551,0.530785377,0.27610635,0,0.274881931,0,0.345898198,0,0,0.704040581,0.917089382,0.052,0.999737625,0.273045304,1
3051,Antiquity Blue (109),8,280,1.08448487,0,0.581423824,0,0,0.638096904,0,0.634598566,0.063,0.606611859,0.315550114,0,0.314150778,0,0.395312227,0,0,0.804617807,1.048102151,0.0595,1.142557285,0.312051775,1
3052,Antiquity Blue (109),8,281,1.08448487,0,0.581423824,0,0,0.638096904,0,0.634598566,0.063,0.606611859,0.315550114,0,0.314150778,0,0.395312227,0,0,0.804617807,1.048102151,0.0595,1.142557285,0.312051775,1
3053,Antiquity Blue (109),7,282,0.948924261,0,0.508745846,0,0,0.558334791,0,0.555273745,0.0551,0.530785377,0.27610635,0,0.274881931,0,0.345898198,0,0,0.704040581,0.917089382,0.052,0.999737625,0.273045304,1
3054,Antiquity Blue (109),8,283,1.08448487,0,0.581423824,0,0,0.638096904,0,0.634598566,0.063,0.606611859,0.315550114,0,0.314150778,0,0.395312227,0,0,0.804617807,1.048102151,0.0595,1.142557285,0.312051775,1
3055,Antiquity Blue (109),5,284,0.677803044,0,0.36338989,0,0,0.398810565,0,0.396624104,0.0394,0.379132412,0.197218821,0,0.196344236,0,0.247070142,0,0,0.502886129,0.655063845,0.0372,0.714098303,0.19503236,3
3056,Antiquity Blue (109),8,285,1.08448487,0,0.581423824,0,0,0.638096904,0,0.634598566,0.063,0.606611859,0.315550114,0,0.314150778,0,0.395312227,0,0,0.804617807,1.048102151,0.0595,1.142557285,0.312051775,1
3057,Antiquity Blue (109),7,286,0.948924261,0,0.508745846,0,0,0.558334791,0,0.555273745,0.0551,0.530785377,0.27610635,0,0.274881931,0,0.345898198,0,0,0.704040581,0.917089382,0.052,0.999737625,0.273045304,1
3058,Antiquity Blue (109),9,287,1.220045478,0,0.654101802,0,0,0.717859017,0,0.713923386,0.0708,0.682438342,0.354993878,0,0.353419626,0,0.444726255,0,0,0.905195032,1.17911492,0.0669,1.285376946,0.351058247,1
3059,Antiquity Blue (109),1,288,0.135560609,0,0.0727,0,0,0.0798,0,0.0793,0.00787,0.0758,0.039443764,0,0.0393,0,0.0494,0,0,0.100577226,0.131012769,0.00743,0.142819661,0.039,3
3060,Antiquity Blue (109),6,289,0.813363652,0,0.436067868,0,0,0.478572678,0,0.475948924,0.0472,0.454958895,0.236662585,0,0.235613084,0,0.29648417,0,0,0.603463355,0.786076614,0.0446,0.856917964,0.234038832,1
3061,Antiquity Blue (109),8,290,1.08448487,0,0.581423824,0,0,0.638096904,0,0.634598566,0.063,0.606611859,0.315550114,0,0.314150778,0,0.395312227,0,0,0.804617807,1.048102151,0.0595,1.142557285,0.312051775,1
3062,Antiquity Blue (109),9,291,1.220045478,0,0.654101802,0,0,0.717859017,0,0.713923386,0.0708,0.682438342,0.354993878,0,0.353419626,0,0.444726255,0,0,0.905195032,1.17911492,0.0669,1.285376946,0.351058247,1
3063,Antiquity Blue (109),9,292,1.220045478,0,0.654101802,0,0,0.717859017,0,0.713923386,0.0708,0.682438342,0.354993878,0,0.353419626,0,0.444726255,0,0,0.905195032,1.17911492,0.0669,1.285376946,0.351058247,1
3064,Antiquity Blue (109),9,293,1.220045478,0,0.654101802,0,0,0.717859017,0,0.713923386,0.0708,0.682438342,0.354993878,0,0.353419626,0,0.444726255,0,0,0.905195032,1.17911492,0.0669,1.285376946,0.351058247,1
3065,Antiquity Blue (109),8,294,1.08448487,0,0.581423824,0,0,0.638096904,0,0.634598566,0.063,0.606611859,0.315550114,0,0.314150778,0,0.395312227,0,0,0.804617807,1.048102151,0.0595,1.142557285,0.312051775,1
3066,Antiquity Blue (109),1,295,0.135560609,0,0.0727,0,0,0.0798,0,0.0793,0.00787,0.0758,0.039443764,0,0.0393,0,0.0494,0,0,0.100577226,0.131012769,0.00743,0.142819661,0.039,3
3067,Antiquity Blue (109),8,296,1.08448487,0,0.581423824,0,0,0.638096904,0,0.634598566,0.063,0.606611859,0.315550114,0,0.314150778,0,0.395312227,0,0,0.804617807,1.048102151,0.0595,1.142557285,0.312051775,1
3068,Antiquity Blue (109),8,297,1.08448487,0,0.581423824,0,0,0.638096904,0,0.634598566,0.063,0.606611859,0.315550114,0,0.314150778,0,0.395312227,0,0,0.804617807,1.048102151,0.0595,1.142557285,0.312051775,1
3069,Antiquity Blue (109),8,298,1.08448487,0,0.581423824,0,0,0.638096904,0,0.634598566,0.063,0.606611859,0.315550114,0,0.314150778,0,0.395312227,0,0,0.804617807,1.048102151,0.0595,1.142557285,0.312051775,1
3070,Antiquity Blue (109),8,299,1.08448487,0,0.581423824,0,0,0.638096904,0,0.634598566,0.063,0.606611859,0.315550114,0,0.314150778,0,0.395312227,0,0,0.804617807,1.048102151,0.0595,1.142557285,0.312051775,1
3071,Antiquity Blue (109),8,300,1.08448487,0,0.581423824,0,0,0.638096904,0,0.634598566,0.063,0.606611859,0.315550114,0,0.314150778,0,0.395312227,0,0,0.804617807,1.048102151,0.0595,1.142557285,0.312051775,1
3072,Antiquity Blue (109),9,301,1.220045478,0,0.654101802,0,0,0.717859017,0,0.713923386,0.0708,0.682438342,0.354993878,0,0.353419626,0,0.444726255,0,0,0.905195032,1.17911492,0.0669,1.285376946,0.351058247,1
3073,Antiquity Blue (109),1,302,0.135560609,0,0.0727,0,0,0.0798,0,0.0793,0.00787,0.0758,0.039443764,0,0.0393,0,0.0494,0,0,0.100577226,0.131012769,0.00743,0.142819661,0.039,3
3074,Antiquity Blue (109),9,303,1.220045478,0,0.654101802,0,0,0.717859017,0,0.713923386,0.0708,0.682438342,0.354993878,0,0.353419626,0,0.444726255,0,0,0.905195032,1.17911492,0.0669,1.285376946,0.351058247,1
3075,Antiquity Blue (109),6,304,0.813363652,0,0.436067868,0,0,0.478572678,0,0.475948924,0.0472,0.454958895,0.236662585,0,0.235613084,0,0.29648417,0,0,0.603463355,0.786076614,0.0446,0.856917964,0.234038832,1
3076,Antiquity Blue (109),9,305,1.220045478,0,0.654101802,0,0,0.717859017,0,0.713923386,0.0708,0.682438342,0.354993878,0,0.353419626,0,0.444726255,0,0,0.905195032,1.17911492,0.0669,1.285376946,0.351058247,1
3077,Antiquity Blue (109),5,306,0.677803044,0,0.36338989,0,0,0.398810565,0,0.396624104,0.0394,0.379132412,0.197218821,0,0.196344236,0,0.247070142,0,0,0.502886129,0.655063845,0.0372,0.714098303,0.19503236,3
3078,Antiquity Blue (109),9,307,1.220045478,0,0.654101802,0,0,0.717859017,0,0.713923386,0.0708,0.682438342,0.354993878,0,0.353419626,0,0.444726255,0,0,0.905195032,1.17911492,0.0669,1.285376946,0.351058247,1
3079,Antiquity Blue (109),9,308,1.220045478,0,0.654101802,0,0,0.717859017,0,0.713923386,0.0708,0.682438342,0.354993878,0,0.353419626,0,0.444726255,0,0,0.905195032,1.17911492,0.0669,1.285376946,0.351058247,1
3080,342,8,1,0.906265022,0,0.663355232,0,0,0.628745393,0,0.420445441,0.084,0.766543823,0.253164557,0,0.232655023,0,0.957538856,0,0.0135,0.731293062,0.933183785,0.0776,1.03060407,0.301233777,1
3081,342,7,2,0.792981894,0,0.580435828,0,0,0.550152219,0,0.367889761,0.0735,0.670725845,0.221518987,0,0.203573145,0,0.837846499,0,0.0118,0.639881429,0.816535812,0.0679,0.901778561,0.263579555,1
3082,342,7,3,0.792981894,0,0.580435828,0,0,0.550152219,0,0.367889761,0.0735,0.670725845,0.221518987,0,0.203573145,0,0.837846499,0,0.0118,0.639881429,0.816535812,0.0679,0.901778561,0.263579555,1
3083,342,8,4,0.906265022,0,0.663355232,0,0,0.628745393,0,0.420445441,0.084,0.766543823,0.253164557,0,0.232655023,0,0.957538856,0,0.0135,0.731293062,0.933183785,0.0776,1.03060407,0.301233777,1
3084,342,5,5,0.566415639,0,0.41459702,0,0,0.392965871,0,0.262778401,0.0525,0.479089889,0.158227848,0,0.14540939,0,0.598461785,0,0.00841,0.457058164,0.583239865,0.0485,0.644127544,0.18827111,3
3085,342,7,6,0.792981894,0,0.580435828,0,0,0.550152219,0,0.367889761,0.0735,0.670725845,0.221518987,0,0.203573145,0,0.837846499,0,0.0118,0.639881429,0.816535812,0.0679,0.901778561,0.263579555,1
3086,342,8,7,0.906265022,0,0.663355232,0,0,0.628745393,0,0.420445441,0.084,0.766543823,0.253164557,0,0.232655023,0,0.957538856,0,0.0135,0.731293062,0.933183785,0.0776,1.03060407,0.301233777,1
3087,342,7,8,0.792981894,0,0.580435828,0,0,0.550152219,0,0.367889761,0.0735,0.670725845,0.221518987,0,0.203573145,0,0.837846499,0,0.0118,0.639881429,0.816535812,0.0679,0.901778561,0.263579555,1
3088,342,7,9,0.792981894,0,0.580435828,0,0,0.550152219,0,0.367889761,0.0735,0.670725845,0.221518987,0,0.203573145,0,0.837846499,0,0.0118,0.639881429,0.816535812,0.0679,0.901778561,0.263579555,1
3089,342,7,10,0.792981894,0,0.580435828,0,0,0.550152219,0,0.367889761,0.0735,0.670725845,0.221518987,0,0.203573145,0,0.837846499,0,0.0118,0.639881429,0.816535812,0.0679,0.901778561,0.263579555,1
3090,342,6,11,0.679698766,0,0.497516424,0,0,0.471559045,0,0.315334081,0.063,0.574907867,0.189873418,0,0.174491267,0,0.718154142,0,0.0101,0.548469796,0.699887838,0.0582,0.772953052,0.225925332,3
3091,342,6,12,0.679698766,0,0.497516424,0,0,0.471559045,0,0.315334081,0.063,0.574907867,0.189873418,0,0.174491267,0,0.718154142,0,0.0101,0.548469796,0.699887838,0.0582,0.772953052,0.225925332,3
3092,342,6,13,0.679698766,0,0.497516424,0,0,0.471559045,0,0.315334081,0.063,0.574907867,0.189873418,0,0.174491267,0,0.718154142,0,0.0101,0.548469796,0.699887838,0.0582,0.772953052,0.225925332,3
3093,342,8,14,0.906265022,0,0.663355232,0,0,0.628745393,0,0.420445441,0.084,0.766543823,0.253164557,0,0.232655023,0,0.957538856,0,0.0135,0.731293062,0.933183785,0.0776,1.03060407,0.301233777,1
3094,342,7,15,0.792981894,0,0.580435828,0,0,0.550152219,0,0.367889761,0.0735,0.670725845,0.221518987,0,0.203573145,0,0.837846499,0,0.0118,0.639881429,0.816535812,0.0679,0.901778561,0.263579555,1
3095,342,7,16,0.792981894,0,0.580435828,0,0,0.550152219,0,0.367889761,0.0735,0.670725845,0.221518987,0,0.203573145,0,0.837846499,0,0.0118,0.639881429,0.816535812,0.0679,0.901778561,0.263579555,1
3096,342,2,17,0.226566255,0,0.165838808,0,0,0.157186348,0,0.10511136,0.021,0.191635956,0.0633,0,0.0582,0,0.239384714,0,0.00336,0.182823265,0.233295946,0.0194,0.257651017,0.0753,3
3097,342,8,18,0.906265022,0,0.663355232,0,0,0.628745393,0,0.420445441,0.084,0.766543823,0.253164557,0,0.232655023,0,0.957538856,0,0.0135,0.731293062,0.933183785,0.0776,1.03060407,0.301233777,1
3098,342,7,19,0.792981894,0,0.580435828,0,0,0.550152219,0,0.367889761,0.0735,0.670725845,0.221518987,0,0.203573145,0,0.837846499,0,0.0118,0.639881429,0.816535812,0.0679,0.901778561,0.263579555,1
3099,342,9,20,1.019548149,0,0.746274636,0,0,0.707338567,0,0.473001122,0.0945,0.862361801,0.284810127,0,0.261736901,0,1.077231213,0,0.0151,0.822704695,1.049831758,0.0872,1.159429579,0.338887999,1
3100,342,6,21,0.679698766,0,0.497516424,0,0,0.471559045,0,0.315334081,0.063,0.574907867,0.189873418,0,0.174491267,0,0.718154142,0,0.0101,0.548469796,0.699887838,0.0582,0.772953052,0.225925332,3
3101,342,8,22,0.906265022,0,0.663355232,0,0,0.628745393,0,0.420445441,0.084,0.766543823,0.253164557,0,0.232655023,0,0.957538856,0,0.0135,0.731293062,0.933183785,0.0776,1.03060407,0.301233777,1
3102,342,3,23,0.339849383,0,0.248758212,0,0,0.235779522,0,0.157667041,0.0315,0.287453934,0.0949,0,0.0872,0,0.359077071,0,0.00505,0.274234898,0.349943919,0.0291,0.386476526,0.112962666,3
3103,342,8,24,0.906265022,0,0.663355232,0,0,0.628745393,0,0.420445441,0.084,0.766543823,0.253164557,0,0.232655023,0,0.957538856,0,0.0135,0.731293062,0.933183785,0.0776,1.03060407,0.301233777,1
3104,342,8,25,0.906265022,0,0.663355232,0,0,0.628745393,0,0.420445441,0.084,0.766543823,0.253164557,0,0.232655023,0,0.957538856,0,0.0135,0.731293062,0.933183785,0.0776,1.03060407,0.301233777,1
3105,342,7,26,0.792981894,0,0.580435828,0,0,0.550152219,0,0.367889761,0.0735,0.670725845,0.221518987,0,0.203573145,0,0.837846499,0,0.0118,0.639881429,0.816535812,0.0679,0.901778561,0.263579555,1
3106,342,8,27,0.906265022,0,0.663355232,0,0,0.628745393,0,0.420445441,0.084,0.766543823,0.253164557,0,0.232655023,0,0.957538856,0,0.0135,0.731293062,0.933183785,0.0776,1.03060407,0.301233777,1
3107,342,7,28,0.792981894,0,0.580435828,0,0,0.550152219,0,0.367889761,0.0735,0.670725845,0.221518987,0,0.203573145,0,0.837846499,0,0.0118,0.639881429,0.816535812,0.0679,0.901778561,0.263579555,1
3108,342,7,29,0.792981894,0,0.580435828,0,0,0.550152219,0,0.367889761,0.0735,0.670725845,0.221518987,0,0.203573145,0,0.837846499,0,0.0118,0.639881429,0.816535812,0.0679,0.901778561,0.263579555,1
3109,342,8,30,0.906265022,0,0.663355232,0,0,0.628745393,0,0.420445441,0.084,0.766543823,0.253164557,0,0.232655023,0,0.957538856,0,0.0135,0.731293062,0.933183785,0.0776,1.03060407,0.301233777,1
3110,342,7,31,0.792981894,0,0.580435828,0,0,0.550152219,0,0.367889761,0.0735,0.670725845,0.221518987,0,0.203573145,0,0.837846499,0,0.0118,0.639881429,0.816535812,0.0679,0.901778561,0.263579555,1
3111,342,8,32,0.906265022,0,0.663355232,0,0,0.628745393,0,0.420445441,0.084,0.766543823,0.253164557,0,0.232655023,0,0.957538856,0,0.0135,0.731293062,0.933183785,0.0776,1.03060407,0.301233777,1
3112,342,3,33,0.339849383,0,0.248758212,0,0,0.235779522,0,0.157667041,0.0315,0.287453934,0.0949,0,0.0872,0,0.359077071,0,0.00505,0.274234898,0.349943919,0.0291,0.386476526,0.112962666,3
3113,342,8,34,0.906265022,0,0.663355232,0,0,0.628745393,0,0.420445441,0.084,0.766543823,0.253164557,0,0.232655023,0,0.957538856,0,0.0135,0.731293062,0.933183785,0.0776,1.03060407,0.301233777,1
3114,342,9,35,1.019548149,0,0.746274636,0,0,0.707338567,0,0.473001122,0.0945,0.862361801,0.284810127,0,0.261736901,0,1.077231213,0,0.0151,0.822704695,1.049831758,0.0872,1.159429579,0.338887999,1
3115,342,1,36,0.113283128,0,0.0829,0,0,0.0786,0,0.0526,0.0105,0.0958,0.0316,0,0.0291,0,0.119692357,0,0.00168,0.0914,0.116647973,0.00969,0.128825509,0.0377,3
3116,342,7,37,0.792981894,0,0.580435828,0,0,0.550152219,0,0.367889761,0.0735,0.670725845,0.221518987,0,0.203573145,0,0.837846499,0,0.0118,0.639881429,0.816535812,0.0679,0.901778561,0.263579555,1
3117,342,8,38,0.906265022,0,0.663355232,0,0,0.628745393,0,0.420445441,0.084,0.766543823,0.253164557,0,0.232655023,0,0.957538856,0,0.0135,0.731293062,0.933183785,0.0776,1.03060407,0.301233777,1
3118,342,7,39,0.792981894,0,0.580435828,0,0,0.550152219,0,0.367889761,0.0735,0.670725845,0.221518987,0,0.203573145,0,0.837846499,0,0.0118,0.639881429,0.816535812,0.0679,0.901778561,0.263579555,1
3119,342,7,40,0.792981894,0,0.580435828,0,0,0.550152219,0,0.367889761,0.0735,0.670725845,0.221518987,0,0.203573145,0,0.837846499,0,0.0118,0.639881429,0.816535812,0.0679,0.901778561,0.263579555,1
3120,342,8,41,0.906265022,0,0.663355232,0,0,0.628745393,0,0.420445441,0.084,0.766543823,0.253164557,0,0.232655023,0,0.957538856,0,0.0135,0.731293062,0.933183785,0.0776,1.03060407,0.301233777,1
3121,342,9,42,1.019548149,0,0.746274636,0,0,0.707338567,0,0.473001122,0.0945,0.862361801,0.284810127,0,0.261736901,0,1.077231213,0,0.0151,0.822704695,1.049831758,0.0872,1.159429579,0.338887999,1
3122,342,8,43,0.906265022,0,0.663355232,0,0,0.628745393,0,0.420445441,0.084,0.766543823,0.253164557,0,0.232655023,0,0.957538856,0,0.0135,0.731293062,0.933183785,0.0776,1.03060407,0.301233777,1
3123,342,2,44,0.226566255,0,0.165838808,0,0,0.157186348,0,0.10511136,0.021,0.191635956,0.0633,0,0.0582,0,0.239384714,0,0.00336,0.182823265,0.233295946,0.0194,0.257651017,0.0753,3
3124,342,7,45,0.792981894,0,0.580435828,0,0,0.550152219,0,0.367889761,0.0735,0.670725845,0.221518987,0,0.203573145,0,0.837846499,0,0.0118,0.639881429,0.816535812,0.0679,0.901778561,0.263579555,1
3125,342,6,46,0.679698766,0,0.497516424,0,0,0.471559045,0,0.315334081,0.063,0.574907867,0.189873418,0,0.174491267,0,0.718154142,0,0.0101,0.548469796,0.699887838,0.0582,0.772953052,0.225925332,3
3126,342,8,47,0.906265022,0,0.663355232,0,0,0.628745393,0,0.420445441,0.084,0.766543823,0.253164557,0,0.232655023,0,0.957538856,0,0.0135,0.731293062,0.933183785,0.0776,1.03060407,0.301233777,1
3127,342,4,48,0.453132511,0,0.331677616,0,0,0.314372697,0,0.210222721,0.042,0.383271912,0.126582278,0,0.116327512,0,0.478769428,0,0.00673,0.365646531,0.466591892,0.0388,0.515302035,0.150616888,3
3128,342,7,49,0.792981894,0,0.580435828,0,0,0.550152219,0,0.367889761,0.0735,0.670725845,0.221518987,0,0.203573145,0,0.837846499,0,0.0118,0.639881429,0.816535812,0.0679,0.901778561,0.263579555,1
3129,342,5,50,0.566415639,0,0.41459702,0,0,0.392965871,0,0.262778401,0.0525,0.479089889,0.158227848,0,0.14540939,0,0.598461785,0,0.00841,0.457058164,0.583239865,0.0485,0.644127544,0.18827111,3
3130,342,6,51,0.679698766,0,0.497516424,0,0,0.471559045,0,0.315334081,0.063,0.574907867,0.189873418,0,0.174491267,0,0.718154142,0,0.0101,0.548469796,0.699887838,0.0582,0.772953052,0.225925332,3
3131,342,8,52,0.906265022,0,0.663355232,0,0,0.628745393,0,0.420445441,0.084,0.766543823,0.253164557,0,0.232655023,0,0.957538856,0,0.0135,0.731293062,0.933183785,0.0776,1.03060407,0.301233777,1
3132,342,6,53,0.679698766,0,0.497516424,0,0,0.471559045,0,0.315334081,0.063,0.574907867,0.189873418,0,0.174491267,0,0.718154142,0,0.0101,0.548469796,0.699887838,0.0582,0.772953052,0.225925332,3
3133,342,9,54,1.019548149,0,0.746274636,0,0,0.707338567,0,0.473001122,0.0945,0.862361801,0.284810127,0,0.261736901,0,1.077231213,0,0.0151,0.822704695,1.049831758,0.0872,1.159429579,0.338887999,1
3134,342,9,55,1.019548149,0,0.746274636,0,0,0.707338567,0,0.473001122,0.0945,0.862361801,0.284810127,0,0.261736901,0,1.077231213,0,0.0151,0.822704695,1.049831758,0.0872,1.159429579,0.338887999,1
3135,342,8,56,0.906265022,0,0.663355232,0,0,0.628745393,0,0.420445441,0.084,0.766543823,0.253164557,0,0.232655023,0,0.957538856,0,0.0135,0.731293062,0.933183785,0.0776,1.03060407,0.301233777,1
3136,342,1,57,0.113283128,0,0.0829,0,0,0.0786,0,0.0526,0.0105,0.0958,0.0316,0,0.0291,0,0.119692357,0,0.00168,0.0914,0.116647973,0.00969,0.128825509,0.0377,3
3137,342,3,58,0.339849383,0,0.248758212,0,0,0.235779522,0,0.157667041,0.0315,0.287453934,0.0949,0,0.0872,0,0.359077071,0,0.00505,0.274234898,0.349943919,0.0291,0.386476526,0.112962666,3
3138,342,8,59,0.906265022,0,0.663355232,0,0,0.628745393,0,0.420445441,0.084,0.766543823,0.253164557,0,0.232655023,0,0.957538856,0,0.0135,0.731293062,0.933183785,0.0776,1.03060407,0.301233777,1
3139,342,8,60,0.906265022,0,0.663355232,0,0,0.628745393,0,0.420445441,0.084,0.766543823,0.253164557,0,0.232655023,0,0.957538856,0,0.0135,0.731293062,0.933183785,0.0776,1.03060407,0.301233777,1
3140,342,8,61,0.906265022,0,0.663355232,0,0,0.628745393,0,0.420445441,0.084,0.766543823,0.253164557,0,0.232655023,0,0.957538856,0,0.0135,0.731293062,0.933183785,0.0776,1.03060407,0.301233777,1
3141,342,5,62,0.566415639,0,0.41459702,0,0,0.392965871,0,0.262778401,0.0525,0.479089889,0.158227848,0,0.14540939,0,0.598461785,0,0.00841,0.457058164,0.583239865,0.0485,0.644127544,0.18827111,3
3142,342,9,63,1.019548149,0,0.746274636,0,0,0.707338567,0,0.473001122,0.0945,0.862361801,0.284810127,0,0.261736901,0,1.077231213,0,0.0151,0.822704695,1.049831758,0.0872,1.159429579,0.338887999,1
3143,342,5,64,0.566415639,0,0.41459702,0,0,0.392965871,0,0.262778401,0.0525,0.479089889,0.158227848,0,0.14540939,0,0.598461785,0,0.00841,0.457058164,0.583239865,0.0485,0.644127544,0.18827111,3
3144,342,9,65,1.019548149,0,0.746274636,0,0,0.707338567,0,0.473001122,0.0945,0.862361801,0.284810127,0,0.261736901,0,1.077231213,0,0.0151,0.822704695,1.049831758,0.0872,1.159429579,0.338887999,1
3145,342,8,66,0.906265022,0,0.663355232,0,0,0.628745393,0,0.420445441,0.084,0.766543823,0.253164557,0,0.232655023,0,0.957538856,0,0.0135,0.731293062,0.933183785,0.0776,1.03060407,0.301233777,1
3146,342,7,67,0.792981894,0,0.580435828,0,0,0.550152219,0,0.367889761,0.0735,0.670725845,0.221518987,0,0.203573145,0,0.837846499,0,0.0118,0.639881429,0.816535812,0.0679,0.901778561,0.263579555,1
3147,342,5,68,0.566415639,0,0.41459702,0,0,0.392965871,0,0.262778401,0.0525,0.479089889,0.158227848,0,0.14540939,0,0.598461785,0,0.00841,0.457058164,0.583239865,0.0485,0.644127544,0.18827111,3
3148,342,6,69,0.679698766,0,0.497516424,0,0,0.471559045,0,0.315334081,0.063,0.574907867,0.189873418,0,0.174491267,0,0.718154142,0,0.0101,0.548469796,0.699887838,0.0582,0.772953052,0.225925332,3
3149,342,1,70,0.113283128,0,0.0829,0,0,0.0786,0,0.0526,0.0105,0.0958,0.0316,0,0.0291,0,0.119692357,0,0.00168,0.0914,0.116647973,0.00969,0.128825509,0.0377,3
3150,342,9,71,1.019548149,0,0.746274636,0,0,0.707338567,0,0.473001122,0.0945,0.862361801,0.284810127,0,0.261736901,0,1.077231213,0,0.0151,0.822704695,1.049831758,0.0872,1.159429579,0.338887999,1
3151,342,7,72,0.792981894,0,0.580435828,0,0,0.550152219,0,0.367889761,0.0735,0.670725845,0.221518987,0,0.203573145,0,0.837846499,0,0.0118,0.639881429,0.816535812,0.0679,0.901778561,0.263579555,1
3152,342,9,73,1.019548149,0,0.746274636,0,0,0.707338567,0,0.473001122,0.0945,0.862361801,0.284810127,0,0.261736901,0,1.077231213,0,0.0151,0.822704695,1.049831758,0.0872,1.159429579,0.338887999,1
3153,342,9,74,1.019548149,0,0.746274636,0,0,0.707338567,0,0.473001122,0.0945,0.862361801,0.284810127,0,0.261736901,0,1.077231213,0,0.0151,0.822704695,1.049831758,0.0872,1.159429579,0.338887999,1
3154,342,7,75,0.792981894,0,0.580435828,0,0,0.550152219,0,0.367889761,0.0735,0.670725845,0.221518987,0,0.203573145,0,0.837846499,0,0.0118,0.639881429,0.816535812,0.0679,0.901778561,0.263579555,1
3155,342,9,76,1.019548149,0,0.746274636,0,0,0.707338567,0,0.473001122,0.0945,0.862361801,0.284810127,0,0.261736901,0,1.077231213,0,0.0151,0.822704695,1.049831758,0.0872,1.159429579,0.338887999,1
3156,342,9,77,1.019548149,0,0.746274636,0,0,0.707338567,0,0.473001122,0.0945,0.862361801,0.284810127,0,0.261736901,0,1.077231213,0,0.0151,0.822704695,1.049831758,0.0872,1.159429579,0.338887999,1
3157,342,7,78,0.792981894,0,0.580435828,0,0,0.550152219,0,0.367889761,0.0735,0.670725845,0.221518987,0,0.203573145,0,0.837846499,0,0.0118,0.639881429,0.816535812,0.0679,0.901778561,0.263579555,1
3158,342,9,79,1.019548149,0,0.746274636,0,0,0.707338567,0,0.473001122,0.0945,0.862361801,0.284810127,0,0.261736901,0,1.077231213,0,0.0151,0.822704695,1.049831758,0.0872,1.159429579,0.338887999,1
3159,342,8,80,0.906265022,0,0.663355232,0,0,0.628745393,0,0.420445441,0.084,0.766543823,0.253164557,0,0.232655023,0,0.957538856,0,0.0135,0.731293062,0.933183785,0.0776,1.03060407,0.301233777,1
3160,342,8,81,0.906265022,0,0.663355232,0,0,0.628745393,0,0.420445441,0.084,0.766543823,0.253164557,0,0.232655023,0,0.957538856,0,0.0135,0.731293062,0.933183785,0.0776,1.03060407,0.301233777,1
3161,342,7,82,0.792981894,0,0.580435828,0,0,0.550152219,0,0.367889761,0.0735,0.670725845,0.221518987,0,0.203573145,0,0.837846499,0,0.0118,0.639881429,0.816535812,0.0679,0.901778561,0.263579555,1
3162,342,5,83,0.566415639,0,0.41459702,0,0,0.392965871,0,0.262778401,0.0525,0.479089889,0.158227848,0,0.14540939,0,0.598461785,0,0.00841,0.457058164,0.583239865,0.0485,0.644127544,0.18827111,3
3163,342,4,84,0.453132511,0,0.331677616,0,0,0.314372697,0,0.210222721,0.042,0.383271912,0.126582278,0,0.116327512,0,0.478769428,0,0.00673,0.365646531,0.466591892,0.0388,0.515302035,0.150616888,3
3164,342,5,85,0.566415639,0,0.41459702,0,0,0.392965871,0,0.262778401,0.0525,0.479089889,0.158227848,0,0.14540939,0,0.598461785,0,0.00841,0.457058164,0.583239865,0.0485,0.644127544,0.18827111,3
3165,342,9,86,1.019548149,0,0.746274636,0,0,0.707338567,0,0.473001122,0.0945,0.862361801,0.284810127,0,0.261736901,0,1.077231213,0,0.0151,0.822704695,1.049831758,0.0872,1.159429579,0.338887999,1
3166,342,7,87,0.792981894,0,0.580435828,0,0,0.550152219,0,0.367889761,0.0735,0.670725845,0.221518987,0,0.203573145,0,0.837846499,0,0.0118,0.639881429,0.816535812,0.0679,0.901778561,0.263579555,1
3167,342,5,88,0.566415639,0,0.41459702,0,0,0.392965871,0,0.262778401,0.0525,0.479089889,0.158227848,0,0.14540939,0,0.598461785,0,0.00841,0.457058164,0.583239865,0.0485,0.644127544,0.18827111,3
3168,342,9,89,1.019548149,0,0.746274636,0,0,0.707338567,0,0.473001122,0.0945,0.862361801,0.284810127,0,0.261736901,0,1.077231213,0,0.0151,0.822704695,1.049831758,0.0872,1.159429579,0.338887999,1
3169,342,7,90,0.792981894,0,0.580435828,0,0,0.550152219,0,0.367889761,0.0735,0.670725845,0.221518987,0,0.203573145,0,0.837846499,0,0.0118,0.639881429,0.816535812,0.0679,0.901778561,0.263579555,1
3170,342,4,91,0.453132511,0,0.331677616,0,0,0.314372697,0,0.210222721,0.042,0.383271912,0.126582278,0,0.116327512,0,0.478769428,0,0.00673,0.365646531,0.466591892,0.0388,0.515302035,0.150616888,3
3171,342,7,92,0.792981894,0,0.580435828,0,0,0.550152219,0,0.367889761,0.0735,0.670725845,0.221518987,0,0.203573145,0,0.837846499,0,0.0118,0.639881429,0.816535812,0.0679,0.901778561,0.263579555,1
3172,342,8,93,0.906265022,0,0.663355232,0,0,0.628745393,0,0.420445441,0.084,0.766543823,0.253164557,0,0.232655023,0,0.957538856,0,0.0135,0.731293062,0.933183785,0.0776,1.03060407,0.301233777,1
3173,342,9,94,1.019548149,0,0.746274636,0,0,0.707338567,0,0.473001122,0.0945,0.862361801,0.284810127,0,0.261736901,0,1.077231213,0,0.0151,0.822704695,1.049831758,0.0872,1.159429579,0.338887999,1
3174,342,8,95,0.906265022,0,0.663355232,0,0,0.628745393,0,0.420445441,0.084,0.766543823,0.253164557,0,0.232655023,0,0.957538856,0,0.0135,0.731293062,0.933183785,0.0776,1.03060407,0.301233777,1
3175,342,7,96,0.792981894,0,0.580435828,0,0,0.550152219,0,0.367889761,0.0735,0.670725845,0.221518987,0,0.203573145,0,0.837846499,0,0.0118,0.639881429,0.816535812,0.0679,0.901778561,0.263579555,1
3176,342,5,97,0.566415639,0,0.41459702,0,0,0.392965871,0,0.262778401,0.0525,0.479089889,0.158227848,0,0.14540939,0,0.598461785,0,0.00841,0.457058164,0.583239865,0.0485,0.644127544,0.18827111,3
3177,342,6,98,0.679698766,0,0.497516424,0,0,0.471559045,0,0.315334081,0.063,0.574907867,0.189873418,0,0.174491267,0,0.718154142,0,0.0101,0.548469796,0.699887838,0.0582,0.772953052,0.225925332,3
3178,342,8,99,0.906265022,0,0.663355232,0,0,0.628745393,0,0.420445441,0.084,0.766543823,0.253164557,0,0.232655023,0,0.957538856,0,0.0135,0.731293062,0.933183785,0.0776,1.03060407,0.301233777,1
3179,342,9,100,1.019548149,0,0.746274636,0,0,0.707338567,0,0.473001122,0.0945,0.862361801,0.284810127,0,0.261736901,0,1.077231213,0,0.0151,0.822704695,1.049831758,0.0872,1.159429579,0.338887999,1
3180,342,9,101,1.019548149,0,0.746274636,0,0,0.707338567,0,0.473001122,0.0945,0.862361801,0.284810127,0,0.261736901,0,1.077231213,0,0.0151,0.822704695,1.049831758,0.0872,1.159429579,0.338887999,1
3181,342,6,102,0.679698766,0,0.497516424,0,0,0.471559045,0,0.315334081,0.063,0.574907867,0.189873418,0,0.174491267,0,0.718154142,0,0.0101,0.548469796,0.699887838,0.0582,0.772953052,0.225925332,3
3182,342,6,103,0.679698766,0,0.497516424,0,0,0.471559045,0,0.315334081,0.063,0.574907867,0.189873418,0,0.174491267,0,0.718154142,0,0.0101,0.548469796,0.699887838,0.0582,0.772953052,0.225925332,3
3183,342,2,104,0.226566255,0,0.165838808,0,0,0.157186348,0,0.10511136,0.021,0.191635956,0.0633,0,0.0582,0,0.239384714,0,0.00336,0.182823265,0.233295946,0.0194,0.257651017,0.0753,3
3184,342,8,105,0.906265022,0,0.663355232,0,0,0.628745393,0,0.420445441,0.084,0.766543823,0.253164557,0,0.232655023,0,0.957538856,0,0.0135,0.731293062,0.933183785,0.0776,1.03060407,0.301233777,1
3185,342,8,106,0.906265022,0,0.663355232,0,0,0.628745393,0,0.420445441,0.084,0.766543823,0.253164557,0,0.232655023,0,0.957538856,0,0.0135,0.731293062,0.933183785,0.0776,1.03060407,0.301233777,1
3186,342,4,107,0.453132511,0,0.331677616,0,0,0.314372697,0,0.210222721,0.042,0.383271912,0.126582278,0,0.116327512,0,0.478769428,0,0.00673,0.365646531,0.466591892,0.0388,0.515302035,0.150616888,3
3187,342,7,108,0.792981894,0,0.580435828,0,0,0.550152219,0,0.367889761,0.0735,0.670725845,0.221518987,0,0.203573145,0,0.837846499,0,0.0118,0.639881429,0.816535812,0.0679,0.901778561,0.263579555,1
3188,342,7,109,0.792981894,0,0.580435828,0,0,0.550152219,0,0.367889761,0.0735,0.670725845,0.221518987,0,0.203573145,0,0.837846499,0,0.0118,0.639881429,0.816535812,0.0679,0.901778561,0.263579555,1
3189,342,7,110,0.792981894,0,0.580435828,0,0,0.550152219,0,0.367889761,0.0735,0.670725845,0.221518987,0,0.203573145,0,0.837846499,0,0.0118,0.639881429,0.816535812,0.0679,0.901778561,0.263579555,1
3190,342,7,111,0.792981894,0,0.580435828,0,0,0.550152219,0,0.367889761,0.0735,0.670725845,0.221518987,0,0.203573145,0,0.837846499,0,0.0118,0.639881429,0.816535812,0.0679,0.901778561,0.263579555,1
3191,342,7,112,0.792981894,0,0.580435828,0,0,0.550152219,0,0.367889761,0.0735,0.670725845,0.221518987,0,0.203573145,0,0.837846499,0,0.0118,0.639881429,0.816535812,0.0679,0.901778561,0.263579555,1
3192,342,6,113,0.679698766,0,0.497516424,0,0,0.471559045,0,0.315334081,0.063,0.574907867,0.189873418,0,0.174491267,0,0.718154142,0,0.0101,0.548469796,0.699887838,0.0582,0.772953052,0.225925332,3
3193,342,9,114,1.019548149,0,0.746274636,0,0,0.707338567,0,0.473001122,0.0945,0.862361801,0.284810127,0,0.261736901,0,1.077231213,0,0.0151,0.822704695,1.049831758,0.0872,1.159429579,0.338887999,1
3194,342,8,115,0.906265022,0,0.663355232,0,0,0.628745393,0,0.420445441,0.084,0.766543823,0.253164557,0,0.232655023,0,0.957538856,0,0.0135,0.731293062,0.933183785,0.0776,1.03060407,0.301233777,1
3195,342,8,116,0.906265022,0,0.663355232,0,0,0.628745393,0,0.420445441,0.084,0.766543823,0.253164557,0,0.232655023,0,0.957538856,0,0.0135,0.731293062,0.933183785,0.0776,1.03060407,0.301233777,1
3196,342,8,117,0.906265022,0,0.663355232,0,0,0.628745393,0,0.420445441,0.084,0.766543823,0.253164557,0,0.232655023,0,0.957538856,0,0.0135,0.731293062,0.933183785,0.0776,1.03060407,0.301233777,1
3197,342,4,118,0.453132511,0,0.331677616,0,0,0.314372697,0,0.210222721,0.042,0.383271912,0.126582278,0,0.116327512,0,0.478769428,0,0.00673,0.365646531,0.466591892,0.0388,0.515302035,0.150616888,3
3198,342,5,119,0.566415639,0,0.41459702,0,0,0.392965871,0,0.262778401,0.0525,0.479089889,0.158227848,0,0.14540939,0,0.598461785,0,0.00841,0.457058164,0.583239865,0.0485,0.644127544,0.18827111,3
3199,342,7,120,0.792981894,0,0.580435828,0,0,0.550152219,0,0.367889761,0.0735,0.670725845,0.221518987,0,0.203573145,0,0.837846499,0,0.0118,0.639881429,0.816535812,0.0679,0.901778561,0.263579555,1
3200,342,8,121,0.906265022,0,0.663355232,0,0,0.628745393,0,0.420445441,0.084,0.766543823,0.253164557,0,0.232655023,0,0.957538856,0,0.0135,0.731293062,0.933183785,0.0776,1.03060407,0.301233777,1
3201,342,8,122,0.906265022,0,0.663355232,0,0,0.628745393,0,0.420445441,0.084,0.766543823,0.253164557,0,0.232655023,0,0.957538856,0,0.0135,0.731293062,0.933183785,0.0776,1.03060407,0.301233777,1
3202,342,9,123,1.019548149,0,0.746274636,0,0,0.707338567,0,0.473001122,0.0945,0.862361801,0.284810127,0,0.261736901,0,1.077231213,0,0.0151,0.822704695,1.049831758,0.0872,1.159429579,0.338887999,1
3203,342,7,124,0.792981894,0,0.580435828,0,0,0.550152219,0,0.367889761,0.0735,0.670725845,0.221518987,0,0.203573145,0,0.837846499,0,0.0118,0.639881429,0.816535812,0.0679,0.901778561,0.263579555,1
3204,342,7,125,0.792981894,0,0.580435828,0,0,0.550152219,0,0.367889761,0.0735,0.670725845,0.221518987,0,0.203573145,0,0.837846499,0,0.0118,0.639881429,0.816535812,0.0679,0.901778561,0.263579555,1
3205,342,3,126,0.339849383,0,0.248758212,0,0,0.235779522,0,0.157667041,0.0315,0.287453934,0.0949,0,0.0872,0,0.359077071,0,0.00505,0.274234898,0.349943919,0.0291,0.386476526,0.112962666,3
3206,342,5,127,0.566415639,0,0.41459702,0,0,0.392965871,0,0.262778401,0.0525,0.479089889,0.158227848,0,0.14540939,0,0.598461785,0,0.00841,0.457058164,0.583239865,0.0485,0.644127544,0.18827111,3
3207,342,9,128,1.019548149,0,0.746274636,0,0,0.707338567,0,0.473001122,0.0945,0.862361801,0.284810127,0,0.261736901,0,1.077231213,0,0.0151,0.822704695,1.049831758,0.0872,1.159429579,0.338887999,1
3208,342,3,129,0.339849383,0,0.248758212,0,0,0.235779522,0,0.157667041,0.0315,0.287453934,0.0949,0,0.0872,0,0.359077071,0,0.00505,0.274234898,0.349943919,0.0291,0.386476526,0.112962666,3
3209,342,6,130,0.679698766,0,0.497516424,0,0,0.471559045,0,0.315334081,0.063,0.574907867,0.189873418,0,0.174491267,0,0.718154142,0,0.0101,0.548469796,0.699887838,0.0582,0.772953052,0.225925332,3
3210,342,9,131,1.019548149,0,0.746274636,0,0,0.707338567,0,0.473001122,0.0945,0.862361801,0.284810127,0,0.261736901,0,1.077231213,0,0.0151,0.822704695,1.049831758,0.0872,1.159429579,0.338887999,1
3211,342,6,132,0.679698766,0,0.497516424,0,0,0.471559045,0,0.315334081,0.063,0.574907867,0.189873418,0,0.174491267,0,0.718154142,0,0.0101,0.548469796,0.699887838,0.0582,0.772953052,0.225925332,3
3212,342,9,133,1.019548149,0,0.746274636,0,0,0.707338567,0,0.473001122,0.0945,0.862361801,0.284810127,0,0.261736901,0,1.077231213,0,0.0151,0.822704695,1.049831758,0.0872,1.159429579,0.338887999,1
3213,342,8,134,0.906265022,0,0.663355232,0,0,0.628745393,0,0.420445441,0.084,0.766543823,0.253164557,0,0.232655023,0,0.957538856,0,0.0135,0.731293062,0.933183785,0.0776,1.03060407,0.301233777,1
3214,342,6,135,0.679698766,0,0.497516424,0,0,0.471559045,0,0.315334081,0.063,0.574907867,0.189873418,0,0.174491267,0,0.718154142,0,0.0101,0.548469796,0.699887838,0.0582,0.772953052,0.225925332,3
3215,342,7,136,0.792981894,0,0.580435828,0,0,0.550152219,0,0.367889761,0.0735,0.670725845,0.221518987,0,0.203573145,0,0.837846499,0,0.0118,0.639881429,0.816535812,0.0679,0.901778561,0.263579555,1
3216,342,4,137,0.453132511,0,0.331677616,0,0,0.314372697,0,0.210222721,0.042,0.383271912,0.126582278,0,0.116327512,0,0.478769428,0,0.00673,0.365646531,0.466591892,0.0388,0.515302035,0.150616888,3
3217,342,7,138,0.792981894,0,0.580435828,0,0,0.550152219,0,0.367889761,0.0735,0.670725845,0.221518987,0,0.203573145,0,0.837846499,0,0.0118,0.639881429,0.816535812,0.0679,0.901778561,0.263579555,1
3218,342,4,139,0.453132511,0,0.331677616,0,0,0.314372697,0,0.210222721,0.042,0.383271912,0.126582278,0,0.116327512,0,0.478769428,0,0.00673,0.365646531,0.466591892,0.0388,0.515302035,0.150616888,3
3219,342,8,140,0.906265022,0,0.663355232,0,0,0.628745393,0,0.420445441,0.084,0.766543823,0.253164557,0,0.232655023,0,0.957538856,0,0.0135,0.731293062,0.933183785,0.0776,1.03060407,0.301233777,1
3220,342,9,141,1.019548149,0,0.746274636,0,0,0.707338567,0,0.473001122,0.0945,0.862361801,0.284810127,0,0.261736901,0,1.077231213,0,0.0151,0.822704695,1.049831758,0.0872,1.159429579,0.338887999,1
3221,342,7,142,0.792981894,0,0.580435828,0,0,0.550152219,0,0.367889761,0.0735,0.670725845,0.221518987,0,0.203573145,0,0.837846499,0,0.0118,0.639881429,0.816535812,0.0679,0.901778561,0.263579555,1
3222,342,6,143,0.679698766,0,0.497516424,0,0,0.471559045,0,0.315334081,0.063,0.574907867,0.189873418,0,0.174491267,0,0.718154142,0,0.0101,0.548469796,0.699887838,0.0582,0.772953052,0.225925332,3
3223,342,7,144,0.792981894,0,0.580435828,0,0,0.550152219,0,0.367889761,0.0735,0.670725845,0.221518987,0,0.203573145,0,0.837846499,0,0.0118,0.639881429,0.816535812,0.0679,0.901778561,0.263579555,1
3224,342,8,145,0.906265022,0,0.663355232,0,0,0.628745393,0,0.420445441,0.084,0.766543823,0.253164557,0,0.232655023,0,0.957538856,0,0.0135,0.731293062,0.933183785,0.0776,1.03060407,0.301233777,1
3225,342,8,146,0.906265022,0,0.663355232,0,0,0.628745393,0,0.420445441,0.084,0.766543823,0.253164557,0,0.232655023,0,0.957538856,0,0.0135,0.731293062,0.933183785,0.0776,1.03060407,0.301233777,1
3226,342,8,147,0.906265022,0,0.663355232,0,0,0.628745393,0,0.420445441,0.084,0.766543823,0.253164557,0,0.232655023,0,0.957538856,0,0.0135,0.731293062,0.933183785,0.0776,1.03060407,0.301233777,1
3227,342,9,148,1.019548149,0,0.746274636,0,0,0.707338567,0,0.473001122,0.0945,0.862361801,0.284810127,0,0.261736901,0,1.077231213,0,0.0151,0.822704695,1.049831758,0.0872,1.159429579,0.338887999,1
3228,342,9,149,1.019548149,0,0.746274636,0,0,0.707338567,0,0.473001122,0.0945,0.862361801,0.284810127,0,0.261736901,0,1.077231213,0,0.0151,0.822704695,1.049831758,0.0872,1.159429579,0.338887999,1
3229,342,3,150,0.339849383,0,0.248758212,0,0,0.235779522,0,0.157667041,0.0315,0.287453934,0.0949,0,0.0872,0,0.359077071,0,0.00505,0.274234898,0.349943919,0.0291,0.386476526,0.112962666,3
3230,342,7,151,0.792981894,0,0.580435828,0,0,0.550152219,0,0.367889761,0.0735,0.670725845,0.221518987,0,0.203573145,0,0.837846499,0,0.0118,0.639881429,0.816535812,0.0679,0.901778561,0.263579555,1
3231,342,4,152,0.453132511,0,0.331677616,0,0,0.314372697,0,0.210222721,0.042,0.383271912,0.126582278,0,0.116327512,0,0.478769428,0,0.00673,0.365646531,0.466591892,0.0388,0.515302035,0.150616888,3
3232,342,9,153,1.019548149,0,0.746274636,0,0,0.707338567,0,0.473001122,0.0945,0.862361801,0.284810127,0,0.261736901,0,1.077231213,0,0.0151,0.822704695,1.049831758,0.0872,1.159429579,0.338887999,1
3233,342,8,154,0.906265022,0,0.663355232,0,0,0.628745393,0,0.420445441,0.084,0.766543823,0.253164557,0,0.232655023,0,0.957538856,0,0.0135,0.731293062,0.933183785,0.0776,1.03060407,0.301233777,1
3234,342,9,155,1.019548149,0,0.746274636,0,0,0.707338567,0,0.473001122,0.0945,0.862361801,0.284810127,0,0.261736901,0,1.077231213,0,0.0151,0.822704695,1.049831758,0.0872,1.159429579,0.338887999,1
3235,342,5,156,0.566415639,0,0.41459702,0,0,0.392965871,0,0.262778401,0.0525,0.479089889,0.158227848,0,0.14540939,0,0.598461785,0,0.00841,0.457058164,0.583239865,0.0485,0.644127544,0.18827111,3
3236,342,7,157,0.792981894,0,0.580435828,0,0,0.550152219,0,0.367889761,0.0735,0.670725845,0.221518987,0,0.203573145,0,0.837846499,0,0.0118,0.639881429,0.816535812,0.0679,0.901778561,0.263579555,1
3237,342,6,158,0.679698766,0,0.497516424,0,0,0.471559045,0,0.315334081,0.063,0.574907867,0.189873418,0,0.174491267,0,0.718154142,0,0.0101,0.548469796,0.699887838,0.0582,0.772953052,0.225925332,3
3238,342,7,159,0.792981894,0,0.580435828,0,0,0.550152219,0,0.367889761,0.0735,0.670725845,0.221518987,0,0.203573145,0,0.837846499,0,0.0118,0.639881429,0.816535812,0.0679,0.901778561,0.263579555,1
3239,342,7,160,0.792981894,0,0.580435828,0,0,0.550152219,0,0.367889761,0.0735,0.670725845,0.221518987,0,0.203573145,0,0.837846499,0,0.0118,0.639881429,0.816535812,0.0679,0.901778561,0.263579555,1
3240,342,5,161,0.566415639,0,0.41459702,0,0,0.392965871,0,0.262778401,0.0525,0.479089889,0.158227848,0,0.14540939,0,0.598461785,0,0.00841,0.457058164,0.583239865,0.0485,0.644127544,0.18827111,3
3241,342,6,162,0.679698766,0,0.497516424,0,0,0.471559045,0,0.315334081,0.063,0.574907867,0.189873418,0,0.174491267,0,0.718154142,0,0.0101,0.548469796,0.699887838,0.0582,0.772953052,0.225925332,3
3242,342,9,163,1.019548149,0,0.746274636,0,0,0.707338567,0,0.473001122,0.0945,0.862361801,0.284810127,0,0.261736901,0,1.077231213,0,0.0151,0.822704695,1.049831758,0.0872,1.159429579,0.338887999,1
3243,342,9,164,1.019548149,0,0.746274636,0,0,0.707338567,0,0.473001122,0.0945,0.862361801,0.284810127,0,0.261736901,0,1.077231213,0,0.0151,0.822704695,1.049831758,0.0872,1.159429579,0.338887999,1
3244,342,5,165,0.566415639,0,0.41459702,0,0,0.392965871,0,0.262778401,0.0525,0.479089889,0.158227848,0,0.14540939,0,0.598461785,0,0.00841,0.457058164,0.583239865,0.0485,0.644127544,0.18827111,3
3245,342,6,166,0.679698766,0,0.497516424,0,0,0.471559045,0,0.315334081,0.063,0.574907867,0.189873418,0,0.174491267,0,0.718154142,0,0.0101,0.548469796,0.699887838,0.0582,0.772953052,0.225925332,3
3246,342,8,167,0.906265022,0,0.663355232,0,0,0.628745393,0,0.420445441,0.084,0.766543823,0.253164557,0,0.232655023,0,0.957538856,0,0.0135,0.731293062,0.933183785,0.0776,1.03060407,0.301233777,1
3247,342,3,168,0.339849383,0,0.248758212,0,0,0.235779522,0,0.157667041,0.0315,0.287453934,0.0949,0,0.0872,0,0.359077071,0,0.00505,0.274234898,0.349943919,0.0291,0.386476526,0.112962666,3
3248,342,1,169,0.113283128,0,0.0829,0,0,0.0786,0,0.0526,0.0105,0.0958,0.0316,0,0.0291,0,0.119692357,0,0.00168,0.0914,0.116647973,0.00969,0.128825509,0.0377,3
3249,342,7,170,0.792981894,0,0.580435828,0,0,0.550152219,0,0.367889761,0.0735,0.670725845,0.221518987,0,0.203573145,0,0.837846499,0,0.0118,0.639881429,0.816535812,0.0679,0.901778561,0.263579555,1
3250,342,8,171,0.906265022,0,0.663355232,0,0,0.628745393,0,0.420445441,0.084,0.766543823,0.253164557,0,0.232655023,0,0.957538856,0,0.0135,0.731293062,0.933183785,0.0776,1.03060407,0.301233777,1
3251,342,7,172,0.792981894,0,0.580435828,0,0,0.550152219,0,0.367889761,0.0735,0.670725845,0.221518987,0,0.203573145,0,0.837846499,0,0.0118,0.639881429,0.816535812,0.0679,0.901778561,0.263579555,1
3252,342,4,173,0.453132511,0,0.331677616,0,0,0.314372697,0,0.210222721,0.042,0.383271912,0.126582278,0,0.116327512,0,0.478769428,0,0.00673,0.365646531,0.466591892,0.0388,0.515302035,0.150616888,3
3253,342,8,174,0.906265022,0,0.663355232,0,0,0.628745393,0,0.420445441,0.084,0.766543823,0.253164557,0,0.232655023,0,0.957538856,0,0.0135,0.731293062,0.933183785,0.0776,1.03060407,0.301233777,1
3254,342,8,175,0.906265022,0,0.663355232,0,0,0.628745393,0,0.420445441,0.084,0.766543823,0.253164557,0,0.232655023,0,0.957538856,0,0.0135,0.731293062,0.933183785,0.0776,1.03060407,0.301233777,1
3255,342,9,176,1.019548149,0,0.746274636,0,0,0.707338567,0,0.473001122,0.0945,0.862361801,0.284810127,0,0.261736901,0,1.077231213,0,0.0151,0.822704695,1.049831758,0.0872,1.159429579,0.338887999,1
3256,342,1,177,0.113283128,0,0.0829,0,0,0.0786,0,0.0526,0.0105,0.0958,0.0316,0,0.0291,0,0.119692357,0,0.00168,0.0914,0.116647973,0.00969,0.128825509,0.0377,3
3257,342,7,178,0.792981894,0,0.580435828,0,0,0.550152219,0,0.367889761,0.0735,0.670725845,0.221518987,0,0.203573145,0,0.837846499,0,0.0118,0.639881429,0.816535812,0.0679,0.901778561,0.263579555,1
3258,342,9,179,1.019548149,0,0.746274636,0,0,0.707338567,0,0.473001122,0.0945,0.862361801,0.284810127,0,0.261736901,0,1.077231213,0,0.0151,0.822704695,1.049831758,0.0872,1.159429579,0.338887999,1
3259,342,8,180,0.906265022,0,0.663355232,0,0,0.628745393,0,0.420445441,0.084,0.766543823,0.253164557,0,0.232655023,0,0.957538856,0,0.0135,0.731293062,0.933183785,0.0776,1.03060407,0.301233777,1
3260,342,8,181,0.906265022,0,0.663355232,0,0,0.628745393,0,0.420445441,0.084,0.766543823,0.253164557,0,0.232655023,0,0.957538856,0,0.0135,0.731293062,0.933183785,0.0776,1.03060407,0.301233777,1
3261,342,9,182,1.019548149,0,0.746274636,0,0,0.707338567,0,0.473001122,0.0945,0.862361801,0.284810127,0,0.261736901,0,1.077231213,0,0.0151,0.822704695,1.049831758,0.0872,1.159429579,0.338887999,1
3262,342,8,183,0.906265022,0,0.663355232,0,0,0.628745393,0,0.420445441,0.084,0.766543823,0.253164557,0,0.232655023,0,0.957538856,0,0.0135,0.731293062,0.933183785,0.0776,1.03060407,0.301233777,1
3263,342,5,184,0.566415639,0,0.41459702,0,0,0.392965871,0,0.262778401,0.0525,0.479089889,0.158227848,0,0.14540939,0,0.598461785,0,0.00841,0.457058164,0.583239865,0.0485,0.644127544,0.18827111,3
3264,342,8,185,0.906265022,0,0.663355232,0,0,0.628745393,0,0.420445441,0.084,0.766543823,0.253164557,0,0.232655023,0,0.957538856,0,0.0135,0.731293062,0.933183785,0.0776,1.03060407,0.301233777,1
3265,342,8,186,0.906265022,0,0.663355232,0,0,0.628745393,0,0.420445441,0.084,0.766543823,0.253164557,0,0.232655023,0,0.957538856,0,0.0135,0.731293062,0.933183785,0.0776,1.03060407,0.301233777,1
3266,342,5,187,0.566415639,0,0.41459702,0,0,0.392965871,0,0.262778401,0.0525,0.479089889,0.158227848,0,0.14540939,0,0.598461785,0,0.00841,0.457058164,0.583239865,0.0485,0.644127544,0.18827111,3
3267,342,9,188,1.019548149,0,0.746274636,0,0,0.707338567,0,0.473001122,0.0945,0.862361801,0.284810127,0,0.261736901,0,1.077231213,0,0.0151,0.822704695,1.049831758,0.0872,1.159429579,0.338887999,1
3268,342,8,189,0.906265022,0,0.663355232,0,0,0.628745393,0,0.420445441,0.084,0.766543823,0.253164557,0,0.232655023,0,0.957538856,0,0.0135,0.731293062,0.933183785,0.0776,1.03060407,0.301233777,1
3269,342,7,190,0.792981894,0,0.580435828,0,0,0.550152219,0,0.367889761,0.0735,0.670725845,0.221518987,0,0.203573145,0,0.837846499,0,0.0118,0.639881429,0.816535812,0.0679,0.901778561,0.263579555,1
3270,342,1,191,0.113283128,0,0.0829,0,0,0.0786,0,0.0526,0.0105,0.0958,0.0316,0,0.0291,0,0.119692357,0,0.00168,0.0914,0.116647973,0.00969,0.128825509,0.0377,3
3271,342,6,192,0.679698766,0,0.497516424,0,0,0.471559045,0,0.315334081,0.063,0.574907867,0.189873418,0,0.174491267,0,0.718154142,0,0.0101,0.548469796,0.699887838,0.0582,0.772953052,0.225925332,3
3272,342,8,193,0.906265022,0,0.663355232,0,0,0.628745393,0,0.420445441,0.084,0.766543823,0.253164557,0,0.232655023,0,0.957538856,0,0.0135,0.731293062,0.933183785,0.0776,1.03060407,0.301233777,1
3273,342,5,194,0.566415639,0,0.41459702,0,0,0.392965871,0,0.262778401,0.0525,0.479089889,0.158227848,0,0.14540939,0,0.598461785,0,0.00841,0.457058164,0.583239865,0.0485,0.644127544,0.18827111,3
3274,342,8,195,0.906265022,0,0.663355232,0,0,0.628745393,0,0.420445441,0.084,0.766543823,0.253164557,0,0.232655023,0,0.957538856,0,0.0135,0.731293062,0.933183785,0.0776,1.03060407,0.301233777,1
3275,342,8,196,0.906265022,0,0.663355232,0,0,0.628745393,0,0.420445441,0.084,0.766543823,0.253164557,0,0.232655023,0,0.957538856,0,0.0135,0.731293062,0.933183785,0.0776,1.03060407,0.301233777,1
3276,342,7,197,0.792981894,0,0.580435828,0,0,0.550152219,0,0.367889761,0.0735,0.670725845,0.221518987,0,0.203573145,0,0.837846499,0,0.0118,0.639881429,0.816535812,0.0679,0.901778561,0.263579555,1
3277,342,9,198,1.019548149,0,0.746274636,0,0,0.707338567,0,0.473001122,0.0945,0.862361801,0.284810127,0,0.261736901,0,1.077231213,0,0.0151,0.822704695,1.049831758,0.0872,1.159429579,0.338887999,1
3278,342,5,199,0.566415639,0,0.41459702,0,0,0.392965871,0,0.262778401,0.0525,0.479089889,0.158227848,0,0.14540939,0,0.598461785,0,0.00841,0.457058164,0.583239865,0.0485,0.644127544,0.18827111,3
3279,342,2,200,0.226566255,0,0.165838808,0,0,0.157186348,0,0.10511136,0.021,0.191635956,0.0633,0,0.0582,0,0.239384714,0,0.00336,0.182823265,0.233295946,0.0194,0.257651017,0.0753,3
3280,342,6,201,0.679698766,0,0.497516424,0,0,0.471559045,0,0.315334081,0.063,0.574907867,0.189873418,0,0.174491267,0,0.718154142,0,0.0101,0.548469796,0.699887838,0.0582,0.772953052,0.225925332,3
3281,342,6,202,0.679698766,0,0.497516424,0,0,0.471559045,0,0.315334081,0.063,0.574907867,0.189873418,0,0.174491267,0,0.718154142,0,0.0101,0.548469796,0.699887838,0.0582,0.772953052,0.225925332,3
3282,342,6,203,0.679698766,0,0.497516424,0,0,0.471559045,0,0.315334081,0.063,0.574907867,0.189873418,0,0.174491267,0,0.718154142,0,0.0101,0.548469796,0.699887838,0.0582,0.772953052,0.225925332,3
3283,342,7,204,0.792981894,0,0.580435828,0,0,0.550152219,0,0.367889761,0.0735,0.670725845,0.221518987,0,0.203573145,0,0.837846499,0,0.0118,0.639881429,0.816535812,0.0679,0.901778561,0.263579555,1
3284,342,9,205,1.019548149,0,0.746274636,0,0,0.707338567,0,0.473001122,0.0945,0.862361801,0.284810127,0,0.261736901,0,1.077231213,0,0.0151,0.822704695,1.049831758,0.0872,1.159429579,0.338887999,1
3285,342,9,206,1.019548149,0,0.746274636,0,0,0.707338567,0,0.473001122,0.0945,0.862361801,0.284810127,0,0.261736901,0,1.077231213,0,0.0151,0.822704695,1.049831758,0.0872,1.159429579,0.338887999,1
3286,342,9,207,1.019548149,0,0.746274636,0,0,0.707338567,0,0.473001122,0.0945,0.862361801,0.284810127,0,0.261736901,0,1.077231213,0,0.0151,0.822704695,1.049831758,0.0872,1.159429579,0.338887999,1
3287,342,1,208,0.113283128,0,0.0829,0,0,0.0786,0,0.0526,0.0105,0.0958,0.0316,0,0.0291,0,0.119692357,0,0.00168,0.0914,0.116647973,0.00969,0.128825509,0.0377,3
3288,342,6,209,0.679698766,0,0.497516424,0,0,0.471559045,0,0.315334081,0.063,0.574907867,0.189873418,0,0.174491267,0,0.718154142,0,0.0101,0.548469796,0.699887838,0.0582,0.772953052,0.225925332,3
3289,342,7,210,0.792981894,0,0.580435828,0,0,0.550152219,0,0.367889761,0.0735,0.670725845,0.221518987,0,0.203573145,0,0.837846499,0,0.0118,0.639881429,0.816535812,0.0679,0.901778561,0.263579555,1
3290,342,8,211,0.906265022,0,0.663355232,0,0,0.628745393,0,0.420445441,0.084,0.766543823,0.253164557,0,0.232655023,0,0.957538856,0,0.0135,0.731293062,0.933183785,0.0776,1.03060407,0.301233777,1
3291,342,7,212,0.792981894,0,0.580435828,0,0,0.550152219,0,0.367889761,0.0735,0.670725845,0.221518987,0,0.203573145,0,0.837846499,0,0.0118,0.639881429,0.816535812,0.0679,0.901778561,0.263579555,1
3292,342,8,213,0.906265022,0,0.663355232,0,0,0.628745393,0,0.420445441,0.084,0.766543823,0.253164557,0,0.232655023,0,0.957538856,0,0.0135,0.731293062,0.933183785,0.0776,1.03060407,0.301233777,1
3293,342,7,214,0.792981894,0,0.580435828,0,0,0.550152219,0,0.367889761,0.0735,0.670725845,0.221518987,0,0.203573145,0,0.837846499,0,0.0118,0.639881429,0.816535812,0.0679,0.901778561,0.263579555,1
3294,342,3,215,0.339849383,0,0.248758212,0,0,0.235779522,0,0.157667041,0.0315,0.287453934,0.0949,0,0.0872,0,0.359077071,0,0.00505,0.274234898,0.349943919,0.0291,0.386476526,0.112962666,3
3295,342,8,216,0.906265022,0,0.663355232,0,0,0.628745393,0,0.420445441,0.084,0.766543823,0.253164557,0,0.232655023,0,0.957538856,0,0.0135,0.731293062,0.933183785,0.0776,1.03060407,0.301233777,1
3296,342,3,217,0.339849383,0,0.248758212,0,0,0.235779522,0,0.157667041,0.0315,0.287453934,0.0949,0,0.0872,0,0.359077071,0,0.00505,0.274234898,0.349943919,0.0291,0.386476526,0.112962666,3
3297,342,7,218,0.792981894,0,0.580435828,0,0,0.550152219,0,0.367889761,0.0735,0.670725845,0.221518987,0,0.203573145,0,0.837846499,0,0.0118,0.639881429,0.816535812,0.0679,0.901778561,0.263579555,1
3298,342,2,219,0.226566255,0,0.165838808,0,0,0.157186348,0,0.10511136,0.021,0.191635956,0.0633,0,0.0582,0,0.239384714,0,0.00336,0.182823265,0.233295946,0.0194,0.257651017,0.0753,3
3299,342,4,220,0.453132511,0,0.331677616,0,0,0.314372697,0,0.210222721,0.042,0.383271912,0.126582278,0,0.116327512,0,0.478769428,0,0.00673,0.365646531,0.466591892,0.0388,0.515302035,0.150616888,3
3300,342,8,221,0.906265022,0,0.663355232,0,0,0.628745393,0,0.420445441,0.084,0.766543823,0.253164557,0,0.232655023,0,0.957538856,0,0.0135,0.731293062,0.933183785,0.0776,1.03060407,0.301233777,1
3301,342,9,222,1.019548149,0,0.746274636,0,0,0.707338567,0,0.473001122,0.0945,0.862361801,0.284810127,0,0.261736901,0,1.077231213,0,0.0151,0.822704695,1.049831758,0.0872,1.159429579,0.338887999,1
3302,342,7,223,0.792981894,0,0.580435828,0,0,0.550152219,0,0.367889761,0.0735,0.670725845,0.221518987,0,0.203573145,0,0.837846499,0,0.0118,0.639881429,0.816535812,0.0679,0.901778561,0.263579555,1
3303,342,7,224,0.792981894,0,0.580435828,0,0,0.550152219,0,0.367889761,0.0735,0.670725845,0.221518987,0,0.203573145,0,0.837846499,0,0.0118,0.639881429,0.816535812,0.0679,0.901778561,0.263579555,1
3304,342,6,225,0.679698766,0,0.497516424,0,0,0.471559045,0,0.315334081,0.063,0.574907867,0.189873418,0,0.174491267,0,0.718154142,0,0.0101,0.548469796,0.699887838,0.0582,0.772953052,0.225925332,3
3305,342,5,226,0.566415639,0,0.41459702,0,0,0.392965871,0,0.262778401,0.0525,0.479089889,0.158227848,0,0.14540939,0,0.598461785,0,0.00841,0.457058164,0.583239865,0.0485,0.644127544,0.18827111,3
3306,342,5,227,0.566415639,0,0.41459702,0,0,0.392965871,0,0.262778401,0.0525,0.479089889,0.158227848,0,0.14540939,0,0.598461785,0,0.00841,0.457058164,0.583239865,0.0485,0.644127544,0.18827111,3
3307,342,7,228,0.792981894,0,0.580435828,0,0,0.550152219,0,0.367889761,0.0735,0.670725845,0.221518987,0,0.203573145,0,0.837846499,0,0.0118,0.639881429,0.816535812,0.0679,0.901778561,0.263579555,1
3308,342,7,229,0.792981894,0,0.580435828,0,0,0.550152219,0,0.367889761,0.0735,0.670725845,0.221518987,0,0.203573145,0,0.837846499,0,0.0118,0.639881429,0.816535812,0.0679,0.901778561,0.263579555,1
3309,342,7,230,0.792981894,0,0.580435828,0,0,0.550152219,0,0.367889761,0.0735,0.670725845,0.221518987,0,0.203573145,0,0.837846499,0,0.0118,0.639881429,0.816535812,0.0679,0.901778561,0.263579555,1
3310,342,6,231,0.679698766,0,0.497516424,0,0,0.471559045,0,0.315334081,0.063,0.574907867,0.189873418,0,0.174491267,0,0.718154142,0,0.0101,0.548469796,0.699887838,0.0582,0.772953052,0.225925332,3
3311,342,5,232,0.566415639,0,0.41459702,0,0,0.392965871,0,0.262778401,0.0525,0.479089889,0.158227848,0,0.14540939,0,0.598461785,0,0.00841,0.457058164,0.583239865,0.0485,0.644127544,0.18827111,3
3312,342,8,233,0.906265022,0,0.663355232,0,0,0.628745393,0,0.420445441,0.084,0.766543823,0.253164557,0,0.232655023,0,0.957538856,0,0.0135,0.731293062,0.933183785,0.0776,1.03060407,0.301233777,1
3313,342,9,234,1.019548149,0,0.746274636,0,0,0.707338567,0,0.473001122,0.0945,0.862361801,0.284810127,0,0.261736901,0,1.077231213,0,0.0151,0.822704695,1.049831758,0.0872,1.159429579,0.338887999,1
3314,342,7,235,0.792981894,0,0.580435828,0,0,0.550152219,0,0.367889761,0.0735,0.670725845,0.221518987,0,0.203573145,0,0.837846499,0,0.0118,0.639881429,0.816535812,0.0679,0.901778561,0.263579555,1
3315,342,9,236,1.019548149,0,0.746274636,0,0,0.707338567,0,0.473001122,0.0945,0.862361801,0.284810127,0,0.261736901,0,1.077231213,0,0.0151,0.822704695,1.049831758,0.0872,1.159429579,0.338887999,1
3316,342,6,237,0.679698766,0,0.497516424,0,0,0.471559045,0,0.315334081,0.063,0.574907867,0.189873418,0,0.174491267,0,0.718154142,0,0.0101,0.548469796,0.699887838,0.0582,0.772953052,0.225925332,3
3317,342,9,238,1.019548149,0,0.746274636,0,0,0.707338567,0,0.473001122,0.0945,0.862361801,0.284810127,0,0.261736901,0,1.077231213,0,0.0151,0.822704695,1.049831758,0.0872,1.159429579,0.338887999,1
3318,342,8,239,0.906265022,0,0.663355232,0,0,0.628745393,0,0.420445441,0.084,0.766543823,0.253164557,0,0.232655023,0,0.957538856,0,0.0135,0.731293062,0.933183785,0.0776,1.03060407,0.301233777,1
3319,342,7,240,0.792981894,0,0.580435828,0,0,0.550152219,0,0.367889761,0.0735,0.670725845,0.221518987,0,0.203573145,0,0.837846499,0,0.0118,0.639881429,0.816535812,0.0679,0.901778561,0.263579555,1
3320,342,7,241,0.792981894,0,0.580435828,0,0,0.550152219,0,0.367889761,0.0735,0.670725845,0.221518987,0,0.203573145,0,0.837846499,0,0.0118,0.639881429,0.816535812,0.0679,0.901778561,0.263579555,1
3321,342,4,242,0.453132511,0,0.331677616,0,0,0.314372697,0,0.210222721,0.042,0.383271912,0.126582278,0,0.116327512,0,0.478769428,0,0.00673,0.365646531,0.466591892,0.0388,0.515302035,0.150616888,3
3322,342,3,243,0.339849383,0,0.248758212,0,0,0.235779522,0,0.157667041,0.0315,0.287453934,0.0949,0,0.0872,0,0.359077071,0,0.00505,0.274234898,0.349943919,0.0291,0.386476526,0.112962666,3
3323,342,3,244,0.339849383,0,0.248758212,0,0,0.235779522,0,0.157667041,0.0315,0.287453934,0.0949,0,0.0872,0,0.359077071,0,0.00505,0.274234898,0.349943919,0.0291,0.386476526,0.112962666,3
3324,342,9,245,1.019548149,0,0.746274636,0,0,0.707338567,0,0.473001122,0.0945,0.862361801,0.284810127,0,0.261736901,0,1.077231213,0,0.0151,0.822704695,1.049831758,0.0872,1.159429579,0.338887999,1
3325,342,6,246,0.679698766,0,0.497516424,0,0,0.471559045,0,0.315334081,0.063,0.574907867,0.189873418,0,0.174491267,0,0.718154142,0,0.0101,0.548469796,0.699887838,0.0582,0.772953052,0.225925332,3
3326,342,4,247,0.453132511,0,0.331677616,0,0,0.314372697,0,0.210222721,0.042,0.383271912,0.126582278,0,0.116327512,0,0.478769428,0,0.00673,0.365646531,0.466591892,0.0388,0.515302035,0.150616888,3
3327,342,8,248,0.906265022,0,0.663355232,0,0,0.628745393,0,0.420445441,0.084,0.766543823,0.253164557,0,0.232655023,0,0.957538856,0,0.0135,0.731293062,0.933183785,0.0776,1.03060407,0.301233777,1
3328,342,5,249,0.566415639,0,0.41459702,0,0,0.392965871,0,0.262778401,0.0525,0.479089889,0.158227848,0,0.14540939,0,0.598461785,0,0.00841,0.457058164,0.583239865,0.0485,0.644127544,0.18827111,3
3329,342,7,250,0.792981894,0,0.580435828,0,0,0.550152219,0,0.367889761,0.0735,0.670725845,0.221518987,0,0.203573145,0,0.837846499,0,0.0118,0.639881429,0.816535812,0.0679,0.901778561,0.263579555,1
3330,342,3,251,0.339849383,0,0.248758212,0,0,0.235779522,0,0.157667041,0.0315,0.287453934,0.0949,0,0.0872,0,0.359077071,0,0.00505,0.274234898,0.349943919,0.0291,0.386476526,0.112962666,3
3331,342,7,252,0.792981894,0,0.580435828,0,0,0.550152219,0,0.367889761,0.0735,0.670725845,0.221518987,0,0.203573145,0,0.837846499,0,0.0118,0.639881429,0.816535812,0.0679,0.901778561,0.263579555,1
3332,342,7,253,0.792981894,0,0.580435828,0,0,0.550152219,0,0.367889761,0.0735,0.670725845,0.221518987,0,0.203573145,0,0.837846499,0,0.0118,0.639881429,0.816535812,0.0679,0.901778561,0.263579555,1
3333,342,7,254,0.792981894,0,0.580435828,0,0,0.550152219,0,0.367889761,0.0735,0.670725845,0.221518987,0,0.203573145,0,0.837846499,0,0.0118,0.639881429,0.816535812,0.0679,0.901778561,0.263579555,1
3334,342,7,255,0.792981894,0,0.580435828,0,0,0.550152219,0,0.367889761,0.0735,0.670725845,0.221518987,0,0.203573145,0,0.837846499,0,0.0118,0.639881429,0.816535812,0.0679,0.901778561,0.263579555,1
3335,342,4,256,0.453132511,0,0.331677616,0,0,0.314372697,0,0.210222721,0.042,0.383271912,0.126582278,0,0.116327512,0,0.478769428,0,0.00673,0.365646531,0.466591892,0.0388,0.515302035,0.150616888,3
3336,342,9,257,1.019548149,0,0.746274636,0,0,0.707338567,0,0.473001122,0.0945,0.862361801,0.284810127,0,0.261736901,0,1.077231213,0,0.0151,0.822704695,1.049831758,0.0872,1.159429579,0.338887999,1
3337,342,1,258,0.113283128,0,0.0829,0,0,0.0786,0,0.0526,0.0105,0.0958,0.0316,0,0.0291,0,0.119692357,0,0.00168,0.0914,0.116647973,0.00969,0.128825509,0.0377,3
3338,342,6,259,0.679698766,0,0.497516424,0,0,0.471559045,0,0.315334081,0.063,0.574907867,0.189873418,0,0.174491267,0,0.718154142,0,0.0101,0.548469796,0.699887838,0.0582,0.772953052,0.225925332,3
3339,342,8,260,0.906265022,0,0.663355232,0,0,0.628745393,0,0.420445441,0.084,0.766543823,0.253164557,0,0.232655023,0,0.957538856,0,0.0135,0.731293062,0.933183785,0.0776,1.03060407,0.301233777,1
3340,342,4,261,0.453132511,0,0.331677616,0,0,0.314372697,0,0.210222721,0.042,0.383271912,0.126582278,0,0.116327512,0,0.478769428,0,0.00673,0.365646531,0.466591892,0.0388,0.515302035,0.150616888,3
3341,342,9,262,1.019548149,0,0.746274636,0,0,0.707338567,0,0.473001122,0.0945,0.862361801,0.284810127,0,0.261736901,0,1.077231213,0,0.0151,0.822704695,1.049831758,0.0872,1.159429579,0.338887999,1
3342,342,7,263,0.792981894,0,0.580435828,0,0,0.550152219,0,0.367889761,0.0735,0.670725845,0.221518987,0,0.203573145,0,0.837846499,0,0.0118,0.639881429,0.816535812,0.0679,0.901778561,0.263579555,1
3343,342,7,264,0.792981894,0,0.580435828,0,0,0.550152219,0,0.367889761,0.0735,0.670725845,0.221518987,0,0.203573145,0,0.837846499,0,0.0118,0.639881429,0.816535812,0.0679,0.901778561,0.263579555,1
3344,342,6,265,0.679698766,0,0.497516424,0,0,0.471559045,0,0.315334081,0.063,0.574907867,0.189873418,0,0.174491267,0,0.718154142,0,0.0101,0.548469796,0.699887838,0.0582,0.772953052,0.225925332,3
3345,342,9,266,1.019548149,0,0.746274636,0,0,0.707338567,0,0.473001122,0.0945,0.862361801,0.284810127,0,0.261736901,0,1.077231213,0,0.0151,0.822704695,1.049831758,0.0872,1.159429579,0.338887999,1
3346,342,5,267,0.566415639,0,0.41459702,0,0,0.392965871,0,0.262778401,0.0525,0.479089889,0.158227848,0,0.14540939,0,0.598461785,0,0.00841,0.457058164,0.583239865,0.0485,0.644127544,0.18827111,3
3347,342,8,268,0.906265022,0,0.663355232,0,0,0.628745393,0,0.420445441,0.084,0.766543823,0.253164557,0,0.232655023,0,0.957538856,0,0.0135,0.731293062,0.933183785,0.0776,1.03060407,0.301233777,1
3348,342,9,269,1.019548149,0,0.746274636,0,0,0.707338567,0,0.473001122,0.0945,0.862361801,0.284810127,0,0.261736901,0,1.077231213,0,0.0151,0.822704695,1.049831758,0.0872,1.159429579,0.338887999,1
3349,342,8,270,0.906265022,0,0.663355232,0,0,0.628745393,0,0.420445441,0.084,0.766543823,0.253164557,0,0.232655023,0,0.957538856,0,0.0135,0.731293062,0.933183785,0.0776,1.03060407,0.301233777,1
3350,342,8,271,0.906265022,0,0.663355232,0,0,0.628745393,0,0.420445441,0.084,0.766543823,0.253164557,0,0.232655023,0,0.957538856,0,0.0135,0.731293062,0.933183785,0.0776,1.03060407,0.301233777,1
3351,342,9,272,1.019548149,0,0.746274636,0,0,0.707338567,0,0.473001122,0.0945,0.862361801,0.284810127,0,0.261736901,0,1.077231213,0,0.0151,0.822704695,1.049831758,0.0872,1.159429579,0.338887999,1
3352,342,4,273,0.453132511,0,0.331677616,0,0,0.314372697,0,0.210222721,0.042,0.383271912,0.126582278,0,0.116327512,0,0.478769428,0,0.00673,0.365646531,0.466591892,0.0388,0.515302035,0.150616888,3
3353,342,7,274,0.792981894,0,0.580435828,0,0,0.550152219,0,0.367889761,0.0735,0.670725845,0.221518987,0,0.203573145,0,0.837846499,0,0.0118,0.639881429,0.816535812,0.0679,0.901778561,0.263579555,1
3354,342,9,275,1.019548149,0,0.746274636,0,0,0.707338567,0,0.473001122,0.0945,0.862361801,0.284810127,0,0.261736901,0,1.077231213,0,0.0151,0.822704695,1.049831758,0.0872,1.159429579,0.338887999,1
3355,342,9,276,1.019548149,0,0.746274636,0,0,0.707338567,0,0.473001122,0.0945,0.862361801,0.284810127,0,0.261736901,0,1.077231213,0,0.0151,0.822704695,1.049831758,0.0872,1.159429579,0.338887999,1
3356,342,8,277,0.906265022,0,0.663355232,0,0,0.628745393,0,0.420445441,0.084,0.766543823,0.253164557,0,0.232655023,0,0.957538856,0,0.0135,0.731293062,0.933183785,0.0776,1.03060407,0.301233777,1
3357,342,6,278,0.679698766,0,0.497516424,0,0,0.471559045,0,0.315334081,0.063,0.574907867,0.189873418,0,0.174491267,0,0.718154142,0,0.0101,0.548469796,0.699887838,0.0582,0.772953052,0.225925332,3
3358,342,5,279,0.566415639,0,0.41459702,0,0,0.392965871,0,0.262778401,0.0525,0.479089889,0.158227848,0,0.14540939,0,0.598461785,0,0.00841,0.457058164,0.583239865,0.0485,0.644127544,0.18827111,3
3359,342,8,280,0.906265022,0,0.663355232,0,0,0.628745393,0,0.420445441,0.084,0.766543823,0.253164557,0,0.232655023,0,0.957538856,0,0.0135,0.731293062,0.933183785,0.0776,1.03060407,0.301233777,1
3360,342,7,281,0.792981894,0,0.580435828,0,0,0.550152219,0,0.367889761,0.0735,0.670725845,0.221518987,0,0.203573145,0,0.837846499,0,0.0118,0.639881429,0.816535812,0.0679,0.901778561,0.263579555,1
3361,342,8,282,0.906265022,0,0.663355232,0,0,0.628745393,0,0.420445441,0.084,0.766543823,0.253164557,0,0.232655023,0,0.957538856,0,0.0135,0.731293062,0.933183785,0.0776,1.03060407,0.301233777,1
3362,342,6,283,0.679698766,0,0.497516424,0,0,0.471559045,0,0.315334081,0.063,0.574907867,0.189873418,0,0.174491267,0,0.718154142,0,0.0101,0.548469796,0.699887838,0.0582,0.772953052,0.225925332,3
3363,342,6,284,0.679698766,0,0.497516424,0,0,0.471559045,0,0.315334081,0.063,0.574907867,0.189873418,0,0.174491267,0,0.718154142,0,0.0101,0.548469796,0.699887838,0.0582,0.772953052,0.225925332,3
3364,342,7,285,0.792981894,0,0.580435828,0,0,0.550152219,0,0.367889761,0.0735,0.670725845,0.221518987,0,0.203573145,0,0.837846499,0,0.0118,0.639881429,0.816535812,0.0679,0.901778561,0.263579555,1
3365,342,9,286,1.019548149,0,0.746274636,0,0,0.707338567,0,0.473001122,0.0945,0.862361801,0.284810127,0,0.261736901,0,1.077231213,0,0.0151,0.822704695,1.049831758,0.0872,1.159429579,0.338887999,1
3366,342,9,287,1.019548149,0,0.746274636,0,0,0.707338567,0,0.473001122,0.0945,0.862361801,0.284810127,0,0.261736901,0,1.077231213,0,0.0151,0.822704695,1.049831758,0.0872,1.159429579,0.338887999,1
3367,342,6,288,0.679698766,0,0.497516424,0,0,0.471559045,0,0.315334081,0.063,0.574907867,0.189873418,0,0.174491267,0,0.718154142,0,0.0101,0.548469796,0.699887838,0.0582,0.772953052,0.225925332,3
3368,342,9,289,1.019548149,0,0.746274636,0,0,0.707338567,0,0.473001122,0.0945,0.862361801,0.284810127,0,0.261736901,0,1.077231213,0,0.0151,0.822704695,1.049831758,0.0872,1.159429579,0.338887999,1
3369,342,5,290,0.566415639,0,0.41459702,0,0,0.392965871,0,0.262778401,0.0525,0.479089889,0.158227848,0,0.14540939,0,0.598461785,0,0.00841,0.457058164,0.583239865,0.0485,0.644127544,0.18827111,3
3370,342,7,291,0.792981894,0,0.580435828,0,0,0.550152219,0,0.367889761,0.0735,0.670725845,0.221518987,0,0.203573145,0,0.837846499,0,0.0118,0.639881429,0.816535812,0.0679,0.901778561,0.263579555,1
3371,342,8,292,0.906265022,0,0.663355232,0,0,0.628745393,0,0.420445441,0.084,0.766543823,0.253164557,0,0.232655023,0,0.957538856,0,0.0135,0.731293062,0.933183785,0.0776,1.03060407,0.301233777,1
3372,342,5,293,0.566415639,0,0.41459702,0,0,0.392965871,0,0.262778401,0.0525,0.479089889,0.158227848,0,0.14540939,0,0.598461785,0,0.00841,0.457058164,0.583239865,0.0485,0.644127544,0.18827111,3
3373,342,4,294,0.453132511,0,0.331677616,0,0,0.314372697,0,0.210222721,0.042,0.383271912,0.126582278,0,0.116327512,0,0.478769428,0,0.00673,0.365646531,0.466591892,0.0388,0.515302035,0.150616888,3
3374,342,6,295,0.679698766,0,0.497516424,0,0,0.471559045,0,0.315334081,0.063,0.574907867,0.189873418,0,0.174491267,0,0.718154142,0,0.0101,0.548469796,0.699887838,0.0582,0.772953052,0.225925332,3
3375,342,3,296,0.339849383,0,0.248758212,0,0,0.235779522,0,0.157667041,0.0315,0.287453934,0.0949,0,0.0872,0,0.359077071,0,0.00505,0.274234898,0.349943919,0.0291,0.386476526,0.112962666,3
3376,342,8,297,0.906265022,0,0.663355232,0,0,0.628745393,0,0.420445441,0.084,0.766543823,0.253164557,0,0.232655023,0,0.957538856,0,0.0135,0.731293062,0.933183785,0.0776,1.03060407,0.301233777,1
3377,342,7,298,0.792981894,0,0.580435828,0,0,0.550152219,0,0.367889761,0.0735,0.670725845,0.221518987,0,0.203573145,0,0.837846499,0,0.0118,0.639881429,0.816535812,0.0679,0.901778561,0.263579555,1
3378,342,4,299,0.453132511,0,0.331677616,0,0,0.314372697,0,0.210222721,0.042,0.383271912,0.126582278,0,0.116327512,0,0.478769428,0,0.00673,0.365646531,0.466591892,0.0388,0.515302035,0.150616888,3
3379,342,7,300,0.792981894,0,0.580435828,0,0,0.550152219,0,0.367889761,0.0735,0.670725845,0.221518987,0,0.203573145,0,0.837846499,0,0.0118,0.639881429,0.816535812,0.0679,0.901778561,0.263579555,1
3380,342,8,301,0.906265022,0,0.663355232,0,0,0.628745393,0,0.420445441,0.084,0.766543823,0.253164557,0,0.232655023,0,0.957538856,0,0.0135,0.731293062,0.933183785,0.0776,1.03060407,0.301233777,1
3381,342,6,302,0.679698766,0,0.497516424,0,0,0.471559045,0,0.315334081,0.063,0.574907867,0.189873418,0,0.174491267,0,0.718154142,0,0.0101,0.548469796,0.699887838,0.0582,0.772953052,0.225925332,3
3382,342,6,303,0.679698766,0,0.497516424,0,0,0.471559045,0,0.315334081,0.063,0.574907867,0.189873418,0,0.174491267,0,0.718154142,0,0.0101,0.548469796,0.699887838,0.0582,0.772953052,0.225925332,3
3383,342,6,304,0.679698766,0,0.497516424,0,0,0.471559045,0,0.315334081,0.063,0.574907867,0.189873418,0,0.174491267,0,0.718154142,0,0.0101,0.548469796,0.699887838,0.0582,0.772953052,0.225925332,3
3384,342,6,305,0.679698766,0,0.497516424,0,0,0.471559045,0,0.315334081,0.063,0.574907867,0.189873418,0,0.174491267,0,0.718154142,0,0.0101,0.548469796,0.699887838,0.0582,0.772953052,0.225925332,3
3385,342,5,306,0.566415639,0,0.41459702,0,0,0.392965871,0,0.262778401,0.0525,0.479089889,0.158227848,0,0.14540939,0,0.598461785,0,0.00841,0.457058164,0.583239865,0.0485,0.644127544,0.18827111,3
3386,342,9,307,1.019548149,0,0.746274636,0,0,0.707338567,0,0.473001122,0.0945,0.862361801,0.284810127,0,0.261736901,0,1.077231213,0,0.0151,0.822704695,1.049831758,0.0872,1.159429579,0.338887999,1
3387,342,3,308,0.339849383,0,0.248758212,0,0,0.235779522,0,0.157667041,0.0315,0.287453934,0.0949,0,0.0872,0,0.359077071,0,0.00505,0.274234898,0.349943919,0.0291,0.386476526,0.112962666,3
3388,Chivas 12(943),8,1,1.160536267,0,0.598143692,0,0,0.774836714,0,0.684083878,0,0.653832932,0.312134754,0,0.313509797,0,0.149879684,0,0,0.771399106,1.038157442,0.0681,1.146785837,0.32863527,1
3389,Chivas 12(943),9,2,1.3056033,0,0.672911654,0,0,0.871691303,0,0.769594362,0,0.735562049,0.351151599,0,0.352698522,0,0.168614644,0,0,0.867823995,1.167927123,0.0766,1.290134067,0.369714679,1
3390,Chivas 12(943),9,3,1.3056033,0,0.672911654,0,0,0.871691303,0,0.769594362,0,0.735562049,0.351151599,0,0.352698522,0,0.168614644,0,0,0.867823995,1.167927123,0.0766,1.290134067,0.369714679,1
3391,Chivas 12(943),7,4,1.015469233,0,0.523375731,0,0,0.677982124,0,0.598573393,0,0.572103816,0.27311791,0,0.274321072,0,0.131144723,0,0,0.674974218,0.908387762,0.0596,1.003437607,0.287555861,1
3392,Chivas 12(943),7,5,1.015469233,0,0.523375731,0,0,0.677982124,0,0.598573393,0,0.572103816,0.27311791,0,0.274321072,0,0.131144723,0,0,0.674974218,0.908387762,0.0596,1.003437607,0.287555861,1
3393,Chivas 12(943),9,6,1.3056033,0,0.672911654,0,0,0.871691303,0,0.769594362,0,0.735562049,0.351151599,0,0.352698522,0,0.168614644,0,0,0.867823995,1.167927123,0.0766,1.290134067,0.369714679,1
3394,Chivas 12(943),7,7,1.015469233,0,0.523375731,0,0,0.677982124,0,0.598573393,0,0.572103816,0.27311791,0,0.274321072,0,0.131144723,0,0,0.674974218,0.908387762,0.0596,1.003437607,0.287555861,1
3395,Chivas 12(943),8,8,1.160536267,0,0.598143692,0,0,0.774836714,0,0.684083878,0,0.653832932,0.312134754,0,0.313509797,0,0.149879684,0,0,0.771399106,1.038157442,0.0681,1.146785837,0.32863527,1
3396,Chivas 12(943),9,9,1.3056033,0,0.672911654,0,0,0.871691303,0,0.769594362,0,0.735562049,0.351151599,0,0.352698522,0,0.168614644,0,0,0.867823995,1.167927123,0.0766,1.290134067,0.369714679,1
3397,Chivas 12(943),8,10,1.160536267,0,0.598143692,0,0,0.774836714,0,0.684083878,0,0.653832932,0.312134754,0,0.313509797,0,0.149879684,0,0,0.771399106,1.038157442,0.0681,1.146785837,0.32863527,1
3398,Chivas 12(943),6,11,0.8704022,0,0.448607769,0,0,0.581127535,0,0.513062908,0,0.490374699,0.234101066,0,0.235132348,0,0.112409763,0,0,0.57854933,0.778618082,0.051,0.860089378,0.246476452,1
3399,Chivas 12(943),8,12,1.160536267,0,0.598143692,0,0,0.774836714,0,0.684083878,0,0.653832932,0.312134754,0,0.313509797,0,0.149879684,0,0,0.771399106,1.038157442,0.0681,1.146785837,0.32863527,1
3400,Chivas 12(943),9,13,1.3056033,0,0.672911654,0,0,0.871691303,0,0.769594362,0,0.735562049,0.351151599,0,0.352698522,0,0.168614644,0,0,0.867823995,1.167927123,0.0766,1.290134067,0.369714679,1
3401,Chivas 12(943),9,14,1.3056033,0,0.672911654,0,0,0.871691303,0,0.769594362,0,0.735562049,0.351151599,0,0.352698522,0,0.168614644,0,0,0.867823995,1.167927123,0.0766,1.290134067,0.369714679,1
3402,Chivas 12(943),8,15,1.160536267,0,0.598143692,0,0,0.774836714,0,0.684083878,0,0.653832932,0.312134754,0,0.313509797,0,0.149879684,0,0,0.771399106,1.038157442,0.0681,1.146785837,0.32863527,1
3403,Chivas 12(943),7,16,1.015469233,0,0.523375731,0,0,0.677982124,0,0.598573393,0,0.572103816,0.27311791,0,0.274321072,0,0.131144723,0,0,0.674974218,0.908387762,0.0596,1.003437607,0.287555861,1
3404,Chivas 12(943),8,17,1.160536267,0,0.598143692,0,0,0.774836714,0,0.684083878,0,0.653832932,0.312134754,0,0.313509797,0,0.149879684,0,0,0.771399106,1.038157442,0.0681,1.146785837,0.32863527,1
3405,Chivas 12(943),8,18,1.160536267,0,0.598143692,0,0,0.774836714,0,0.684083878,0,0.653832932,0.312134754,0,0.313509797,0,0.149879684,0,0,0.771399106,1.038157442,0.0681,1.146785837,0.32863527,1
3406,Chivas 12(943),7,19,1.015469233,0,0.523375731,0,0,0.677982124,0,0.598573393,0,0.572103816,0.27311791,0,0.274321072,0,0.131144723,0,0,0.674974218,0.908387762,0.0596,1.003437607,0.287555861,1
3407,Chivas 12(943),7,20,1.015469233,0,0.523375731,0,0,0.677982124,0,0.598573393,0,0.572103816,0.27311791,0,0.274321072,0,0.131144723,0,0,0.674974218,0.908387762,0.0596,1.003437607,0.287555861,1
3408,Chivas 12(943),8,21,1.160536267,0,0.598143692,0,0,0.774836714,0,0.684083878,0,0.653832932,0.312134754,0,0.313509797,0,0.149879684,0,0,0.771399106,1.038157442,0.0681,1.146785837,0.32863527,1
3409,Chivas 12(943),8,22,1.160536267,0,0.598143692,0,0,0.774836714,0,0.684083878,0,0.653832932,0.312134754,0,0.313509797,0,0.149879684,0,0,0.771399106,1.038157442,0.0681,1.146785837,0.32863527,1
3410,Chivas 12(943),9,23,1.3056033,0,0.672911654,0,0,0.871691303,0,0.769594362,0,0.735562049,0.351151599,0,0.352698522,0,0.168614644,0,0,0.867823995,1.167927123,0.0766,1.290134067,0.369714679,1
3411,Chivas 12(943),6,24,0.8704022,0,0.448607769,0,0,0.581127535,0,0.513062908,0,0.490374699,0.234101066,0,0.235132348,0,0.112409763,0,0,0.57854933,0.778618082,0.051,0.860089378,0.246476452,1
3412,Chivas 12(943),7,25,1.015469233,0,0.523375731,0,0,0.677982124,0,0.598573393,0,0.572103816,0.27311791,0,0.274321072,0,0.131144723,0,0,0.674974218,0.908387762,0.0596,1.003437607,0.287555861,1
3413,Chivas 12(943),7,26,1.015469233,0,0.523375731,0,0,0.677982124,0,0.598573393,0,0.572103816,0.27311791,0,0.274321072,0,0.131144723,0,0,0.674974218,0.908387762,0.0596,1.003437607,0.287555861,1
3414,Chivas 12(943),8,27,1.160536267,0,0.598143692,0,0,0.774836714,0,0.684083878,0,0.653832932,0.312134754,0,0.313509797,0,0.149879684,0,0,0.771399106,1.038157442,0.0681,1.146785837,0.32863527,1
3415,Chivas 12(943),9,28,1.3056033,0,0.672911654,0,0,0.871691303,0,0.769594362,0,0.735562049,0.351151599,0,0.352698522,0,0.168614644,0,0,0.867823995,1.167927123,0.0766,1.290134067,0.369714679,1
3416,Chivas 12(943),7,29,1.015469233,0,0.523375731,0,0,0.677982124,0,0.598573393,0,0.572103816,0.27311791,0,0.274321072,0,0.131144723,0,0,0.674974218,0.908387762,0.0596,1.003437607,0.287555861,1
3417,Chivas 12(943),2,30,0.290134067,0,0.149535923,0,0,0.193709178,0,0.171020969,0,0.163458233,0.078,0,0.0784,0,0.0375,0,0,0.192849777,0.259539361,0.017,0.286696459,0.0822,3
3418,Chivas 12(943),8,31,1.160536267,0,0.598143692,0,0,0.774836714,0,0.684083878,0,0.653832932,0.312134754,0,0.313509797,0,0.149879684,0,0,0.771399106,1.038157442,0.0681,1.146785837,0.32863527,1
3419,Chivas 12(943),6,32,0.8704022,0,0.448607769,0,0,0.581127535,0,0.513062908,0,0.490374699,0.234101066,0,0.235132348,0,0.112409763,0,0,0.57854933,0.778618082,0.051,0.860089378,0.246476452,1
3420,Chivas 12(943),8,33,1.160536267,0,0.598143692,0,0,0.774836714,0,0.684083878,0,0.653832932,0.312134754,0,0.313509797,0,0.149879684,0,0,0.771399106,1.038157442,0.0681,1.146785837,0.32863527,1
3421,Chivas 12(943),8,34,1.160536267,0,0.598143692,0,0,0.774836714,0,0.684083878,0,0.653832932,0.312134754,0,0.313509797,0,0.149879684,0,0,0.771399106,1.038157442,0.0681,1.146785837,0.32863527,1
3422,Chivas 12(943),7,35,1.015469233,0,0.523375731,0,0,0.677982124,0,0.598573393,0,0.572103816,0.27311791,0,0.274321072,0,0.131144723,0,0,0.674974218,0.908387762,0.0596,1.003437607,0.287555861,1
3423,Chivas 12(943),8,36,1.160536267,0,0.598143692,0,0,0.774836714,0,0.684083878,0,0.653832932,0.312134754,0,0.313509797,0,0.149879684,0,0,0.771399106,1.038157442,0.0681,1.146785837,0.32863527,1
3424,Chivas 12(943),8,37,1.160536267,0,0.598143692,0,0,0.774836714,0,0.684083878,0,0.653832932,0.312134754,0,0.313509797,0,0.149879684,0,0,0.771399106,1.038157442,0.0681,1.146785837,0.32863527,1
3425,Chivas 12(943),8,38,1.160536267,0,0.598143692,0,0,0.774836714,0,0.684083878,0,0.653832932,0.312134754,0,0.313509797,0,0.149879684,0,0,0.771399106,1.038157442,0.0681,1.146785837,0.32863527,1
3426,Chivas 12(943),8,39,1.160536267,0,0.598143692,0,0,0.774836714,0,0.684083878,0,0.653832932,0.312134754,0,0.313509797,0,0.149879684,0,0,0.771399106,1.038157442,0.0681,1.146785837,0.32863527,1
3427,Chivas 12(943),7,40,1.015469233,0,0.523375731,0,0,0.677982124,0,0.598573393,0,0.572103816,0.27311791,0,0.274321072,0,0.131144723,0,0,0.674974218,0.908387762,0.0596,1.003437607,0.287555861,1
3428,Chivas 12(943),7,41,1.015469233,0,0.523375731,0,0,0.677982124,0,0.598573393,0,0.572103816,0.27311791,0,0.274321072,0,0.131144723,0,0,0.674974218,0.908387762,0.0596,1.003437607,0.287555861,1
3429,Chivas 12(943),5,42,0.725335167,0,0.373839808,0,0,0.484272946,0,0.427552424,0,0.408645583,0.195084221,0,0.195943623,0,0.0937,0,0,0.482124441,0.648848401,0.0425,0.716741148,0.205397044,3
3430,Chivas 12(943),9,43,1.3056033,0,0.672911654,0,0,0.871691303,0,0.769594362,0,0.735562049,0.351151599,0,0.352698522,0,0.168614644,0,0,0.867823995,1.167927123,0.0766,1.290134067,0.369714679,1
3431,Chivas 12(943),8,44,1.160536267,0,0.598143692,0,0,0.774836714,0,0.684083878,0,0.653832932,0.312134754,0,0.313509797,0,0.149879684,0,0,0.771399106,1.038157442,0.0681,1.146785837,0.32863527,1
3432,Chivas 12(943),7,45,1.015469233,0,0.523375731,0,0,0.677982124,0,0.598573393,0,0.572103816,0.27311791,0,0.274321072,0,0.131144723,0,0,0.674974218,0.908387762,0.0596,1.003437607,0.287555861,1
3433,Chivas 12(943),8,46,1.160536267,0,0.598143692,0,0,0.774836714,0,0.684083878,0,0.653832932,0.312134754,0,0.313509797,0,0.149879684,0,0,0.771399106,1.038157442,0.0681,1.146785837,0.32863527,1
3434,Chivas 12(943),8,47,1.160536267,0,0.598143692,0,0,0.774836714,0,0.684083878,0,0.653832932,0.312134754,0,0.313509797,0,0.149879684,0,0,0.771399106,1.038157442,0.0681,1.146785837,0.32863527,1
3435,Chivas 12(943),7,48,1.015469233,0,0.523375731,0,0,0.677982124,0,0.598573393,0,0.572103816,0.27311791,0,0.274321072,0,0.131144723,0,0,0.674974218,0.908387762,0.0596,1.003437607,0.287555861,1
3436,Chivas 12(943),6,49,0.8704022,0,0.448607769,0,0,0.581127535,0,0.513062908,0,0.490374699,0.234101066,0,0.235132348,0,0.112409763,0,0,0.57854933,0.778618082,0.051,0.860089378,0.246476452,1
3437,Chivas 12(943),6,50,0.8704022,0,0.448607769,0,0,0.581127535,0,0.513062908,0,0.490374699,0.234101066,0,0.235132348,0,0.112409763,0,0,0.57854933,0.778618082,0.051,0.860089378,0.246476452,1
3438,Chivas 12(943),8,51,1.160536267,0,0.598143692,0,0,0.774836714,0,0.684083878,0,0.653832932,0.312134754,0,0.313509797,0,0.149879684,0,0,0.771399106,1.038157442,0.0681,1.146785837,0.32863527,1
3439,Chivas 12(943),8,52,1.160536267,0,0.598143692,0,0,0.774836714,0,0.684083878,0,0.653832932,0.312134754,0,0.313509797,0,0.149879684,0,0,0.771399106,1.038157442,0.0681,1.146785837,0.32863527,1
3440,Chivas 12(943),5,53,0.725335167,0,0.373839808,0,0,0.484272946,0,0.427552424,0,0.408645583,0.195084221,0,0.195943623,0,0.0937,0,0,0.482124441,0.648848401,0.0425,0.716741148,0.205397044,3
3441,Chivas 12(943),8,54,1.160536267,0,0.598143692,0,0,0.774836714,0,0.684083878,0,0.653832932,0.312134754,0,0.313509797,0,0.149879684,0,0,0.771399106,1.038157442,0.0681,1.146785837,0.32863527,1
3442,Chivas 12(943),9,55,1.3056033,0,0.672911654,0,0,0.871691303,0,0.769594362,0,0.735562049,0.351151599,0,0.352698522,0,0.168614644,0,0,0.867823995,1.167927123,0.0766,1.290134067,0.369714679,1
3443,Chivas 12(943),8,56,1.160536267,0,0.598143692,0,0,0.774836714,0,0.684083878,0,0.653832932,0.312134754,0,0.313509797,0,0.149879684,0,0,0.771399106,1.038157442,0.0681,1.146785837,0.32863527,1
3444,Chivas 12(943),7,57,1.015469233,0,0.523375731,0,0,0.677982124,0,0.598573393,0,0.572103816,0.27311791,0,0.274321072,0,0.131144723,0,0,0.674974218,0.908387762,0.0596,1.003437607,0.287555861,1
3445,Chivas 12(943),9,58,1.3056033,0,0.672911654,0,0,0.871691303,0,0.769594362,0,0.735562049,0.351151599,0,0.352698522,0,0.168614644,0,0,0.867823995,1.167927123,0.0766,1.290134067,0.369714679,1
3446,Chivas 12(943),9,59,1.3056033,0,0.672911654,0,0,0.871691303,0,0.769594362,0,0.735562049,0.351151599,0,0.352698522,0,0.168614644,0,0,0.867823995,1.167927123,0.0766,1.290134067,0.369714679,1
3447,Chivas 12(943),7,60,1.015469233,0,0.523375731,0,0,0.677982124,0,0.598573393,0,0.572103816,0.27311791,0,0.274321072,0,0.131144723,0,0,0.674974218,0.908387762,0.0596,1.003437607,0.287555861,1
3448,Chivas 12(943),7,61,1.015469233,0,0.523375731,0,0,0.677982124,0,0.598573393,0,0.572103816,0.27311791,0,0.274321072,0,0.131144723,0,0,0.674974218,0.908387762,0.0596,1.003437607,0.287555861,1
3449,Chivas 12(943),8,62,1.160536267,0,0.598143692,0,0,0.774836714,0,0.684083878,0,0.653832932,0.312134754,0,0.313509797,0,0.149879684,0,0,0.771399106,1.038157442,0.0681,1.146785837,0.32863527,1
3450,Chivas 12(943),9,63,1.3056033,0,0.672911654,0,0,0.871691303,0,0.769594362,0,0.735562049,0.351151599,0,0.352698522,0,0.168614644,0,0,0.867823995,1.167927123,0.0766,1.290134067,0.369714679,1
3451,Chivas 12(943),9,64,1.3056033,0,0.672911654,0,0,0.871691303,0,0.769594362,0,0.735562049,0.351151599,0,0.352698522,0,0.168614644,0,0,0.867823995,1.167927123,0.0766,1.290134067,0.369714679,1
3452,Chivas 12(943),9,65,1.3056033,0,0.672911654,0,0,0.871691303,0,0.769594362,0,0.735562049,0.351151599,0,0.352698522,0,0.168614644,0,0,0.867823995,1.167927123,0.0766,1.290134067,0.369714679,1
3453,Chivas 12(943),7,66,1.015469233,0,0.523375731,0,0,0.677982124,0,0.598573393,0,0.572103816,0.27311791,0,0.274321072,0,0.131144723,0,0,0.674974218,0.908387762,0.0596,1.003437607,0.287555861,1
3454,Chivas 12(943),7,67,1.015469233,0,0.523375731,0,0,0.677982124,0,0.598573393,0,0.572103816,0.27311791,0,0.274321072,0,0.131144723,0,0,0.674974218,0.908387762,0.0596,1.003437607,0.287555861,1
3455,Chivas 12(943),4,68,0.580268133,0,0.299071846,0,0,0.387418357,0,0.342041939,0,0.326916466,0.156067377,0,0.156754899,0,0.0749,0,0,0.385699553,0.519078721,0.034,0.573392919,0.164317635,3
3456,Chivas 12(943),7,69,1.015469233,0,0.523375731,0,0,0.677982124,0,0.598573393,0,0.572103816,0.27311791,0,0.274321072,0,0.131144723,0,0,0.674974218,0.908387762,0.0596,1.003437607,0.287555861,1
3457,Chivas 12(943),8,70,1.160536267,0,0.598143692,0,0,0.774836714,0,0.684083878,0,0.653832932,0.312134754,0,0.313509797,0,0.149879684,0,0,0.771399106,1.038157442,0.0681,1.146785837,0.32863527,1
3458,Chivas 12(943),7,71,1.015469233,0,0.523375731,0,0,0.677982124,0,0.598573393,0,0.572103816,0.27311791,0,0.274321072,0,0.131144723,0,0,0.674974218,0.908387762,0.0596,1.003437607,0.287555861,1
3459,Chivas 12(943),9,72,1.3056033,0,0.672911654,0,0,0.871691303,0,0.769594362,0,0.735562049,0.351151599,0,0.352698522,0,0.168614644,0,0,0.867823995,1.167927123,0.0766,1.290134067,0.369714679,1
3460,Chivas 12(943),5,73,0.725335167,0,0.373839808,0,0,0.484272946,0,0.427552424,0,0.408645583,0.195084221,0,0.195943623,0,0.0937,0,0,0.482124441,0.648848401,0.0425,0.716741148,0.205397044,3
3461,Chivas 12(943),7,74,1.015469233,0,0.523375731,0,0,0.677982124,0,0.598573393,0,0.572103816,0.27311791,0,0.274321072,0,0.131144723,0,0,0.674974218,0.908387762,0.0596,1.003437607,0.287555861,1
3462,Chivas 12(943),9,75,1.3056033,0,0.672911654,0,0,0.871691303,0,0.769594362,0,0.735562049,0.351151599,0,0.352698522,0,0.168614644,0,0,0.867823995,1.167927123,0.0766,1.290134067,0.369714679,1
3463,Chivas 12(943),5,76,0.725335167,0,0.373839808,0,0,0.484272946,0,0.427552424,0,0.408645583,0.195084221,0,0.195943623,0,0.0937,0,0,0.482124441,0.648848401,0.0425,0.716741148,0.205397044,3
3464,Chivas 12(943),9,77,1.3056033,0,0.672911654,0,0,0.871691303,0,0.769594362,0,0.735562049,0.351151599,0,0.352698522,0,0.168614644,0,0,0.867823995,1.167927123,0.0766,1.290134067,0.369714679,1
3465,Chivas 12(943),9,78,1.3056033,0,0.672911654,0,0,0.871691303,0,0.769594362,0,0.735562049,0.351151599,0,0.352698522,0,0.168614644,0,0,0.867823995,1.167927123,0.0766,1.290134067,0.369714679,1
3466,Chivas 12(943),9,79,1.3056033,0,0.672911654,0,0,0.871691303,0,0.769594362,0,0.735562049,0.351151599,0,0.352698522,0,0.168614644,0,0,0.867823995,1.167927123,0.0766,1.290134067,0.369714679,1
3467,Chivas 12(943),9,80,1.3056033,0,0.672911654,0,0,0.871691303,0,0.769594362,0,0.735562049,0.351151599,0,0.352698522,0,0.168614644,0,0,0.867823995,1.167927123,0.0766,1.290134067,0.369714679,1
3468,Chivas 12(943),5,81,0.725335167,0,0.373839808,0,0,0.484272946,0,0.427552424,0,0.408645583,0.195084221,0,0.195943623,0,0.0937,0,0,0.482124441,0.648848401,0.0425,0.716741148,0.205397044,3
3469,Chivas 12(943),8,82,1.160536267,0,0.598143692,0,0,0.774836714,0,0.684083878,0,0.653832932,0.312134754,0,0.313509797,0,0.149879684,0,0,0.771399106,1.038157442,0.0681,1.146785837,0.32863527,1
3470,Chivas 12(943),6,83,0.8704022,0,0.448607769,0,0,0.581127535,0,0.513062908,0,0.490374699,0.234101066,0,0.235132348,0,0.112409763,0,0,0.57854933,0.778618082,0.051,0.860089378,0.246476452,1
3471,Chivas 12(943),7,84,1.015469233,0,0.523375731,0,0,0.677982124,0,0.598573393,0,0.572103816,0.27311791,0,0.274321072,0,0.131144723,0,0,0.674974218,0.908387762,0.0596,1.003437607,0.287555861,1
3472,Chivas 12(943),8,85,1.160536267,0,0.598143692,0,0,0.774836714,0,0.684083878,0,0.653832932,0.312134754,0,0.313509797,0,0.149879684,0,0,0.771399106,1.038157442,0.0681,1.146785837,0.32863527,1
3473,Chivas 12(943),8,86,1.160536267,0,0.598143692,0,0,0.774836714,0,0.684083878,0,0.653832932,0.312134754,0,0.313509797,0,0.149879684,0,0,0.771399106,1.038157442,0.0681,1.146785837,0.32863527,1
3474,Chivas 12(943),5,87,0.725335167,0,0.373839808,0,0,0.484272946,0,0.427552424,0,0.408645583,0.195084221,0,0.195943623,0,0.0937,0,0,0.482124441,0.648848401,0.0425,0.716741148,0.205397044,3
3475,Chivas 12(943),7,88,1.015469233,0,0.523375731,0,0,0.677982124,0,0.598573393,0,0.572103816,0.27311791,0,0.274321072,0,0.131144723,0,0,0.674974218,0.908387762,0.0596,1.003437607,0.287555861,1
3476,Chivas 12(943),3,89,0.4352011,0,0.224303885,0,0,0.290563768,0,0.256531454,0,0.24518735,0.117050533,0,0.117566174,0,0.0562,0,0,0.289274665,0.389309041,0.0255,0.430044689,0.123238226,3
3477,Chivas 12(943),5,90,0.725335167,0,0.373839808,0,0,0.484272946,0,0.427552424,0,0.408645583,0.195084221,0,0.195943623,0,0.0937,0,0,0.482124441,0.648848401,0.0425,0.716741148,0.205397044,3
3478,Chivas 12(943),7,91,1.015469233,0,0.523375731,0,0,0.677982124,0,0.598573393,0,0.572103816,0.27311791,0,0.274321072,0,0.131144723,0,0,0.674974218,0.908387762,0.0596,1.003437607,0.287555861,1
3479,Chivas 12(943),8,92,1.160536267,0,0.598143692,0,0,0.774836714,0,0.684083878,0,0.653832932,0.312134754,0,0.313509797,0,0.149879684,0,0,0.771399106,1.038157442,0.0681,1.146785837,0.32863527,1
3480,Chivas 12(943),8,93,1.160536267,0,0.598143692,0,0,0.774836714,0,0.684083878,0,0.653832932,0.312134754,0,0.313509797,0,0.149879684,0,0,0.771399106,1.038157442,0.0681,1.146785837,0.32863527,1
3481,Chivas 12(943),8,94,1.160536267,0,0.598143692,0,0,0.774836714,0,0.684083878,0,0.653832932,0.312134754,0,0.313509797,0,0.149879684,0,0,0.771399106,1.038157442,0.0681,1.146785837,0.32863527,1
3482,Chivas 12(943),9,95,1.3056033,0,0.672911654,0,0,0.871691303,0,0.769594362,0,0.735562049,0.351151599,0,0.352698522,0,0.168614644,0,0,0.867823995,1.167927123,0.0766,1.290134067,0.369714679,1
3483,Chivas 12(943),8,96,1.160536267,0,0.598143692,0,0,0.774836714,0,0.684083878,0,0.653832932,0.312134754,0,0.313509797,0,0.149879684,0,0,0.771399106,1.038157442,0.0681,1.146785837,0.32863527,1
3484,Chivas 12(943),8,97,1.160536267,0,0.598143692,0,0,0.774836714,0,0.684083878,0,0.653832932,0.312134754,0,0.313509797,0,0.149879684,0,0,0.771399106,1.038157442,0.0681,1.146785837,0.32863527,1
3485,Chivas 12(943),7,98,1.015469233,0,0.523375731,0,0,0.677982124,0,0.598573393,0,0.572103816,0.27311791,0,0.274321072,0,0.131144723,0,0,0.674974218,0.908387762,0.0596,1.003437607,0.287555861,1
3486,Chivas 12(943),7,99,1.015469233,0,0.523375731,0,0,0.677982124,0,0.598573393,0,0.572103816,0.27311791,0,0.274321072,0,0.131144723,0,0,0.674974218,0.908387762,0.0596,1.003437607,0.287555861,1
3487,Chivas 12(943),8,100,1.160536267,0,0.598143692,0,0,0.774836714,0,0.684083878,0,0.653832932,0.312134754,0,0.313509797,0,0.149879684,0,0,0.771399106,1.038157442,0.0681,1.146785837,0.32863527,1
3488,Chivas 12(943),7,101,1.015469233,0,0.523375731,0,0,0.677982124,0,0.598573393,0,0.572103816,0.27311791,0,0.274321072,0,0.131144723,0,0,0.674974218,0.908387762,0.0596,1.003437607,0.287555861,1
3489,Chivas 12(943),8,102,1.160536267,0,0.598143692,0,0,0.774836714,0,0.684083878,0,0.653832932,0.312134754,0,0.313509797,0,0.149879684,0,0,0.771399106,1.038157442,0.0681,1.146785837,0.32863527,1
3490,Chivas 12(943),7,103,1.015469233,0,0.523375731,0,0,0.677982124,0,0.598573393,0,0.572103816,0.27311791,0,0.274321072,0,0.131144723,0,0,0.674974218,0.908387762,0.0596,1.003437607,0.287555861,1
3491,Chivas 12(943),7,104,1.015469233,0,0.523375731,0,0,0.677982124,0,0.598573393,0,0.572103816,0.27311791,0,0.274321072,0,0.131144723,0,0,0.674974218,0.908387762,0.0596,1.003437607,0.287555861,1
3492,Chivas 12(943),9,105,1.3056033,0,0.672911654,0,0,0.871691303,0,0.769594362,0,0.735562049,0.351151599,0,0.352698522,0,0.168614644,0,0,0.867823995,1.167927123,0.0766,1.290134067,0.369714679,1
3493,Chivas 12(943),8,106,1.160536267,0,0.598143692,0,0,0.774836714,0,0.684083878,0,0.653832932,0.312134754,0,0.313509797,0,0.149879684,0,0,0.771399106,1.038157442,0.0681,1.146785837,0.32863527,1
3494,Chivas 12(943),4,107,0.580268133,0,0.299071846,0,0,0.387418357,0,0.342041939,0,0.326916466,0.156067377,0,0.156754899,0,0.0749,0,0,0.385699553,0.519078721,0.034,0.573392919,0.164317635,3
3495,Chivas 12(943),9,108,1.3056033,0,0.672911654,0,0,0.871691303,0,0.769594362,0,0.735562049,0.351151599,0,0.352698522,0,0.168614644,0,0,0.867823995,1.167927123,0.0766,1.290134067,0.369714679,1
3496,Chivas 12(943),5,109,0.725335167,0,0.373839808,0,0,0.484272946,0,0.427552424,0,0.408645583,0.195084221,0,0.195943623,0,0.0937,0,0,0.482124441,0.648848401,0.0425,0.716741148,0.205397044,3
3497,Chivas 12(943),8,110,1.160536267,0,0.598143692,0,0,0.774836714,0,0.684083878,0,0.653832932,0.312134754,0,0.313509797,0,0.149879684,0,0,0.771399106,1.038157442,0.0681,1.146785837,0.32863527,1
3498,Chivas 12(943),6,111,0.8704022,0,0.448607769,0,0,0.581127535,0,0.513062908,0,0.490374699,0.234101066,0,0.235132348,0,0.112409763,0,0,0.57854933,0.778618082,0.051,0.860089378,0.246476452,1
3499,Chivas 12(943),6,112,0.8704022,0,0.448607769,0,0,0.581127535,0,0.513062908,0,0.490374699,0.234101066,0,0.235132348,0,0.112409763,0,0,0.57854933,0.778618082,0.051,0.860089378,0.246476452,1
3500,Chivas 12(943),8,113,1.160536267,0,0.598143692,0,0,0.774836714,0,0.684083878,0,0.653832932,0.312134754,0,0.313509797,0,0.149879684,0,0,0.771399106,1.038157442,0.0681,1.146785837,0.32863527,1
3501,Chivas 12(943),9,114,1.3056033,0,0.672911654,0,0,0.871691303,0,0.769594362,0,0.735562049,0.351151599,0,0.352698522,0,0.168614644,0,0,0.867823995,1.167927123,0.0766,1.290134067,0.369714679,1
3502,Chivas 12(943),9,115,1.3056033,0,0.672911654,0,0,0.871691303,0,0.769594362,0,0.735562049,0.351151599,0,0.352698522,0,0.168614644,0,0,0.867823995,1.167927123,0.0766,1.290134067,0.369714679,1
3503,Chivas 12(943),9,116,1.3056033,0,0.672911654,0,0,0.871691303,0,0.769594362,0,0.735562049,0.351151599,0,0.352698522,0,0.168614644,0,0,0.867823995,1.167927123,0.0766,1.290134067,0.369714679,1
3504,Chivas 12(943),8,117,1.160536267,0,0.598143692,0,0,0.774836714,0,0.684083878,0,0.653832932,0.312134754,0,0.313509797,0,0.149879684,0,0,0.771399106,1.038157442,0.0681,1.146785837,0.32863527,1
3505,Chivas 12(943),1,118,0.145067033,0,0.0748,0,0,0.0969,0,0.0855,0,0.0817,0.039,0,0.0392,0,0.0187,0,0,0.0964,0.12976968,0.00851,0.14334823,0.0411,3
3506,Chivas 12(943),7,119,1.015469233,0,0.523375731,0,0,0.677982124,0,0.598573393,0,0.572103816,0.27311791,0,0.274321072,0,0.131144723,0,0,0.674974218,0.908387762,0.0596,1.003437607,0.287555861,1
3507,Chivas 12(943),9,120,1.3056033,0,0.672911654,0,0,0.871691303,0,0.769594362,0,0.735562049,0.351151599,0,0.352698522,0,0.168614644,0,0,0.867823995,1.167927123,0.0766,1.290134067,0.369714679,1
3508,Chivas 12(943),8,121,1.160536267,0,0.598143692,0,0,0.774836714,0,0.684083878,0,0.653832932,0.312134754,0,0.313509797,0,0.149879684,0,0,0.771399106,1.038157442,0.0681,1.146785837,0.32863527,1
3509,Chivas 12(943),5,122,0.725335167,0,0.373839808,0,0,0.484272946,0,0.427552424,0,0.408645583,0.195084221,0,0.195943623,0,0.0937,0,0,0.482124441,0.648848401,0.0425,0.716741148,0.205397044,3
3510,Chivas 12(943),5,123,0.725335167,0,0.373839808,0,0,0.484272946,0,0.427552424,0,0.408645583,0.195084221,0,0.195943623,0,0.0937,0,0,0.482124441,0.648848401,0.0425,0.716741148,0.205397044,3
3511,Chivas 12(943),6,124,0.8704022,0,0.448607769,0,0,0.581127535,0,0.513062908,0,0.490374699,0.234101066,0,0.235132348,0,0.112409763,0,0,0.57854933,0.778618082,0.051,0.860089378,0.246476452,1
3512,Chivas 12(943),8,125,1.160536267,0,0.598143692,0,0,0.774836714,0,0.684083878,0,0.653832932,0.312134754,0,0.313509797,0,0.149879684,0,0,0.771399106,1.038157442,0.0681,1.146785837,0.32863527,1
3513,Chivas 12(943),8,126,1.160536267,0,0.598143692,0,0,0.774836714,0,0.684083878,0,0.653832932,0.312134754,0,0.313509797,0,0.149879684,0,0,0.771399106,1.038157442,0.0681,1.146785837,0.32863527,1
3514,Chivas 12(943),6,127,0.8704022,0,0.448607769,0,0,0.581127535,0,0.513062908,0,0.490374699,0.234101066,0,0.235132348,0,0.112409763,0,0,0.57854933,0.778618082,0.051,0.860089378,0.246476452,1
3515,Chivas 12(943),7,128,1.015469233,0,0.523375731,0,0,0.677982124,0,0.598573393,0,0.572103816,0.27311791,0,0.274321072,0,0.131144723,0,0,0.674974218,0.908387762,0.0596,1.003437607,0.287555861,1
3516,Chivas 12(943),8,129,1.160536267,0,0.598143692,0,0,0.774836714,0,0.684083878,0,0.653832932,0.312134754,0,0.313509797,0,0.149879684,0,0,0.771399106,1.038157442,0.0681,1.146785837,0.32863527,1
3517,Chivas 12(943),8,130,1.160536267,0,0.598143692,0,0,0.774836714,0,0.684083878,0,0.653832932,0.312134754,0,0.313509797,0,0.149879684,0,0,0.771399106,1.038157442,0.0681,1.146785837,0.32863527,1
3518,Chivas 12(943),8,131,1.160536267,0,0.598143692,0,0,0.774836714,0,0.684083878,0,0.653832932,0.312134754,0,0.313509797,0,0.149879684,0,0,0.771399106,1.038157442,0.0681,1.146785837,0.32863527,1
3519,Chivas 12(943),9,132,1.3056033,0,0.672911654,0,0,0.871691303,0,0.769594362,0,0.735562049,0.351151599,0,0.352698522,0,0.168614644,0,0,0.867823995,1.167927123,0.0766,1.290134067,0.369714679,1
3520,Chivas 12(943),8,133,1.160536267,0,0.598143692,0,0,0.774836714,0,0.684083878,0,0.653832932,0.312134754,0,0.313509797,0,0.149879684,0,0,0.771399106,1.038157442,0.0681,1.146785837,0.32863527,1
3521,Chivas 12(943),8,134,1.160536267,0,0.598143692,0,0,0.774836714,0,0.684083878,0,0.653832932,0.312134754,0,0.313509797,0,0.149879684,0,0,0.771399106,1.038157442,0.0681,1.146785837,0.32863527,1
3522,Chivas 12(943),7,135,1.015469233,0,0.523375731,0,0,0.677982124,0,0.598573393,0,0.572103816,0.27311791,0,0.274321072,0,0.131144723,0,0,0.674974218,0.908387762,0.0596,1.003437607,0.287555861,1
3523,Chivas 12(943),6,136,0.8704022,0,0.448607769,0,0,0.581127535,0,0.513062908,0,0.490374699,0.234101066,0,0.235132348,0,0.112409763,0,0,0.57854933,0.778618082,0.051,0.860089378,0.246476452,1
3524,Chivas 12(943),5,137,0.725335167,0,0.373839808,0,0,0.484272946,0,0.427552424,0,0.408645583,0.195084221,0,0.195943623,0,0.0937,0,0,0.482124441,0.648848401,0.0425,0.716741148,0.205397044,3
3525,Chivas 12(943),6,138,0.8704022,0,0.448607769,0,0,0.581127535,0,0.513062908,0,0.490374699,0.234101066,0,0.235132348,0,0.112409763,0,0,0.57854933,0.778618082,0.051,0.860089378,0.246476452,1
3526,Chivas 12(943),7,139,1.015469233,0,0.523375731,0,0,0.677982124,0,0.598573393,0,0.572103816,0.27311791,0,0.274321072,0,0.131144723,0,0,0.674974218,0.908387762,0.0596,1.003437607,0.287555861,1
3527,Chivas 12(943),9,140,1.3056033,0,0.672911654,0,0,0.871691303,0,0.769594362,0,0.735562049,0.351151599,0,0.352698522,0,0.168614644,0,0,0.867823995,1.167927123,0.0766,1.290134067,0.369714679,1
3528,Chivas 12(943),6,141,0.8704022,0,0.448607769,0,0,0.581127535,0,0.513062908,0,0.490374699,0.234101066,0,0.235132348,0,0.112409763,0,0,0.57854933,0.778618082,0.051,0.860089378,0.246476452,1
3529,Chivas 12(943),8,142,1.160536267,0,0.598143692,0,0,0.774836714,0,0.684083878,0,0.653832932,0.312134754,0,0.313509797,0,0.149879684,0,0,0.771399106,1.038157442,0.0681,1.146785837,0.32863527,1
3530,Chivas 12(943),9,143,1.3056033,0,0.672911654,0,0,0.871691303,0,0.769594362,0,0.735562049,0.351151599,0,0.352698522,0,0.168614644,0,0,0.867823995,1.167927123,0.0766,1.290134067,0.369714679,1
3531,Chivas 12(943),5,144,0.725335167,0,0.373839808,0,0,0.484272946,0,0.427552424,0,0.408645583,0.195084221,0,0.195943623,0,0.0937,0,0,0.482124441,0.648848401,0.0425,0.716741148,0.205397044,3
3532,Chivas 12(943),9,145,1.3056033,0,0.672911654,0,0,0.871691303,0,0.769594362,0,0.735562049,0.351151599,0,0.352698522,0,0.168614644,0,0,0.867823995,1.167927123,0.0766,1.290134067,0.369714679,1
3533,Chivas 12(943),7,146,1.015469233,0,0.523375731,0,0,0.677982124,0,0.598573393,0,0.572103816,0.27311791,0,0.274321072,0,0.131144723,0,0,0.674974218,0.908387762,0.0596,1.003437607,0.287555861,1
3534,Chivas 12(943),7,147,1.015469233,0,0.523375731,0,0,0.677982124,0,0.598573393,0,0.572103816,0.27311791,0,0.274321072,0,0.131144723,0,0,0.674974218,0.908387762,0.0596,1.003437607,0.287555861,1
3535,Chivas 12(943),8,148,1.160536267,0,0.598143692,0,0,0.774836714,0,0.684083878,0,0.653832932,0.312134754,0,0.313509797,0,0.149879684,0,0,0.771399106,1.038157442,0.0681,1.146785837,0.32863527,1
3536,Chivas 12(943),9,149,1.3056033,0,0.672911654,0,0,0.871691303,0,0.769594362,0,0.735562049,0.351151599,0,0.352698522,0,0.168614644,0,0,0.867823995,1.167927123,0.0766,1.290134067,0.369714679,1
3537,Chivas 12(943),8,150,1.160536267,0,0.598143692,0,0,0.774836714,0,0.684083878,0,0.653832932,0.312134754,0,0.313509797,0,0.149879684,0,0,0.771399106,1.038157442,0.0681,1.146785837,0.32863527,1
3538,Chivas 12(943),9,151,1.3056033,0,0.672911654,0,0,0.871691303,0,0.769594362,0,0.735562049,0.351151599,0,0.352698522,0,0.168614644,0,0,0.867823995,1.167927123,0.0766,1.290134067,0.369714679,1
3539,Chivas 12(943),6,152,0.8704022,0,0.448607769,0,0,0.581127535,0,0.513062908,0,0.490374699,0.234101066,0,0.235132348,0,0.112409763,0,0,0.57854933,0.778618082,0.051,0.860089378,0.246476452,1
3540,Chivas 12(943),8,153,1.160536267,0,0.598143692,0,0,0.774836714,0,0.684083878,0,0.653832932,0.312134754,0,0.313509797,0,0.149879684,0,0,0.771399106,1.038157442,0.0681,1.146785837,0.32863527,1
3541,Chivas 12(943),7,154,1.015469233,0,0.523375731,0,0,0.677982124,0,0.598573393,0,0.572103816,0.27311791,0,0.274321072,0,0.131144723,0,0,0.674974218,0.908387762,0.0596,1.003437607,0.287555861,1
3542,Chivas 12(943),8,155,1.160536267,0,0.598143692,0,0,0.774836714,0,0.684083878,0,0.653832932,0.312134754,0,0.313509797,0,0.149879684,0,0,0.771399106,1.038157442,0.0681,1.146785837,0.32863527,1
3543,Chivas 12(943),8,156,1.160536267,0,0.598143692,0,0,0.774836714,0,0.684083878,0,0.653832932,0.312134754,0,0.313509797,0,0.149879684,0,0,0.771399106,1.038157442,0.0681,1.146785837,0.32863527,1
3544,Chivas 12(943),8,157,1.160536267,0,0.598143692,0,0,0.774836714,0,0.684083878,0,0.653832932,0.312134754,0,0.313509797,0,0.149879684,0,0,0.771399106,1.038157442,0.0681,1.146785837,0.32863527,1
3545,Chivas 12(943),7,158,1.015469233,0,0.523375731,0,0,0.677982124,0,0.598573393,0,0.572103816,0.27311791,0,0.274321072,0,0.131144723,0,0,0.674974218,0.908387762,0.0596,1.003437607,0.287555861,1
3546,Chivas 12(943),5,159,0.725335167,0,0.373839808,0,0,0.484272946,0,0.427552424,0,0.408645583,0.195084221,0,0.195943623,0,0.0937,0,0,0.482124441,0.648848401,0.0425,0.716741148,0.205397044,3
3547,Chivas 12(943),6,160,0.8704022,0,0.448607769,0,0,0.581127535,0,0.513062908,0,0.490374699,0.234101066,0,0.235132348,0,0.112409763,0,0,0.57854933,0.778618082,0.051,0.860089378,0.246476452,1
3548,Chivas 12(943),8,161,1.160536267,0,0.598143692,0,0,0.774836714,0,0.684083878,0,0.653832932,0.312134754,0,0.313509797,0,0.149879684,0,0,0.771399106,1.038157442,0.0681,1.146785837,0.32863527,1
3549,Chivas 12(943),9,162,1.3056033,0,0.672911654,0,0,0.871691303,0,0.769594362,0,0.735562049,0.351151599,0,0.352698522,0,0.168614644,0,0,0.867823995,1.167927123,0.0766,1.290134067,0.369714679,1
3550,Chivas 12(943),8,163,1.160536267,0,0.598143692,0,0,0.774836714,0,0.684083878,0,0.653832932,0.312134754,0,0.313509797,0,0.149879684,0,0,0.771399106,1.038157442,0.0681,1.146785837,0.32863527,1
3551,Chivas 12(943),7,164,1.015469233,0,0.523375731,0,0,0.677982124,0,0.598573393,0,0.572103816,0.27311791,0,0.274321072,0,0.131144723,0,0,0.674974218,0.908387762,0.0596,1.003437607,0.287555861,1
3552,Chivas 12(943),9,165,1.3056033,0,0.672911654,0,0,0.871691303,0,0.769594362,0,0.735562049,0.351151599,0,0.352698522,0,0.168614644,0,0,0.867823995,1.167927123,0.0766,1.290134067,0.369714679,1
3553,Chivas 12(943),5,166,0.725335167,0,0.373839808,0,0,0.484272946,0,0.427552424,0,0.408645583,0.195084221,0,0.195943623,0,0.0937,0,0,0.482124441,0.648848401,0.0425,0.716741148,0.205397044,3
3554,Chivas 12(943),9,167,1.3056033,0,0.672911654,0,0,0.871691303,0,0.769594362,0,0.735562049,0.351151599,0,0.352698522,0,0.168614644,0,0,0.867823995,1.167927123,0.0766,1.290134067,0.369714679,1
3555,Chivas 12(943),8,168,1.160536267,0,0.598143692,0,0,0.774836714,0,0.684083878,0,0.653832932,0.312134754,0,0.313509797,0,0.149879684,0,0,0.771399106,1.038157442,0.0681,1.146785837,0.32863527,1
3556,Chivas 12(943),4,169,0.580268133,0,0.299071846,0,0,0.387418357,0,0.342041939,0,0.326916466,0.156067377,0,0.156754899,0,0.0749,0,0,0.385699553,0.519078721,0.034,0.573392919,0.164317635,3
3557,Chivas 12(943),9,170,1.3056033,0,0.672911654,0,0,0.871691303,0,0.769594362,0,0.735562049,0.351151599,0,0.352698522,0,0.168614644,0,0,0.867823995,1.167927123,0.0766,1.290134067,0.369714679,1
3558,Chivas 12(943),9,171,1.3056033,0,0.672911654,0,0,0.871691303,0,0.769594362,0,0.735562049,0.351151599,0,0.352698522,0,0.168614644,0,0,0.867823995,1.167927123,0.0766,1.290134067,0.369714679,1
3559,Chivas 12(943),8,172,1.160536267,0,0.598143692,0,0,0.774836714,0,0.684083878,0,0.653832932,0.312134754,0,0.313509797,0,0.149879684,0,0,0.771399106,1.038157442,0.0681,1.146785837,0.32863527,1
3560,Chivas 12(943),8,173,1.160536267,0,0.598143692,0,0,0.774836714,0,0.684083878,0,0.653832932,0.312134754,0,0.313509797,0,0.149879684,0,0,0.771399106,1.038157442,0.0681,1.146785837,0.32863527,1
3561,Chivas 12(943),1,174,0.145067033,0,0.0748,0,0,0.0969,0,0.0855,0,0.0817,0.039,0,0.0392,0,0.0187,0,0,0.0964,0.12976968,0.00851,0.14334823,0.0411,3
3562,Chivas 12(943),9,175,1.3056033,0,0.672911654,0,0,0.871691303,0,0.769594362,0,0.735562049,0.351151599,0,0.352698522,0,0.168614644,0,0,0.867823995,1.167927123,0.0766,1.290134067,0.369714679,1
3563,Chivas 12(943),7,176,1.015469233,0,0.523375731,0,0,0.677982124,0,0.598573393,0,0.572103816,0.27311791,0,0.274321072,0,0.131144723,0,0,0.674974218,0.908387762,0.0596,1.003437607,0.287555861,1
3564,Chivas 12(943),5,177,0.725335167,0,0.373839808,0,0,0.484272946,0,0.427552424,0,0.408645583,0.195084221,0,0.195943623,0,0.0937,0,0,0.482124441,0.648848401,0.0425,0.716741148,0.205397044,3
3565,Chivas 12(943),4,178,0.580268133,0,0.299071846,0,0,0.387418357,0,0.342041939,0,0.326916466,0.156067377,0,0.156754899,0,0.0749,0,0,0.385699553,0.519078721,0.034,0.573392919,0.164317635,3
3566,Chivas 12(943),5,179,0.725335167,0,0.373839808,0,0,0.484272946,0,0.427552424,0,0.408645583,0.195084221,0,0.195943623,0,0.0937,0,0,0.482124441,0.648848401,0.0425,0.716741148,0.205397044,3
3567,Chivas 12(943),9,180,1.3056033,0,0.672911654,0,0,0.871691303,0,0.769594362,0,0.735562049,0.351151599,0,0.352698522,0,0.168614644,0,0,0.867823995,1.167927123,0.0766,1.290134067,0.369714679,1
3568,Chivas 12(943),7,181,1.015469233,0,0.523375731,0,0,0.677982124,0,0.598573393,0,0.572103816,0.27311791,0,0.274321072,0,0.131144723,0,0,0.674974218,0.908387762,0.0596,1.003437607,0.287555861,1
3569,Chivas 12(943),9,182,1.3056033,0,0.672911654,0,0,0.871691303,0,0.769594362,0,0.735562049,0.351151599,0,0.352698522,0,0.168614644,0,0,0.867823995,1.167927123,0.0766,1.290134067,0.369714679,1
3570,Chivas 12(943),9,183,1.3056033,0,0.672911654,0,0,0.871691303,0,0.769594362,0,0.735562049,0.351151599,0,0.352698522,0,0.168614644,0,0,0.867823995,1.167927123,0.0766,1.290134067,0.369714679,1
3571,Chivas 12(943),9,184,1.3056033,0,0.672911654,0,0,0.871691303,0,0.769594362,0,0.735562049,0.351151599,0,0.352698522,0,0.168614644,0,0,0.867823995,1.167927123,0.0766,1.290134067,0.369714679,1
3572,Chivas 12(943),9,185,1.3056033,0,0.672911654,0,0,0.871691303,0,0.769594362,0,0.735562049,0.351151599,0,0.352698522,0,0.168614644,0,0,0.867823995,1.167927123,0.0766,1.290134067,0.369714679,1
3573,Chivas 12(943),9,186,1.3056033,0,0.672911654,0,0,0.871691303,0,0.769594362,0,0.735562049,0.351151599,0,0.352698522,0,0.168614644,0,0,0.867823995,1.167927123,0.0766,1.290134067,0.369714679,1
3574,Chivas 12(943),5,187,0.725335167,0,0.373839808,0,0,0.484272946,0,0.427552424,0,0.408645583,0.195084221,0,0.195943623,0,0.0937,0,0,0.482124441,0.648848401,0.0425,0.716741148,0.205397044,3
3575,Chivas 12(943),9,188,1.3056033,0,0.672911654,0,0,0.871691303,0,0.769594362,0,0.735562049,0.351151599,0,0.352698522,0,0.168614644,0,0,0.867823995,1.167927123,0.0766,1.290134067,0.369714679,1
3576,Chivas 12(943),5,189,0.725335167,0,0.373839808,0,0,0.484272946,0,0.427552424,0,0.408645583,0.195084221,0,0.195943623,0,0.0937,0,0,0.482124441,0.648848401,0.0425,0.716741148,0.205397044,3
3577,Chivas 12(943),7,190,1.015469233,0,0.523375731,0,0,0.677982124,0,0.598573393,0,0.572103816,0.27311791,0,0.274321072,0,0.131144723,0,0,0.674974218,0.908387762,0.0596,1.003437607,0.287555861,1
3578,Chivas 12(943),5,191,0.725335167,0,0.373839808,0,0,0.484272946,0,0.427552424,0,0.408645583,0.195084221,0,0.195943623,0,0.0937,0,0,0.482124441,0.648848401,0.0425,0.716741148,0.205397044,3
3579,Chivas 12(943),9,192,1.3056033,0,0.672911654,0,0,0.871691303,0,0.769594362,0,0.735562049,0.351151599,0,0.352698522,0,0.168614644,0,0,0.867823995,1.167927123,0.0766,1.290134067,0.369714679,1
3580,Chivas 12(943),9,193,1.3056033,0,0.672911654,0,0,0.871691303,0,0.769594362,0,0.735562049,0.351151599,0,0.352698522,0,0.168614644,0,0,0.867823995,1.167927123,0.0766,1.290134067,0.369714679,1
3581,Chivas 12(943),7,194,1.015469233,0,0.523375731,0,0,0.677982124,0,0.598573393,0,0.572103816,0.27311791,0,0.274321072,0,0.131144723,0,0,0.674974218,0.908387762,0.0596,1.003437607,0.287555861,1
3582,Chivas 12(943),7,195,1.015469233,0,0.523375731,0,0,0.677982124,0,0.598573393,0,0.572103816,0.27311791,0,0.274321072,0,0.131144723,0,0,0.674974218,0.908387762,0.0596,1.003437607,0.287555861,1
3583,Chivas 12(943),7,196,1.015469233,0,0.523375731,0,0,0.677982124,0,0.598573393,0,0.572103816,0.27311791,0,0.274321072,0,0.131144723,0,0,0.674974218,0.908387762,0.0596,1.003437607,0.287555861,1
3584,Chivas 12(943),7,197,1.015469233,0,0.523375731,0,0,0.677982124,0,0.598573393,0,0.572103816,0.27311791,0,0.274321072,0,0.131144723,0,0,0.674974218,0.908387762,0.0596,1.003437607,0.287555861,1
3585,Chivas 12(943),6,198,0.8704022,0,0.448607769,0,0,0.581127535,0,0.513062908,0,0.490374699,0.234101066,0,0.235132348,0,0.112409763,0,0,0.57854933,0.778618082,0.051,0.860089378,0.246476452,1
3586,Chivas 12(943),9,199,1.3056033,0,0.672911654,0,0,0.871691303,0,0.769594362,0,0.735562049,0.351151599,0,0.352698522,0,0.168614644,0,0,0.867823995,1.167927123,0.0766,1.290134067,0.369714679,1
3587,Chivas 12(943),5,200,0.725335167,0,0.373839808,0,0,0.484272946,0,0.427552424,0,0.408645583,0.195084221,0,0.195943623,0,0.0937,0,0,0.482124441,0.648848401,0.0425,0.716741148,0.205397044,3
3588,Chivas 12(943),3,201,0.4352011,0,0.224303885,0,0,0.290563768,0,0.256531454,0,0.24518735,0.117050533,0,0.117566174,0,0.0562,0,0,0.289274665,0.389309041,0.0255,0.430044689,0.123238226,3
3589,Chivas 12(943),9,202,1.3056033,0,0.672911654,0,0,0.871691303,0,0.769594362,0,0.735562049,0.351151599,0,0.352698522,0,0.168614644,0,0,0.867823995,1.167927123,0.0766,1.290134067,0.369714679,1
3590,Chivas 12(943),7,203,1.015469233,0,0.523375731,0,0,0.677982124,0,0.598573393,0,0.572103816,0.27311791,0,0.274321072,0,0.131144723,0,0,0.674974218,0.908387762,0.0596,1.003437607,0.287555861,1
3591,Chivas 12(943),9,204,1.3056033,0,0.672911654,0,0,0.871691303,0,0.769594362,0,0.735562049,0.351151599,0,0.352698522,0,0.168614644,0,0,0.867823995,1.167927123,0.0766,1.290134067,0.369714679,1
3592,Chivas 12(943),7,205,1.015469233,0,0.523375731,0,0,0.677982124,0,0.598573393,0,0.572103816,0.27311791,0,0.274321072,0,0.131144723,0,0,0.674974218,0.908387762,0.0596,1.003437607,0.287555861,1
3593,Chivas 12(943),9,206,1.3056033,0,0.672911654,0,0,0.871691303,0,0.769594362,0,0.735562049,0.351151599,0,0.352698522,0,0.168614644,0,0,0.867823995,1.167927123,0.0766,1.290134067,0.369714679,1
3594,Chivas 12(943),7,207,1.015469233,0,0.523375731,0,0,0.677982124,0,0.598573393,0,0.572103816,0.27311791,0,0.274321072,0,0.131144723,0,0,0.674974218,0.908387762,0.0596,1.003437607,0.287555861,1
3595,Chivas 12(943),6,208,0.8704022,0,0.448607769,0,0,0.581127535,0,0.513062908,0,0.490374699,0.234101066,0,0.235132348,0,0.112409763,0,0,0.57854933,0.778618082,0.051,0.860089378,0.246476452,1
3596,Chivas 12(943),7,209,1.015469233,0,0.523375731,0,0,0.677982124,0,0.598573393,0,0.572103816,0.27311791,0,0.274321072,0,0.131144723,0,0,0.674974218,0.908387762,0.0596,1.003437607,0.287555861,1
3597,Chivas 12(943),8,210,1.160536267,0,0.598143692,0,0,0.774836714,0,0.684083878,0,0.653832932,0.312134754,0,0.313509797,0,0.149879684,0,0,0.771399106,1.038157442,0.0681,1.146785837,0.32863527,1
3598,Chivas 12(943),3,211,0.4352011,0,0.224303885,0,0,0.290563768,0,0.256531454,0,0.24518735,0.117050533,0,0.117566174,0,0.0562,0,0,0.289274665,0.389309041,0.0255,0.430044689,0.123238226,3
3599,Chivas 12(943),7,212,1.015469233,0,0.523375731,0,0,0.677982124,0,0.598573393,0,0.572103816,0.27311791,0,0.274321072,0,0.131144723,0,0,0.674974218,0.908387762,0.0596,1.003437607,0.287555861,1
3600,Chivas 12(943),9,213,1.3056033,0,0.672911654,0,0,0.871691303,0,0.769594362,0,0.735562049,0.351151599,0,0.352698522,0,0.168614644,0,0,0.867823995,1.167927123,0.0766,1.290134067,0.369714679,1
3601,Chivas 12(943),8,214,1.160536267,0,0.598143692,0,0,0.774836714,0,0.684083878,0,0.653832932,0.312134754,0,0.313509797,0,0.149879684,0,0,0.771399106,1.038157442,0.0681,1.146785837,0.32863527,1
3602,Chivas 12(943),9,215,1.3056033,0,0.672911654,0,0,0.871691303,0,0.769594362,0,0.735562049,0.351151599,0,0.352698522,0,0.168614644,0,0,0.867823995,1.167927123,0.0766,1.290134067,0.369714679,1
3603,Chivas 12(943),4,216,0.580268133,0,0.299071846,0,0,0.387418357,0,0.342041939,0,0.326916466,0.156067377,0,0.156754899,0,0.0749,0,0,0.385699553,0.519078721,0.034,0.573392919,0.164317635,3
3604,Chivas 12(943),7,217,1.015469233,0,0.523375731,0,0,0.677982124,0,0.598573393,0,0.572103816,0.27311791,0,0.274321072,0,0.131144723,0,0,0.674974218,0.908387762,0.0596,1.003437607,0.287555861,1
3605,Chivas 12(943),4,218,0.580268133,0,0.299071846,0,0,0.387418357,0,0.342041939,0,0.326916466,0.156067377,0,0.156754899,0,0.0749,0,0,0.385699553,0.519078721,0.034,0.573392919,0.164317635,3
3606,Chivas 12(943),7,219,1.015469233,0,0.523375731,0,0,0.677982124,0,0.598573393,0,0.572103816,0.27311791,0,0.274321072,0,0.131144723,0,0,0.674974218,0.908387762,0.0596,1.003437607,0.287555861,1
3607,Chivas 12(943),7,220,1.015469233,0,0.523375731,0,0,0.677982124,0,0.598573393,0,0.572103816,0.27311791,0,0.274321072,0,0.131144723,0,0,0.674974218,0.908387762,0.0596,1.003437607,0.287555861,1
3608,Chivas 12(943),7,221,1.015469233,0,0.523375731,0,0,0.677982124,0,0.598573393,0,0.572103816,0.27311791,0,0.274321072,0,0.131144723,0,0,0.674974218,0.908387762,0.0596,1.003437607,0.287555861,1
3609,Chivas 12(943),9,222,1.3056033,0,0.672911654,0,0,0.871691303,0,0.769594362,0,0.735562049,0.351151599,0,0.352698522,0,0.168614644,0,0,0.867823995,1.167927123,0.0766,1.290134067,0.369714679,1
3610,Chivas 12(943),8,223,1.160536267,0,0.598143692,0,0,0.774836714,0,0.684083878,0,0.653832932,0.312134754,0,0.313509797,0,0.149879684,0,0,0.771399106,1.038157442,0.0681,1.146785837,0.32863527,1
3611,Chivas 12(943),7,224,1.015469233,0,0.523375731,0,0,0.677982124,0,0.598573393,0,0.572103816,0.27311791,0,0.274321072,0,0.131144723,0,0,0.674974218,0.908387762,0.0596,1.003437607,0.287555861,1
3612,Chivas 12(943),7,225,1.015469233,0,0.523375731,0,0,0.677982124,0,0.598573393,0,0.572103816,0.27311791,0,0.274321072,0,0.131144723,0,0,0.674974218,0.908387762,0.0596,1.003437607,0.287555861,1
3613,Chivas 12(943),6,226,0.8704022,0,0.448607769,0,0,0.581127535,0,0.513062908,0,0.490374699,0.234101066,0,0.235132348,0,0.112409763,0,0,0.57854933,0.778618082,0.051,0.860089378,0.246476452,1
3614,Chivas 12(943),7,227,1.015469233,0,0.523375731,0,0,0.677982124,0,0.598573393,0,0.572103816,0.27311791,0,0.274321072,0,0.131144723,0,0,0.674974218,0.908387762,0.0596,1.003437607,0.287555861,1
3615,Chivas 12(943),9,228,1.3056033,0,0.672911654,0,0,0.871691303,0,0.769594362,0,0.735562049,0.351151599,0,0.352698522,0,0.168614644,0,0,0.867823995,1.167927123,0.0766,1.290134067,0.369714679,1
3616,Chivas 12(943),6,229,0.8704022,0,0.448607769,0,0,0.581127535,0,0.513062908,0,0.490374699,0.234101066,0,0.235132348,0,0.112409763,0,0,0.57854933,0.778618082,0.051,0.860089378,0.246476452,1
3617,Chivas 12(943),4,230,0.580268133,0,0.299071846,0,0,0.387418357,0,0.342041939,0,0.326916466,0.156067377,0,0.156754899,0,0.0749,0,0,0.385699553,0.519078721,0.034,0.573392919,0.164317635,3
3618,Chivas 12(943),7,231,1.015469233,0,0.523375731,0,0,0.677982124,0,0.598573393,0,0.572103816,0.27311791,0,0.274321072,0,0.131144723,0,0,0.674974218,0.908387762,0.0596,1.003437607,0.287555861,1
3619,Chivas 12(943),5,232,0.725335167,0,0.373839808,0,0,0.484272946,0,0.427552424,0,0.408645583,0.195084221,0,0.195943623,0,0.0937,0,0,0.482124441,0.648848401,0.0425,0.716741148,0.205397044,3
3620,Chivas 12(943),9,233,1.3056033,0,0.672911654,0,0,0.871691303,0,0.769594362,0,0.735562049,0.351151599,0,0.352698522,0,0.168614644,0,0,0.867823995,1.167927123,0.0766,1.290134067,0.369714679,1
3621,Chivas 12(943),9,234,1.3056033,0,0.672911654,0,0,0.871691303,0,0.769594362,0,0.735562049,0.351151599,0,0.352698522,0,0.168614644,0,0,0.867823995,1.167927123,0.0766,1.290134067,0.369714679,1
3622,Chivas 12(943),9,235,1.3056033,0,0.672911654,0,0,0.871691303,0,0.769594362,0,0.735562049,0.351151599,0,0.352698522,0,0.168614644,0,0,0.867823995,1.167927123,0.0766,1.290134067,0.369714679,1
3623,Chivas 12(943),8,236,1.160536267,0,0.598143692,0,0,0.774836714,0,0.684083878,0,0.653832932,0.312134754,0,0.313509797,0,0.149879684,0,0,0.771399106,1.038157442,0.0681,1.146785837,0.32863527,1
3624,Chivas 12(943),9,237,1.3056033,0,0.672911654,0,0,0.871691303,0,0.769594362,0,0.735562049,0.351151599,0,0.352698522,0,0.168614644,0,0,0.867823995,1.167927123,0.0766,1.290134067,0.369714679,1
3625,Chivas 12(943),8,238,1.160536267,0,0.598143692,0,0,0.774836714,0,0.684083878,0,0.653832932,0.312134754,0,0.313509797,0,0.149879684,0,0,0.771399106,1.038157442,0.0681,1.146785837,0.32863527,1
3626,Chivas 12(943),7,239,1.015469233,0,0.523375731,0,0,0.677982124,0,0.598573393,0,0.572103816,0.27311791,0,0.274321072,0,0.131144723,0,0,0.674974218,0.908387762,0.0596,1.003437607,0.287555861,1
3627,Chivas 12(943),2,240,0.290134067,0,0.149535923,0,0,0.193709178,0,0.171020969,0,0.163458233,0.078,0,0.0784,0,0.0375,0,0,0.192849777,0.259539361,0.017,0.286696459,0.0822,3
3628,Chivas 12(943),6,241,0.8704022,0,0.448607769,0,0,0.581127535,0,0.513062908,0,0.490374699,0.234101066,0,0.235132348,0,0.112409763,0,0,0.57854933,0.778618082,0.051,0.860089378,0.246476452,1
3629,Chivas 12(943),4,242,0.580268133,0,0.299071846,0,0,0.387418357,0,0.342041939,0,0.326916466,0.156067377,0,0.156754899,0,0.0749,0,0,0.385699553,0.519078721,0.034,0.573392919,0.164317635,3
3630,Chivas 12(943),6,243,0.8704022,0,0.448607769,0,0,0.581127535,0,0.513062908,0,0.490374699,0.234101066,0,0.235132348,0,0.112409763,0,0,0.57854933,0.778618082,0.051,0.860089378,0.246476452,1
3631,Chivas 12(943),5,244,0.725335167,0,0.373839808,0,0,0.484272946,0,0.427552424,0,0.408645583,0.195084221,0,0.195943623,0,0.0937,0,0,0.482124441,0.648848401,0.0425,0.716741148,0.205397044,3
3632,Chivas 12(943),7,245,1.015469233,0,0.523375731,0,0,0.677982124,0,0.598573393,0,0.572103816,0.27311791,0,0.274321072,0,0.131144723,0,0,0.674974218,0.908387762,0.0596,1.003437607,0.287555861,1
3633,Chivas 12(943),5,246,0.725335167,0,0.373839808,0,0,0.484272946,0,0.427552424,0,0.408645583,0.195084221,0,0.195943623,0,0.0937,0,0,0.482124441,0.648848401,0.0425,0.716741148,0.205397044,3
3634,Chivas 12(943),9,247,1.3056033,0,0.672911654,0,0,0.871691303,0,0.769594362,0,0.735562049,0.351151599,0,0.352698522,0,0.168614644,0,0,0.867823995,1.167927123,0.0766,1.290134067,0.369714679,1
3635,Chivas 12(943),7,248,1.015469233,0,0.523375731,0,0,0.677982124,0,0.598573393,0,0.572103816,0.27311791,0,0.274321072,0,0.131144723,0,0,0.674974218,0.908387762,0.0596,1.003437607,0.287555861,1
3636,Chivas 12(943),5,249,0.725335167,0,0.373839808,0,0,0.484272946,0,0.427552424,0,0.408645583,0.195084221,0,0.195943623,0,0.0937,0,0,0.482124441,0.648848401,0.0425,0.716741148,0.205397044,3
3637,Chivas 12(943),7,250,1.015469233,0,0.523375731,0,0,0.677982124,0,0.598573393,0,0.572103816,0.27311791,0,0.274321072,0,0.131144723,0,0,0.674974218,0.908387762,0.0596,1.003437607,0.287555861,1
3638,Chivas 12(943),9,251,1.3056033,0,0.672911654,0,0,0.871691303,0,0.769594362,0,0.735562049,0.351151599,0,0.352698522,0,0.168614644,0,0,0.867823995,1.167927123,0.0766,1.290134067,0.369714679,1
3639,Chivas 12(943),7,252,1.015469233,0,0.523375731,0,0,0.677982124,0,0.598573393,0,0.572103816,0.27311791,0,0.274321072,0,0.131144723,0,0,0.674974218,0.908387762,0.0596,1.003437607,0.287555861,1
3640,Chivas 12(943),8,253,1.160536267,0,0.598143692,0,0,0.774836714,0,0.684083878,0,0.653832932,0.312134754,0,0.313509797,0,0.149879684,0,0,0.771399106,1.038157442,0.0681,1.146785837,0.32863527,1
3641,Chivas 12(943),6,254,0.8704022,0,0.448607769,0,0,0.581127535,0,0.513062908,0,0.490374699,0.234101066,0,0.235132348,0,0.112409763,0,0,0.57854933,0.778618082,0.051,0.860089378,0.246476452,1
3642,Chivas 12(943),9,255,1.3056033,0,0.672911654,0,0,0.871691303,0,0.769594362,0,0.735562049,0.351151599,0,0.352698522,0,0.168614644,0,0,0.867823995,1.167927123,0.0766,1.290134067,0.369714679,1
3643,Chivas 12(943),8,256,1.160536267,0,0.598143692,0,0,0.774836714,0,0.684083878,0,0.653832932,0.312134754,0,0.313509797,0,0.149879684,0,0,0.771399106,1.038157442,0.0681,1.146785837,0.32863527,1
3644,Chivas 12(943),9,257,1.3056033,0,0.672911654,0,0,0.871691303,0,0.769594362,0,0.735562049,0.351151599,0,0.352698522,0,0.168614644,0,0,0.867823995,1.167927123,0.0766,1.290134067,0.369714679,1
3645,Chivas 12(943),4,258,0.580268133,0,0.299071846,0,0,0.387418357,0,0.342041939,0,0.326916466,0.156067377,0,0.156754899,0,0.0749,0,0,0.385699553,0.519078721,0.034,0.573392919,0.164317635,3
3646,Chivas 12(943),6,259,0.8704022,0,0.448607769,0,0,0.581127535,0,0.513062908,0,0.490374699,0.234101066,0,0.235132348,0,0.112409763,0,0,0.57854933,0.778618082,0.051,0.860089378,0.246476452,1
3647,Chivas 12(943),9,260,1.3056033,0,0.672911654,0,0,0.871691303,0,0.769594362,0,0.735562049,0.351151599,0,0.352698522,0,0.168614644,0,0,0.867823995,1.167927123,0.0766,1.290134067,0.369714679,1
3648,Chivas 12(943),9,261,1.3056033,0,0.672911654,0,0,0.871691303,0,0.769594362,0,0.735562049,0.351151599,0,0.352698522,0,0.168614644,0,0,0.867823995,1.167927123,0.0766,1.290134067,0.369714679,1
3649,Chivas 12(943),1,262,0.145067033,0,0.0748,0,0,0.0969,0,0.0855,0,0.0817,0.039,0,0.0392,0,0.0187,0,0,0.0964,0.12976968,0.00851,0.14334823,0.0411,3
3650,Chivas 12(943),8,263,1.160536267,0,0.598143692,0,0,0.774836714,0,0.684083878,0,0.653832932,0.312134754,0,0.313509797,0,0.149879684,0,0,0.771399106,1.038157442,0.0681,1.146785837,0.32863527,1
3651,Chivas 12(943),7,264,1.015469233,0,0.523375731,0,0,0.677982124,0,0.598573393,0,0.572103816,0.27311791,0,0.274321072,0,0.131144723,0,0,0.674974218,0.908387762,0.0596,1.003437607,0.287555861,1
3652,Chivas 12(943),7,265,1.015469233,0,0.523375731,0,0,0.677982124,0,0.598573393,0,0.572103816,0.27311791,0,0.274321072,0,0.131144723,0,0,0.674974218,0.908387762,0.0596,1.003437607,0.287555861,1
3653,Chivas 12(943),5,266,0.725335167,0,0.373839808,0,0,0.484272946,0,0.427552424,0,0.408645583,0.195084221,0,0.195943623,0,0.0937,0,0,0.482124441,0.648848401,0.0425,0.716741148,0.205397044,3
3654,Chivas 12(943),6,267,0.8704022,0,0.448607769,0,0,0.581127535,0,0.513062908,0,0.490374699,0.234101066,0,0.235132348,0,0.112409763,0,0,0.57854933,0.778618082,0.051,0.860089378,0.246476452,1
3655,Chivas 12(943),7,268,1.015469233,0,0.523375731,0,0,0.677982124,0,0.598573393,0,0.572103816,0.27311791,0,0.274321072,0,0.131144723,0,0,0.674974218,0.908387762,0.0596,1.003437607,0.287555861,1
3656,Chivas 12(943),6,269,0.8704022,0,0.448607769,0,0,0.581127535,0,0.513062908,0,0.490374699,0.234101066,0,0.235132348,0,0.112409763,0,0,0.57854933,0.778618082,0.051,0.860089378,0.246476452,1
3657,Chivas 12(943),5,270,0.725335167,0,0.373839808,0,0,0.484272946,0,0.427552424,0,0.408645583,0.195084221,0,0.195943623,0,0.0937,0,0,0.482124441,0.648848401,0.0425,0.716741148,0.205397044,3
3658,Chivas 12(943),7,271,1.015469233,0,0.523375731,0,0,0.677982124,0,0.598573393,0,0.572103816,0.27311791,0,0.274321072,0,0.131144723,0,0,0.674974218,0.908387762,0.0596,1.003437607,0.287555861,1
3659,Chivas 12(943),2,272,0.290134067,0,0.149535923,0,0,0.193709178,0,0.171020969,0,0.163458233,0.078,0,0.0784,0,0.0375,0,0,0.192849777,0.259539361,0.017,0.286696459,0.0822,3
3660,Chivas 12(943),9,273,1.3056033,0,0.672911654,0,0,0.871691303,0,0.769594362,0,0.735562049,0.351151599,0,0.352698522,0,0.168614644,0,0,0.867823995,1.167927123,0.0766,1.290134067,0.369714679,1
3661,Chivas 12(943),9,274,1.3056033,0,0.672911654,0,0,0.871691303,0,0.769594362,0,0.735562049,0.351151599,0,0.352698522,0,0.168614644,0,0,0.867823995,1.167927123,0.0766,1.290134067,0.369714679,1
3662,Chivas 12(943),8,275,1.160536267,0,0.598143692,0,0,0.774836714,0,0.684083878,0,0.653832932,0.312134754,0,0.313509797,0,0.149879684,0,0,0.771399106,1.038157442,0.0681,1.146785837,0.32863527,1
3663,Chivas 12(943),8,276,1.160536267,0,0.598143692,0,0,0.774836714,0,0.684083878,0,0.653832932,0.312134754,0,0.313509797,0,0.149879684,0,0,0.771399106,1.038157442,0.0681,1.146785837,0.32863527,1
3664,Chivas 12(943),9,277,1.3056033,0,0.672911654,0,0,0.871691303,0,0.769594362,0,0.735562049,0.351151599,0,0.352698522,0,0.168614644,0,0,0.867823995,1.167927123,0.0766,1.290134067,0.369714679,1
3665,Chivas 12(943),9,278,1.3056033,0,0.672911654,0,0,0.871691303,0,0.769594362,0,0.735562049,0.351151599,0,0.352698522,0,0.168614644,0,0,0.867823995,1.167927123,0.0766,1.290134067,0.369714679,1
3666,Chivas 12(943),6,279,0.8704022,0,0.448607769,0,0,0.581127535,0,0.513062908,0,0.490374699,0.234101066,0,0.235132348,0,0.112409763,0,0,0.57854933,0.778618082,0.051,0.860089378,0.246476452,1
3667,Chivas 12(943),8,280,1.160536267,0,0.598143692,0,0,0.774836714,0,0.684083878,0,0.653832932,0.312134754,0,0.313509797,0,0.149879684,0,0,0.771399106,1.038157442,0.0681,1.146785837,0.32863527,1
3668,Chivas 12(943),8,281,1.160536267,0,0.598143692,0,0,0.774836714,0,0.684083878,0,0.653832932,0.312134754,0,0.313509797,0,0.149879684,0,0,0.771399106,1.038157442,0.0681,1.146785837,0.32863527,1
3669,Chivas 12(943),7,282,1.015469233,0,0.523375731,0,0,0.677982124,0,0.598573393,0,0.572103816,0.27311791,0,0.274321072,0,0.131144723,0,0,0.674974218,0.908387762,0.0596,1.003437607,0.287555861,1
3670,Chivas 12(943),8,283,1.160536267,0,0.598143692,0,0,0.774836714,0,0.684083878,0,0.653832932,0.312134754,0,0.313509797,0,0.149879684,0,0,0.771399106,1.038157442,0.0681,1.146785837,0.32863527,1
3671,Chivas 12(943),9,284,1.3056033,0,0.672911654,0,0,0.871691303,0,0.769594362,0,0.735562049,0.351151599,0,0.352698522,0,0.168614644,0,0,0.867823995,1.167927123,0.0766,1.290134067,0.369714679,1
3672,Chivas 12(943),7,285,1.015469233,0,0.523375731,0,0,0.677982124,0,0.598573393,0,0.572103816,0.27311791,0,0.274321072,0,0.131144723,0,0,0.674974218,0.908387762,0.0596,1.003437607,0.287555861,1
3673,Chivas 12(943),1,286,0.145067033,0,0.0748,0,0,0.0969,0,0.0855,0,0.0817,0.039,0,0.0392,0,0.0187,0,0,0.0964,0.12976968,0.00851,0.14334823,0.0411,3
3674,Chivas 12(943),6,287,0.8704022,0,0.448607769,0,0,0.581127535,0,0.513062908,0,0.490374699,0.234101066,0,0.235132348,0,0.112409763,0,0,0.57854933,0.778618082,0.051,0.860089378,0.246476452,1
3675,Chivas 12(943),9,288,1.3056033,0,0.672911654,0,0,0.871691303,0,0.769594362,0,0.735562049,0.351151599,0,0.352698522,0,0.168614644,0,0,0.867823995,1.167927123,0.0766,1.290134067,0.369714679,1
3676,Chivas 12(943),8,289,1.160536267,0,0.598143692,0,0,0.774836714,0,0.684083878,0,0.653832932,0.312134754,0,0.313509797,0,0.149879684,0,0,0.771399106,1.038157442,0.0681,1.146785837,0.32863527,1
3677,Chivas 12(943),8,290,1.160536267,0,0.598143692,0,0,0.774836714,0,0.684083878,0,0.653832932,0.312134754,0,0.313509797,0,0.149879684,0,0,0.771399106,1.038157442,0.0681,1.146785837,0.32863527,1
3678,Chivas 12(943),4,291,0.580268133,0,0.299071846,0,0,0.387418357,0,0.342041939,0,0.326916466,0.156067377,0,0.156754899,0,0.0749,0,0,0.385699553,0.519078721,0.034,0.573392919,0.164317635,3
3679,Chivas 12(943),9,292,1.3056033,0,0.672911654,0,0,0.871691303,0,0.769594362,0,0.735562049,0.351151599,0,0.352698522,0,0.168614644,0,0,0.867823995,1.167927123,0.0766,1.290134067,0.369714679,1
3680,Chivas 12(943),7,293,1.015469233,0,0.523375731,0,0,0.677982124,0,0.598573393,0,0.572103816,0.27311791,0,0.274321072,0,0.131144723,0,0,0.674974218,0.908387762,0.0596,1.003437607,0.287555861,1
3681,Chivas 12(943),7,294,1.015469233,0,0.523375731,0,0,0.677982124,0,0.598573393,0,0.572103816,0.27311791,0,0.274321072,0,0.131144723,0,0,0.674974218,0.908387762,0.0596,1.003437607,0.287555861,1
3682,Chivas 12(943),4,295,0.580268133,0,0.299071846,0,0,0.387418357,0,0.342041939,0,0.326916466,0.156067377,0,0.156754899,0,0.0749,0,0,0.385699553,0.519078721,0.034,0.573392919,0.164317635,3
3683,Chivas 12(943),6,296,0.8704022,0,0.448607769,0,0,0.581127535,0,0.513062908,0,0.490374699,0.234101066,0,0.235132348,0,0.112409763,0,0,0.57854933,0.778618082,0.051,0.860089378,0.246476452,1
3684,Chivas 12(943),6,297,0.8704022,0,0.448607769,0,0,0.581127535,0,0.513062908,0,0.490374699,0.234101066,0,0.235132348,0,0.112409763,0,0,0.57854933,0.778618082,0.051,0.860089378,0.246476452,1
3685,Chivas 12(943),8,298,1.160536267,0,0.598143692,0,0,0.774836714,0,0.684083878,0,0.653832932,0.312134754,0,0.313509797,0,0.149879684,0,0,0.771399106,1.038157442,0.0681,1.146785837,0.32863527,1
3686,Chivas 12(943),9,299,1.3056033,0,0.672911654,0,0,0.871691303,0,0.769594362,0,0.735562049,0.351151599,0,0.352698522,0,0.168614644,0,0,0.867823995,1.167927123,0.0766,1.290134067,0.369714679,1
3687,Chivas 12(943),7,300,1.015469233,0,0.523375731,0,0,0.677982124,0,0.598573393,0,0.572103816,0.27311791,0,0.274321072,0,0.131144723,0,0,0.674974218,0.908387762,0.0596,1.003437607,0.287555861,1
3688,Chivas 12(943),9,301,1.3056033,0,0.672911654,0,0,0.871691303,0,0.769594362,0,0.735562049,0.351151599,0,0.352698522,0,0.168614644,0,0,0.867823995,1.167927123,0.0766,1.290134067,0.369714679,1
3689,Chivas 12(943),9,302,1.3056033,0,0.672911654,0,0,0.871691303,0,0.769594362,0,0.735562049,0.351151599,0,0.352698522,0,0.168614644,0,0,0.867823995,1.167927123,0.0766,1.290134067,0.369714679,1
3690,Chivas 12(943),4,303,0.580268133,0,0.299071846,0,0,0.387418357,0,0.342041939,0,0.326916466,0.156067377,0,0.156754899,0,0.0749,0,0,0.385699553,0.519078721,0.034,0.573392919,0.164317635,3
3691,Chivas 12(943),5,304,0.725335167,0,0.373839808,0,0,0.484272946,0,0.427552424,0,0.408645583,0.195084221,0,0.195943623,0,0.0937,0,0,0.482124441,0.648848401,0.0425,0.716741148,0.205397044,3
3692,Chivas 12(943),7,305,1.015469233,0,0.523375731,0,0,0.677982124,0,0.598573393,0,0.572103816,0.27311791,0,0.274321072,0,0.131144723,0,0,0.674974218,0.908387762,0.0596,1.003437607,0.287555861,1
3693,Chivas 12(943),9,306,1.3056033,0,0.672911654,0,0,0.871691303,0,0.769594362,0,0.735562049,0.351151599,0,0.352698522,0,0.168614644,0,0,0.867823995,1.167927123,0.0766,1.290134067,0.369714679,1
3694,Chivas 12(943),9,307,1.3056033,0,0.672911654,0,0,0.871691303,0,0.769594362,0,0.735562049,0.351151599,0,0.352698522,0,0.168614644,0,0,0.867823995,1.167927123,0.0766,1.290134067,0.369714679,1
3695,Chivas 12(943),9,308,1.3056033,0,0.672911654,0,0,0.871691303,0,0.769594362,0,0.735562049,0.351151599,0,0.352698522,0,0.168614644,0,0,0.867823995,1.167927123,0.0766,1.290134067,0.369714679,1
3696,Oaksmith Gold (436),5,1,0.477099237,0,0.318066158,0,0,0.561753768,0,0.416422,0,0.432569975,0.19377569,0,0.190839695,0,0.0294,0,0,0.545605794,0.741338814,0.048933255,0.818653357,0.225582306,3
3697,Oaksmith Gold (436),9,2,0.858778626,0,0.572519084,0,0,1.011156782,0,0.749559601,0,0.778625954,0.348796242,0,0.34351145,0,0.0528,0,0,0.982090429,1.334409865,0.0881,1.473576042,0.40604815,1
3698,Oaksmith Gold (436),7,3,0.667938931,0,0.445292621,0,0,0.786455275,0,0.5829908,0,0.605597964,0.271285966,0,0.267175572,0,0.0411,0,0,0.763848111,1.037874339,0.0685,1.1461147,0.315815228,1
3699,Oaksmith Gold (436),8,4,0.763358779,0,0.508905852,0,0,0.898806029,0,0.666275201,0,0.692111959,0.310041104,0,0.305343511,0,0.047,0,0,0.87296927,1.186142102,0.0783,1.309845371,0.360931689,1
3700,Oaksmith Gold (436),9,5,0.858778626,0,0.572519084,0,0,1.011156782,0,0.749559601,0,0.778625954,0.348796242,0,0.34351145,0,0.0528,0,0,0.982090429,1.334409865,0.0881,1.473576042,0.40604815,1
3701,Oaksmith Gold (436),7,6,0.667938931,0,0.445292621,0,0,0.786455275,0,0.5829908,0,0.605597964,0.271285966,0,0.267175572,0,0.0411,0,0,0.763848111,1.037874339,0.0685,1.1461147,0.315815228,1
3702,Oaksmith Gold (436),7,7,0.667938931,0,0.445292621,0,0,0.786455275,0,0.5829908,0,0.605597964,0.271285966,0,0.267175572,0,0.0411,0,0,0.763848111,1.037874339,0.0685,1.1461147,0.315815228,1
3703,Oaksmith Gold (436),8,8,0.763358779,0,0.508905852,0,0,0.898806029,0,0.666275201,0,0.692111959,0.310041104,0,0.305343511,0,0.047,0,0,0.87296927,1.186142102,0.0783,1.309845371,0.360931689,1
3704,Oaksmith Gold (436),8,9,0.763358779,0,0.508905852,0,0,0.898806029,0,0.666275201,0,0.692111959,0.310041104,0,0.305343511,0,0.047,0,0,0.87296927,1.186142102,0.0783,1.309845371,0.360931689,1
3705,Oaksmith Gold (436),8,10,0.763358779,0,0.508905852,0,0,0.898806029,0,0.666275201,0,0.692111959,0.310041104,0,0.305343511,0,0.047,0,0,0.87296927,1.186142102,0.0783,1.309845371,0.360931689,1
3706,Oaksmith Gold (436),7,11,0.667938931,0,0.445292621,0,0,0.786455275,0,0.5829908,0,0.605597964,0.271285966,0,0.267175572,0,0.0411,0,0,0.763848111,1.037874339,0.0685,1.1461147,0.315815228,1
3707,Oaksmith Gold (436),8,12,0.763358779,0,0.508905852,0,0,0.898806029,0,0.666275201,0,0.692111959,0.310041104,0,0.305343511,0,0.047,0,0,0.87296927,1.186142102,0.0783,1.309845371,0.360931689,1
3708,Oaksmith Gold (436),9,13,0.858778626,0,0.572519084,0,0,1.011156782,0,0.749559601,0,0.778625954,0.348796242,0,0.34351145,0,0.0528,0,0,0.982090429,1.334409865,0.0881,1.473576042,0.40604815,1
3709,Oaksmith Gold (436),6,14,0.572519084,0,0.381679389,0,0,0.674104521,0,0.4997064,0,0.51908397,0.232530828,0,0.229007634,0,0.0352,0,0,0.654726952,0.889606577,0.0587,0.982384028,0.270698767,1
3710,Oaksmith Gold (436),8,15,0.763358779,0,0.508905852,0,0,0.898806029,0,0.666275201,0,0.692111959,0.310041104,0,0.305343511,0,0.047,0,0,0.87296927,1.186142102,0.0783,1.309845371,0.360931689,1
3711,Oaksmith Gold (436),8,16,0.763358779,0,0.508905852,0,0,0.898806029,0,0.666275201,0,0.692111959,0.310041104,0,0.305343511,0,0.047,0,0,0.87296927,1.186142102,0.0783,1.309845371,0.360931689,1
3712,Oaksmith Gold (436),9,17,0.858778626,0,0.572519084,0,0,1.011156782,0,0.749559601,0,0.778625954,0.348796242,0,0.34351145,0,0.0528,0,0,0.982090429,1.334409865,0.0881,1.473576042,0.40604815,1
3713,Oaksmith Gold (436),9,18,0.858778626,0,0.572519084,0,0,1.011156782,0,0.749559601,0,0.778625954,0.348796242,0,0.34351145,0,0.0528,0,0,0.982090429,1.334409865,0.0881,1.473576042,0.40604815,1
3714,Oaksmith Gold (436),9,19,0.858778626,0,0.572519084,0,0,1.011156782,0,0.749559601,0,0.778625954,0.348796242,0,0.34351145,0,0.0528,0,0,0.982090429,1.334409865,0.0881,1.473576042,0.40604815,1
3715,Oaksmith Gold (436),8,20,0.763358779,0,0.508905852,0,0,0.898806029,0,0.666275201,0,0.692111959,0.310041104,0,0.305343511,0,0.047,0,0,0.87296927,1.186142102,0.0783,1.309845371,0.360931689,1
3716,Oaksmith Gold (436),7,21,0.667938931,0,0.445292621,0,0,0.786455275,0,0.5829908,0,0.605597964,0.271285966,0,0.267175572,0,0.0411,0,0,0.763848111,1.037874339,0.0685,1.1461147,0.315815228,1
3717,Oaksmith Gold (436),8,22,0.763358779,0,0.508905852,0,0,0.898806029,0,0.666275201,0,0.692111959,0.310041104,0,0.305343511,0,0.047,0,0,0.87296927,1.186142102,0.0783,1.309845371,0.360931689,1
3718,Oaksmith Gold (436),9,23,0.858778626,0,0.572519084,0,0,1.011156782,0,0.749559601,0,0.778625954,0.348796242,0,0.34351145,0,0.0528,0,0,0.982090429,1.334409865,0.0881,1.473576042,0.40604815,1
3719,Oaksmith Gold (436),6,24,0.572519084,0,0.381679389,0,0,0.674104521,0,0.4997064,0,0.51908397,0.232530828,0,0.229007634,0,0.0352,0,0,0.654726952,0.889606577,0.0587,0.982384028,0.270698767,1
3720,Oaksmith Gold (436),9,25,0.858778626,0,0.572519084,0,0,1.011156782,0,0.749559601,0,0.778625954,0.348796242,0,0.34351145,0,0.0528,0,0,0.982090429,1.334409865,0.0881,1.473576042,0.40604815,1
3721,Oaksmith Gold (436),8,26,0.763358779,0,0.508905852,0,0,0.898806029,0,0.666275201,0,0.692111959,0.310041104,0,0.305343511,0,0.047,0,0,0.87296927,1.186142102,0.0783,1.309845371,0.360931689,1
3722,Oaksmith Gold (436),7,27,0.667938931,0,0.445292621,0,0,0.786455275,0,0.5829908,0,0.605597964,0.271285966,0,0.267175572,0,0.0411,0,0,0.763848111,1.037874339,0.0685,1.1461147,0.315815228,1
3723,Oaksmith Gold (436),9,28,0.858778626,0,0.572519084,0,0,1.011156782,0,0.749559601,0,0.778625954,0.348796242,0,0.34351145,0,0.0528,0,0,0.982090429,1.334409865,0.0881,1.473576042,0.40604815,1
3724,Oaksmith Gold (436),9,29,0.858778626,0,0.572519084,0,0,1.011156782,0,0.749559601,0,0.778625954,0.348796242,0,0.34351145,0,0.0528,0,0,0.982090429,1.334409865,0.0881,1.473576042,0.40604815,1
3725,Oaksmith Gold (436),7,30,0.667938931,0,0.445292621,0,0,0.786455275,0,0.5829908,0,0.605597964,0.271285966,0,0.267175572,0,0.0411,0,0,0.763848111,1.037874339,0.0685,1.1461147,0.315815228,1
3726,Oaksmith Gold (436),7,31,0.667938931,0,0.445292621,0,0,0.786455275,0,0.5829908,0,0.605597964,0.271285966,0,0.267175572,0,0.0411,0,0,0.763848111,1.037874339,0.0685,1.1461147,0.315815228,1
3727,Oaksmith Gold (436),8,32,0.763358779,0,0.508905852,0,0,0.898806029,0,0.666275201,0,0.692111959,0.310041104,0,0.305343511,0,0.047,0,0,0.87296927,1.186142102,0.0783,1.309845371,0.360931689,1
3728,Oaksmith Gold (436),6,33,0.572519084,0,0.381679389,0,0,0.674104521,0,0.4997064,0,0.51908397,0.232530828,0,0.229007634,0,0.0352,0,0,0.654726952,0.889606577,0.0587,0.982384028,0.270698767,1
3729,Oaksmith Gold (436),8,34,0.763358779,0,0.508905852,0,0,0.898806029,0,0.666275201,0,0.692111959,0.310041104,0,0.305343511,0,0.047,0,0,0.87296927,1.186142102,0.0783,1.309845371,0.360931689,1
3730,Oaksmith Gold (436),8,35,0.763358779,0,0.508905852,0,0,0.898806029,0,0.666275201,0,0.692111959,0.310041104,0,0.305343511,0,0.047,0,0,0.87296927,1.186142102,0.0783,1.309845371,0.360931689,1
3731,Oaksmith Gold (436),9,36,0.858778626,0,0.572519084,0,0,1.011156782,0,0.749559601,0,0.778625954,0.348796242,0,0.34351145,0,0.0528,0,0,0.982090429,1.334409865,0.0881,1.473576042,0.40604815,1
3732,Oaksmith Gold (436),8,37,0.763358779,0,0.508905852,0,0,0.898806029,0,0.666275201,0,0.692111959,0.310041104,0,0.305343511,0,0.047,0,0,0.87296927,1.186142102,0.0783,1.309845371,0.360931689,1
3733,Oaksmith Gold (436),8,38,0.763358779,0,0.508905852,0,0,0.898806029,0,0.666275201,0,0.692111959,0.310041104,0,0.305343511,0,0.047,0,0,0.87296927,1.186142102,0.0783,1.309845371,0.360931689,1
3734,Oaksmith Gold (436),7,39,0.667938931,0,0.445292621,0,0,0.786455275,0,0.5829908,0,0.605597964,0.271285966,0,0.267175572,0,0.0411,0,0,0.763848111,1.037874339,0.0685,1.1461147,0.315815228,1
3735,Oaksmith Gold (436),6,40,0.572519084,0,0.381679389,0,0,0.674104521,0,0.4997064,0,0.51908397,0.232530828,0,0.229007634,0,0.0352,0,0,0.654726952,0.889606577,0.0587,0.982384028,0.270698767,1
3736,Oaksmith Gold (436),7,41,0.667938931,0,0.445292621,0,0,0.786455275,0,0.5829908,0,0.605597964,0.271285966,0,0.267175572,0,0.0411,0,0,0.763848111,1.037874339,0.0685,1.1461147,0.315815228,1
3737,Oaksmith Gold (436),6,42,0.572519084,0,0.381679389,0,0,0.674104521,0,0.4997064,0,0.51908397,0.232530828,0,0.229007634,0,0.0352,0,0,0.654726952,0.889606577,0.0587,0.982384028,0.270698767,1
3738,Oaksmith Gold (436),5,43,0.477099237,0,0.318066158,0,0,0.561753768,0,0.416422,0,0.432569975,0.19377569,0,0.190839695,0,0.0294,0,0,0.545605794,0.741338814,0.048933255,0.818653357,0.225582306,3
3739,Oaksmith Gold (436),9,44,0.858778626,0,0.572519084,0,0,1.011156782,0,0.749559601,0,0.778625954,0.348796242,0,0.34351145,0,0.0528,0,0,0.982090429,1.334409865,0.0881,1.473576042,0.40604815,1
3740,Oaksmith Gold (436),8,45,0.763358779,0,0.508905852,0,0,0.898806029,0,0.666275201,0,0.692111959,0.310041104,0,0.305343511,0,0.047,0,0,0.87296927,1.186142102,0.0783,1.309845371,0.360931689,1
3741,Oaksmith Gold (436),7,46,0.667938931,0,0.445292621,0,0,0.786455275,0,0.5829908,0,0.605597964,0.271285966,0,0.267175572,0,0.0411,0,0,0.763848111,1.037874339,0.0685,1.1461147,0.315815228,1
3742,Oaksmith Gold (436),6,47,0.572519084,0,0.381679389,0,0,0.674104521,0,0.4997064,0,0.51908397,0.232530828,0,0.229007634,0,0.0352,0,0,0.654726952,0.889606577,0.0587,0.982384028,0.270698767,1
3743,Oaksmith Gold (436),9,48,0.858778626,0,0.572519084,0,0,1.011156782,0,0.749559601,0,0.778625954,0.348796242,0,0.34351145,0,0.0528,0,0,0.982090429,1.334409865,0.0881,1.473576042,0.40604815,1
3744,Oaksmith Gold (436),9,49,0.858778626,0,0.572519084,0,0,1.011156782,0,0.749559601,0,0.778625954,0.348796242,0,0.34351145,0,0.0528,0,0,0.982090429,1.334409865,0.0881,1.473576042,0.40604815,1
3745,Oaksmith Gold (436),7,50,0.667938931,0,0.445292621,0,0,0.786455275,0,0.5829908,0,0.605597964,0.271285966,0,0.267175572,0,0.0411,0,0,0.763848111,1.037874339,0.0685,1.1461147,0.315815228,1
3746,Oaksmith Gold (436),5,51,0.477099237,0,0.318066158,0,0,0.561753768,0,0.416422,0,0.432569975,0.19377569,0,0.190839695,0,0.0294,0,0,0.545605794,0.741338814,0.048933255,0.818653357,0.225582306,3
3747,Oaksmith Gold (436),8,52,0.763358779,0,0.508905852,0,0,0.898806029,0,0.666275201,0,0.692111959,0.310041104,0,0.305343511,0,0.047,0,0,0.87296927,1.186142102,0.0783,1.309845371,0.360931689,1
3748,Oaksmith Gold (436),9,53,0.858778626,0,0.572519084,0,0,1.011156782,0,0.749559601,0,0.778625954,0.348796242,0,0.34351145,0,0.0528,0,0,0.982090429,1.334409865,0.0881,1.473576042,0.40604815,1
3749,Oaksmith Gold (436),9,54,0.858778626,0,0.572519084,0,0,1.011156782,0,0.749559601,0,0.778625954,0.348796242,0,0.34351145,0,0.0528,0,0,0.982090429,1.334409865,0.0881,1.473576042,0.40604815,1
3750,Oaksmith Gold (436),7,55,0.667938931,0,0.445292621,0,0,0.786455275,0,0.5829908,0,0.605597964,0.271285966,0,0.267175572,0,0.0411,0,0,0.763848111,1.037874339,0.0685,1.1461147,0.315815228,1
3751,Oaksmith Gold (436),8,56,0.763358779,0,0.508905852,0,0,0.898806029,0,0.666275201,0,0.692111959,0.310041104,0,0.305343511,0,0.047,0,0,0.87296927,1.186142102,0.0783,1.309845371,0.360931689,1
3752,Oaksmith Gold (436),6,57,0.572519084,0,0.381679389,0,0,0.674104521,0,0.4997064,0,0.51908397,0.232530828,0,0.229007634,0,0.0352,0,0,0.654726952,0.889606577,0.0587,0.982384028,0.270698767,1
3753,Oaksmith Gold (436),8,58,0.763358779,0,0.508905852,0,0,0.898806029,0,0.666275201,0,0.692111959,0.310041104,0,0.305343511,0,0.047,0,0,0.87296927,1.186142102,0.0783,1.309845371,0.360931689,1
3754,Oaksmith Gold (436),7,59,0.667938931,0,0.445292621,0,0,0.786455275,0,0.5829908,0,0.605597964,0.271285966,0,0.267175572,0,0.0411,0,0,0.763848111,1.037874339,0.0685,1.1461147,0.315815228,1
3755,Oaksmith Gold (436),7,60,0.667938931,0,0.445292621,0,0,0.786455275,0,0.5829908,0,0.605597964,0.271285966,0,0.267175572,0,0.0411,0,0,0.763848111,1.037874339,0.0685,1.1461147,0.315815228,1
3756,Oaksmith Gold (436),8,61,0.763358779,0,0.508905852,0,0,0.898806029,0,0.666275201,0,0.692111959,0.310041104,0,0.305343511,0,0.047,0,0,0.87296927,1.186142102,0.0783,1.309845371,0.360931689,1
3757,Oaksmith Gold (436),5,62,0.477099237,0,0.318066158,0,0,0.561753768,0,0.416422,0,0.432569975,0.19377569,0,0.190839695,0,0.0294,0,0,0.545605794,0.741338814,0.048933255,0.818653357,0.225582306,3
3758,Oaksmith Gold (436),7,63,0.667938931,0,0.445292621,0,0,0.786455275,0,0.5829908,0,0.605597964,0.271285966,0,0.267175572,0,0.0411,0,0,0.763848111,1.037874339,0.0685,1.1461147,0.315815228,1
3759,Oaksmith Gold (436),7,64,0.667938931,0,0.445292621,0,0,0.786455275,0,0.5829908,0,0.605597964,0.271285966,0,0.267175572,0,0.0411,0,0,0.763848111,1.037874339,0.0685,1.1461147,0.315815228,1
3760,Oaksmith Gold (436),9,65,0.858778626,0,0.572519084,0,0,1.011156782,0,0.749559601,0,0.778625954,0.348796242,0,0.34351145,0,0.0528,0,0,0.982090429,1.334409865,0.0881,1.473576042,0.40604815,1
3761,Oaksmith Gold (436),8,66,0.763358779,0,0.508905852,0,0,0.898806029,0,0.666275201,0,0.692111959,0.310041104,0,0.305343511,0,0.047,0,0,0.87296927,1.186142102,0.0783,1.309845371,0.360931689,1
3762,Oaksmith Gold (436),7,67,0.667938931,0,0.445292621,0,0,0.786455275,0,0.5829908,0,0.605597964,0.271285966,0,0.267175572,0,0.0411,0,0,0.763848111,1.037874339,0.0685,1.1461147,0.315815228,1
3763,Oaksmith Gold (436),8,68,0.763358779,0,0.508905852,0,0,0.898806029,0,0.666275201,0,0.692111959,0.310041104,0,0.305343511,0,0.047,0,0,0.87296927,1.186142102,0.0783,1.309845371,0.360931689,1
3764,Oaksmith Gold (436),8,69,0.763358779,0,0.508905852,0,0,0.898806029,0,0.666275201,0,0.692111959,0.310041104,0,0.305343511,0,0.047,0,0,0.87296927,1.186142102,0.0783,1.309845371,0.360931689,1
3765,Oaksmith Gold (436),9,70,0.858778626,0,0.572519084,0,0,1.011156782,0,0.749559601,0,0.778625954,0.348796242,0,0.34351145,0,0.0528,0,0,0.982090429,1.334409865,0.0881,1.473576042,0.40604815,1
3766,Oaksmith Gold (436),8,71,0.763358779,0,0.508905852,0,0,0.898806029,0,0.666275201,0,0.692111959,0.310041104,0,0.305343511,0,0.047,0,0,0.87296927,1.186142102,0.0783,1.309845371,0.360931689,1
3767,Oaksmith Gold (436),7,72,0.667938931,0,0.445292621,0,0,0.786455275,0,0.5829908,0,0.605597964,0.271285966,0,0.267175572,0,0.0411,0,0,0.763848111,1.037874339,0.0685,1.1461147,0.315815228,1
3768,Oaksmith Gold (436),1,73,0.0954,0,0.0636,0,0,0.112350754,0,0.0833,0,0.0865,0.0388,0,0.0382,0,0.00587,0,0,0.109121159,0.148267763,0.00979,0.163730671,0.0451,3
3769,Oaksmith Gold (436),9,74,0.858778626,0,0.572519084,0,0,1.011156782,0,0.749559601,0,0.778625954,0.348796242,0,0.34351145,0,0.0528,0,0,0.982090429,1.334409865,0.0881,1.473576042,0.40604815,1
3770,Oaksmith Gold (436),8,75,0.763358779,0,0.508905852,0,0,0.898806029,0,0.666275201,0,0.692111959,0.310041104,0,0.305343511,0,0.047,0,0,0.87296927,1.186142102,0.0783,1.309845371,0.360931689,1
3771,Oaksmith Gold (436),9,76,0.858778626,0,0.572519084,0,0,1.011156782,0,0.749559601,0,0.778625954,0.348796242,0,0.34351145,0,0.0528,0,0,0.982090429,1.334409865,0.0881,1.473576042,0.40604815,1
3772,Oaksmith Gold (436),8,77,0.763358779,0,0.508905852,0,0,0.898806029,0,0.666275201,0,0.692111959,0.310041104,0,0.305343511,0,0.047,0,0,0.87296927,1.186142102,0.0783,1.309845371,0.360931689,1
3773,Oaksmith Gold (436),9,78,0.858778626,0,0.572519084,0,0,1.011156782,0,0.749559601,0,0.778625954,0.348796242,0,0.34351145,0,0.0528,0,0,0.982090429,1.334409865,0.0881,1.473576042,0.40604815,1
3774,Oaksmith Gold (436),7,79,0.667938931,0,0.445292621,0,0,0.786455275,0,0.5829908,0,0.605597964,0.271285966,0,0.267175572,0,0.0411,0,0,0.763848111,1.037874339,0.0685,1.1461147,0.315815228,1
3775,Oaksmith Gold (436),7,80,0.667938931,0,0.445292621,0,0,0.786455275,0,0.5829908,0,0.605597964,0.271285966,0,0.267175572,0,0.0411,0,0,0.763848111,1.037874339,0.0685,1.1461147,0.315815228,1
3776,Oaksmith Gold (436),5,81,0.477099237,0,0.318066158,0,0,0.561753768,0,0.416422,0,0.432569975,0.19377569,0,0.190839695,0,0.0294,0,0,0.545605794,0.741338814,0.048933255,0.818653357,0.225582306,3
3777,Oaksmith Gold (436),5,82,0.477099237,0,0.318066158,0,0,0.561753768,0,0.416422,0,0.432569975,0.19377569,0,0.190839695,0,0.0294,0,0,0.545605794,0.741338814,0.048933255,0.818653357,0.225582306,3
3778,Oaksmith Gold (436),9,83,0.858778626,0,0.572519084,0,0,1.011156782,0,0.749559601,0,0.778625954,0.348796242,0,0.34351145,0,0.0528,0,0,0.982090429,1.334409865,0.0881,1.473576042,0.40604815,1
3779,Oaksmith Gold (436),1,84,0.0954,0,0.0636,0,0,0.112350754,0,0.0833,0,0.0865,0.0388,0,0.0382,0,0.00587,0,0,0.109121159,0.148267763,0.00979,0.163730671,0.0451,3
3780,Oaksmith Gold (436),9,85,0.858778626,0,0.572519084,0,0,1.011156782,0,0.749559601,0,0.778625954,0.348796242,0,0.34351145,0,0.0528,0,0,0.982090429,1.334409865,0.0881,1.473576042,0.40604815,1
3781,Oaksmith Gold (436),9,86,0.858778626,0,0.572519084,0,0,1.011156782,0,0.749559601,0,0.778625954,0.348796242,0,0.34351145,0,0.0528,0,0,0.982090429,1.334409865,0.0881,1.473576042,0.40604815,1
3782,Oaksmith Gold (436),8,87,0.763358779,0,0.508905852,0,0,0.898806029,0,0.666275201,0,0.692111959,0.310041104,0,0.305343511,0,0.047,0,0,0.87296927,1.186142102,0.0783,1.309845371,0.360931689,1
3783,Oaksmith Gold (436),2,88,0.190839695,0,0.127226463,0,0,0.224701507,0,0.1665688,0,0.17302799,0.0775,0,0.0763,0,0.0117,0,0,0.218242317,0.296535526,0.0196,0.327461343,0.0902,3
3784,Oaksmith Gold (436),6,89,0.572519084,0,0.381679389,0,0,0.674104521,0,0.4997064,0,0.51908397,0.232530828,0,0.229007634,0,0.0352,0,0,0.654726952,0.889606577,0.0587,0.982384028,0.270698767,1
3785,Oaksmith Gold (436),8,90,0.763358779,0,0.508905852,0,0,0.898806029,0,0.666275201,0,0.692111959,0.310041104,0,0.305343511,0,0.047,0,0,0.87296927,1.186142102,0.0783,1.309845371,0.360931689,1
3786,Oaksmith Gold (436),5,91,0.477099237,0,0.318066158,0,0,0.561753768,0,0.416422,0,0.432569975,0.19377569,0,0.190839695,0,0.0294,0,0,0.545605794,0.741338814,0.048933255,0.818653357,0.225582306,3
3787,Oaksmith Gold (436),4,92,0.381679389,0,0.254452926,0,0,0.449403014,0,0.3331376,0,0.34605598,0.155020552,0,0.152671756,0,0.0235,0,0,0.436484635,0.593071051,0.0391,0.654922685,0.180465845,3
3788,Oaksmith Gold (436),4,93,0.381679389,0,0.254452926,0,0,0.449403014,0,0.3331376,0,0.34605598,0.155020552,0,0.152671756,0,0.0235,0,0,0.436484635,0.593071051,0.0391,0.654922685,0.180465845,3
3789,Oaksmith Gold (436),8,94,0.763358779,0,0.508905852,0,0,0.898806029,0,0.666275201,0,0.692111959,0.310041104,0,0.305343511,0,0.047,0,0,0.87296927,1.186142102,0.0783,1.309845371,0.360931689,1
3790,Oaksmith Gold (436),6,95,0.572519084,0,0.381679389,0,0,0.674104521,0,0.4997064,0,0.51908397,0.232530828,0,0.229007634,0,0.0352,0,0,0.654726952,0.889606577,0.0587,0.982384028,0.270698767,1
3791,Oaksmith Gold (436),7,96,0.667938931,0,0.445292621,0,0,0.786455275,0,0.5829908,0,0.605597964,0.271285966,0,0.267175572,0,0.0411,0,0,0.763848111,1.037874339,0.0685,1.1461147,0.315815228,1
3792,Oaksmith Gold (436),4,97,0.381679389,0,0.254452926,0,0,0.449403014,0,0.3331376,0,0.34605598,0.155020552,0,0.152671756,0,0.0235,0,0,0.436484635,0.593071051,0.0391,0.654922685,0.180465845,3
3793,Oaksmith Gold (436),9,98,0.858778626,0,0.572519084,0,0,1.011156782,0,0.749559601,0,0.778625954,0.348796242,0,0.34351145,0,0.0528,0,0,0.982090429,1.334409865,0.0881,1.473576042,0.40604815,1
3794,Oaksmith Gold (436),7,99,0.667938931,0,0.445292621,0,0,0.786455275,0,0.5829908,0,0.605597964,0.271285966,0,0.267175572,0,0.0411,0,0,0.763848111,1.037874339,0.0685,1.1461147,0.315815228,1
3795,Oaksmith Gold (436),8,100,0.763358779,0,0.508905852,0,0,0.898806029,0,0.666275201,0,0.692111959,0.310041104,0,0.305343511,0,0.047,0,0,0.87296927,1.186142102,0.0783,1.309845371,0.360931689,1
3796,Oaksmith Gold (436),7,101,0.667938931,0,0.445292621,0,0,0.786455275,0,0.5829908,0,0.605597964,0.271285966,0,0.267175572,0,0.0411,0,0,0.763848111,1.037874339,0.0685,1.1461147,0.315815228,1
3797,Oaksmith Gold (436),9,102,0.858778626,0,0.572519084,0,0,1.011156782,0,0.749559601,0,0.778625954,0.348796242,0,0.34351145,0,0.0528,0,0,0.982090429,1.334409865,0.0881,1.473576042,0.40604815,1
3798,Oaksmith Gold (436),9,103,0.858778626,0,0.572519084,0,0,1.011156782,0,0.749559601,0,0.778625954,0.348796242,0,0.34351145,0,0.0528,0,0,0.982090429,1.334409865,0.0881,1.473576042,0.40604815,1
3799,Oaksmith Gold (436),5,104,0.477099237,0,0.318066158,0,0,0.561753768,0,0.416422,0,0.432569975,0.19377569,0,0.190839695,0,0.0294,0,0,0.545605794,0.741338814,0.048933255,0.818653357,0.225582306,3
3800,Oaksmith Gold (436),6,105,0.572519084,0,0.381679389,0,0,0.674104521,0,0.4997064,0,0.51908397,0.232530828,0,0.229007634,0,0.0352,0,0,0.654726952,0.889606577,0.0587,0.982384028,0.270698767,1
3801,Oaksmith Gold (436),8,106,0.763358779,0,0.508905852,0,0,0.898806029,0,0.666275201,0,0.692111959,0.310041104,0,0.305343511,0,0.047,0,0,0.87296927,1.186142102,0.0783,1.309845371,0.360931689,1
3802,Oaksmith Gold (436),8,107,0.763358779,0,0.508905852,0,0,0.898806029,0,0.666275201,0,0.692111959,0.310041104,0,0.305343511,0,0.047,0,0,0.87296927,1.186142102,0.0783,1.309845371,0.360931689,1
3803,Oaksmith Gold (436),5,108,0.477099237,0,0.318066158,0,0,0.561753768,0,0.416422,0,0.432569975,0.19377569,0,0.190839695,0,0.0294,0,0,0.545605794,0.741338814,0.048933255,0.818653357,0.225582306,3
3804,Oaksmith Gold (436),7,109,0.667938931,0,0.445292621,0,0,0.786455275,0,0.5829908,0,0.605597964,0.271285966,0,0.267175572,0,0.0411,0,0,0.763848111,1.037874339,0.0685,1.1461147,0.315815228,1
3805,Oaksmith Gold (436),7,110,0.667938931,0,0.445292621,0,0,0.786455275,0,0.5829908,0,0.605597964,0.271285966,0,0.267175572,0,0.0411,0,0,0.763848111,1.037874339,0.0685,1.1461147,0.315815228,1
3806,Oaksmith Gold (436),7,111,0.667938931,0,0.445292621,0,0,0.786455275,0,0.5829908,0,0.605597964,0.271285966,0,0.267175572,0,0.0411,0,0,0.763848111,1.037874339,0.0685,1.1461147,0.315815228,1
3807,Oaksmith Gold (436),5,112,0.477099237,0,0.318066158,0,0,0.561753768,0,0.416422,0,0.432569975,0.19377569,0,0.190839695,0,0.0294,0,0,0.545605794,0.741338814,0.048933255,0.818653357,0.225582306,3
3808,Oaksmith Gold (436),7,113,0.667938931,0,0.445292621,0,0,0.786455275,0,0.5829908,0,0.605597964,0.271285966,0,0.267175572,0,0.0411,0,0,0.763848111,1.037874339,0.0685,1.1461147,0.315815228,1
3809,Oaksmith Gold (436),8,114,0.763358779,0,0.508905852,0,0,0.898806029,0,0.666275201,0,0.692111959,0.310041104,0,0.305343511,0,0.047,0,0,0.87296927,1.186142102,0.0783,1.309845371,0.360931689,1
3810,Oaksmith Gold (436),6,115,0.572519084,0,0.381679389,0,0,0.674104521,0,0.4997064,0,0.51908397,0.232530828,0,0.229007634,0,0.0352,0,0,0.654726952,0.889606577,0.0587,0.982384028,0.270698767,1
3811,Oaksmith Gold (436),5,116,0.477099237,0,0.318066158,0,0,0.561753768,0,0.416422,0,0.432569975,0.19377569,0,0.190839695,0,0.0294,0,0,0.545605794,0.741338814,0.048933255,0.818653357,0.225582306,3
3812,Oaksmith Gold (436),9,117,0.858778626,0,0.572519084,0,0,1.011156782,0,0.749559601,0,0.778625954,0.348796242,0,0.34351145,0,0.0528,0,0,0.982090429,1.334409865,0.0881,1.473576042,0.40604815,1
3813,Oaksmith Gold (436),8,118,0.763358779,0,0.508905852,0,0,0.898806029,0,0.666275201,0,0.692111959,0.310041104,0,0.305343511,0,0.047,0,0,0.87296927,1.186142102,0.0783,1.309845371,0.360931689,1
3814,Oaksmith Gold (436),6,119,0.572519084,0,0.381679389,0,0,0.674104521,0,0.4997064,0,0.51908397,0.232530828,0,0.229007634,0,0.0352,0,0,0.654726952,0.889606577,0.0587,0.982384028,0.270698767,1
3815,Oaksmith Gold (436),7,120,0.667938931,0,0.445292621,0,0,0.786455275,0,0.5829908,0,0.605597964,0.271285966,0,0.267175572,0,0.0411,0,0,0.763848111,1.037874339,0.0685,1.1461147,0.315815228,1
3816,Oaksmith Gold (436),6,121,0.572519084,0,0.381679389,0,0,0.674104521,0,0.4997064,0,0.51908397,0.232530828,0,0.229007634,0,0.0352,0,0,0.654726952,0.889606577,0.0587,0.982384028,0.270698767,1
3817,Oaksmith Gold (436),8,122,0.763358779,0,0.508905852,0,0,0.898806029,0,0.666275201,0,0.692111959,0.310041104,0,0.305343511,0,0.047,0,0,0.87296927,1.186142102,0.0783,1.309845371,0.360931689,1
3818,Oaksmith Gold (436),8,123,0.763358779,0,0.508905852,0,0,0.898806029,0,0.666275201,0,0.692111959,0.310041104,0,0.305343511,0,0.047,0,0,0.87296927,1.186142102,0.0783,1.309845371,0.360931689,1
3819,Oaksmith Gold (436),7,124,0.667938931,0,0.445292621,0,0,0.786455275,0,0.5829908,0,0.605597964,0.271285966,0,0.267175572,0,0.0411,0,0,0.763848111,1.037874339,0.0685,1.1461147,0.315815228,1
3820,Oaksmith Gold (436),8,125,0.763358779,0,0.508905852,0,0,0.898806029,0,0.666275201,0,0.692111959,0.310041104,0,0.305343511,0,0.047,0,0,0.87296927,1.186142102,0.0783,1.309845371,0.360931689,1
3821,Oaksmith Gold (436),3,126,0.286259542,0,0.190839695,0,0,0.337052261,0,0.2498532,0,0.259541985,0.116265414,0,0.114503817,0,0.0176,0,0,0.327363476,0.444803288,0.0294,0.491192014,0.135349383,3
3822,Oaksmith Gold (436),7,127,0.667938931,0,0.445292621,0,0,0.786455275,0,0.5829908,0,0.605597964,0.271285966,0,0.267175572,0,0.0411,0,0,0.763848111,1.037874339,0.0685,1.1461147,0.315815228,1
3823,Oaksmith Gold (436),8,128,0.763358779,0,0.508905852,0,0,0.898806029,0,0.666275201,0,0.692111959,0.310041104,0,0.305343511,0,0.047,0,0,0.87296927,1.186142102,0.0783,1.309845371,0.360931689,1
3824,Oaksmith Gold (436),8,129,0.763358779,0,0.508905852,0,0,0.898806029,0,0.666275201,0,0.692111959,0.310041104,0,0.305343511,0,0.047,0,0,0.87296927,1.186142102,0.0783,1.309845371,0.360931689,1
3825,Oaksmith Gold (436),7,130,0.667938931,0,0.445292621,0,0,0.786455275,0,0.5829908,0,0.605597964,0.271285966,0,0.267175572,0,0.0411,0,0,0.763848111,1.037874339,0.0685,1.1461147,0.315815228,1
3826,Oaksmith Gold (436),8,131,0.763358779,0,0.508905852,0,0,0.898806029,0,0.666275201,0,0.692111959,0.310041104,0,0.305343511,0,0.047,0,0,0.87296927,1.186142102,0.0783,1.309845371,0.360931689,1
3827,Oaksmith Gold (436),9,132,0.858778626,0,0.572519084,0,0,1.011156782,0,0.749559601,0,0.778625954,0.348796242,0,0.34351145,0,0.0528,0,0,0.982090429,1.334409865,0.0881,1.473576042,0.40604815,1
3828,Oaksmith Gold (436),9,133,0.858778626,0,0.572519084,0,0,1.011156782,0,0.749559601,0,0.778625954,0.348796242,0,0.34351145,0,0.0528,0,0,0.982090429,1.334409865,0.0881,1.473576042,0.40604815,1
3829,Oaksmith Gold (436),9,134,0.858778626,0,0.572519084,0,0,1.011156782,0,0.749559601,0,0.778625954,0.348796242,0,0.34351145,0,0.0528,0,0,0.982090429,1.334409865,0.0881,1.473576042,0.40604815,1
3830,Oaksmith Gold (436),7,135,0.667938931,0,0.445292621,0,0,0.786455275,0,0.5829908,0,0.605597964,0.271285966,0,0.267175572,0,0.0411,0,0,0.763848111,1.037874339,0.0685,1.1461147,0.315815228,1
3831,Oaksmith Gold (436),9,136,0.858778626,0,0.572519084,0,0,1.011156782,0,0.749559601,0,0.778625954,0.348796242,0,0.34351145,0,0.0528,0,0,0.982090429,1.334409865,0.0881,1.473576042,0.40604815,1
3832,Oaksmith Gold (436),6,137,0.572519084,0,0.381679389,0,0,0.674104521,0,0.4997064,0,0.51908397,0.232530828,0,0.229007634,0,0.0352,0,0,0.654726952,0.889606577,0.0587,0.982384028,0.270698767,1
3833,Oaksmith Gold (436),7,138,0.667938931,0,0.445292621,0,0,0.786455275,0,0.5829908,0,0.605597964,0.271285966,0,0.267175572,0,0.0411,0,0,0.763848111,1.037874339,0.0685,1.1461147,0.315815228,1
3834,Oaksmith Gold (436),9,139,0.858778626,0,0.572519084,0,0,1.011156782,0,0.749559601,0,0.778625954,0.348796242,0,0.34351145,0,0.0528,0,0,0.982090429,1.334409865,0.0881,1.473576042,0.40604815,1
3835,Oaksmith Gold (436),5,140,0.477099237,0,0.318066158,0,0,0.561753768,0,0.416422,0,0.432569975,0.19377569,0,0.190839695,0,0.0294,0,0,0.545605794,0.741338814,0.048933255,0.818653357,0.225582306,3
3836,Oaksmith Gold (436),7,141,0.667938931,0,0.445292621,0,0,0.786455275,0,0.5829908,0,0.605597964,0.271285966,0,0.267175572,0,0.0411,0,0,0.763848111,1.037874339,0.0685,1.1461147,0.315815228,1
3837,Oaksmith Gold (436),7,142,0.667938931,0,0.445292621,0,0,0.786455275,0,0.5829908,0,0.605597964,0.271285966,0,0.267175572,0,0.0411,0,0,0.763848111,1.037874339,0.0685,1.1461147,0.315815228,1
3838,Oaksmith Gold (436),4,143,0.381679389,0,0.254452926,0,0,0.449403014,0,0.3331376,0,0.34605598,0.155020552,0,0.152671756,0,0.0235,0,0,0.436484635,0.593071051,0.0391,0.654922685,0.180465845,3
3839,Oaksmith Gold (436),4,144,0.381679389,0,0.254452926,0,0,0.449403014,0,0.3331376,0,0.34605598,0.155020552,0,0.152671756,0,0.0235,0,0,0.436484635,0.593071051,0.0391,0.654922685,0.180465845,3
3840,Oaksmith Gold (436),9,145,0.858778626,0,0.572519084,0,0,1.011156782,0,0.749559601,0,0.778625954,0.348796242,0,0.34351145,0,0.0528,0,0,0.982090429,1.334409865,0.0881,1.473576042,0.40604815,1
3841,Oaksmith Gold (436),1,146,0.0954,0,0.0636,0,0,0.112350754,0,0.0833,0,0.0865,0.0388,0,0.0382,0,0.00587,0,0,0.109121159,0.148267763,0.00979,0.163730671,0.0451,3
3842,Oaksmith Gold (436),8,147,0.763358779,0,0.508905852,0,0,0.898806029,0,0.666275201,0,0.692111959,0.310041104,0,0.305343511,0,0.047,0,0,0.87296927,1.186142102,0.0783,1.309845371,0.360931689,1
3843,Oaksmith Gold (436),6,148,0.572519084,0,0.381679389,0,0,0.674104521,0,0.4997064,0,0.51908397,0.232530828,0,0.229007634,0,0.0352,0,0,0.654726952,0.889606577,0.0587,0.982384028,0.270698767,1
3844,Oaksmith Gold (436),7,149,0.667938931,0,0.445292621,0,0,0.786455275,0,0.5829908,0,0.605597964,0.271285966,0,0.267175572,0,0.0411,0,0,0.763848111,1.037874339,0.0685,1.1461147,0.315815228,1
3845,Oaksmith Gold (436),9,150,0.858778626,0,0.572519084,0,0,1.011156782,0,0.749559601,0,0.778625954,0.348796242,0,0.34351145,0,0.0528,0,0,0.982090429,1.334409865,0.0881,1.473576042,0.40604815,1
3846,Oaksmith Gold (436),7,151,0.667938931,0,0.445292621,0,0,0.786455275,0,0.5829908,0,0.605597964,0.271285966,0,0.267175572,0,0.0411,0,0,0.763848111,1.037874339,0.0685,1.1461147,0.315815228,1
3847,Oaksmith Gold (436),7,152,0.667938931,0,0.445292621,0,0,0.786455275,0,0.5829908,0,0.605597964,0.271285966,0,0.267175572,0,0.0411,0,0,0.763848111,1.037874339,0.0685,1.1461147,0.315815228,1
3848,Oaksmith Gold (436),8,153,0.763358779,0,0.508905852,0,0,0.898806029,0,0.666275201,0,0.692111959,0.310041104,0,0.305343511,0,0.047,0,0,0.87296927,1.186142102,0.0783,1.309845371,0.360931689,1
3849,Oaksmith Gold (436),9,154,0.858778626,0,0.572519084,0,0,1.011156782,0,0.749559601,0,0.778625954,0.348796242,0,0.34351145,0,0.0528,0,0,0.982090429,1.334409865,0.0881,1.473576042,0.40604815,1
3850,Oaksmith Gold (436),7,155,0.667938931,0,0.445292621,0,0,0.786455275,0,0.5829908,0,0.605597964,0.271285966,0,0.267175572,0,0.0411,0,0,0.763848111,1.037874339,0.0685,1.1461147,0.315815228,1
3851,Oaksmith Gold (436),7,156,0.667938931,0,0.445292621,0,0,0.786455275,0,0.5829908,0,0.605597964,0.271285966,0,0.267175572,0,0.0411,0,0,0.763848111,1.037874339,0.0685,1.1461147,0.315815228,1
3852,Oaksmith Gold (436),7,157,0.667938931,0,0.445292621,0,0,0.786455275,0,0.5829908,0,0.605597964,0.271285966,0,0.267175572,0,0.0411,0,0,0.763848111,1.037874339,0.0685,1.1461147,0.315815228,1
3853,Oaksmith Gold (436),9,158,0.858778626,0,0.572519084,0,0,1.011156782,0,0.749559601,0,0.778625954,0.348796242,0,0.34351145,0,0.0528,0,0,0.982090429,1.334409865,0.0881,1.473576042,0.40604815,1
3854,Oaksmith Gold (436),8,159,0.763358779,0,0.508905852,0,0,0.898806029,0,0.666275201,0,0.692111959,0.310041104,0,0.305343511,0,0.047,0,0,0.87296927,1.186142102,0.0783,1.309845371,0.360931689,1
3855,Oaksmith Gold (436),9,160,0.858778626,0,0.572519084,0,0,1.011156782,0,0.749559601,0,0.778625954,0.348796242,0,0.34351145,0,0.0528,0,0,0.982090429,1.334409865,0.0881,1.473576042,0.40604815,1
3856,Oaksmith Gold (436),8,161,0.763358779,0,0.508905852,0,0,0.898806029,0,0.666275201,0,0.692111959,0.310041104,0,0.305343511,0,0.047,0,0,0.87296927,1.186142102,0.0783,1.309845371,0.360931689,1
3857,Oaksmith Gold (436),9,162,0.858778626,0,0.572519084,0,0,1.011156782,0,0.749559601,0,0.778625954,0.348796242,0,0.34351145,0,0.0528,0,0,0.982090429,1.334409865,0.0881,1.473576042,0.40604815,1
3858,Oaksmith Gold (436),4,163,0.381679389,0,0.254452926,0,0,0.449403014,0,0.3331376,0,0.34605598,0.155020552,0,0.152671756,0,0.0235,0,0,0.436484635,0.593071051,0.0391,0.654922685,0.180465845,3
3859,Oaksmith Gold (436),8,164,0.763358779,0,0.508905852,0,0,0.898806029,0,0.666275201,0,0.692111959,0.310041104,0,0.305343511,0,0.047,0,0,0.87296927,1.186142102,0.0783,1.309845371,0.360931689,1
3860,Oaksmith Gold (436),9,165,0.858778626,0,0.572519084,0,0,1.011156782,0,0.749559601,0,0.778625954,0.348796242,0,0.34351145,0,0.0528,0,0,0.982090429,1.334409865,0.0881,1.473576042,0.40604815,1
3861,Oaksmith Gold (436),9,166,0.858778626,0,0.572519084,0,0,1.011156782,0,0.749559601,0,0.778625954,0.348796242,0,0.34351145,0,0.0528,0,0,0.982090429,1.334409865,0.0881,1.473576042,0.40604815,1
3862,Oaksmith Gold (436),7,167,0.667938931,0,0.445292621,0,0,0.786455275,0,0.5829908,0,0.605597964,0.271285966,0,0.267175572,0,0.0411,0,0,0.763848111,1.037874339,0.0685,1.1461147,0.315815228,1
3863,Oaksmith Gold (436),8,168,0.763358779,0,0.508905852,0,0,0.898806029,0,0.666275201,0,0.692111959,0.310041104,0,0.305343511,0,0.047,0,0,0.87296927,1.186142102,0.0783,1.309845371,0.360931689,1
3864,Oaksmith Gold (436),7,169,0.667938931,0,0.445292621,0,0,0.786455275,0,0.5829908,0,0.605597964,0.271285966,0,0.267175572,0,0.0411,0,0,0.763848111,1.037874339,0.0685,1.1461147,0.315815228,1
3865,Oaksmith Gold (436),9,170,0.858778626,0,0.572519084,0,0,1.011156782,0,0.749559601,0,0.778625954,0.348796242,0,0.34351145,0,0.0528,0,0,0.982090429,1.334409865,0.0881,1.473576042,0.40604815,1
3866,Oaksmith Gold (436),6,171,0.572519084,0,0.381679389,0,0,0.674104521,0,0.4997064,0,0.51908397,0.232530828,0,0.229007634,0,0.0352,0,0,0.654726952,0.889606577,0.0587,0.982384028,0.270698767,1
3867,Oaksmith Gold (436),6,172,0.572519084,0,0.381679389,0,0,0.674104521,0,0.4997064,0,0.51908397,0.232530828,0,0.229007634,0,0.0352,0,0,0.654726952,0.889606577,0.0587,0.982384028,0.270698767,1
3868,Oaksmith Gold (436),9,173,0.858778626,0,0.572519084,0,0,1.011156782,0,0.749559601,0,0.778625954,0.348796242,0,0.34351145,0,0.0528,0,0,0.982090429,1.334409865,0.0881,1.473576042,0.40604815,1
3869,Oaksmith Gold (436),9,174,0.858778626,0,0.572519084,0,0,1.011156782,0,0.749559601,0,0.778625954,0.348796242,0,0.34351145,0,0.0528,0,0,0.982090429,1.334409865,0.0881,1.473576042,0.40604815,1
3870,Oaksmith Gold (436),4,175,0.381679389,0,0.254452926,0,0,0.449403014,0,0.3331376,0,0.34605598,0.155020552,0,0.152671756,0,0.0235,0,0,0.436484635,0.593071051,0.0391,0.654922685,0.180465845,3
3871,Oaksmith Gold (436),9,176,0.858778626,0,0.572519084,0,0,1.011156782,0,0.749559601,0,0.778625954,0.348796242,0,0.34351145,0,0.0528,0,0,0.982090429,1.334409865,0.0881,1.473576042,0.40604815,1
3872,Oaksmith Gold (436),8,177,0.763358779,0,0.508905852,0,0,0.898806029,0,0.666275201,0,0.692111959,0.310041104,0,0.305343511,0,0.047,0,0,0.87296927,1.186142102,0.0783,1.309845371,0.360931689,1
3873,Oaksmith Gold (436),7,178,0.667938931,0,0.445292621,0,0,0.786455275,0,0.5829908,0,0.605597964,0.271285966,0,0.267175572,0,0.0411,0,0,0.763848111,1.037874339,0.0685,1.1461147,0.315815228,1
3874,Oaksmith Gold (436),6,179,0.572519084,0,0.381679389,0,0,0.674104521,0,0.4997064,0,0.51908397,0.232530828,0,0.229007634,0,0.0352,0,0,0.654726952,0.889606577,0.0587,0.982384028,0.270698767,1
3875,Oaksmith Gold (436),7,180,0.667938931,0,0.445292621,0,0,0.786455275,0,0.5829908,0,0.605597964,0.271285966,0,0.267175572,0,0.0411,0,0,0.763848111,1.037874339,0.0685,1.1461147,0.315815228,1
3876,Oaksmith Gold (436),9,181,0.858778626,0,0.572519084,0,0,1.011156782,0,0.749559601,0,0.778625954,0.348796242,0,0.34351145,0,0.0528,0,0,0.982090429,1.334409865,0.0881,1.473576042,0.40604815,1
3877,Oaksmith Gold (436),9,182,0.858778626,0,0.572519084,0,0,1.011156782,0,0.749559601,0,0.778625954,0.348796242,0,0.34351145,0,0.0528,0,0,0.982090429,1.334409865,0.0881,1.473576042,0.40604815,1
3878,Oaksmith Gold (436),8,183,0.763358779,0,0.508905852,0,0,0.898806029,0,0.666275201,0,0.692111959,0.310041104,0,0.305343511,0,0.047,0,0,0.87296927,1.186142102,0.0783,1.309845371,0.360931689,1
3879,Oaksmith Gold (436),6,184,0.572519084,0,0.381679389,0,0,0.674104521,0,0.4997064,0,0.51908397,0.232530828,0,0.229007634,0,0.0352,0,0,0.654726952,0.889606577,0.0587,0.982384028,0.270698767,1
3880,Oaksmith Gold (436),9,185,0.858778626,0,0.572519084,0,0,1.011156782,0,0.749559601,0,0.778625954,0.348796242,0,0.34351145,0,0.0528,0,0,0.982090429,1.334409865,0.0881,1.473576042,0.40604815,1
3881,Oaksmith Gold (436),8,186,0.763358779,0,0.508905852,0,0,0.898806029,0,0.666275201,0,0.692111959,0.310041104,0,0.305343511,0,0.047,0,0,0.87296927,1.186142102,0.0783,1.309845371,0.360931689,1
3882,Oaksmith Gold (436),5,187,0.477099237,0,0.318066158,0,0,0.561753768,0,0.416422,0,0.432569975,0.19377569,0,0.190839695,0,0.0294,0,0,0.545605794,0.741338814,0.048933255,0.818653357,0.225582306,3
3883,Oaksmith Gold (436),8,188,0.763358779,0,0.508905852,0,0,0.898806029,0,0.666275201,0,0.692111959,0.310041104,0,0.305343511,0,0.047,0,0,0.87296927,1.186142102,0.0783,1.309845371,0.360931689,1
3884,Oaksmith Gold (436),9,189,0.858778626,0,0.572519084,0,0,1.011156782,0,0.749559601,0,0.778625954,0.348796242,0,0.34351145,0,0.0528,0,0,0.982090429,1.334409865,0.0881,1.473576042,0.40604815,1
3885,Oaksmith Gold (436),5,190,0.477099237,0,0.318066158,0,0,0.561753768,0,0.416422,0,0.432569975,0.19377569,0,0.190839695,0,0.0294,0,0,0.545605794,0.741338814,0.048933255,0.818653357,0.225582306,3
3886,Oaksmith Gold (436),5,191,0.477099237,0,0.318066158,0,0,0.561753768,0,0.416422,0,0.432569975,0.19377569,0,0.190839695,0,0.0294,0,0,0.545605794,0.741338814,0.048933255,0.818653357,0.225582306,3
3887,Oaksmith Gold (436),9,192,0.858778626,0,0.572519084,0,0,1.011156782,0,0.749559601,0,0.778625954,0.348796242,0,0.34351145,0,0.0528,0,0,0.982090429,1.334409865,0.0881,1.473576042,0.40604815,1
3888,Oaksmith Gold (436),6,193,0.572519084,0,0.381679389,0,0,0.674104521,0,0.4997064,0,0.51908397,0.232530828,0,0.229007634,0,0.0352,0,0,0.654726952,0.889606577,0.0587,0.982384028,0.270698767,1
3889,Oaksmith Gold (436),9,194,0.858778626,0,0.572519084,0,0,1.011156782,0,0.749559601,0,0.778625954,0.348796242,0,0.34351145,0,0.0528,0,0,0.982090429,1.334409865,0.0881,1.473576042,0.40604815,1
3890,Oaksmith Gold (436),9,195,0.858778626,0,0.572519084,0,0,1.011156782,0,0.749559601,0,0.778625954,0.348796242,0,0.34351145,0,0.0528,0,0,0.982090429,1.334409865,0.0881,1.473576042,0.40604815,1
3891,Oaksmith Gold (436),5,196,0.477099237,0,0.318066158,0,0,0.561753768,0,0.416422,0,0.432569975,0.19377569,0,0.190839695,0,0.0294,0,0,0.545605794,0.741338814,0.048933255,0.818653357,0.225582306,3
3892,Oaksmith Gold (436),6,197,0.572519084,0,0.381679389,0,0,0.674104521,0,0.4997064,0,0.51908397,0.232530828,0,0.229007634,0,0.0352,0,0,0.654726952,0.889606577,0.0587,0.982384028,0.270698767,1
3893,Oaksmith Gold (436),6,198,0.572519084,0,0.381679389,0,0,0.674104521,0,0.4997064,0,0.51908397,0.232530828,0,0.229007634,0,0.0352,0,0,0.654726952,0.889606577,0.0587,0.982384028,0.270698767,1
3894,Oaksmith Gold (436),9,199,0.858778626,0,0.572519084,0,0,1.011156782,0,0.749559601,0,0.778625954,0.348796242,0,0.34351145,0,0.0528,0,0,0.982090429,1.334409865,0.0881,1.473576042,0.40604815,1
3895,Oaksmith Gold (436),8,200,0.763358779,0,0.508905852,0,0,0.898806029,0,0.666275201,0,0.692111959,0.310041104,0,0.305343511,0,0.047,0,0,0.87296927,1.186142102,0.0783,1.309845371,0.360931689,1
3896,Oaksmith Gold (436),7,201,0.667938931,0,0.445292621,0,0,0.786455275,0,0.5829908,0,0.605597964,0.271285966,0,0.267175572,0,0.0411,0,0,0.763848111,1.037874339,0.0685,1.1461147,0.315815228,1
3897,Oaksmith Gold (436),9,202,0.858778626,0,0.572519084,0,0,1.011156782,0,0.749559601,0,0.778625954,0.348796242,0,0.34351145,0,0.0528,0,0,0.982090429,1.334409865,0.0881,1.473576042,0.40604815,1
3898,Oaksmith Gold (436),5,203,0.477099237,0,0.318066158,0,0,0.561753768,0,0.416422,0,0.432569975,0.19377569,0,0.190839695,0,0.0294,0,0,0.545605794,0.741338814,0.048933255,0.818653357,0.225582306,3
3899,Oaksmith Gold (436),7,204,0.667938931,0,0.445292621,0,0,0.786455275,0,0.5829908,0,0.605597964,0.271285966,0,0.267175572,0,0.0411,0,0,0.763848111,1.037874339,0.0685,1.1461147,0.315815228,1
3900,Oaksmith Gold (436),7,205,0.667938931,0,0.445292621,0,0,0.786455275,0,0.5829908,0,0.605597964,0.271285966,0,0.267175572,0,0.0411,0,0,0.763848111,1.037874339,0.0685,1.1461147,0.315815228,1
3901,Oaksmith Gold (436),9,206,0.858778626,0,0.572519084,0,0,1.011156782,0,0.749559601,0,0.778625954,0.348796242,0,0.34351145,0,0.0528,0,0,0.982090429,1.334409865,0.0881,1.473576042,0.40604815,1
3902,Oaksmith Gold (436),5,207,0.477099237,0,0.318066158,0,0,0.561753768,0,0.416422,0,0.432569975,0.19377569,0,0.190839695,0,0.0294,0,0,0.545605794,0.741338814,0.048933255,0.818653357,0.225582306,3
3903,Oaksmith Gold (436),8,208,0.763358779,0,0.508905852,0,0,0.898806029,0,0.666275201,0,0.692111959,0.310041104,0,0.305343511,0,0.047,0,0,0.87296927,1.186142102,0.0783,1.309845371,0.360931689,1
3904,Oaksmith Gold (436),9,209,0.858778626,0,0.572519084,0,0,1.011156782,0,0.749559601,0,0.778625954,0.348796242,0,0.34351145,0,0.0528,0,0,0.982090429,1.334409865,0.0881,1.473576042,0.40604815,1
3905,Oaksmith Gold (436),9,210,0.858778626,0,0.572519084,0,0,1.011156782,0,0.749559601,0,0.778625954,0.348796242,0,0.34351145,0,0.0528,0,0,0.982090429,1.334409865,0.0881,1.473576042,0.40604815,1
3906,Oaksmith Gold (436),8,211,0.763358779,0,0.508905852,0,0,0.898806029,0,0.666275201,0,0.692111959,0.310041104,0,0.305343511,0,0.047,0,0,0.87296927,1.186142102,0.0783,1.309845371,0.360931689,1
3907,Oaksmith Gold (436),8,212,0.763358779,0,0.508905852,0,0,0.898806029,0,0.666275201,0,0.692111959,0.310041104,0,0.305343511,0,0.047,0,0,0.87296927,1.186142102,0.0783,1.309845371,0.360931689,1
3908,Oaksmith Gold (436),7,213,0.667938931,0,0.445292621,0,0,0.786455275,0,0.5829908,0,0.605597964,0.271285966,0,0.267175572,0,0.0411,0,0,0.763848111,1.037874339,0.0685,1.1461147,0.315815228,1
3909,Oaksmith Gold (436),7,214,0.667938931,0,0.445292621,0,0,0.786455275,0,0.5829908,0,0.605597964,0.271285966,0,0.267175572,0,0.0411,0,0,0.763848111,1.037874339,0.0685,1.1461147,0.315815228,1
3910,Oaksmith Gold (436),8,215,0.763358779,0,0.508905852,0,0,0.898806029,0,0.666275201,0,0.692111959,0.310041104,0,0.305343511,0,0.047,0,0,0.87296927,1.186142102,0.0783,1.309845371,0.360931689,1
3911,Oaksmith Gold (436),7,216,0.667938931,0,0.445292621,0,0,0.786455275,0,0.5829908,0,0.605597964,0.271285966,0,0.267175572,0,0.0411,0,0,0.763848111,1.037874339,0.0685,1.1461147,0.315815228,1
3912,Oaksmith Gold (436),5,217,0.477099237,0,0.318066158,0,0,0.561753768,0,0.416422,0,0.432569975,0.19377569,0,0.190839695,0,0.0294,0,0,0.545605794,0.741338814,0.048933255,0.818653357,0.225582306,3
3913,Oaksmith Gold (436),5,218,0.477099237,0,0.318066158,0,0,0.561753768,0,0.416422,0,0.432569975,0.19377569,0,0.190839695,0,0.0294,0,0,0.545605794,0.741338814,0.048933255,0.818653357,0.225582306,3
3914,Oaksmith Gold (436),7,219,0.667938931,0,0.445292621,0,0,0.786455275,0,0.5829908,0,0.605597964,0.271285966,0,0.267175572,0,0.0411,0,0,0.763848111,1.037874339,0.0685,1.1461147,0.315815228,1
3915,Oaksmith Gold (436),4,220,0.381679389,0,0.254452926,0,0,0.449403014,0,0.3331376,0,0.34605598,0.155020552,0,0.152671756,0,0.0235,0,0,0.436484635,0.593071051,0.0391,0.654922685,0.180465845,3
3916,Oaksmith Gold (436),8,221,0.763358779,0,0.508905852,0,0,0.898806029,0,0.666275201,0,0.692111959,0.310041104,0,0.305343511,0,0.047,0,0,0.87296927,1.186142102,0.0783,1.309845371,0.360931689,1
3917,Oaksmith Gold (436),7,222,0.667938931,0,0.445292621,0,0,0.786455275,0,0.5829908,0,0.605597964,0.271285966,0,0.267175572,0,0.0411,0,0,0.763848111,1.037874339,0.0685,1.1461147,0.315815228,1
3918,Oaksmith Gold (436),7,223,0.667938931,0,0.445292621,0,0,0.786455275,0,0.5829908,0,0.605597964,0.271285966,0,0.267175572,0,0.0411,0,0,0.763848111,1.037874339,0.0685,1.1461147,0.315815228,1
3919,Oaksmith Gold (436),8,224,0.763358779,0,0.508905852,0,0,0.898806029,0,0.666275201,0,0.692111959,0.310041104,0,0.305343511,0,0.047,0,0,0.87296927,1.186142102,0.0783,1.309845371,0.360931689,1
3920,Oaksmith Gold (436),8,225,0.763358779,0,0.508905852,0,0,0.898806029,0,0.666275201,0,0.692111959,0.310041104,0,0.305343511,0,0.047,0,0,0.87296927,1.186142102,0.0783,1.309845371,0.360931689,1
3921,Oaksmith Gold (436),7,226,0.667938931,0,0.445292621,0,0,0.786455275,0,0.5829908,0,0.605597964,0.271285966,0,0.267175572,0,0.0411,0,0,0.763848111,1.037874339,0.0685,1.1461147,0.315815228,1
3922,Oaksmith Gold (436),9,227,0.858778626,0,0.572519084,0,0,1.011156782,0,0.749559601,0,0.778625954,0.348796242,0,0.34351145,0,0.0528,0,0,0.982090429,1.334409865,0.0881,1.473576042,0.40604815,1
3923,Oaksmith Gold (436),6,228,0.572519084,0,0.381679389,0,0,0.674104521,0,0.4997064,0,0.51908397,0.232530828,0,0.229007634,0,0.0352,0,0,0.654726952,0.889606577,0.0587,0.982384028,0.270698767,1
3924,Oaksmith Gold (436),6,229,0.572519084,0,0.381679389,0,0,0.674104521,0,0.4997064,0,0.51908397,0.232530828,0,0.229007634,0,0.0352,0,0,0.654726952,0.889606577,0.0587,0.982384028,0.270698767,1
3925,Oaksmith Gold (436),8,230,0.763358779,0,0.508905852,0,0,0.898806029,0,0.666275201,0,0.692111959,0.310041104,0,0.305343511,0,0.047,0,0,0.87296927,1.186142102,0.0783,1.309845371,0.360931689,1
3926,Oaksmith Gold (436),9,231,0.858778626,0,0.572519084,0,0,1.011156782,0,0.749559601,0,0.778625954,0.348796242,0,0.34351145,0,0.0528,0,0,0.982090429,1.334409865,0.0881,1.473576042,0.40604815,1
3927,Oaksmith Gold (436),8,232,0.763358779,0,0.508905852,0,0,0.898806029,0,0.666275201,0,0.692111959,0.310041104,0,0.305343511,0,0.047,0,0,0.87296927,1.186142102,0.0783,1.309845371,0.360931689,1
3928,Oaksmith Gold (436),8,233,0.763358779,0,0.508905852,0,0,0.898806029,0,0.666275201,0,0.692111959,0.310041104,0,0.305343511,0,0.047,0,0,0.87296927,1.186142102,0.0783,1.309845371,0.360931689,1
3929,Oaksmith Gold (436),6,234,0.572519084,0,0.381679389,0,0,0.674104521,0,0.4997064,0,0.51908397,0.232530828,0,0.229007634,0,0.0352,0,0,0.654726952,0.889606577,0.0587,0.982384028,0.270698767,1
3930,Oaksmith Gold (436),4,235,0.381679389,0,0.254452926,0,0,0.449403014,0,0.3331376,0,0.34605598,0.155020552,0,0.152671756,0,0.0235,0,0,0.436484635,0.593071051,0.0391,0.654922685,0.180465845,3
3931,Oaksmith Gold (436),6,236,0.572519084,0,0.381679389,0,0,0.674104521,0,0.4997064,0,0.51908397,0.232530828,0,0.229007634,0,0.0352,0,0,0.654726952,0.889606577,0.0587,0.982384028,0.270698767,1
3932,Oaksmith Gold (436),8,237,0.763358779,0,0.508905852,0,0,0.898806029,0,0.666275201,0,0.692111959,0.310041104,0,0.305343511,0,0.047,0,0,0.87296927,1.186142102,0.0783,1.309845371,0.360931689,1
3933,Oaksmith Gold (436),4,238,0.381679389,0,0.254452926,0,0,0.449403014,0,0.3331376,0,0.34605598,0.155020552,0,0.152671756,0,0.0235,0,0,0.436484635,0.593071051,0.0391,0.654922685,0.180465845,3
3934,Oaksmith Gold (436),6,239,0.572519084,0,0.381679389,0,0,0.674104521,0,0.4997064,0,0.51908397,0.232530828,0,0.229007634,0,0.0352,0,0,0.654726952,0.889606577,0.0587,0.982384028,0.270698767,1
3935,Oaksmith Gold (436),8,240,0.763358779,0,0.508905852,0,0,0.898806029,0,0.666275201,0,0.692111959,0.310041104,0,0.305343511,0,0.047,0,0,0.87296927,1.186142102,0.0783,1.309845371,0.360931689,1
3936,Oaksmith Gold (436),8,241,0.763358779,0,0.508905852,0,0,0.898806029,0,0.666275201,0,0.692111959,0.310041104,0,0.305343511,0,0.047,0,0,0.87296927,1.186142102,0.0783,1.309845371,0.360931689,1
3937,Oaksmith Gold (436),8,242,0.763358779,0,0.508905852,0,0,0.898806029,0,0.666275201,0,0.692111959,0.310041104,0,0.305343511,0,0.047,0,0,0.87296927,1.186142102,0.0783,1.309845371,0.360931689,1
3938,Oaksmith Gold (436),8,243,0.763358779,0,0.508905852,0,0,0.898806029,0,0.666275201,0,0.692111959,0.310041104,0,0.305343511,0,0.047,0,0,0.87296927,1.186142102,0.0783,1.309845371,0.360931689,1
3939,Oaksmith Gold (436),8,244,0.763358779,0,0.508905852,0,0,0.898806029,0,0.666275201,0,0.692111959,0.310041104,0,0.305343511,0,0.047,0,0,0.87296927,1.186142102,0.0783,1.309845371,0.360931689,1
3940,Oaksmith Gold (436),9,245,0.858778626,0,0.572519084,0,0,1.011156782,0,0.749559601,0,0.778625954,0.348796242,0,0.34351145,0,0.0528,0,0,0.982090429,1.334409865,0.0881,1.473576042,0.40604815,1
3941,Oaksmith Gold (436),9,246,0.858778626,0,0.572519084,0,0,1.011156782,0,0.749559601,0,0.778625954,0.348796242,0,0.34351145,0,0.0528,0,0,0.982090429,1.334409865,0.0881,1.473576042,0.40604815,1
3942,Oaksmith Gold (436),9,247,0.858778626,0,0.572519084,0,0,1.011156782,0,0.749559601,0,0.778625954,0.348796242,0,0.34351145,0,0.0528,0,0,0.982090429,1.334409865,0.0881,1.473576042,0.40604815,1
3943,Oaksmith Gold (436),9,248,0.858778626,0,0.572519084,0,0,1.011156782,0,0.749559601,0,0.778625954,0.348796242,0,0.34351145,0,0.0528,0,0,0.982090429,1.334409865,0.0881,1.473576042,0.40604815,1
3944,Oaksmith Gold (436),7,249,0.667938931,0,0.445292621,0,0,0.786455275,0,0.5829908,0,0.605597964,0.271285966,0,0.267175572,0,0.0411,0,0,0.763848111,1.037874339,0.0685,1.1461147,0.315815228,1
3945,Oaksmith Gold (436),3,250,0.286259542,0,0.190839695,0,0,0.337052261,0,0.2498532,0,0.259541985,0.116265414,0,0.114503817,0,0.0176,0,0,0.327363476,0.444803288,0.0294,0.491192014,0.135349383,3
3946,Oaksmith Gold (436),8,251,0.763358779,0,0.508905852,0,0,0.898806029,0,0.666275201,0,0.692111959,0.310041104,0,0.305343511,0,0.047,0,0,0.87296927,1.186142102,0.0783,1.309845371,0.360931689,1
3947,Oaksmith Gold (436),8,252,0.763358779,0,0.508905852,0,0,0.898806029,0,0.666275201,0,0.692111959,0.310041104,0,0.305343511,0,0.047,0,0,0.87296927,1.186142102,0.0783,1.309845371,0.360931689,1
3948,Oaksmith Gold (436),6,253,0.572519084,0,0.381679389,0,0,0.674104521,0,0.4997064,0,0.51908397,0.232530828,0,0.229007634,0,0.0352,0,0,0.654726952,0.889606577,0.0587,0.982384028,0.270698767,1
3949,Oaksmith Gold (436),7,254,0.667938931,0,0.445292621,0,0,0.786455275,0,0.5829908,0,0.605597964,0.271285966,0,0.267175572,0,0.0411,0,0,0.763848111,1.037874339,0.0685,1.1461147,0.315815228,1
3950,Oaksmith Gold (436),8,255,0.763358779,0,0.508905852,0,0,0.898806029,0,0.666275201,0,0.692111959,0.310041104,0,0.305343511,0,0.047,0,0,0.87296927,1.186142102,0.0783,1.309845371,0.360931689,1
3951,Oaksmith Gold (436),6,256,0.572519084,0,0.381679389,0,0,0.674104521,0,0.4997064,0,0.51908397,0.232530828,0,0.229007634,0,0.0352,0,0,0.654726952,0.889606577,0.0587,0.982384028,0.270698767,1
3952,Oaksmith Gold (436),7,257,0.667938931,0,0.445292621,0,0,0.786455275,0,0.5829908,0,0.605597964,0.271285966,0,0.267175572,0,0.0411,0,0,0.763848111,1.037874339,0.0685,1.1461147,0.315815228,1
3953,Oaksmith Gold (436),8,258,0.763358779,0,0.508905852,0,0,0.898806029,0,0.666275201,0,0.692111959,0.310041104,0,0.305343511,0,0.047,0,0,0.87296927,1.186142102,0.0783,1.309845371,0.360931689,1
3954,Oaksmith Gold (436),5,259,0.477099237,0,0.318066158,0,0,0.561753768,0,0.416422,0,0.432569975,0.19377569,0,0.190839695,0,0.0294,0,0,0.545605794,0.741338814,0.048933255,0.818653357,0.225582306,3
3955,Oaksmith Gold (436),9,260,0.858778626,0,0.572519084,0,0,1.011156782,0,0.749559601,0,0.778625954,0.348796242,0,0.34351145,0,0.0528,0,0,0.982090429,1.334409865,0.0881,1.473576042,0.40604815,1
3956,Oaksmith Gold (436),8,261,0.763358779,0,0.508905852,0,0,0.898806029,0,0.666275201,0,0.692111959,0.310041104,0,0.305343511,0,0.047,0,0,0.87296927,1.186142102,0.0783,1.309845371,0.360931689,1
3957,Oaksmith Gold (436),9,262,0.858778626,0,0.572519084,0,0,1.011156782,0,0.749559601,0,0.778625954,0.348796242,0,0.34351145,0,0.0528,0,0,0.982090429,1.334409865,0.0881,1.473576042,0.40604815,1
3958,Oaksmith Gold (436),6,263,0.572519084,0,0.381679389,0,0,0.674104521,0,0.4997064,0,0.51908397,0.232530828,0,0.229007634,0,0.0352,0,0,0.654726952,0.889606577,0.0587,0.982384028,0.270698767,1
3959,Oaksmith Gold (436),9,264,0.858778626,0,0.572519084,0,0,1.011156782,0,0.749559601,0,0.778625954,0.348796242,0,0.34351145,0,0.0528,0,0,0.982090429,1.334409865,0.0881,1.473576042,0.40604815,1
3960,Oaksmith Gold (436),6,265,0.572519084,0,0.381679389,0,0,0.674104521,0,0.4997064,0,0.51908397,0.232530828,0,0.229007634,0,0.0352,0,0,0.654726952,0.889606577,0.0587,0.982384028,0.270698767,1
3961,Oaksmith Gold (436),9,266,0.858778626,0,0.572519084,0,0,1.011156782,0,0.749559601,0,0.778625954,0.348796242,0,0.34351145,0,0.0528,0,0,0.982090429,1.334409865,0.0881,1.473576042,0.40604815,1
3962,Oaksmith Gold (436),9,267,0.858778626,0,0.572519084,0,0,1.011156782,0,0.749559601,0,0.778625954,0.348796242,0,0.34351145,0,0.0528,0,0,0.982090429,1.334409865,0.0881,1.473576042,0.40604815,1
3963,Oaksmith Gold (436),5,268,0.477099237,0,0.318066158,0,0,0.561753768,0,0.416422,0,0.432569975,0.19377569,0,0.190839695,0,0.0294,0,0,0.545605794,0.741338814,0.048933255,0.818653357,0.225582306,3
3964,Oaksmith Gold (436),9,269,0.858778626,0,0.572519084,0,0,1.011156782,0,0.749559601,0,0.778625954,0.348796242,0,0.34351145,0,0.0528,0,0,0.982090429,1.334409865,0.0881,1.473576042,0.40604815,1
3965,Oaksmith Gold (436),8,270,0.763358779,0,0.508905852,0,0,0.898806029,0,0.666275201,0,0.692111959,0.310041104,0,0.305343511,0,0.047,0,0,0.87296927,1.186142102,0.0783,1.309845371,0.360931689,1
3966,Oaksmith Gold (436),6,271,0.572519084,0,0.381679389,0,0,0.674104521,0,0.4997064,0,0.51908397,0.232530828,0,0.229007634,0,0.0352,0,0,0.654726952,0.889606577,0.0587,0.982384028,0.270698767,1
3967,Oaksmith Gold (436),6,272,0.572519084,0,0.381679389,0,0,0.674104521,0,0.4997064,0,0.51908397,0.232530828,0,0.229007634,0,0.0352,0,0,0.654726952,0.889606577,0.0587,0.982384028,0.270698767,1
3968,Oaksmith Gold (436),8,273,0.763358779,0,0.508905852,0,0,0.898806029,0,0.666275201,0,0.692111959,0.310041104,0,0.305343511,0,0.047,0,0,0.87296927,1.186142102,0.0783,1.309845371,0.360931689,1
3969,Oaksmith Gold (436),9,274,0.858778626,0,0.572519084,0,0,1.011156782,0,0.749559601,0,0.778625954,0.348796242,0,0.34351145,0,0.0528,0,0,0.982090429,1.334409865,0.0881,1.473576042,0.40604815,1
3970,Oaksmith Gold (436),8,275,0.763358779,0,0.508905852,0,0,0.898806029,0,0.666275201,0,0.692111959,0.310041104,0,0.305343511,0,0.047,0,0,0.87296927,1.186142102,0.0783,1.309845371,0.360931689,1
3971,Oaksmith Gold (436),4,276,0.381679389,0,0.254452926,0,0,0.449403014,0,0.3331376,0,0.34605598,0.155020552,0,0.152671756,0,0.0235,0,0,0.436484635,0.593071051,0.0391,0.654922685,0.180465845,3
3972,Oaksmith Gold (436),8,277,0.763358779,0,0.508905852,0,0,0.898806029,0,0.666275201,0,0.692111959,0.310041104,0,0.305343511,0,0.047,0,0,0.87296927,1.186142102,0.0783,1.309845371,0.360931689,1
3973,Oaksmith Gold (436),5,278,0.477099237,0,0.318066158,0,0,0.561753768,0,0.416422,0,0.432569975,0.19377569,0,0.190839695,0,0.0294,0,0,0.545605794,0.741338814,0.048933255,0.818653357,0.225582306,3
3974,Oaksmith Gold (436),5,279,0.477099237,0,0.318066158,0,0,0.561753768,0,0.416422,0,0.432569975,0.19377569,0,0.190839695,0,0.0294,0,0,0.545605794,0.741338814,0.048933255,0.818653357,0.225582306,3
3975,Oaksmith Gold (436),8,280,0.763358779,0,0.508905852,0,0,0.898806029,0,0.666275201,0,0.692111959,0.310041104,0,0.305343511,0,0.047,0,0,0.87296927,1.186142102,0.0783,1.309845371,0.360931689,1
3976,Oaksmith Gold (436),9,281,0.858778626,0,0.572519084,0,0,1.011156782,0,0.749559601,0,0.778625954,0.348796242,0,0.34351145,0,0.0528,0,0,0.982090429,1.334409865,0.0881,1.473576042,0.40604815,1
3977,Oaksmith Gold (436),8,282,0.763358779,0,0.508905852,0,0,0.898806029,0,0.666275201,0,0.692111959,0.310041104,0,0.305343511,0,0.047,0,0,0.87296927,1.186142102,0.0783,1.309845371,0.360931689,1
3978,Oaksmith Gold (436),8,283,0.763358779,0,0.508905852,0,0,0.898806029,0,0.666275201,0,0.692111959,0.310041104,0,0.305343511,0,0.047,0,0,0.87296927,1.186142102,0.0783,1.309845371,0.360931689,1
3979,Oaksmith Gold (436),8,284,0.763358779,0,0.508905852,0,0,0.898806029,0,0.666275201,0,0.692111959,0.310041104,0,0.305343511,0,0.047,0,0,0.87296927,1.186142102,0.0783,1.309845371,0.360931689,1
3980,Oaksmith Gold (436),5,285,0.477099237,0,0.318066158,0,0,0.561753768,0,0.416422,0,0.432569975,0.19377569,0,0.190839695,0,0.0294,0,0,0.545605794,0.741338814,0.048933255,0.818653357,0.225582306,3
3981,Oaksmith Gold (436),9,286,0.858778626,0,0.572519084,0,0,1.011156782,0,0.749559601,0,0.778625954,0.348796242,0,0.34351145,0,0.0528,0,0,0.982090429,1.334409865,0.0881,1.473576042,0.40604815,1
3982,Oaksmith Gold (436),7,287,0.667938931,0,0.445292621,0,0,0.786455275,0,0.5829908,0,0.605597964,0.271285966,0,0.267175572,0,0.0411,0,0,0.763848111,1.037874339,0.0685,1.1461147,0.315815228,1
3983,Oaksmith Gold (436),5,288,0.477099237,0,0.318066158,0,0,0.561753768,0,0.416422,0,0.432569975,0.19377569,0,0.190839695,0,0.0294,0,0,0.545605794,0.741338814,0.048933255,0.818653357,0.225582306,3
3984,Oaksmith Gold (436),6,289,0.572519084,0,0.381679389,0,0,0.674104521,0,0.4997064,0,0.51908397,0.232530828,0,0.229007634,0,0.0352,0,0,0.654726952,0.889606577,0.0587,0.982384028,0.270698767,1
3985,Oaksmith Gold (436),9,290,0.858778626,0,0.572519084,0,0,1.011156782,0,0.749559601,0,0.778625954,0.348796242,0,0.34351145,0,0.0528,0,0,0.982090429,1.334409865,0.0881,1.473576042,0.40604815,1
3986,Oaksmith Gold (436),9,291,0.858778626,0,0.572519084,0,0,1.011156782,0,0.749559601,0,0.778625954,0.348796242,0,0.34351145,0,0.0528,0,0,0.982090429,1.334409865,0.0881,1.473576042,0.40604815,1
3987,Oaksmith Gold (436),9,292,0.858778626,0,0.572519084,0,0,1.011156782,0,0.749559601,0,0.778625954,0.348796242,0,0.34351145,0,0.0528,0,0,0.982090429,1.334409865,0.0881,1.473576042,0.40604815,1
3988,Oaksmith Gold (436),1,293,0.0954,0,0.0636,0,0,0.112350754,0,0.0833,0,0.0865,0.0388,0,0.0382,0,0.00587,0,0,0.109121159,0.148267763,0.00979,0.163730671,0.0451,3
3989,Oaksmith Gold (436),9,294,0.858778626,0,0.572519084,0,0,1.011156782,0,0.749559601,0,0.778625954,0.348796242,0,0.34351145,0,0.0528,0,0,0.982090429,1.334409865,0.0881,1.473576042,0.40604815,1
3990,Oaksmith Gold (436),9,295,0.858778626,0,0.572519084,0,0,1.011156782,0,0.749559601,0,0.778625954,0.348796242,0,0.34351145,0,0.0528,0,0,0.982090429,1.334409865,0.0881,1.473576042,0.40604815,1
3991,Oaksmith Gold (436),5,296,0.477099237,0,0.318066158,0,0,0.561753768,0,0.416422,0,0.432569975,0.19377569,0,0.190839695,0,0.0294,0,0,0.545605794,0.741338814,0.048933255,0.818653357,0.225582306,3
3992,Oaksmith Gold (436),9,297,0.858778626,0,0.572519084,0,0,1.011156782,0,0.749559601,0,0.778625954,0.348796242,0,0.34351145,0,0.0528,0,0,0.982090429,1.334409865,0.0881,1.473576042,0.40604815,1
3993,Oaksmith Gold (436),8,298,0.763358779,0,0.508905852,0,0,0.898806029,0,0.666275201,0,0.692111959,0.310041104,0,0.305343511,0,0.047,0,0,0.87296927,1.186142102,0.0783,1.309845371,0.360931689,1
3994,Oaksmith Gold (436),6,299,0.572519084,0,0.381679389,0,0,0.674104521,0,0.4997064,0,0.51908397,0.232530828,0,0.229007634,0,0.0352,0,0,0.654726952,0.889606577,0.0587,0.982384028,0.270698767,1
3995,Oaksmith Gold (436),9,300,0.858778626,0,0.572519084,0,0,1.011156782,0,0.749559601,0,0.778625954,0.348796242,0,0.34351145,0,0.0528,0,0,0.982090429,1.334409865,0.0881,1.473576042,0.40604815,1
3996,Oaksmith Gold (436),9,301,0.858778626,0,0.572519084,0,0,1.011156782,0,0.749559601,0,0.778625954,0.348796242,0,0.34351145,0,0.0528,0,0,0.982090429,1.334409865,0.0881,1.473576042,0.40604815,1
3997,Oaksmith Gold (436),5,302,0.477099237,0,0.318066158,0,0,0.561753768,0,0.416422,0,0.432569975,0.19377569,0,0.190839695,0,0.0294,0,0,0.545605794,0.741338814,0.048933255,0.818653357,0.225582306,3
3998,Oaksmith Gold (436),9,303,0.858778626,0,0.572519084,0,0,1.011156782,0,0.749559601,0,0.778625954,0.348796242,0,0.34351145,0,0.0528,0,0,0.982090429,1.334409865,0.0881,1.473576042,0.40604815,1
3999,Oaksmith Gold (436),8,304,0.763358779,0,0.508905852,0,0,0.898806029,0,0.666275201,0,0.692111959,0.310041104,0,0.305343511,0,0.047,0,0,0.87296927,1.186142102,0.0783,1.309845371,0.360931689,1
4000,Oaksmith Gold (436),7,305,0.667938931,0,0.445292621,0,0,0.786455275,0,0.5829908,0,0.605597964,0.271285966,0,0.267175572,0,0.0411,0,0,0.763848111,1.037874339,0.0685,1.1461147,0.315815228,1
4001,Oaksmith Gold (436),9,306,0.858778626,0,0.572519084,0,0,1.011156782,0,0.749559601,0,0.778625954,0.348796242,0,0.34351145,0,0.0528,0,0,0.982090429,1.334409865,0.0881,1.473576042,0.40604815,1
4002,Oaksmith Gold (436),8,307,0.763358779,0,0.508905852,0,0,0.898806029,0,0.666275201,0,0.692111959,0.310041104,0,0.305343511,0,0.047,0,0,0.87296927,1.186142102,0.0783,1.309845371,0.360931689,1
4003,Oaksmith Gold (436),9,308,0.858778626,0,0.572519084,0,0,1.011156782,0,0.749559601,0,0.778625954,0.348796242,0,0.34351145,0,0.0528,0,0,0.982090429,1.334409865,0.0881,1.473576042,0.40604815,1
4004,427,7,1,0.569330698,0.147768992,0.321731149,0.0114,0,1.126429681,1.08009743,0.0361,0,0.432928551,0.30418667,0,0.134919514,0,0,0,0.0453,0.635307823,0.826814459,0,1.10740257,0.220294408,2
4005,427,9,2,0.731996611,0.189988704,0.413654335,0.0146,0,1.448266733,1.388696696,0.0464,0,0.556622423,0.391097148,0,0.173467947,0,0,0,0.0583,0.816824343,1.063047162,0,1.423803304,0.283235668,2
4006,427,7,3,0.569330698,0.147768992,0.321731149,0.0114,0,1.126429681,1.08009743,0.0361,0,0.432928551,0.30418667,0,0.134919514,0,0,0,0.0453,0.635307823,0.826814459,0,1.10740257,0.220294408,2
4007,427,8,4,0.650663654,0.168878848,0.367692742,0.013,0,1.287348207,1.234397063,0.0412,0,0.494775487,0.347641909,0,0.154193731,0,0,0,0.0518,0.726066083,0.944930811,0,1.265602937,0.251765038,2
4008,427,4,5,0.325331827,0.0844,0.183846371,0.0065,0,0.643674103,0.617198531,0.0206,0,0.247387744,0.173820955,0,0.0771,0,0,0,0.0259,0.363033042,0.472465405,0,0.632801469,0.125882519,3
4009,427,7,6,0.569330698,0.147768992,0.321731149,0.0114,0,1.126429681,1.08009743,0.0361,0,0.432928551,0.30418667,0,0.134919514,0,0,0,0.0453,0.635307823,0.826814459,0,1.10740257,0.220294408,2
4010,427,7,7,0.569330698,0.147768992,0.321731149,0.0114,0,1.126429681,1.08009743,0.0361,0,0.432928551,0.30418667,0,0.134919514,0,0,0,0.0453,0.635307823,0.826814459,0,1.10740257,0.220294408,2
4011,427,6,8,0.487997741,0.126659136,0.275769557,0.00974,0,0.965511155,0.925797797,0.0309,0,0.371081615,0.260731432,0,0.115645298,0,0,0,0.0389,0.544549562,0.708698108,0,0.949202203,0.188823779,2
4012,427,9,9,0.731996611,0.189988704,0.413654335,0.0146,0,1.448266733,1.388696696,0.0464,0,0.556622423,0.391097148,0,0.173467947,0,0,0,0.0583,0.816824343,1.063047162,0,1.423803304,0.283235668,2
4013,427,8,10,0.650663654,0.168878848,0.367692742,0.013,0,1.287348207,1.234397063,0.0412,0,0.494775487,0.347641909,0,0.154193731,0,0,0,0.0518,0.726066083,0.944930811,0,1.265602937,0.251765038,2
4014,427,8,11,0.650663654,0.168878848,0.367692742,0.013,0,1.287348207,1.234397063,0.0412,0,0.494775487,0.347641909,0,0.154193731,0,0,0,0.0518,0.726066083,0.944930811,0,1.265602937,0.251765038,2
4015,427,8,12,0.650663654,0.168878848,0.367692742,0.013,0,1.287348207,1.234397063,0.0412,0,0.494775487,0.347641909,0,0.154193731,0,0,0,0.0518,0.726066083,0.944930811,0,1.265602937,0.251765038,2
4016,427,5,13,0.406664784,0.10554928,0.229807964,0.00812,0,0.804592629,0.771498164,0.0258,0,0.309234679,0.217276193,0,0.0964,0,0,0,0.0324,0.453791302,0.590581757,0,0.791001836,0.157353149,3
4017,427,7,14,0.569330698,0.147768992,0.321731149,0.0114,0,1.126429681,1.08009743,0.0361,0,0.432928551,0.30418667,0,0.134919514,0,0,0,0.0453,0.635307823,0.826814459,0,1.10740257,0.220294408,2
4018,427,7,15,0.569330698,0.147768992,0.321731149,0.0114,0,1.126429681,1.08009743,0.0361,0,0.432928551,0.30418667,0,0.134919514,0,0,0,0.0453,0.635307823,0.826814459,0,1.10740257,0.220294408,2
4019,427,7,16,0.569330698,0.147768992,0.321731149,0.0114,0,1.126429681,1.08009743,0.0361,0,0.432928551,0.30418667,0,0.134919514,0,0,0,0.0453,0.635307823,0.826814459,0,1.10740257,0.220294408,2
4020,427,8,17,0.650663654,0.168878848,0.367692742,0.013,0,1.287348207,1.234397063,0.0412,0,0.494775487,0.347641909,0,0.154193731,0,0,0,0.0518,0.726066083,0.944930811,0,1.265602937,0.251765038,2
4021,427,8,18,0.650663654,0.168878848,0.367692742,0.013,0,1.287348207,1.234397063,0.0412,0,0.494775487,0.347641909,0,0.154193731,0,0,0,0.0518,0.726066083,0.944930811,0,1.265602937,0.251765038,2
4022,427,7,19,0.569330698,0.147768992,0.321731149,0.0114,0,1.126429681,1.08009743,0.0361,0,0.432928551,0.30418667,0,0.134919514,0,0,0,0.0453,0.635307823,0.826814459,0,1.10740257,0.220294408,2
4023,427,6,20,0.487997741,0.126659136,0.275769557,0.00974,0,0.965511155,0.925797797,0.0309,0,0.371081615,0.260731432,0,0.115645298,0,0,0,0.0389,0.544549562,0.708698108,0,0.949202203,0.188823779,2
4024,427,2,21,0.162665914,0.0422,0.0919,0.00325,0,0.321837052,0.308599266,0.0103,0,0.123693872,0.0869,0,0.0385,0,0,0,0.013,0.181516521,0.236232703,0,0.316400734,0.0629,3
4025,427,8,22,0.650663654,0.168878848,0.367692742,0.013,0,1.287348207,1.234397063,0.0412,0,0.494775487,0.347641909,0,0.154193731,0,0,0,0.0518,0.726066083,0.944930811,0,1.265602937,0.251765038,2
4026,427,7,23,0.569330698,0.147768992,0.321731149,0.0114,0,1.126429681,1.08009743,0.0361,0,0.432928551,0.30418667,0,0.134919514,0,0,0,0.0453,0.635307823,0.826814459,0,1.10740257,0.220294408,2
4027,427,7,24,0.569330698,0.147768992,0.321731149,0.0114,0,1.126429681,1.08009743,0.0361,0,0.432928551,0.30418667,0,0.134919514,0,0,0,0.0453,0.635307823,0.826814459,0,1.10740257,0.220294408,2
4028,427,8,25,0.650663654,0.168878848,0.367692742,0.013,0,1.287348207,1.234397063,0.0412,0,0.494775487,0.347641909,0,0.154193731,0,0,0,0.0518,0.726066083,0.944930811,0,1.265602937,0.251765038,2
4029,427,7,26,0.569330698,0.147768992,0.321731149,0.0114,0,1.126429681,1.08009743,0.0361,0,0.432928551,0.30418667,0,0.134919514,0,0,0,0.0453,0.635307823,0.826814459,0,1.10740257,0.220294408,2
4030,427,8,27,0.650663654,0.168878848,0.367692742,0.013,0,1.287348207,1.234397063,0.0412,0,0.494775487,0.347641909,0,0.154193731,0,0,0,0.0518,0.726066083,0.944930811,0,1.265602937,0.251765038,2
4031,427,9,28,0.731996611,0.189988704,0.413654335,0.0146,0,1.448266733,1.388696696,0.0464,0,0.556622423,0.391097148,0,0.173467947,0,0,0,0.0583,0.816824343,1.063047162,0,1.423803304,0.283235668,2
4032,427,7,29,0.569330698,0.147768992,0.321731149,0.0114,0,1.126429681,1.08009743,0.0361,0,0.432928551,0.30418667,0,0.134919514,0,0,0,0.0453,0.635307823,0.826814459,0,1.10740257,0.220294408,2
4033,427,4,30,0.325331827,0.0844,0.183846371,0.0065,0,0.643674103,0.617198531,0.0206,0,0.247387744,0.173820955,0,0.0771,0,0,0,0.0259,0.363033042,0.472465405,0,0.632801469,0.125882519,3
4034,427,8,31,0.650663654,0.168878848,0.367692742,0.013,0,1.287348207,1.234397063,0.0412,0,0.494775487,0.347641909,0,0.154193731,0,0,0,0.0518,0.726066083,0.944930811,0,1.265602937,0.251765038,2
4035,427,6,32,0.487997741,0.126659136,0.275769557,0.00974,0,0.965511155,0.925797797,0.0309,0,0.371081615,0.260731432,0,0.115645298,0,0,0,0.0389,0.544549562,0.708698108,0,0.949202203,0.188823779,2
4036,427,8,33,0.650663654,0.168878848,0.367692742,0.013,0,1.287348207,1.234397063,0.0412,0,0.494775487,0.347641909,0,0.154193731,0,0,0,0.0518,0.726066083,0.944930811,0,1.265602937,0.251765038,2
4037,427,7,34,0.569330698,0.147768992,0.321731149,0.0114,0,1.126429681,1.08009743,0.0361,0,0.432928551,0.30418667,0,0.134919514,0,0,0,0.0453,0.635307823,0.826814459,0,1.10740257,0.220294408,2
4038,427,5,35,0.406664784,0.10554928,0.229807964,0.00812,0,0.804592629,0.771498164,0.0258,0,0.309234679,0.217276193,0,0.0964,0,0,0,0.0324,0.453791302,0.590581757,0,0.791001836,0.157353149,3
4039,427,7,36,0.569330698,0.147768992,0.321731149,0.0114,0,1.126429681,1.08009743,0.0361,0,0.432928551,0.30418667,0,0.134919514,0,0,0,0.0453,0.635307823,0.826814459,0,1.10740257,0.220294408,2
4040,427,8,37,0.650663654,0.168878848,0.367692742,0.013,0,1.287348207,1.234397063,0.0412,0,0.494775487,0.347641909,0,0.154193731,0,0,0,0.0518,0.726066083,0.944930811,0,1.265602937,0.251765038,2
4041,427,7,38,0.569330698,0.147768992,0.321731149,0.0114,0,1.126429681,1.08009743,0.0361,0,0.432928551,0.30418667,0,0.134919514,0,0,0,0.0453,0.635307823,0.826814459,0,1.10740257,0.220294408,2
4042,427,9,39,0.731996611,0.189988704,0.413654335,0.0146,0,1.448266733,1.388696696,0.0464,0,0.556622423,0.391097148,0,0.173467947,0,0,0,0.0583,0.816824343,1.063047162,0,1.423803304,0.283235668,2
4043,427,7,40,0.569330698,0.147768992,0.321731149,0.0114,0,1.126429681,1.08009743,0.0361,0,0.432928551,0.30418667,0,0.134919514,0,0,0,0.0453,0.635307823,0.826814459,0,1.10740257,0.220294408,2
4044,427,5,41,0.406664784,0.10554928,0.229807964,0.00812,0,0.804592629,0.771498164,0.0258,0,0.309234679,0.217276193,0,0.0964,0,0,0,0.0324,0.453791302,0.590581757,0,0.791001836,0.157353149,3
4045,427,8,42,0.650663654,0.168878848,0.367692742,0.013,0,1.287348207,1.234397063,0.0412,0,0.494775487,0.347641909,0,0.154193731,0,0,0,0.0518,0.726066083,0.944930811,0,1.265602937,0.251765038,2
4046,427,6,43,0.487997741,0.126659136,0.275769557,0.00974,0,0.965511155,0.925797797,0.0309,0,0.371081615,0.260731432,0,0.115645298,0,0,0,0.0389,0.544549562,0.708698108,0,0.949202203,0.188823779,2
4047,427,5,44,0.406664784,0.10554928,0.229807964,0.00812,0,0.804592629,0.771498164,0.0258,0,0.309234679,0.217276193,0,0.0964,0,0,0,0.0324,0.453791302,0.590581757,0,0.791001836,0.157353149,3
4048,427,8,45,0.650663654,0.168878848,0.367692742,0.013,0,1.287348207,1.234397063,0.0412,0,0.494775487,0.347641909,0,0.154193731,0,0,0,0.0518,0.726066083,0.944930811,0,1.265602937,0.251765038,2
4049,427,6,46,0.487997741,0.126659136,0.275769557,0.00974,0,0.965511155,0.925797797,0.0309,0,0.371081615,0.260731432,0,0.115645298,0,0,0,0.0389,0.544549562,0.708698108,0,0.949202203,0.188823779,2
4050,427,8,47,0.650663654,0.168878848,0.367692742,0.013,0,1.287348207,1.234397063,0.0412,0,0.494775487,0.347641909,0,0.154193731,0,0,0,0.0518,0.726066083,0.944930811,0,1.265602937,0.251765038,2
4051,427,9,48,0.731996611,0.189988704,0.413654335,0.0146,0,1.448266733,1.388696696,0.0464,0,0.556622423,0.391097148,0,0.173467947,0,0,0,0.0583,0.816824343,1.063047162,0,1.423803304,0.283235668,2
4052,427,9,49,0.731996611,0.189988704,0.413654335,0.0146,0,1.448266733,1.388696696,0.0464,0,0.556622423,0.391097148,0,0.173467947,0,0,0,0.0583,0.816824343,1.063047162,0,1.423803304,0.283235668,2
4053,427,7,50,0.569330698,0.147768992,0.321731149,0.0114,0,1.126429681,1.08009743,0.0361,0,0.432928551,0.30418667,0,0.134919514,0,0,0,0.0453,0.635307823,0.826814459,0,1.10740257,0.220294408,2
4054,427,9,51,0.731996611,0.189988704,0.413654335,0.0146,0,1.448266733,1.388696696,0.0464,0,0.556622423,0.391097148,0,0.173467947,0,0,0,0.0583,0.816824343,1.063047162,0,1.423803304,0.283235668,2
4055,427,9,52,0.731996611,0.189988704,0.413654335,0.0146,0,1.448266733,1.388696696,0.0464,0,0.556622423,0.391097148,0,0.173467947,0,0,0,0.0583,0.816824343,1.063047162,0,1.423803304,0.283235668,2
4056,427,9,53,0.731996611,0.189988704,0.413654335,0.0146,0,1.448266733,1.388696696,0.0464,0,0.556622423,0.391097148,0,0.173467947,0,0,0,0.0583,0.816824343,1.063047162,0,1.423803304,0.283235668,2
4057,427,9,54,0.731996611,0.189988704,0.413654335,0.0146,0,1.448266733,1.388696696,0.0464,0,0.556622423,0.391097148,0,0.173467947,0,0,0,0.0583,0.816824343,1.063047162,0,1.423803304,0.283235668,2
4058,427,6,55,0.487997741,0.126659136,0.275769557,0.00974,0,0.965511155,0.925797797,0.0309,0,0.371081615,0.260731432,0,0.115645298,0,0,0,0.0389,0.544549562,0.708698108,0,0.949202203,0.188823779,2
4059,427,9,56,0.731996611,0.189988704,0.413654335,0.0146,0,1.448266733,1.388696696,0.0464,0,0.556622423,0.391097148,0,0.173467947,0,0,0,0.0583,0.816824343,1.063047162,0,1.423803304,0.283235668,2
4060,427,8,57,0.650663654,0.168878848,0.367692742,0.013,0,1.287348207,1.234397063,0.0412,0,0.494775487,0.347641909,0,0.154193731,0,0,0,0.0518,0.726066083,0.944930811,0,1.265602937,0.251765038,2
4061,427,8,58,0.650663654,0.168878848,0.367692742,0.013,0,1.287348207,1.234397063,0.0412,0,0.494775487,0.347641909,0,0.154193731,0,0,0,0.0518,0.726066083,0.944930811,0,1.265602937,0.251765038,2
4062,427,9,59,0.731996611,0.189988704,0.413654335,0.0146,0,1.448266733,1.388696696,0.0464,0,0.556622423,0.391097148,0,0.173467947,0,0,0,0.0583,0.816824343,1.063047162,0,1.423803304,0.283235668,2
4063,427,7,60,0.569330698,0.147768992,0.321731149,0.0114,0,1.126429681,1.08009743,0.0361,0,0.432928551,0.30418667,0,0.134919514,0,0,0,0.0453,0.635307823,0.826814459,0,1.10740257,0.220294408,2
4064,427,9,61,0.731996611,0.189988704,0.413654335,0.0146,0,1.448266733,1.388696696,0.0464,0,0.556622423,0.391097148,0,0.173467947,0,0,0,0.0583,0.816824343,1.063047162,0,1.423803304,0.283235668,2
4065,427,7,62,0.569330698,0.147768992,0.321731149,0.0114,0,1.126429681,1.08009743,0.0361,0,0.432928551,0.30418667,0,0.134919514,0,0,0,0.0453,0.635307823,0.826814459,0,1.10740257,0.220294408,2
4066,427,9,63,0.731996611,0.189988704,0.413654335,0.0146,0,1.448266733,1.388696696,0.0464,0,0.556622423,0.391097148,0,0.173467947,0,0,0,0.0583,0.816824343,1.063047162,0,1.423803304,0.283235668,2
4067,427,6,64,0.487997741,0.126659136,0.275769557,0.00974,0,0.965511155,0.925797797,0.0309,0,0.371081615,0.260731432,0,0.115645298,0,0,0,0.0389,0.544549562,0.708698108,0,0.949202203,0.188823779,2
4068,427,9,65,0.731996611,0.189988704,0.413654335,0.0146,0,1.448266733,1.388696696,0.0464,0,0.556622423,0.391097148,0,0.173467947,0,0,0,0.0583,0.816824343,1.063047162,0,1.423803304,0.283235668,2
4069,427,8,66,0.650663654,0.168878848,0.367692742,0.013,0,1.287348207,1.234397063,0.0412,0,0.494775487,0.347641909,0,0.154193731,0,0,0,0.0518,0.726066083,0.944930811,0,1.265602937,0.251765038,2
4070,427,9,67,0.731996611,0.189988704,0.413654335,0.0146,0,1.448266733,1.388696696,0.0464,0,0.556622423,0.391097148,0,0.173467947,0,0,0,0.0583,0.816824343,1.063047162,0,1.423803304,0.283235668,2
4071,427,7,68,0.569330698,0.147768992,0.321731149,0.0114,0,1.126429681,1.08009743,0.0361,0,0.432928551,0.30418667,0,0.134919514,0,0,0,0.0453,0.635307823,0.826814459,0,1.10740257,0.220294408,2
4072,427,7,69,0.569330698,0.147768992,0.321731149,0.0114,0,1.126429681,1.08009743,0.0361,0,0.432928551,0.30418667,0,0.134919514,0,0,0,0.0453,0.635307823,0.826814459,0,1.10740257,0.220294408,2
4073,427,9,70,0.731996611,0.189988704,0.413654335,0.0146,0,1.448266733,1.388696696,0.0464,0,0.556622423,0.391097148,0,0.173467947,0,0,0,0.0583,0.816824343,1.063047162,0,1.423803304,0.283235668,2
4074,427,8,71,0.650663654,0.168878848,0.367692742,0.013,0,1.287348207,1.234397063,0.0412,0,0.494775487,0.347641909,0,0.154193731,0,0,0,0.0518,0.726066083,0.944930811,0,1.265602937,0.251765038,2
4075,427,8,72,0.650663654,0.168878848,0.367692742,0.013,0,1.287348207,1.234397063,0.0412,0,0.494775487,0.347641909,0,0.154193731,0,0,0,0.0518,0.726066083,0.944930811,0,1.265602937,0.251765038,2
4076,427,8,73,0.650663654,0.168878848,0.367692742,0.013,0,1.287348207,1.234397063,0.0412,0,0.494775487,0.347641909,0,0.154193731,0,0,0,0.0518,0.726066083,0.944930811,0,1.265602937,0.251765038,2
4077,427,9,74,0.731996611,0.189988704,0.413654335,0.0146,0,1.448266733,1.388696696,0.0464,0,0.556622423,0.391097148,0,0.173467947,0,0,0,0.0583,0.816824343,1.063047162,0,1.423803304,0.283235668,2
4078,427,8,75,0.650663654,0.168878848,0.367692742,0.013,0,1.287348207,1.234397063,0.0412,0,0.494775487,0.347641909,0,0.154193731,0,0,0,0.0518,0.726066083,0.944930811,0,1.265602937,0.251765038,2
4079,427,5,76,0.406664784,0.10554928,0.229807964,0.00812,0,0.804592629,0.771498164,0.0258,0,0.309234679,0.217276193,0,0.0964,0,0,0,0.0324,0.453791302,0.590581757,0,0.791001836,0.157353149,3
4080,427,9,77,0.731996611,0.189988704,0.413654335,0.0146,0,1.448266733,1.388696696,0.0464,0,0.556622423,0.391097148,0,0.173467947,0,0,0,0.0583,0.816824343,1.063047162,0,1.423803304,0.283235668,2
4081,427,9,78,0.731996611,0.189988704,0.413654335,0.0146,0,1.448266733,1.388696696,0.0464,0,0.556622423,0.391097148,0,0.173467947,0,0,0,0.0583,0.816824343,1.063047162,0,1.423803304,0.283235668,2
4082,427,5,79,0.406664784,0.10554928,0.229807964,0.00812,0,0.804592629,0.771498164,0.0258,0,0.309234679,0.217276193,0,0.0964,0,0,0,0.0324,0.453791302,0.590581757,0,0.791001836,0.157353149,3
4083,427,8,80,0.650663654,0.168878848,0.367692742,0.013,0,1.287348207,1.234397063,0.0412,0,0.494775487,0.347641909,0,0.154193731,0,0,0,0.0518,0.726066083,0.944930811,0,1.265602937,0.251765038,2
4084,427,5,81,0.406664784,0.10554928,0.229807964,0.00812,0,0.804592629,0.771498164,0.0258,0,0.309234679,0.217276193,0,0.0964,0,0,0,0.0324,0.453791302,0.590581757,0,0.791001836,0.157353149,3
4085,427,9,82,0.731996611,0.189988704,0.413654335,0.0146,0,1.448266733,1.388696696,0.0464,0,0.556622423,0.391097148,0,0.173467947,0,0,0,0.0583,0.816824343,1.063047162,0,1.423803304,0.283235668,2
4086,427,1,83,0.0813,0.0211,0.046,0.00162,0,0.160918526,0.154299633,0.00515,0,0.0618,0.0435,0,0.0193,0,0,0,0.00648,0.0908,0.118116351,0,0.158200367,0.0315,3
4087,427,6,84,0.487997741,0.126659136,0.275769557,0.00974,0,0.965511155,0.925797797,0.0309,0,0.371081615,0.260731432,0,0.115645298,0,0,0,0.0389,0.544549562,0.708698108,0,0.949202203,0.188823779,2
4088,427,4,85,0.325331827,0.0844,0.183846371,0.0065,0,0.643674103,0.617198531,0.0206,0,0.247387744,0.173820955,0,0.0771,0,0,0,0.0259,0.363033042,0.472465405,0,0.632801469,0.125882519,3
4089,427,4,86,0.325331827,0.0844,0.183846371,0.0065,0,0.643674103,0.617198531,0.0206,0,0.247387744,0.173820955,0,0.0771,0,0,0,0.0259,0.363033042,0.472465405,0,0.632801469,0.125882519,3
4090,427,9,87,0.731996611,0.189988704,0.413654335,0.0146,0,1.448266733,1.388696696,0.0464,0,0.556622423,0.391097148,0,0.173467947,0,0,0,0.0583,0.816824343,1.063047162,0,1.423803304,0.283235668,2
4091,427,5,88,0.406664784,0.10554928,0.229807964,0.00812,0,0.804592629,0.771498164,0.0258,0,0.309234679,0.217276193,0,0.0964,0,0,0,0.0324,0.453791302,0.590581757,0,0.791001836,0.157353149,3
4092,427,5,89,0.406664784,0.10554928,0.229807964,0.00812,0,0.804592629,0.771498164,0.0258,0,0.309234679,0.217276193,0,0.0964,0,0,0,0.0324,0.453791302,0.590581757,0,0.791001836,0.157353149,3
4093,427,5,90,0.406664784,0.10554928,0.229807964,0.00812,0,0.804592629,0.771498164,0.0258,0,0.309234679,0.217276193,0,0.0964,0,0,0,0.0324,0.453791302,0.590581757,0,0.791001836,0.157353149,3
4094,427,9,91,0.731996611,0.189988704,0.413654335,0.0146,0,1.448266733,1.388696696,0.0464,0,0.556622423,0.391097148,0,0.173467947,0,0,0,0.0583,0.816824343,1.063047162,0,1.423803304,0.283235668,2
4095,427,5,92,0.406664784,0.10554928,0.229807964,0.00812,0,0.804592629,0.771498164,0.0258,0,0.309234679,0.217276193,0,0.0964,0,0,0,0.0324,0.453791302,0.590581757,0,0.791001836,0.157353149,3
4096,427,9,93,0.731996611,0.189988704,0.413654335,0.0146,0,1.448266733,1.388696696,0.0464,0,0.556622423,0.391097148,0,0.173467947,0,0,0,0.0583,0.816824343,1.063047162,0,1.423803304,0.283235668,2
4097,427,2,94,0.162665914,0.0422,0.0919,0.00325,0,0.321837052,0.308599266,0.0103,0,0.123693872,0.0869,0,0.0385,0,0,0,0.013,0.181516521,0.236232703,0,0.316400734,0.0629,3
4098,427,9,95,0.731996611,0.189988704,0.413654335,0.0146,0,1.448266733,1.388696696,0.0464,0,0.556622423,0.391097148,0,0.173467947,0,0,0,0.0583,0.816824343,1.063047162,0,1.423803304,0.283235668,2
4099,427,7,96,0.569330698,0.147768992,0.321731149,0.0114,0,1.126429681,1.08009743,0.0361,0,0.432928551,0.30418667,0,0.134919514,0,0,0,0.0453,0.635307823,0.826814459,0,1.10740257,0.220294408,2
4100,427,9,97,0.731996611,0.189988704,0.413654335,0.0146,0,1.448266733,1.388696696,0.0464,0,0.556622423,0.391097148,0,0.173467947,0,0,0,0.0583,0.816824343,1.063047162,0,1.423803304,0.283235668,2
4101,427,2,98,0.162665914,0.0422,0.0919,0.00325,0,0.321837052,0.308599266,0.0103,0,0.123693872,0.0869,0,0.0385,0,0,0,0.013,0.181516521,0.236232703,0,0.316400734,0.0629,3
4102,427,5,99,0.406664784,0.10554928,0.229807964,0.00812,0,0.804592629,0.771498164,0.0258,0,0.309234679,0.217276193,0,0.0964,0,0,0,0.0324,0.453791302,0.590581757,0,0.791001836,0.157353149,3
4103,427,3,100,0.24399887,0.0633,0.137884778,0.00487,0,0.482755578,0.462898899,0.0155,0,0.185540808,0.130365716,0,0.0578,0,0,0,0.0194,0.272274781,0.354349054,0,0.474601101,0.0944,3
4104,427,1,101,0.0813,0.0211,0.046,0.00162,0,0.160918526,0.154299633,0.00515,0,0.0618,0.0435,0,0.0193,0,0,0,0.00648,0.0908,0.118116351,0,0.158200367,0.0315,3
4105,427,7,102,0.569330698,0.147768992,0.321731149,0.0114,0,1.126429681,1.08009743,0.0361,0,0.432928551,0.30418667,0,0.134919514,0,0,0,0.0453,0.635307823,0.826814459,0,1.10740257,0.220294408,2
4106,427,8,103,0.650663654,0.168878848,0.367692742,0.013,0,1.287348207,1.234397063,0.0412,0,0.494775487,0.347641909,0,0.154193731,0,0,0,0.0518,0.726066083,0.944930811,0,1.265602937,0.251765038,2
4107,427,9,104,0.731996611,0.189988704,0.413654335,0.0146,0,1.448266733,1.388696696,0.0464,0,0.556622423,0.391097148,0,0.173467947,0,0,0,0.0583,0.816824343,1.063047162,0,1.423803304,0.283235668,2
4108,427,9,105,0.731996611,0.189988704,0.413654335,0.0146,0,1.448266733,1.388696696,0.0464,0,0.556622423,0.391097148,0,0.173467947,0,0,0,0.0583,0.816824343,1.063047162,0,1.423803304,0.283235668,2
4109,427,7,106,0.569330698,0.147768992,0.321731149,0.0114,0,1.126429681,1.08009743,0.0361,0,0.432928551,0.30418667,0,0.134919514,0,0,0,0.0453,0.635307823,0.826814459,0,1.10740257,0.220294408,2
4110,427,8,107,0.650663654,0.168878848,0.367692742,0.013,0,1.287348207,1.234397063,0.0412,0,0.494775487,0.347641909,0,0.154193731,0,0,0,0.0518,0.726066083,0.944930811,0,1.265602937,0.251765038,2
4111,427,6,108,0.487997741,0.126659136,0.275769557,0.00974,0,0.965511155,0.925797797,0.0309,0,0.371081615,0.260731432,0,0.115645298,0,0,0,0.0389,0.544549562,0.708698108,0,0.949202203,0.188823779,2
4112,427,8,109,0.650663654,0.168878848,0.367692742,0.013,0,1.287348207,1.234397063,0.0412,0,0.494775487,0.347641909,0,0.154193731,0,0,0,0.0518,0.726066083,0.944930811,0,1.265602937,0.251765038,2
4113,427,9,110,0.731996611,0.189988704,0.413654335,0.0146,0,1.448266733,1.388696696,0.0464,0,0.556622423,0.391097148,0,0.173467947,0,0,0,0.0583,0.816824343,1.063047162,0,1.423803304,0.283235668,2
4114,427,7,111,0.569330698,0.147768992,0.321731149,0.0114,0,1.126429681,1.08009743,0.0361,0,0.432928551,0.30418667,0,0.134919514,0,0,0,0.0453,0.635307823,0.826814459,0,1.10740257,0.220294408,2
4115,427,7,112,0.569330698,0.147768992,0.321731149,0.0114,0,1.126429681,1.08009743,0.0361,0,0.432928551,0.30418667,0,0.134919514,0,0,0,0.0453,0.635307823,0.826814459,0,1.10740257,0.220294408,2
4116,427,8,113,0.650663654,0.168878848,0.367692742,0.013,0,1.287348207,1.234397063,0.0412,0,0.494775487,0.347641909,0,0.154193731,0,0,0,0.0518,0.726066083,0.944930811,0,1.265602937,0.251765038,2
4117,427,9,114,0.731996611,0.189988704,0.413654335,0.0146,0,1.448266733,1.388696696,0.0464,0,0.556622423,0.391097148,0,0.173467947,0,0,0,0.0583,0.816824343,1.063047162,0,1.423803304,0.283235668,2
4118,427,9,115,0.731996611,0.189988704,0.413654335,0.0146,0,1.448266733,1.388696696,0.0464,0,0.556622423,0.391097148,0,0.173467947,0,0,0,0.0583,0.816824343,1.063047162,0,1.423803304,0.283235668,2
4119,427,7,116,0.569330698,0.147768992,0.321731149,0.0114,0,1.126429681,1.08009743,0.0361,0,0.432928551,0.30418667,0,0.134919514,0,0,0,0.0453,0.635307823,0.826814459,0,1.10740257,0.220294408,2
4120,427,6,117,0.487997741,0.126659136,0.275769557,0.00974,0,0.965511155,0.925797797,0.0309,0,0.371081615,0.260731432,0,0.115645298,0,0,0,0.0389,0.544549562,0.708698108,0,0.949202203,0.188823779,2
4121,427,8,118,0.650663654,0.168878848,0.367692742,0.013,0,1.287348207,1.234397063,0.0412,0,0.494775487,0.347641909,0,0.154193731,0,0,0,0.0518,0.726066083,0.944930811,0,1.265602937,0.251765038,2
4122,427,8,119,0.650663654,0.168878848,0.367692742,0.013,0,1.287348207,1.234397063,0.0412,0,0.494775487,0.347641909,0,0.154193731,0,0,0,0.0518,0.726066083,0.944930811,0,1.265602937,0.251765038,2
4123,427,8,120,0.650663654,0.168878848,0.367692742,0.013,0,1.287348207,1.234397063,0.0412,0,0.494775487,0.347641909,0,0.154193731,0,0,0,0.0518,0.726066083,0.944930811,0,1.265602937,0.251765038,2
4124,427,7,121,0.569330698,0.147768992,0.321731149,0.0114,0,1.126429681,1.08009743,0.0361,0,0.432928551,0.30418667,0,0.134919514,0,0,0,0.0453,0.635307823,0.826814459,0,1.10740257,0.220294408,2
4125,427,8,122,0.650663654,0.168878848,0.367692742,0.013,0,1.287348207,1.234397063,0.0412,0,0.494775487,0.347641909,0,0.154193731,0,0,0,0.0518,0.726066083,0.944930811,0,1.265602937,0.251765038,2
4126,427,7,123,0.569330698,0.147768992,0.321731149,0.0114,0,1.126429681,1.08009743,0.0361,0,0.432928551,0.30418667,0,0.134919514,0,0,0,0.0453,0.635307823,0.826814459,0,1.10740257,0.220294408,2
4127,427,5,124,0.406664784,0.10554928,0.229807964,0.00812,0,0.804592629,0.771498164,0.0258,0,0.309234679,0.217276193,0,0.0964,0,0,0,0.0324,0.453791302,0.590581757,0,0.791001836,0.157353149,3
4128,427,9,125,0.731996611,0.189988704,0.413654335,0.0146,0,1.448266733,1.388696696,0.0464,0,0.556622423,0.391097148,0,0.173467947,0,0,0,0.0583,0.816824343,1.063047162,0,1.423803304,0.283235668,2
4129,427,7,126,0.569330698,0.147768992,0.321731149,0.0114,0,1.126429681,1.08009743,0.0361,0,0.432928551,0.30418667,0,0.134919514,0,0,0,0.0453,0.635307823,0.826814459,0,1.10740257,0.220294408,2
4130,427,7,127,0.569330698,0.147768992,0.321731149,0.0114,0,1.126429681,1.08009743,0.0361,0,0.432928551,0.30418667,0,0.134919514,0,0,0,0.0453,0.635307823,0.826814459,0,1.10740257,0.220294408,2
4131,427,5,128,0.406664784,0.10554928,0.229807964,0.00812,0,0.804592629,0.771498164,0.0258,0,0.309234679,0.217276193,0,0.0964,0,0,0,0.0324,0.453791302,0.590581757,0,0.791001836,0.157353149,3
4132,427,5,129,0.406664784,0.10554928,0.229807964,0.00812,0,0.804592629,0.771498164,0.0258,0,0.309234679,0.217276193,0,0.0964,0,0,0,0.0324,0.453791302,0.590581757,0,0.791001836,0.157353149,3
4133,427,6,130,0.487997741,0.126659136,0.275769557,0.00974,0,0.965511155,0.925797797,0.0309,0,0.371081615,0.260731432,0,0.115645298,0,0,0,0.0389,0.544549562,0.708698108,0,0.949202203,0.188823779,2
4134,427,7,131,0.569330698,0.147768992,0.321731149,0.0114,0,1.126429681,1.08009743,0.0361,0,0.432928551,0.30418667,0,0.134919514,0,0,0,0.0453,0.635307823,0.826814459,0,1.10740257,0.220294408,2
4135,427,7,132,0.569330698,0.147768992,0.321731149,0.0114,0,1.126429681,1.08009743,0.0361,0,0.432928551,0.30418667,0,0.134919514,0,0,0,0.0453,0.635307823,0.826814459,0,1.10740257,0.220294408,2
4136,427,9,133,0.731996611,0.189988704,0.413654335,0.0146,0,1.448266733,1.388696696,0.0464,0,0.556622423,0.391097148,0,0.173467947,0,0,0,0.0583,0.816824343,1.063047162,0,1.423803304,0.283235668,2
4137,427,5,134,0.406664784,0.10554928,0.229807964,0.00812,0,0.804592629,0.771498164,0.0258,0,0.309234679,0.217276193,0,0.0964,0,0,0,0.0324,0.453791302,0.590581757,0,0.791001836,0.157353149,3
4138,427,8,135,0.650663654,0.168878848,0.367692742,0.013,0,1.287348207,1.234397063,0.0412,0,0.494775487,0.347641909,0,0.154193731,0,0,0,0.0518,0.726066083,0.944930811,0,1.265602937,0.251765038,2
4139,427,8,136,0.650663654,0.168878848,0.367692742,0.013,0,1.287348207,1.234397063,0.0412,0,0.494775487,0.347641909,0,0.154193731,0,0,0,0.0518,0.726066083,0.944930811,0,1.265602937,0.251765038,2
4140,427,9,137,0.731996611,0.189988704,0.413654335,0.0146,0,1.448266733,1.388696696,0.0464,0,0.556622423,0.391097148,0,0.173467947,0,0,0,0.0583,0.816824343,1.063047162,0,1.423803304,0.283235668,2
4141,427,9,138,0.731996611,0.189988704,0.413654335,0.0146,0,1.448266733,1.388696696,0.0464,0,0.556622423,0.391097148,0,0.173467947,0,0,0,0.0583,0.816824343,1.063047162,0,1.423803304,0.283235668,2
4142,427,6,139,0.487997741,0.126659136,0.275769557,0.00974,0,0.965511155,0.925797797,0.0309,0,0.371081615,0.260731432,0,0.115645298,0,0,0,0.0389,0.544549562,0.708698108,0,0.949202203,0.188823779,2
4143,427,6,140,0.487997741,0.126659136,0.275769557,0.00974,0,0.965511155,0.925797797,0.0309,0,0.371081615,0.260731432,0,0.115645298,0,0,0,0.0389,0.544549562,0.708698108,0,0.949202203,0.188823779,2
4144,427,8,141,0.650663654,0.168878848,0.367692742,0.013,0,1.287348207,1.234397063,0.0412,0,0.494775487,0.347641909,0,0.154193731,0,0,0,0.0518,0.726066083,0.944930811,0,1.265602937,0.251765038,2
4145,427,8,142,0.650663654,0.168878848,0.367692742,0.013,0,1.287348207,1.234397063,0.0412,0,0.494775487,0.347641909,0,0.154193731,0,0,0,0.0518,0.726066083,0.944930811,0,1.265602937,0.251765038,2
4146,427,7,143,0.569330698,0.147768992,0.321731149,0.0114,0,1.126429681,1.08009743,0.0361,0,0.432928551,0.30418667,0,0.134919514,0,0,0,0.0453,0.635307823,0.826814459,0,1.10740257,0.220294408,2
4147,427,7,144,0.569330698,0.147768992,0.321731149,0.0114,0,1.126429681,1.08009743,0.0361,0,0.432928551,0.30418667,0,0.134919514,0,0,0,0.0453,0.635307823,0.826814459,0,1.10740257,0.220294408,2
4148,427,8,145,0.650663654,0.168878848,0.367692742,0.013,0,1.287348207,1.234397063,0.0412,0,0.494775487,0.347641909,0,0.154193731,0,0,0,0.0518,0.726066083,0.944930811,0,1.265602937,0.251765038,2
4149,427,8,146,0.650663654,0.168878848,0.367692742,0.013,0,1.287348207,1.234397063,0.0412,0,0.494775487,0.347641909,0,0.154193731,0,0,0,0.0518,0.726066083,0.944930811,0,1.265602937,0.251765038,2
4150,427,9,147,0.731996611,0.189988704,0.413654335,0.0146,0,1.448266733,1.388696696,0.0464,0,0.556622423,0.391097148,0,0.173467947,0,0,0,0.0583,0.816824343,1.063047162,0,1.423803304,0.283235668,2
4151,427,7,148,0.569330698,0.147768992,0.321731149,0.0114,0,1.126429681,1.08009743,0.0361,0,0.432928551,0.30418667,0,0.134919514,0,0,0,0.0453,0.635307823,0.826814459,0,1.10740257,0.220294408,2
4152,427,7,149,0.569330698,0.147768992,0.321731149,0.0114,0,1.126429681,1.08009743,0.0361,0,0.432928551,0.30418667,0,0.134919514,0,0,0,0.0453,0.635307823,0.826814459,0,1.10740257,0.220294408,2
4153,427,8,150,0.650663654,0.168878848,0.367692742,0.013,0,1.287348207,1.234397063,0.0412,0,0.494775487,0.347641909,0,0.154193731,0,0,0,0.0518,0.726066083,0.944930811,0,1.265602937,0.251765038,2
4154,427,7,151,0.569330698,0.147768992,0.321731149,0.0114,0,1.126429681,1.08009743,0.0361,0,0.432928551,0.30418667,0,0.134919514,0,0,0,0.0453,0.635307823,0.826814459,0,1.10740257,0.220294408,2
4155,427,7,152,0.569330698,0.147768992,0.321731149,0.0114,0,1.126429681,1.08009743,0.0361,0,0.432928551,0.30418667,0,0.134919514,0,0,0,0.0453,0.635307823,0.826814459,0,1.10740257,0.220294408,2
4156,427,5,153,0.406664784,0.10554928,0.229807964,0.00812,0,0.804592629,0.771498164,0.0258,0,0.309234679,0.217276193,0,0.0964,0,0,0,0.0324,0.453791302,0.590581757,0,0.791001836,0.157353149,3
4157,427,5,154,0.406664784,0.10554928,0.229807964,0.00812,0,0.804592629,0.771498164,0.0258,0,0.309234679,0.217276193,0,0.0964,0,0,0,0.0324,0.453791302,0.590581757,0,0.791001836,0.157353149,3
4158,427,5,155,0.406664784,0.10554928,0.229807964,0.00812,0,0.804592629,0.771498164,0.0258,0,0.309234679,0.217276193,0,0.0964,0,0,0,0.0324,0.453791302,0.590581757,0,0.791001836,0.157353149,3
4159,427,7,156,0.569330698,0.147768992,0.321731149,0.0114,0,1.126429681,1.08009743,0.0361,0,0.432928551,0.30418667,0,0.134919514,0,0,0,0.0453,0.635307823,0.826814459,0,1.10740257,0.220294408,2
4160,427,7,157,0.569330698,0.147768992,0.321731149,0.0114,0,1.126429681,1.08009743,0.0361,0,0.432928551,0.30418667,0,0.134919514,0,0,0,0.0453,0.635307823,0.826814459,0,1.10740257,0.220294408,2
4161,427,8,158,0.650663654,0.168878848,0.367692742,0.013,0,1.287348207,1.234397063,0.0412,0,0.494775487,0.347641909,0,0.154193731,0,0,0,0.0518,0.726066083,0.944930811,0,1.265602937,0.251765038,2
4162,427,4,159,0.325331827,0.0844,0.183846371,0.0065,0,0.643674103,0.617198531,0.0206,0,0.247387744,0.173820955,0,0.0771,0,0,0,0.0259,0.363033042,0.472465405,0,0.632801469,0.125882519,3
4163,427,9,160,0.731996611,0.189988704,0.413654335,0.0146,0,1.448266733,1.388696696,0.0464,0,0.556622423,0.391097148,0,0.173467947,0,0,0,0.0583,0.816824343,1.063047162,0,1.423803304,0.283235668,2
4164,427,9,161,0.731996611,0.189988704,0.413654335,0.0146,0,1.448266733,1.388696696,0.0464,0,0.556622423,0.391097148,0,0.173467947,0,0,0,0.0583,0.816824343,1.063047162,0,1.423803304,0.283235668,2
4165,427,8,162,0.650663654,0.168878848,0.367692742,0.013,0,1.287348207,1.234397063,0.0412,0,0.494775487,0.347641909,0,0.154193731,0,0,0,0.0518,0.726066083,0.944930811,0,1.265602937,0.251765038,2
4166,427,9,163,0.731996611,0.189988704,0.413654335,0.0146,0,1.448266733,1.388696696,0.0464,0,0.556622423,0.391097148,0,0.173467947,0,0,0,0.0583,0.816824343,1.063047162,0,1.423803304,0.283235668,2
4167,427,8,164,0.650663654,0.168878848,0.367692742,0.013,0,1.287348207,1.234397063,0.0412,0,0.494775487,0.347641909,0,0.154193731,0,0,0,0.0518,0.726066083,0.944930811,0,1.265602937,0.251765038,2
4168,427,7,165,0.569330698,0.147768992,0.321731149,0.0114,0,1.126429681,1.08009743,0.0361,0,0.432928551,0.30418667,0,0.134919514,0,0,0,0.0453,0.635307823,0.826814459,0,1.10740257,0.220294408,2
4169,427,8,166,0.650663654,0.168878848,0.367692742,0.013,0,1.287348207,1.234397063,0.0412,0,0.494775487,0.347641909,0,0.154193731,0,0,0,0.0518,0.726066083,0.944930811,0,1.265602937,0.251765038,2
4170,427,9,167,0.731996611,0.189988704,0.413654335,0.0146,0,1.448266733,1.388696696,0.0464,0,0.556622423,0.391097148,0,0.173467947,0,0,0,0.0583,0.816824343,1.063047162,0,1.423803304,0.283235668,2
4171,427,9,168,0.731996611,0.189988704,0.413654335,0.0146,0,1.448266733,1.388696696,0.0464,0,0.556622423,0.391097148,0,0.173467947,0,0,0,0.0583,0.816824343,1.063047162,0,1.423803304,0.283235668,2
4172,427,6,169,0.487997741,0.126659136,0.275769557,0.00974,0,0.965511155,0.925797797,0.0309,0,0.371081615,0.260731432,0,0.115645298,0,0,0,0.0389,0.544549562,0.708698108,0,0.949202203,0.188823779,2
4173,427,9,170,0.731996611,0.189988704,0.413654335,0.0146,0,1.448266733,1.388696696,0.0464,0,0.556622423,0.391097148,0,0.173467947,0,0,0,0.0583,0.816824343,1.063047162,0,1.423803304,0.283235668,2
4174,427,4,171,0.325331827,0.0844,0.183846371,0.0065,0,0.643674103,0.617198531,0.0206,0,0.247387744,0.173820955,0,0.0771,0,0,0,0.0259,0.363033042,0.472465405,0,0.632801469,0.125882519,3
4175,427,8,172,0.650663654,0.168878848,0.367692742,0.013,0,1.287348207,1.234397063,0.0412,0,0.494775487,0.347641909,0,0.154193731,0,0,0,0.0518,0.726066083,0.944930811,0,1.265602937,0.251765038,2
4176,427,6,173,0.487997741,0.126659136,0.275769557,0.00974,0,0.965511155,0.925797797,0.0309,0,0.371081615,0.260731432,0,0.115645298,0,0,0,0.0389,0.544549562,0.708698108,0,0.949202203,0.188823779,2
4177,427,9,174,0.731996611,0.189988704,0.413654335,0.0146,0,1.448266733,1.388696696,0.0464,0,0.556622423,0.391097148,0,0.173467947,0,0,0,0.0583,0.816824343,1.063047162,0,1.423803304,0.283235668,2
4178,427,6,175,0.487997741,0.126659136,0.275769557,0.00974,0,0.965511155,0.925797797,0.0309,0,0.371081615,0.260731432,0,0.115645298,0,0,0,0.0389,0.544549562,0.708698108,0,0.949202203,0.188823779,2
4179,427,2,176,0.162665914,0.0422,0.0919,0.00325,0,0.321837052,0.308599266,0.0103,0,0.123693872,0.0869,0,0.0385,0,0,0,0.013,0.181516521,0.236232703,0,0.316400734,0.0629,3
4180,427,8,177,0.650663654,0.168878848,0.367692742,0.013,0,1.287348207,1.234397063,0.0412,0,0.494775487,0.347641909,0,0.154193731,0,0,0,0.0518,0.726066083,0.944930811,0,1.265602937,0.251765038,2
4181,427,9,178,0.731996611,0.189988704,0.413654335,0.0146,0,1.448266733,1.388696696,0.0464,0,0.556622423,0.391097148,0,0.173467947,0,0,0,0.0583,0.816824343,1.063047162,0,1.423803304,0.283235668,2
4182,427,5,179,0.406664784,0.10554928,0.229807964,0.00812,0,0.804592629,0.771498164,0.0258,0,0.309234679,0.217276193,0,0.0964,0,0,0,0.0324,0.453791302,0.590581757,0,0.791001836,0.157353149,3
4183,427,5,180,0.406664784,0.10554928,0.229807964,0.00812,0,0.804592629,0.771498164,0.0258,0,0.309234679,0.217276193,0,0.0964,0,0,0,0.0324,0.453791302,0.590581757,0,0.791001836,0.157353149,3
4184,427,6,181,0.487997741,0.126659136,0.275769557,0.00974,0,0.965511155,0.925797797,0.0309,0,0.371081615,0.260731432,0,0.115645298,0,0,0,0.0389,0.544549562,0.708698108,0,0.949202203,0.188823779,2
4185,427,9,182,0.731996611,0.189988704,0.413654335,0.0146,0,1.448266733,1.388696696,0.0464,0,0.556622423,0.391097148,0,0.173467947,0,0,0,0.0583,0.816824343,1.063047162,0,1.423803304,0.283235668,2
4186,427,7,183,0.569330698,0.147768992,0.321731149,0.0114,0,1.126429681,1.08009743,0.0361,0,0.432928551,0.30418667,0,0.134919514,0,0,0,0.0453,0.635307823,0.826814459,0,1.10740257,0.220294408,2
4187,427,5,184,0.406664784,0.10554928,0.229807964,0.00812,0,0.804592629,0.771498164,0.0258,0,0.309234679,0.217276193,0,0.0964,0,0,0,0.0324,0.453791302,0.590581757,0,0.791001836,0.157353149,3
4188,427,1,185,0.0813,0.0211,0.046,0.00162,0,0.160918526,0.154299633,0.00515,0,0.0618,0.0435,0,0.0193,0,0,0,0.00648,0.0908,0.118116351,0,0.158200367,0.0315,3
4189,427,5,186,0.406664784,0.10554928,0.229807964,0.00812,0,0.804592629,0.771498164,0.0258,0,0.309234679,0.217276193,0,0.0964,0,0,0,0.0324,0.453791302,0.590581757,0,0.791001836,0.157353149,3
4190,427,4,187,0.325331827,0.0844,0.183846371,0.0065,0,0.643674103,0.617198531,0.0206,0,0.247387744,0.173820955,0,0.0771,0,0,0,0.0259,0.363033042,0.472465405,0,0.632801469,0.125882519,3
4191,427,6,188,0.487997741,0.126659136,0.275769557,0.00974,0,0.965511155,0.925797797,0.0309,0,0.371081615,0.260731432,0,0.115645298,0,0,0,0.0389,0.544549562,0.708698108,0,0.949202203,0.188823779,2
4192,427,8,189,0.650663654,0.168878848,0.367692742,0.013,0,1.287348207,1.234397063,0.0412,0,0.494775487,0.347641909,0,0.154193731,0,0,0,0.0518,0.726066083,0.944930811,0,1.265602937,0.251765038,2
4193,427,9,190,0.731996611,0.189988704,0.413654335,0.0146,0,1.448266733,1.388696696,0.0464,0,0.556622423,0.391097148,0,0.173467947,0,0,0,0.0583,0.816824343,1.063047162,0,1.423803304,0.283235668,2
4194,427,1,191,0.0813,0.0211,0.046,0.00162,0,0.160918526,0.154299633,0.00515,0,0.0618,0.0435,0,0.0193,0,0,0,0.00648,0.0908,0.118116351,0,0.158200367,0.0315,3
4195,427,9,192,0.731996611,0.189988704,0.413654335,0.0146,0,1.448266733,1.388696696,0.0464,0,0.556622423,0.391097148,0,0.173467947,0,0,0,0.0583,0.816824343,1.063047162,0,1.423803304,0.283235668,2
4196,427,7,193,0.569330698,0.147768992,0.321731149,0.0114,0,1.126429681,1.08009743,0.0361,0,0.432928551,0.30418667,0,0.134919514,0,0,0,0.0453,0.635307823,0.826814459,0,1.10740257,0.220294408,2
4197,427,8,194,0.650663654,0.168878848,0.367692742,0.013,0,1.287348207,1.234397063,0.0412,0,0.494775487,0.347641909,0,0.154193731,0,0,0,0.0518,0.726066083,0.944930811,0,1.265602937,0.251765038,2
4198,427,4,195,0.325331827,0.0844,0.183846371,0.0065,0,0.643674103,0.617198531,0.0206,0,0.247387744,0.173820955,0,0.0771,0,0,0,0.0259,0.363033042,0.472465405,0,0.632801469,0.125882519,3
4199,427,7,196,0.569330698,0.147768992,0.321731149,0.0114,0,1.126429681,1.08009743,0.0361,0,0.432928551,0.30418667,0,0.134919514,0,0,0,0.0453,0.635307823,0.826814459,0,1.10740257,0.220294408,2
4200,427,5,197,0.406664784,0.10554928,0.229807964,0.00812,0,0.804592629,0.771498164,0.0258,0,0.309234679,0.217276193,0,0.0964,0,0,0,0.0324,0.453791302,0.590581757,0,0.791001836,0.157353149,3
4201,427,8,198,0.650663654,0.168878848,0.367692742,0.013,0,1.287348207,1.234397063,0.0412,0,0.494775487,0.347641909,0,0.154193731,0,0,0,0.0518,0.726066083,0.944930811,0,1.265602937,0.251765038,2
4202,427,9,199,0.731996611,0.189988704,0.413654335,0.0146,0,1.448266733,1.388696696,0.0464,0,0.556622423,0.391097148,0,0.173467947,0,0,0,0.0583,0.816824343,1.063047162,0,1.423803304,0.283235668,2
4203,427,7,200,0.569330698,0.147768992,0.321731149,0.0114,0,1.126429681,1.08009743,0.0361,0,0.432928551,0.30418667,0,0.134919514,0,0,0,0.0453,0.635307823,0.826814459,0,1.10740257,0.220294408,2
4204,427,6,201,0.487997741,0.126659136,0.275769557,0.00974,0,0.965511155,0.925797797,0.0309,0,0.371081615,0.260731432,0,0.115645298,0,0,0,0.0389,0.544549562,0.708698108,0,0.949202203,0.188823779,2
4205,427,9,202,0.731996611,0.189988704,0.413654335,0.0146,0,1.448266733,1.388696696,0.0464,0,0.556622423,0.391097148,0,0.173467947,0,0,0,0.0583,0.816824343,1.063047162,0,1.423803304,0.283235668,2
4206,427,7,203,0.569330698,0.147768992,0.321731149,0.0114,0,1.126429681,1.08009743,0.0361,0,0.432928551,0.30418667,0,0.134919514,0,0,0,0.0453,0.635307823,0.826814459,0,1.10740257,0.220294408,2
4207,427,7,204,0.569330698,0.147768992,0.321731149,0.0114,0,1.126429681,1.08009743,0.0361,0,0.432928551,0.30418667,0,0.134919514,0,0,0,0.0453,0.635307823,0.826814459,0,1.10740257,0.220294408,2
4208,427,8,205,0.650663654,0.168878848,0.367692742,0.013,0,1.287348207,1.234397063,0.0412,0,0.494775487,0.347641909,0,0.154193731,0,0,0,0.0518,0.726066083,0.944930811,0,1.265602937,0.251765038,2
4209,427,9,206,0.731996611,0.189988704,0.413654335,0.0146,0,1.448266733,1.388696696,0.0464,0,0.556622423,0.391097148,0,0.173467947,0,0,0,0.0583,0.816824343,1.063047162,0,1.423803304,0.283235668,2
4210,427,7,207,0.569330698,0.147768992,0.321731149,0.0114,0,1.126429681,1.08009743,0.0361,0,0.432928551,0.30418667,0,0.134919514,0,0,0,0.0453,0.635307823,0.826814459,0,1.10740257,0.220294408,2
4211,427,8,208,0.650663654,0.168878848,0.367692742,0.013,0,1.287348207,1.234397063,0.0412,0,0.494775487,0.347641909,0,0.154193731,0,0,0,0.0518,0.726066083,0.944930811,0,1.265602937,0.251765038,2
4212,427,8,209,0.650663654,0.168878848,0.367692742,0.013,0,1.287348207,1.234397063,0.0412,0,0.494775487,0.347641909,0,0.154193731,0,0,0,0.0518,0.726066083,0.944930811,0,1.265602937,0.251765038,2
4213,427,5,210,0.406664784,0.10554928,0.229807964,0.00812,0,0.804592629,0.771498164,0.0258,0,0.309234679,0.217276193,0,0.0964,0,0,0,0.0324,0.453791302,0.590581757,0,0.791001836,0.157353149,3
4214,427,8,211,0.650663654,0.168878848,0.367692742,0.013,0,1.287348207,1.234397063,0.0412,0,0.494775487,0.347641909,0,0.154193731,0,0,0,0.0518,0.726066083,0.944930811,0,1.265602937,0.251765038,2
4215,427,6,212,0.487997741,0.126659136,0.275769557,0.00974,0,0.965511155,0.925797797,0.0309,0,0.371081615,0.260731432,0,0.115645298,0,0,0,0.0389,0.544549562,0.708698108,0,0.949202203,0.188823779,2
4216,427,8,213,0.650663654,0.168878848,0.367692742,0.013,0,1.287348207,1.234397063,0.0412,0,0.494775487,0.347641909,0,0.154193731,0,0,0,0.0518,0.726066083,0.944930811,0,1.265602937,0.251765038,2
4217,427,7,214,0.569330698,0.147768992,0.321731149,0.0114,0,1.126429681,1.08009743,0.0361,0,0.432928551,0.30418667,0,0.134919514,0,0,0,0.0453,0.635307823,0.826814459,0,1.10740257,0.220294408,2
4218,427,4,215,0.325331827,0.0844,0.183846371,0.0065,0,0.643674103,0.617198531,0.0206,0,0.247387744,0.173820955,0,0.0771,0,0,0,0.0259,0.363033042,0.472465405,0,0.632801469,0.125882519,3
4219,427,9,216,0.731996611,0.189988704,0.413654335,0.0146,0,1.448266733,1.388696696,0.0464,0,0.556622423,0.391097148,0,0.173467947,0,0,0,0.0583,0.816824343,1.063047162,0,1.423803304,0.283235668,2
4220,427,8,217,0.650663654,0.168878848,0.367692742,0.013,0,1.287348207,1.234397063,0.0412,0,0.494775487,0.347641909,0,0.154193731,0,0,0,0.0518,0.726066083,0.944930811,0,1.265602937,0.251765038,2
4221,427,7,218,0.569330698,0.147768992,0.321731149,0.0114,0,1.126429681,1.08009743,0.0361,0,0.432928551,0.30418667,0,0.134919514,0,0,0,0.0453,0.635307823,0.826814459,0,1.10740257,0.220294408,2
4222,427,6,219,0.487997741,0.126659136,0.275769557,0.00974,0,0.965511155,0.925797797,0.0309,0,0.371081615,0.260731432,0,0.115645298,0,0,0,0.0389,0.544549562,0.708698108,0,0.949202203,0.188823779,2
4223,427,8,220,0.650663654,0.168878848,0.367692742,0.013,0,1.287348207,1.234397063,0.0412,0,0.494775487,0.347641909,0,0.154193731,0,0,0,0.0518,0.726066083,0.944930811,0,1.265602937,0.251765038,2
4224,427,8,221,0.650663654,0.168878848,0.367692742,0.013,0,1.287348207,1.234397063,0.0412,0,0.494775487,0.347641909,0,0.154193731,0,0,0,0.0518,0.726066083,0.944930811,0,1.265602937,0.251765038,2
4225,427,8,222,0.650663654,0.168878848,0.367692742,0.013,0,1.287348207,1.234397063,0.0412,0,0.494775487,0.347641909,0,0.154193731,0,0,0,0.0518,0.726066083,0.944930811,0,1.265602937,0.251765038,2
4226,427,8,223,0.650663654,0.168878848,0.367692742,0.013,0,1.287348207,1.234397063,0.0412,0,0.494775487,0.347641909,0,0.154193731,0,0,0,0.0518,0.726066083,0.944930811,0,1.265602937,0.251765038,2
4227,427,7,224,0.569330698,0.147768992,0.321731149,0.0114,0,1.126429681,1.08009743,0.0361,0,0.432928551,0.30418667,0,0.134919514,0,0,0,0.0453,0.635307823,0.826814459,0,1.10740257,0.220294408,2
4228,427,8,225,0.650663654,0.168878848,0.367692742,0.013,0,1.287348207,1.234397063,0.0412,0,0.494775487,0.347641909,0,0.154193731,0,0,0,0.0518,0.726066083,0.944930811,0,1.265602937,0.251765038,2
4229,427,7,226,0.569330698,0.147768992,0.321731149,0.0114,0,1.126429681,1.08009743,0.0361,0,0.432928551,0.30418667,0,0.134919514,0,0,0,0.0453,0.635307823,0.826814459,0,1.10740257,0.220294408,2
4230,427,7,227,0.569330698,0.147768992,0.321731149,0.0114,0,1.126429681,1.08009743,0.0361,0,0.432928551,0.30418667,0,0.134919514,0,0,0,0.0453,0.635307823,0.826814459,0,1.10740257,0.220294408,2
4231,427,8,228,0.650663654,0.168878848,0.367692742,0.013,0,1.287348207,1.234397063,0.0412,0,0.494775487,0.347641909,0,0.154193731,0,0,0,0.0518,0.726066083,0.944930811,0,1.265602937,0.251765038,2
4232,427,9,229,0.731996611,0.189988704,0.413654335,0.0146,0,1.448266733,1.388696696,0.0464,0,0.556622423,0.391097148,0,0.173467947,0,0,0,0.0583,0.816824343,1.063047162,0,1.423803304,0.283235668,2
4233,427,8,230,0.650663654,0.168878848,0.367692742,0.013,0,1.287348207,1.234397063,0.0412,0,0.494775487,0.347641909,0,0.154193731,0,0,0,0.0518,0.726066083,0.944930811,0,1.265602937,0.251765038,2
4234,427,4,231,0.325331827,0.0844,0.183846371,0.0065,0,0.643674103,0.617198531,0.0206,0,0.247387744,0.173820955,0,0.0771,0,0,0,0.0259,0.363033042,0.472465405,0,0.632801469,0.125882519,3
4235,427,8,232,0.650663654,0.168878848,0.367692742,0.013,0,1.287348207,1.234397063,0.0412,0,0.494775487,0.347641909,0,0.154193731,0,0,0,0.0518,0.726066083,0.944930811,0,1.265602937,0.251765038,2
4236,427,9,233,0.731996611,0.189988704,0.413654335,0.0146,0,1.448266733,1.388696696,0.0464,0,0.556622423,0.391097148,0,0.173467947,0,0,0,0.0583,0.816824343,1.063047162,0,1.423803304,0.283235668,2
4237,427,9,234,0.731996611,0.189988704,0.413654335,0.0146,0,1.448266733,1.388696696,0.0464,0,0.556622423,0.391097148,0,0.173467947,0,0,0,0.0583,0.816824343,1.063047162,0,1.423803304,0.283235668,2
4238,427,7,235,0.569330698,0.147768992,0.321731149,0.0114,0,1.126429681,1.08009743,0.0361,0,0.432928551,0.30418667,0,0.134919514,0,0,0,0.0453,0.635307823,0.826814459,0,1.10740257,0.220294408,2
4239,427,4,236,0.325331827,0.0844,0.183846371,0.0065,0,0.643674103,0.617198531,0.0206,0,0.247387744,0.173820955,0,0.0771,0,0,0,0.0259,0.363033042,0.472465405,0,0.632801469,0.125882519,3
4240,427,7,237,0.569330698,0.147768992,0.321731149,0.0114,0,1.126429681,1.08009743,0.0361,0,0.432928551,0.30418667,0,0.134919514,0,0,0,0.0453,0.635307823,0.826814459,0,1.10740257,0.220294408,2
4241,427,9,238,0.731996611,0.189988704,0.413654335,0.0146,0,1.448266733,1.388696696,0.0464,0,0.556622423,0.391097148,0,0.173467947,0,0,0,0.0583,0.816824343,1.063047162,0,1.423803304,0.283235668,2
4242,427,8,239,0.650663654,0.168878848,0.367692742,0.013,0,1.287348207,1.234397063,0.0412,0,0.494775487,0.347641909,0,0.154193731,0,0,0,0.0518,0.726066083,0.944930811,0,1.265602937,0.251765038,2
4243,427,6,240,0.487997741,0.126659136,0.275769557,0.00974,0,0.965511155,0.925797797,0.0309,0,0.371081615,0.260731432,0,0.115645298,0,0,0,0.0389,0.544549562,0.708698108,0,0.949202203,0.188823779,2
4244,427,5,241,0.406664784,0.10554928,0.229807964,0.00812,0,0.804592629,0.771498164,0.0258,0,0.309234679,0.217276193,0,0.0964,0,0,0,0.0324,0.453791302,0.590581757,0,0.791001836,0.157353149,3
4245,427,8,242,0.650663654,0.168878848,0.367692742,0.013,0,1.287348207,1.234397063,0.0412,0,0.494775487,0.347641909,0,0.154193731,0,0,0,0.0518,0.726066083,0.944930811,0,1.265602937,0.251765038,2
4246,427,7,243,0.569330698,0.147768992,0.321731149,0.0114,0,1.126429681,1.08009743,0.0361,0,0.432928551,0.30418667,0,0.134919514,0,0,0,0.0453,0.635307823,0.826814459,0,1.10740257,0.220294408,2
4247,427,9,244,0.731996611,0.189988704,0.413654335,0.0146,0,1.448266733,1.388696696,0.0464,0,0.556622423,0.391097148,0,0.173467947,0,0,0,0.0583,0.816824343,1.063047162,0,1.423803304,0.283235668,2
4248,427,8,245,0.650663654,0.168878848,0.367692742,0.013,0,1.287348207,1.234397063,0.0412,0,0.494775487,0.347641909,0,0.154193731,0,0,0,0.0518,0.726066083,0.944930811,0,1.265602937,0.251765038,2
4249,427,6,246,0.487997741,0.126659136,0.275769557,0.00974,0,0.965511155,0.925797797,0.0309,0,0.371081615,0.260731432,0,0.115645298,0,0,0,0.0389,0.544549562,0.708698108,0,0.949202203,0.188823779,2
4250,427,5,247,0.406664784,0.10554928,0.229807964,0.00812,0,0.804592629,0.771498164,0.0258,0,0.309234679,0.217276193,0,0.0964,0,0,0,0.0324,0.453791302,0.590581757,0,0.791001836,0.157353149,3
4251,427,5,248,0.406664784,0.10554928,0.229807964,0.00812,0,0.804592629,0.771498164,0.0258,0,0.309234679,0.217276193,0,0.0964,0,0,0,0.0324,0.453791302,0.590581757,0,0.791001836,0.157353149,3
4252,427,9,249,0.731996611,0.189988704,0.413654335,0.0146,0,1.448266733,1.388696696,0.0464,0,0.556622423,0.391097148,0,0.173467947,0,0,0,0.0583,0.816824343,1.063047162,0,1.423803304,0.283235668,2
4253,427,6,250,0.487997741,0.126659136,0.275769557,0.00974,0,0.965511155,0.925797797,0.0309,0,0.371081615,0.260731432,0,0.115645298,0,0,0,0.0389,0.544549562,0.708698108,0,0.949202203,0.188823779,2
4254,427,5,251,0.406664784,0.10554928,0.229807964,0.00812,0,0.804592629,0.771498164,0.0258,0,0.309234679,0.217276193,0,0.0964,0,0,0,0.0324,0.453791302,0.590581757,0,0.791001836,0.157353149,3
4255,427,6,252,0.487997741,0.126659136,0.275769557,0.00974,0,0.965511155,0.925797797,0.0309,0,0.371081615,0.260731432,0,0.115645298,0,0,0,0.0389,0.544549562,0.708698108,0,0.949202203,0.188823779,2
4256,427,9,253,0.731996611,0.189988704,0.413654335,0.0146,0,1.448266733,1.388696696,0.0464,0,0.556622423,0.391097148,0,0.173467947,0,0,0,0.0583,0.816824343,1.063047162,0,1.423803304,0.283235668,2
4257,427,8,254,0.650663654,0.168878848,0.367692742,0.013,0,1.287348207,1.234397063,0.0412,0,0.494775487,0.347641909,0,0.154193731,0,0,0,0.0518,0.726066083,0.944930811,0,1.265602937,0.251765038,2
4258,427,8,255,0.650663654,0.168878848,0.367692742,0.013,0,1.287348207,1.234397063,0.0412,0,0.494775487,0.347641909,0,0.154193731,0,0,0,0.0518,0.726066083,0.944930811,0,1.265602937,0.251765038,2
4259,427,7,256,0.569330698,0.147768992,0.321731149,0.0114,0,1.126429681,1.08009743,0.0361,0,0.432928551,0.30418667,0,0.134919514,0,0,0,0.0453,0.635307823,0.826814459,0,1.10740257,0.220294408,2
4260,427,6,257,0.487997741,0.126659136,0.275769557,0.00974,0,0.965511155,0.925797797,0.0309,0,0.371081615,0.260731432,0,0.115645298,0,0,0,0.0389,0.544549562,0.708698108,0,0.949202203,0.188823779,2
4261,427,8,258,0.650663654,0.168878848,0.367692742,0.013,0,1.287348207,1.234397063,0.0412,0,0.494775487,0.347641909,0,0.154193731,0,0,0,0.0518,0.726066083,0.944930811,0,1.265602937,0.251765038,2
4262,427,9,259,0.731996611,0.189988704,0.413654335,0.0146,0,1.448266733,1.388696696,0.0464,0,0.556622423,0.391097148,0,0.173467947,0,0,0,0.0583,0.816824343,1.063047162,0,1.423803304,0.283235668,2
4263,427,9,260,0.731996611,0.189988704,0.413654335,0.0146,0,1.448266733,1.388696696,0.0464,0,0.556622423,0.391097148,0,0.173467947,0,0,0,0.0583,0.816824343,1.063047162,0,1.423803304,0.283235668,2
4264,427,9,261,0.731996611,0.189988704,0.413654335,0.0146,0,1.448266733,1.388696696,0.0464,0,0.556622423,0.391097148,0,0.173467947,0,0,0,0.0583,0.816824343,1.063047162,0,1.423803304,0.283235668,2
4265,427,7,262,0.569330698,0.147768992,0.321731149,0.0114,0,1.126429681,1.08009743,0.0361,0,0.432928551,0.30418667,0,0.134919514,0,0,0,0.0453,0.635307823,0.826814459,0,1.10740257,0.220294408,2
4266,427,9,263,0.731996611,0.189988704,0.413654335,0.0146,0,1.448266733,1.388696696,0.0464,0,0.556622423,0.391097148,0,0.173467947,0,0,0,0.0583,0.816824343,1.063047162,0,1.423803304,0.283235668,2
4267,427,7,264,0.569330698,0.147768992,0.321731149,0.0114,0,1.126429681,1.08009743,0.0361,0,0.432928551,0.30418667,0,0.134919514,0,0,0,0.0453,0.635307823,0.826814459,0,1.10740257,0.220294408,2
4268,427,9,265,0.731996611,0.189988704,0.413654335,0.0146,0,1.448266733,1.388696696,0.0464,0,0.556622423,0.391097148,0,0.173467947,0,0,0,0.0583,0.816824343,1.063047162,0,1.423803304,0.283235668,2
4269,427,5,266,0.406664784,0.10554928,0.229807964,0.00812,0,0.804592629,0.771498164,0.0258,0,0.309234679,0.217276193,0,0.0964,0,0,0,0.0324,0.453791302,0.590581757,0,0.791001836,0.157353149,3
4270,427,9,267,0.731996611,0.189988704,0.413654335,0.0146,0,1.448266733,1.388696696,0.0464,0,0.556622423,0.391097148,0,0.173467947,0,0,0,0.0583,0.816824343,1.063047162,0,1.423803304,0.283235668,2
4271,427,6,268,0.487997741,0.126659136,0.275769557,0.00974,0,0.965511155,0.925797797,0.0309,0,0.371081615,0.260731432,0,0.115645298,0,0,0,0.0389,0.544549562,0.708698108,0,0.949202203,0.188823779,2
4272,427,9,269,0.731996611,0.189988704,0.413654335,0.0146,0,1.448266733,1.388696696,0.0464,0,0.556622423,0.391097148,0,0.173467947,0,0,0,0.0583,0.816824343,1.063047162,0,1.423803304,0.283235668,2
4273,427,9,270,0.731996611,0.189988704,0.413654335,0.0146,0,1.448266733,1.388696696,0.0464,0,0.556622423,0.391097148,0,0.173467947,0,0,0,0.0583,0.816824343,1.063047162,0,1.423803304,0.283235668,2
4274,427,5,271,0.406664784,0.10554928,0.229807964,0.00812,0,0.804592629,0.771498164,0.0258,0,0.309234679,0.217276193,0,0.0964,0,0,0,0.0324,0.453791302,0.590581757,0,0.791001836,0.157353149,3
4275,427,8,272,0.650663654,0.168878848,0.367692742,0.013,0,1.287348207,1.234397063,0.0412,0,0.494775487,0.347641909,0,0.154193731,0,0,0,0.0518,0.726066083,0.944930811,0,1.265602937,0.251765038,2
4276,427,5,273,0.406664784,0.10554928,0.229807964,0.00812,0,0.804592629,0.771498164,0.0258,0,0.309234679,0.217276193,0,0.0964,0,0,0,0.0324,0.453791302,0.590581757,0,0.791001836,0.157353149,3
4277,427,9,274,0.731996611,0.189988704,0.413654335,0.0146,0,1.448266733,1.388696696,0.0464,0,0.556622423,0.391097148,0,0.173467947,0,0,0,0.0583,0.816824343,1.063047162,0,1.423803304,0.283235668,2
4278,427,9,275,0.731996611,0.189988704,0.413654335,0.0146,0,1.448266733,1.388696696,0.0464,0,0.556622423,0.391097148,0,0.173467947,0,0,0,0.0583,0.816824343,1.063047162,0,1.423803304,0.283235668,2
4279,427,8,276,0.650663654,0.168878848,0.367692742,0.013,0,1.287348207,1.234397063,0.0412,0,0.494775487,0.347641909,0,0.154193731,0,0,0,0.0518,0.726066083,0.944930811,0,1.265602937,0.251765038,2
4280,427,6,277,0.487997741,0.126659136,0.275769557,0.00974,0,0.965511155,0.925797797,0.0309,0,0.371081615,0.260731432,0,0.115645298,0,0,0,0.0389,0.544549562,0.708698108,0,0.949202203,0.188823779,2
4281,427,8,278,0.650663654,0.168878848,0.367692742,0.013,0,1.287348207,1.234397063,0.0412,0,0.494775487,0.347641909,0,0.154193731,0,0,0,0.0518,0.726066083,0.944930811,0,1.265602937,0.251765038,2
4282,427,6,279,0.487997741,0.126659136,0.275769557,0.00974,0,0.965511155,0.925797797,0.0309,0,0.371081615,0.260731432,0,0.115645298,0,0,0,0.0389,0.544549562,0.708698108,0,0.949202203,0.188823779,2
4283,427,8,280,0.650663654,0.168878848,0.367692742,0.013,0,1.287348207,1.234397063,0.0412,0,0.494775487,0.347641909,0,0.154193731,0,0,0,0.0518,0.726066083,0.944930811,0,1.265602937,0.251765038,2
4284,427,2,281,0.162665914,0.0422,0.0919,0.00325,0,0.321837052,0.308599266,0.0103,0,0.123693872,0.0869,0,0.0385,0,0,0,0.013,0.181516521,0.236232703,0,0.316400734,0.0629,3
4285,427,8,282,0.650663654,0.168878848,0.367692742,0.013,0,1.287348207,1.234397063,0.0412,0,0.494775487,0.347641909,0,0.154193731,0,0,0,0.0518,0.726066083,0.944930811,0,1.265602937,0.251765038,2
4286,427,9,283,0.731996611,0.189988704,0.413654335,0.0146,0,1.448266733,1.388696696,0.0464,0,0.556622423,0.391097148,0,0.173467947,0,0,0,0.0583,0.816824343,1.063047162,0,1.423803304,0.283235668,2
4287,427,9,284,0.731996611,0.189988704,0.413654335,0.0146,0,1.448266733,1.388696696,0.0464,0,0.556622423,0.391097148,0,0.173467947,0,0,0,0.0583,0.816824343,1.063047162,0,1.423803304,0.283235668,2
4288,427,9,285,0.731996611,0.189988704,0.413654335,0.0146,0,1.448266733,1.388696696,0.0464,0,0.556622423,0.391097148,0,0.173467947,0,0,0,0.0583,0.816824343,1.063047162,0,1.423803304,0.283235668,2
4289,427,5,286,0.406664784,0.10554928,0.229807964,0.00812,0,0.804592629,0.771498164,0.0258,0,0.309234679,0.217276193,0,0.0964,0,0,0,0.0324,0.453791302,0.590581757,0,0.791001836,0.157353149,3
4290,427,9,287,0.731996611,0.189988704,0.413654335,0.0146,0,1.448266733,1.388696696,0.0464,0,0.556622423,0.391097148,0,0.173467947,0,0,0,0.0583,0.816824343,1.063047162,0,1.423803304,0.283235668,2
4291,427,9,288,0.731996611,0.189988704,0.413654335,0.0146,0,1.448266733,1.388696696,0.0464,0,0.556622423,0.391097148,0,0.173467947,0,0,0,0.0583,0.816824343,1.063047162,0,1.423803304,0.283235668,2
4292,427,5,289,0.406664784,0.10554928,0.229807964,0.00812,0,0.804592629,0.771498164,0.0258,0,0.309234679,0.217276193,0,0.0964,0,0,0,0.0324,0.453791302,0.590581757,0,0.791001836,0.157353149,3
4293,427,7,290,0.569330698,0.147768992,0.321731149,0.0114,0,1.126429681,1.08009743,0.0361,0,0.432928551,0.30418667,0,0.134919514,0,0,0,0.0453,0.635307823,0.826814459,0,1.10740257,0.220294408,2
4294,427,9,291,0.731996611,0.189988704,0.413654335,0.0146,0,1.448266733,1.388696696,0.0464,0,0.556622423,0.391097148,0,0.173467947,0,0,0,0.0583,0.816824343,1.063047162,0,1.423803304,0.283235668,2
4295,427,9,292,0.731996611,0.189988704,0.413654335,0.0146,0,1.448266733,1.388696696,0.0464,0,0.556622423,0.391097148,0,0.173467947,0,0,0,0.0583,0.816824343,1.063047162,0,1.423803304,0.283235668,2
4296,427,7,293,0.569330698,0.147768992,0.321731149,0.0114,0,1.126429681,1.08009743,0.0361,0,0.432928551,0.30418667,0,0.134919514,0,0,0,0.0453,0.635307823,0.826814459,0,1.10740257,0.220294408,2
4297,427,9,294,0.731996611,0.189988704,0.413654335,0.0146,0,1.448266733,1.388696696,0.0464,0,0.556622423,0.391097148,0,0.173467947,0,0,0,0.0583,0.816824343,1.063047162,0,1.423803304,0.283235668,2
4298,427,6,295,0.487997741,0.126659136,0.275769557,0.00974,0,0.965511155,0.925797797,0.0309,0,0.371081615,0.260731432,0,0.115645298,0,0,0,0.0389,0.544549562,0.708698108,0,0.949202203,0.188823779,2
4299,427,7,296,0.569330698,0.147768992,0.321731149,0.0114,0,1.126429681,1.08009743,0.0361,0,0.432928551,0.30418667,0,0.134919514,0,0,0,0.0453,0.635307823,0.826814459,0,1.10740257,0.220294408,2
4300,427,8,297,0.650663654,0.168878848,0.367692742,0.013,0,1.287348207,1.234397063,0.0412,0,0.494775487,0.347641909,0,0.154193731,0,0,0,0.0518,0.726066083,0.944930811,0,1.265602937,0.251765038,2
4301,427,9,298,0.731996611,0.189988704,0.413654335,0.0146,0,1.448266733,1.388696696,0.0464,0,0.556622423,0.391097148,0,0.173467947,0,0,0,0.0583,0.816824343,1.063047162,0,1.423803304,0.283235668,2
4302,427,6,299,0.487997741,0.126659136,0.275769557,0.00974,0,0.965511155,0.925797797,0.0309,0,0.371081615,0.260731432,0,0.115645298,0,0,0,0.0389,0.544549562,0.708698108,0,0.949202203,0.188823779,2
4303,427,5,300,0.406664784,0.10554928,0.229807964,0.00812,0,0.804592629,0.771498164,0.0258,0,0.309234679,0.217276193,0,0.0964,0,0,0,0.0324,0.453791302,0.590581757,0,0.791001836,0.157353149,3
4304,427,5,301,0.406664784,0.10554928,0.229807964,0.00812,0,0.804592629,0.771498164,0.0258,0,0.309234679,0.217276193,0,0.0964,0,0,0,0.0324,0.453791302,0.590581757,0,0.791001836,0.157353149,3
4305,427,7,302,0.569330698,0.147768992,0.321731149,0.0114,0,1.126429681,1.08009743,0.0361,0,0.432928551,0.30418667,0,0.134919514,0,0,0,0.0453,0.635307823,0.826814459,0,1.10740257,0.220294408,2
4306,427,9,303,0.731996611,0.189988704,0.413654335,0.0146,0,1.448266733,1.388696696,0.0464,0,0.556622423,0.391097148,0,0.173467947,0,0,0,0.0583,0.816824343,1.063047162,0,1.423803304,0.283235668,2
4307,427,9,304,0.731996611,0.189988704,0.413654335,0.0146,0,1.448266733,1.388696696,0.0464,0,0.556622423,0.391097148,0,0.173467947,0,0,0,0.0583,0.816824343,1.063047162,0,1.423803304,0.283235668,2
4308,427,9,305,0.731996611,0.189988704,0.413654335,0.0146,0,1.448266733,1.388696696,0.0464,0,0.556622423,0.391097148,0,0.173467947,0,0,0,0.0583,0.816824343,1.063047162,0,1.423803304,0.283235668,2
4309,427,9,306,0.731996611,0.189988704,0.413654335,0.0146,0,1.448266733,1.388696696,0.0464,0,0.556622423,0.391097148,0,0.173467947,0,0,0,0.0583,0.816824343,1.063047162,0,1.423803304,0.283235668,2
4310,427,5,307,0.406664784,0.10554928,0.229807964,0.00812,0,0.804592629,0.771498164,0.0258,0,0.309234679,0.217276193,0,0.0964,0,0,0,0.0324,0.453791302,0.590581757,0,0.791001836,0.157353149,3
4311,427,7,308,0.569330698,0.147768992,0.321731149,0.0114,0,1.126429681,1.08009743,0.0361,0,0.432928551,0.30418667,0,0.134919514,0,0,0,0.0453,0.635307823,0.826814459,0,1.10740257,0.220294408,2
4312,765,9,1,0.861164487,0,0.619890678,0,0,0.969628566,0.118873944,0.71777699,0.486241442,0.714922672,0.250508367,0,0.25252318,0.000672,0.105609761,0.0594,0.0972,0.836650934,1.092700035,0,1.5027144,0.313471261,1
4313,765,9,2,0.861164487,0,0.619890678,0,0,0.969628566,0.118873944,0.71777699,0.486241442,0.714922672,0.250508367,0,0.25252318,0.000672,0.105609761,0.0594,0.0972,0.836650934,1.092700035,0,1.5027144,0.313471261,1
4314,765,9,3,0.861164487,0,0.619890678,0,0,0.969628566,0.118873944,0.71777699,0.486241442,0.714922672,0.250508367,0,0.25252318,0.000672,0.105609761,0.0594,0.0972,0.836650934,1.092700035,0,1.5027144,0.313471261,1
4315,765,8,4,0.765479544,0,0.551013936,0,0,0.861892058,0.105665728,0.638023991,0.432214615,0.63548682,0.222674104,0,0.224465049,0.000597,0.0939,0.0528,0.0864,0.743689719,0.97128892,0,1.335746134,0.278641121,1
4316,765,8,5,0.765479544,0,0.551013936,0,0,0.861892058,0.105665728,0.638023991,0.432214615,0.63548682,0.222674104,0,0.224465049,0.000597,0.0939,0.0528,0.0864,0.743689719,0.97128892,0,1.335746134,0.278641121,1
4317,765,8,6,0.765479544,0,0.551013936,0,0,0.861892058,0.105665728,0.638023991,0.432214615,0.63548682,0.222674104,0,0.224465049,0.000597,0.0939,0.0528,0.0864,0.743689719,0.97128892,0,1.335746134,0.278641121,1
4318,765,8,7,0.765479544,0,0.551013936,0,0,0.861892058,0.105665728,0.638023991,0.432214615,0.63548682,0.222674104,0,0.224465049,0.000597,0.0939,0.0528,0.0864,0.743689719,0.97128892,0,1.335746134,0.278641121,1
4319,765,7,8,0.669794601,0,0.482137194,0,0,0.754155551,0.0925,0.558270992,0.378187788,0.556050967,0.194839841,0,0.196406918,0.000522,0.0821,0.0462,0.0756,0.650728504,0.849877805,0,1.168777867,0.243810981,1
4320,765,8,9,0.765479544,0,0.551013936,0,0,0.861892058,0.105665728,0.638023991,0.432214615,0.63548682,0.222674104,0,0.224465049,0.000597,0.0939,0.0528,0.0864,0.743689719,0.97128892,0,1.335746134,0.278641121,1
4321,765,7,10,0.669794601,0,0.482137194,0,0,0.754155551,0.0925,0.558270992,0.378187788,0.556050967,0.194839841,0,0.196406918,0.000522,0.0821,0.0462,0.0756,0.650728504,0.849877805,0,1.168777867,0.243810981,1
4322,765,7,11,0.669794601,0,0.482137194,0,0,0.754155551,0.0925,0.558270992,0.378187788,0.556050967,0.194839841,0,0.196406918,0.000522,0.0821,0.0462,0.0756,0.650728504,0.849877805,0,1.168777867,0.243810981,1
4323,765,8,12,0.765479544,0,0.551013936,0,0,0.861892058,0.105665728,0.638023991,0.432214615,0.63548682,0.222674104,0,0.224465049,0.000597,0.0939,0.0528,0.0864,0.743689719,0.97128892,0,1.335746134,0.278641121,1
4324,765,8,13,0.765479544,0,0.551013936,0,0,0.861892058,0.105665728,0.638023991,0.432214615,0.63548682,0.222674104,0,0.224465049,0.000597,0.0939,0.0528,0.0864,0.743689719,0.97128892,0,1.335746134,0.278641121,1
4325,765,7,14,0.669794601,0,0.482137194,0,0,0.754155551,0.0925,0.558270992,0.378187788,0.556050967,0.194839841,0,0.196406918,0.000522,0.0821,0.0462,0.0756,0.650728504,0.849877805,0,1.168777867,0.243810981,1
4326,765,6,15,0.574109658,0,0.413260452,0,0,0.646419044,0.0792,0.478517993,0.324160961,0.476615115,0.167005578,0,0.168348786,0.000448,0.0704,0.0396,0.0648,0.557767289,0.72846669,0,1.0018096,0.208980841,3
4327,765,6,16,0.574109658,0,0.413260452,0,0,0.646419044,0.0792,0.478517993,0.324160961,0.476615115,0.167005578,0,0.168348786,0.000448,0.0704,0.0396,0.0648,0.557767289,0.72846669,0,1.0018096,0.208980841,3
4328,765,8,17,0.765479544,0,0.551013936,0,0,0.861892058,0.105665728,0.638023991,0.432214615,0.63548682,0.222674104,0,0.224465049,0.000597,0.0939,0.0528,0.0864,0.743689719,0.97128892,0,1.335746134,0.278641121,1
4329,765,9,18,0.861164487,0,0.619890678,0,0,0.969628566,0.118873944,0.71777699,0.486241442,0.714922672,0.250508367,0,0.25252318,0.000672,0.105609761,0.0594,0.0972,0.836650934,1.092700035,0,1.5027144,0.313471261,1
4330,765,8,19,0.765479544,0,0.551013936,0,0,0.861892058,0.105665728,0.638023991,0.432214615,0.63548682,0.222674104,0,0.224465049,0.000597,0.0939,0.0528,0.0864,0.743689719,0.97128892,0,1.335746134,0.278641121,1
4331,765,7,20,0.669794601,0,0.482137194,0,0,0.754155551,0.0925,0.558270992,0.378187788,0.556050967,0.194839841,0,0.196406918,0.000522,0.0821,0.0462,0.0756,0.650728504,0.849877805,0,1.168777867,0.243810981,1
4332,765,5,21,0.478424715,0,0.34438371,0,0,0.538682536,0.066,0.398764994,0.270134134,0.397179262,0.139171315,0,0.140290655,0.000373,0.0587,0.033,0.054,0.464806074,0.607055575,0,0.834841334,0.174150701,3
4333,765,7,22,0.669794601,0,0.482137194,0,0,0.754155551,0.0925,0.558270992,0.378187788,0.556050967,0.194839841,0,0.196406918,0.000522,0.0821,0.0462,0.0756,0.650728504,0.849877805,0,1.168777867,0.243810981,1
4334,765,7,23,0.669794601,0,0.482137194,0,0,0.754155551,0.0925,0.558270992,0.378187788,0.556050967,0.194839841,0,0.196406918,0.000522,0.0821,0.0462,0.0756,0.650728504,0.849877805,0,1.168777867,0.243810981,1
4335,765,8,24,0.765479544,0,0.551013936,0,0,0.861892058,0.105665728,0.638023991,0.432214615,0.63548682,0.222674104,0,0.224465049,0.000597,0.0939,0.0528,0.0864,0.743689719,0.97128892,0,1.335746134,0.278641121,1
4336,765,6,25,0.574109658,0,0.413260452,0,0,0.646419044,0.0792,0.478517993,0.324160961,0.476615115,0.167005578,0,0.168348786,0.000448,0.0704,0.0396,0.0648,0.557767289,0.72846669,0,1.0018096,0.208980841,3
4337,765,6,26,0.574109658,0,0.413260452,0,0,0.646419044,0.0792,0.478517993,0.324160961,0.476615115,0.167005578,0,0.168348786,0.000448,0.0704,0.0396,0.0648,0.557767289,0.72846669,0,1.0018096,0.208980841,3
4338,765,8,27,0.765479544,0,0.551013936,0,0,0.861892058,0.105665728,0.638023991,0.432214615,0.63548682,0.222674104,0,0.224465049,0.000597,0.0939,0.0528,0.0864,0.743689719,0.97128892,0,1.335746134,0.278641121,1
4339,765,9,28,0.861164487,0,0.619890678,0,0,0.969628566,0.118873944,0.71777699,0.486241442,0.714922672,0.250508367,0,0.25252318,0.000672,0.105609761,0.0594,0.0972,0.836650934,1.092700035,0,1.5027144,0.313471261,1
4340,765,8,29,0.765479544,0,0.551013936,0,0,0.861892058,0.105665728,0.638023991,0.432214615,0.63548682,0.222674104,0,0.224465049,0.000597,0.0939,0.0528,0.0864,0.743689719,0.97128892,0,1.335746134,0.278641121,1
4341,765,7,30,0.669794601,0,0.482137194,0,0,0.754155551,0.0925,0.558270992,0.378187788,0.556050967,0.194839841,0,0.196406918,0.000522,0.0821,0.0462,0.0756,0.650728504,0.849877805,0,1.168777867,0.243810981,1
4342,765,9,31,0.861164487,0,0.619890678,0,0,0.969628566,0.118873944,0.71777699,0.486241442,0.714922672,0.250508367,0,0.25252318,0.000672,0.105609761,0.0594,0.0972,0.836650934,1.092700035,0,1.5027144,0.313471261,1
4343,765,7,32,0.669794601,0,0.482137194,0,0,0.754155551,0.0925,0.558270992,0.378187788,0.556050967,0.194839841,0,0.196406918,0.000522,0.0821,0.0462,0.0756,0.650728504,0.849877805,0,1.168777867,0.243810981,1
4344,765,8,33,0.765479544,0,0.551013936,0,0,0.861892058,0.105665728,0.638023991,0.432214615,0.63548682,0.222674104,0,0.224465049,0.000597,0.0939,0.0528,0.0864,0.743689719,0.97128892,0,1.335746134,0.278641121,1
4345,765,8,34,0.765479544,0,0.551013936,0,0,0.861892058,0.105665728,0.638023991,0.432214615,0.63548682,0.222674104,0,0.224465049,0.000597,0.0939,0.0528,0.0864,0.743689719,0.97128892,0,1.335746134,0.278641121,1
4346,765,9,35,0.861164487,0,0.619890678,0,0,0.969628566,0.118873944,0.71777699,0.486241442,0.714922672,0.250508367,0,0.25252318,0.000672,0.105609761,0.0594,0.0972,0.836650934,1.092700035,0,1.5027144,0.313471261,1
4347,765,8,36,0.765479544,0,0.551013936,0,0,0.861892058,0.105665728,0.638023991,0.432214615,0.63548682,0.222674104,0,0.224465049,0.000597,0.0939,0.0528,0.0864,0.743689719,0.97128892,0,1.335746134,0.278641121,1
4348,765,9,37,0.861164487,0,0.619890678,0,0,0.969628566,0.118873944,0.71777699,0.486241442,0.714922672,0.250508367,0,0.25252318,0.000672,0.105609761,0.0594,0.0972,0.836650934,1.092700035,0,1.5027144,0.313471261,1
4349,765,8,38,0.765479544,0,0.551013936,0,0,0.861892058,0.105665728,0.638023991,0.432214615,0.63548682,0.222674104,0,0.224465049,0.000597,0.0939,0.0528,0.0864,0.743689719,0.97128892,0,1.335746134,0.278641121,1
4350,765,8,39,0.765479544,0,0.551013936,0,0,0.861892058,0.105665728,0.638023991,0.432214615,0.63548682,0.222674104,0,0.224465049,0.000597,0.0939,0.0528,0.0864,0.743689719,0.97128892,0,1.335746134,0.278641121,1
4351,765,9,40,0.861164487,0,0.619890678,0,0,0.969628566,0.118873944,0.71777699,0.486241442,0.714922672,0.250508367,0,0.25252318,0.000672,0.105609761,0.0594,0.0972,0.836650934,1.092700035,0,1.5027144,0.313471261,1
4352,765,5,41,0.478424715,0,0.34438371,0,0,0.538682536,0.066,0.398764994,0.270134134,0.397179262,0.139171315,0,0.140290655,0.000373,0.0587,0.033,0.054,0.464806074,0.607055575,0,0.834841334,0.174150701,3
4353,765,6,42,0.574109658,0,0.413260452,0,0,0.646419044,0.0792,0.478517993,0.324160961,0.476615115,0.167005578,0,0.168348786,0.000448,0.0704,0.0396,0.0648,0.557767289,0.72846669,0,1.0018096,0.208980841,3
4354,765,5,43,0.478424715,0,0.34438371,0,0,0.538682536,0.066,0.398764994,0.270134134,0.397179262,0.139171315,0,0.140290655,0.000373,0.0587,0.033,0.054,0.464806074,0.607055575,0,0.834841334,0.174150701,3
4355,765,5,44,0.478424715,0,0.34438371,0,0,0.538682536,0.066,0.398764994,0.270134134,0.397179262,0.139171315,0,0.140290655,0.000373,0.0587,0.033,0.054,0.464806074,0.607055575,0,0.834841334,0.174150701,3
4356,765,9,45,0.861164487,0,0.619890678,0,0,0.969628566,0.118873944,0.71777699,0.486241442,0.714922672,0.250508367,0,0.25252318,0.000672,0.105609761,0.0594,0.0972,0.836650934,1.092700035,0,1.5027144,0.313471261,1
4357,765,7,46,0.669794601,0,0.482137194,0,0,0.754155551,0.0925,0.558270992,0.378187788,0.556050967,0.194839841,0,0.196406918,0.000522,0.0821,0.0462,0.0756,0.650728504,0.849877805,0,1.168777867,0.243810981,1
4358,765,5,47,0.478424715,0,0.34438371,0,0,0.538682536,0.066,0.398764994,0.270134134,0.397179262,0.139171315,0,0.140290655,0.000373,0.0587,0.033,0.054,0.464806074,0.607055575,0,0.834841334,0.174150701,3
4359,765,6,48,0.574109658,0,0.413260452,0,0,0.646419044,0.0792,0.478517993,0.324160961,0.476615115,0.167005578,0,0.168348786,0.000448,0.0704,0.0396,0.0648,0.557767289,0.72846669,0,1.0018096,0.208980841,3
4360,765,8,49,0.765479544,0,0.551013936,0,0,0.861892058,0.105665728,0.638023991,0.432214615,0.63548682,0.222674104,0,0.224465049,0.000597,0.0939,0.0528,0.0864,0.743689719,0.97128892,0,1.335746134,0.278641121,1
4361,765,6,50,0.574109658,0,0.413260452,0,0,0.646419044,0.0792,0.478517993,0.324160961,0.476615115,0.167005578,0,0.168348786,0.000448,0.0704,0.0396,0.0648,0.557767289,0.72846669,0,1.0018096,0.208980841,3
4362,765,9,51,0.861164487,0,0.619890678,0,0,0.969628566,0.118873944,0.71777699,0.486241442,0.714922672,0.250508367,0,0.25252318,0.000672,0.105609761,0.0594,0.0972,0.836650934,1.092700035,0,1.5027144,0.313471261,1
4363,765,9,52,0.861164487,0,0.619890678,0,0,0.969628566,0.118873944,0.71777699,0.486241442,0.714922672,0.250508367,0,0.25252318,0.000672,0.105609761,0.0594,0.0972,0.836650934,1.092700035,0,1.5027144,0.313471261,1
4364,765,9,53,0.861164487,0,0.619890678,0,0,0.969628566,0.118873944,0.71777699,0.486241442,0.714922672,0.250508367,0,0.25252318,0.000672,0.105609761,0.0594,0.0972,0.836650934,1.092700035,0,1.5027144,0.313471261,1
4365,765,9,54,0.861164487,0,0.619890678,0,0,0.969628566,0.118873944,0.71777699,0.486241442,0.714922672,0.250508367,0,0.25252318,0.000672,0.105609761,0.0594,0.0972,0.836650934,1.092700035,0,1.5027144,0.313471261,1
4366,765,4,55,0.382739772,0,0.275506968,0,0,0.430946029,0.0528,0.319011996,0.216107307,0.31774341,0.111337052,0,0.112232524,0.000298,0.0469,0.0264,0.0432,0.371844859,0.48564446,0,0.667873067,0.13932056,3
4367,765,9,56,0.861164487,0,0.619890678,0,0,0.969628566,0.118873944,0.71777699,0.486241442,0.714922672,0.250508367,0,0.25252318,0.000672,0.105609761,0.0594,0.0972,0.836650934,1.092700035,0,1.5027144,0.313471261,1
4368,765,9,57,0.861164487,0,0.619890678,0,0,0.969628566,0.118873944,0.71777699,0.486241442,0.714922672,0.250508367,0,0.25252318,0.000672,0.105609761,0.0594,0.0972,0.836650934,1.092700035,0,1.5027144,0.313471261,1
4369,765,7,58,0.669794601,0,0.482137194,0,0,0.754155551,0.0925,0.558270992,0.378187788,0.556050967,0.194839841,0,0.196406918,0.000522,0.0821,0.0462,0.0756,0.650728504,0.849877805,0,1.168777867,0.243810981,1
4370,765,6,59,0.574109658,0,0.413260452,0,0,0.646419044,0.0792,0.478517993,0.324160961,0.476615115,0.167005578,0,0.168348786,0.000448,0.0704,0.0396,0.0648,0.557767289,0.72846669,0,1.0018096,0.208980841,3
4371,765,7,60,0.669794601,0,0.482137194,0,0,0.754155551,0.0925,0.558270992,0.378187788,0.556050967,0.194839841,0,0.196406918,0.000522,0.0821,0.0462,0.0756,0.650728504,0.849877805,0,1.168777867,0.243810981,1
4372,765,9,61,0.861164487,0,0.619890678,0,0,0.969628566,0.118873944,0.71777699,0.486241442,0.714922672,0.250508367,0,0.25252318,0.000672,0.105609761,0.0594,0.0972,0.836650934,1.092700035,0,1.5027144,0.313471261,1
4373,765,9,62,0.861164487,0,0.619890678,0,0,0.969628566,0.118873944,0.71777699,0.486241442,0.714922672,0.250508367,0,0.25252318,0.000672,0.105609761,0.0594,0.0972,0.836650934,1.092700035,0,1.5027144,0.313471261,1
4374,765,9,63,0.861164487,0,0.619890678,0,0,0.969628566,0.118873944,0.71777699,0.486241442,0.714922672,0.250508367,0,0.25252318,0.000672,0.105609761,0.0594,0.0972,0.836650934,1.092700035,0,1.5027144,0.313471261,1
4375,765,7,64,0.669794601,0,0.482137194,0,0,0.754155551,0.0925,0.558270992,0.378187788,0.556050967,0.194839841,0,0.196406918,0.000522,0.0821,0.0462,0.0756,0.650728504,0.849877805,0,1.168777867,0.243810981,1
4376,765,9,65,0.861164487,0,0.619890678,0,0,0.969628566,0.118873944,0.71777699,0.486241442,0.714922672,0.250508367,0,0.25252318,0.000672,0.105609761,0.0594,0.0972,0.836650934,1.092700035,0,1.5027144,0.313471261,1
4377,765,7,66,0.669794601,0,0.482137194,0,0,0.754155551,0.0925,0.558270992,0.378187788,0.556050967,0.194839841,0,0.196406918,0.000522,0.0821,0.0462,0.0756,0.650728504,0.849877805,0,1.168777867,0.243810981,1
4378,765,8,67,0.765479544,0,0.551013936,0,0,0.861892058,0.105665728,0.638023991,0.432214615,0.63548682,0.222674104,0,0.224465049,0.000597,0.0939,0.0528,0.0864,0.743689719,0.97128892,0,1.335746134,0.278641121,1
4379,765,7,68,0.669794601,0,0.482137194,0,0,0.754155551,0.0925,0.558270992,0.378187788,0.556050967,0.194839841,0,0.196406918,0.000522,0.0821,0.0462,0.0756,0.650728504,0.849877805,0,1.168777867,0.243810981,1
4380,765,8,69,0.765479544,0,0.551013936,0,0,0.861892058,0.105665728,0.638023991,0.432214615,0.63548682,0.222674104,0,0.224465049,0.000597,0.0939,0.0528,0.0864,0.743689719,0.97128892,0,1.335746134,0.278641121,1
4381,765,8,70,0.765479544,0,0.551013936,0,0,0.861892058,0.105665728,0.638023991,0.432214615,0.63548682,0.222674104,0,0.224465049,0.000597,0.0939,0.0528,0.0864,0.743689719,0.97128892,0,1.335746134,0.278641121,1
4382,765,5,71,0.478424715,0,0.34438371,0,0,0.538682536,0.066,0.398764994,0.270134134,0.397179262,0.139171315,0,0.140290655,0.000373,0.0587,0.033,0.054,0.464806074,0.607055575,0,0.834841334,0.174150701,3
4383,765,7,72,0.669794601,0,0.482137194,0,0,0.754155551,0.0925,0.558270992,0.378187788,0.556050967,0.194839841,0,0.196406918,0.000522,0.0821,0.0462,0.0756,0.650728504,0.849877805,0,1.168777867,0.243810981,1
4384,765,5,73,0.478424715,0,0.34438371,0,0,0.538682536,0.066,0.398764994,0.270134134,0.397179262,0.139171315,0,0.140290655,0.000373,0.0587,0.033,0.054,0.464806074,0.607055575,0,0.834841334,0.174150701,3
4385,765,8,74,0.765479544,0,0.551013936,0,0,0.861892058,0.105665728,0.638023991,0.432214615,0.63548682,0.222674104,0,0.224465049,0.000597,0.0939,0.0528,0.0864,0.743689719,0.97128892,0,1.335746134,0.278641121,1
4386,765,8,75,0.765479544,0,0.551013936,0,0,0.861892058,0.105665728,0.638023991,0.432214615,0.63548682,0.222674104,0,0.224465049,0.000597,0.0939,0.0528,0.0864,0.743689719,0.97128892,0,1.335746134,0.278641121,1
4387,765,8,76,0.765479544,0,0.551013936,0,0,0.861892058,0.105665728,0.638023991,0.432214615,0.63548682,0.222674104,0,0.224465049,0.000597,0.0939,0.0528,0.0864,0.743689719,0.97128892,0,1.335746134,0.278641121,1
4388,765,9,77,0.861164487,0,0.619890678,0,0,0.969628566,0.118873944,0.71777699,0.486241442,0.714922672,0.250508367,0,0.25252318,0.000672,0.105609761,0.0594,0.0972,0.836650934,1.092700035,0,1.5027144,0.313471261,1
4389,765,9,78,0.861164487,0,0.619890678,0,0,0.969628566,0.118873944,0.71777699,0.486241442,0.714922672,0.250508367,0,0.25252318,0.000672,0.105609761,0.0594,0.0972,0.836650934,1.092700035,0,1.5027144,0.313471261,1
4390,765,9,79,0.861164487,0,0.619890678,0,0,0.969628566,0.118873944,0.71777699,0.486241442,0.714922672,0.250508367,0,0.25252318,0.000672,0.105609761,0.0594,0.0972,0.836650934,1.092700035,0,1.5027144,0.313471261,1
4391,765,5,80,0.478424715,0,0.34438371,0,0,0.538682536,0.066,0.398764994,0.270134134,0.397179262,0.139171315,0,0.140290655,0.000373,0.0587,0.033,0.054,0.464806074,0.607055575,0,0.834841334,0.174150701,3
4392,765,8,81,0.765479544,0,0.551013936,0,0,0.861892058,0.105665728,0.638023991,0.432214615,0.63548682,0.222674104,0,0.224465049,0.000597,0.0939,0.0528,0.0864,0.743689719,0.97128892,0,1.335746134,0.278641121,1
4393,765,5,82,0.478424715,0,0.34438371,0,0,0.538682536,0.066,0.398764994,0.270134134,0.397179262,0.139171315,0,0.140290655,0.000373,0.0587,0.033,0.054,0.464806074,0.607055575,0,0.834841334,0.174150701,3
4394,765,6,83,0.574109658,0,0.413260452,0,0,0.646419044,0.0792,0.478517993,0.324160961,0.476615115,0.167005578,0,0.168348786,0.000448,0.0704,0.0396,0.0648,0.557767289,0.72846669,0,1.0018096,0.208980841,3
4395,765,6,84,0.574109658,0,0.413260452,0,0,0.646419044,0.0792,0.478517993,0.324160961,0.476615115,0.167005578,0,0.168348786,0.000448,0.0704,0.0396,0.0648,0.557767289,0.72846669,0,1.0018096,0.208980841,3
4396,765,7,85,0.669794601,0,0.482137194,0,0,0.754155551,0.0925,0.558270992,0.378187788,0.556050967,0.194839841,0,0.196406918,0.000522,0.0821,0.0462,0.0756,0.650728504,0.849877805,0,1.168777867,0.243810981,1
4397,765,6,86,0.574109658,0,0.413260452,0,0,0.646419044,0.0792,0.478517993,0.324160961,0.476615115,0.167005578,0,0.168348786,0.000448,0.0704,0.0396,0.0648,0.557767289,0.72846669,0,1.0018096,0.208980841,3
4398,765,9,87,0.861164487,0,0.619890678,0,0,0.969628566,0.118873944,0.71777699,0.486241442,0.714922672,0.250508367,0,0.25252318,0.000672,0.105609761,0.0594,0.0972,0.836650934,1.092700035,0,1.5027144,0.313471261,1
4399,765,8,88,0.765479544,0,0.551013936,0,0,0.861892058,0.105665728,0.638023991,0.432214615,0.63548682,0.222674104,0,0.224465049,0.000597,0.0939,0.0528,0.0864,0.743689719,0.97128892,0,1.335746134,0.278641121,1
4400,765,8,89,0.765479544,0,0.551013936,0,0,0.861892058,0.105665728,0.638023991,0.432214615,0.63548682,0.222674104,0,0.224465049,0.000597,0.0939,0.0528,0.0864,0.743689719,0.97128892,0,1.335746134,0.278641121,1
4401,765,9,90,0.861164487,0,0.619890678,0,0,0.969628566,0.118873944,0.71777699,0.486241442,0.714922672,0.250508367,0,0.25252318,0.000672,0.105609761,0.0594,0.0972,0.836650934,1.092700035,0,1.5027144,0.313471261,1
4402,765,5,91,0.478424715,0,0.34438371,0,0,0.538682536,0.066,0.398764994,0.270134134,0.397179262,0.139171315,0,0.140290655,0.000373,0.0587,0.033,0.054,0.464806074,0.607055575,0,0.834841334,0.174150701,3
4403,765,5,92,0.478424715,0,0.34438371,0,0,0.538682536,0.066,0.398764994,0.270134134,0.397179262,0.139171315,0,0.140290655,0.000373,0.0587,0.033,0.054,0.464806074,0.607055575,0,0.834841334,0.174150701,3
4404,765,4,93,0.382739772,0,0.275506968,0,0,0.430946029,0.0528,0.319011996,0.216107307,0.31774341,0.111337052,0,0.112232524,0.000298,0.0469,0.0264,0.0432,0.371844859,0.48564446,0,0.667873067,0.13932056,3
4405,765,3,94,0.287054829,0,0.206630226,0,0,0.323209522,0.0396,0.239258997,0.162080481,0.238307557,0.0835,0,0.0842,0.000224,0.0352,0.0198,0.0324,0.278883645,0.364233345,0,0.5009048,0.10449042,3
4406,765,8,95,0.765479544,0,0.551013936,0,0,0.861892058,0.105665728,0.638023991,0.432214615,0.63548682,0.222674104,0,0.224465049,0.000597,0.0939,0.0528,0.0864,0.743689719,0.97128892,0,1.335746134,0.278641121,1
4407,765,5,96,0.478424715,0,0.34438371,0,0,0.538682536,0.066,0.398764994,0.270134134,0.397179262,0.139171315,0,0.140290655,0.000373,0.0587,0.033,0.054,0.464806074,0.607055575,0,0.834841334,0.174150701,3
4408,765,8,97,0.765479544,0,0.551013936,0,0,0.861892058,0.105665728,0.638023991,0.432214615,0.63548682,0.222674104,0,0.224465049,0.000597,0.0939,0.0528,0.0864,0.743689719,0.97128892,0,1.335746134,0.278641121,1
4409,765,9,98,0.861164487,0,0.619890678,0,0,0.969628566,0.118873944,0.71777699,0.486241442,0.714922672,0.250508367,0,0.25252318,0.000672,0.105609761,0.0594,0.0972,0.836650934,1.092700035,0,1.5027144,0.313471261,1
4410,765,9,99,0.861164487,0,0.619890678,0,0,0.969628566,0.118873944,0.71777699,0.486241442,0.714922672,0.250508367,0,0.25252318,0.000672,0.105609761,0.0594,0.0972,0.836650934,1.092700035,0,1.5027144,0.313471261,1
4411,765,8,100,0.765479544,0,0.551013936,0,0,0.861892058,0.105665728,0.638023991,0.432214615,0.63548682,0.222674104,0,0.224465049,0.000597,0.0939,0.0528,0.0864,0.743689719,0.97128892,0,1.335746134,0.278641121,1
4412,765,6,101,0.574109658,0,0.413260452,0,0,0.646419044,0.0792,0.478517993,0.324160961,0.476615115,0.167005578,0,0.168348786,0.000448,0.0704,0.0396,0.0648,0.557767289,0.72846669,0,1.0018096,0.208980841,3
4413,765,6,102,0.574109658,0,0.413260452,0,0,0.646419044,0.0792,0.478517993,0.324160961,0.476615115,0.167005578,0,0.168348786,0.000448,0.0704,0.0396,0.0648,0.557767289,0.72846669,0,1.0018096,0.208980841,3
4414,765,3,103,0.287054829,0,0.206630226,0,0,0.323209522,0.0396,0.239258997,0.162080481,0.238307557,0.0835,0,0.0842,0.000224,0.0352,0.0198,0.0324,0.278883645,0.364233345,0,0.5009048,0.10449042,3
4415,765,7,104,0.669794601,0,0.482137194,0,0,0.754155551,0.0925,0.558270992,0.378187788,0.556050967,0.194839841,0,0.196406918,0.000522,0.0821,0.0462,0.0756,0.650728504,0.849877805,0,1.168777867,0.243810981,1
4416,765,4,105,0.382739772,0,0.275506968,0,0,0.430946029,0.0528,0.319011996,0.216107307,0.31774341,0.111337052,0,0.112232524,0.000298,0.0469,0.0264,0.0432,0.371844859,0.48564446,0,0.667873067,0.13932056,3
4417,765,8,106,0.765479544,0,0.551013936,0,0,0.861892058,0.105665728,0.638023991,0.432214615,0.63548682,0.222674104,0,0.224465049,0.000597,0.0939,0.0528,0.0864,0.743689719,0.97128892,0,1.335746134,0.278641121,1
4418,765,8,107,0.765479544,0,0.551013936,0,0,0.861892058,0.105665728,0.638023991,0.432214615,0.63548682,0.222674104,0,0.224465049,0.000597,0.0939,0.0528,0.0864,0.743689719,0.97128892,0,1.335746134,0.278641121,1
4419,765,9,108,0.861164487,0,0.619890678,0,0,0.969628566,0.118873944,0.71777699,0.486241442,0.714922672,0.250508367,0,0.25252318,0.000672,0.105609761,0.0594,0.0972,0.836650934,1.092700035,0,1.5027144,0.313471261,1
4420,765,9,109,0.861164487,0,0.619890678,0,0,0.969628566,0.118873944,0.71777699,0.486241442,0.714922672,0.250508367,0,0.25252318,0.000672,0.105609761,0.0594,0.0972,0.836650934,1.092700035,0,1.5027144,0.313471261,1
4421,765,7,110,0.669794601,0,0.482137194,0,0,0.754155551,0.0925,0.558270992,0.378187788,0.556050967,0.194839841,0,0.196406918,0.000522,0.0821,0.0462,0.0756,0.650728504,0.849877805,0,1.168777867,0.243810981,1
4422,765,7,111,0.669794601,0,0.482137194,0,0,0.754155551,0.0925,0.558270992,0.378187788,0.556050967,0.194839841,0,0.196406918,0.000522,0.0821,0.0462,0.0756,0.650728504,0.849877805,0,1.168777867,0.243810981,1
4423,765,7,112,0.669794601,0,0.482137194,0,0,0.754155551,0.0925,0.558270992,0.378187788,0.556050967,0.194839841,0,0.196406918,0.000522,0.0821,0.0462,0.0756,0.650728504,0.849877805,0,1.168777867,0.243810981,1
4424,765,8,113,0.765479544,0,0.551013936,0,0,0.861892058,0.105665728,0.638023991,0.432214615,0.63548682,0.222674104,0,0.224465049,0.000597,0.0939,0.0528,0.0864,0.743689719,0.97128892,0,1.335746134,0.278641121,1
4425,765,8,114,0.765479544,0,0.551013936,0,0,0.861892058,0.105665728,0.638023991,0.432214615,0.63548682,0.222674104,0,0.224465049,0.000597,0.0939,0.0528,0.0864,0.743689719,0.97128892,0,1.335746134,0.278641121,1
4426,765,6,115,0.574109658,0,0.413260452,0,0,0.646419044,0.0792,0.478517993,0.324160961,0.476615115,0.167005578,0,0.168348786,0.000448,0.0704,0.0396,0.0648,0.557767289,0.72846669,0,1.0018096,0.208980841,3
4427,765,8,116,0.765479544,0,0.551013936,0,0,0.861892058,0.105665728,0.638023991,0.432214615,0.63548682,0.222674104,0,0.224465049,0.000597,0.0939,0.0528,0.0864,0.743689719,0.97128892,0,1.335746134,0.278641121,1
4428,765,9,117,0.861164487,0,0.619890678,0,0,0.969628566,0.118873944,0.71777699,0.486241442,0.714922672,0.250508367,0,0.25252318,0.000672,0.105609761,0.0594,0.0972,0.836650934,1.092700035,0,1.5027144,0.313471261,1
4429,765,8,118,0.765479544,0,0.551013936,0,0,0.861892058,0.105665728,0.638023991,0.432214615,0.63548682,0.222674104,0,0.224465049,0.000597,0.0939,0.0528,0.0864,0.743689719,0.97128892,0,1.335746134,0.278641121,1
4430,765,9,119,0.861164487,0,0.619890678,0,0,0.969628566,0.118873944,0.71777699,0.486241442,0.714922672,0.250508367,0,0.25252318,0.000672,0.105609761,0.0594,0.0972,0.836650934,1.092700035,0,1.5027144,0.313471261,1
4431,765,7,120,0.669794601,0,0.482137194,0,0,0.754155551,0.0925,0.558270992,0.378187788,0.556050967,0.194839841,0,0.196406918,0.000522,0.0821,0.0462,0.0756,0.650728504,0.849877805,0,1.168777867,0.243810981,1
4432,765,7,121,0.669794601,0,0.482137194,0,0,0.754155551,0.0925,0.558270992,0.378187788,0.556050967,0.194839841,0,0.196406918,0.000522,0.0821,0.0462,0.0756,0.650728504,0.849877805,0,1.168777867,0.243810981,1
4433,765,5,122,0.478424715,0,0.34438371,0,0,0.538682536,0.066,0.398764994,0.270134134,0.397179262,0.139171315,0,0.140290655,0.000373,0.0587,0.033,0.054,0.464806074,0.607055575,0,0.834841334,0.174150701,3
4434,765,8,123,0.765479544,0,0.551013936,0,0,0.861892058,0.105665728,0.638023991,0.432214615,0.63548682,0.222674104,0,0.224465049,0.000597,0.0939,0.0528,0.0864,0.743689719,0.97128892,0,1.335746134,0.278641121,1
4435,765,8,124,0.765479544,0,0.551013936,0,0,0.861892058,0.105665728,0.638023991,0.432214615,0.63548682,0.222674104,0,0.224465049,0.000597,0.0939,0.0528,0.0864,0.743689719,0.97128892,0,1.335746134,0.278641121,1
4436,765,9,125,0.861164487,0,0.619890678,0,0,0.969628566,0.118873944,0.71777699,0.486241442,0.714922672,0.250508367,0,0.25252318,0.000672,0.105609761,0.0594,0.0972,0.836650934,1.092700035,0,1.5027144,0.313471261,1
4437,765,8,126,0.765479544,0,0.551013936,0,0,0.861892058,0.105665728,0.638023991,0.432214615,0.63548682,0.222674104,0,0.224465049,0.000597,0.0939,0.0528,0.0864,0.743689719,0.97128892,0,1.335746134,0.278641121,1
4438,765,6,127,0.574109658,0,0.413260452,0,0,0.646419044,0.0792,0.478517993,0.324160961,0.476615115,0.167005578,0,0.168348786,0.000448,0.0704,0.0396,0.0648,0.557767289,0.72846669,0,1.0018096,0.208980841,3
4439,765,8,128,0.765479544,0,0.551013936,0,0,0.861892058,0.105665728,0.638023991,0.432214615,0.63548682,0.222674104,0,0.224465049,0.000597,0.0939,0.0528,0.0864,0.743689719,0.97128892,0,1.335746134,0.278641121,1
4440,765,9,129,0.861164487,0,0.619890678,0,0,0.969628566,0.118873944,0.71777699,0.486241442,0.714922672,0.250508367,0,0.25252318,0.000672,0.105609761,0.0594,0.0972,0.836650934,1.092700035,0,1.5027144,0.313471261,1
4441,765,5,130,0.478424715,0,0.34438371,0,0,0.538682536,0.066,0.398764994,0.270134134,0.397179262,0.139171315,0,0.140290655,0.000373,0.0587,0.033,0.054,0.464806074,0.607055575,0,0.834841334,0.174150701,3
4442,765,7,131,0.669794601,0,0.482137194,0,0,0.754155551,0.0925,0.558270992,0.378187788,0.556050967,0.194839841,0,0.196406918,0.000522,0.0821,0.0462,0.0756,0.650728504,0.849877805,0,1.168777867,0.243810981,1
4443,765,8,132,0.765479544,0,0.551013936,0,0,0.861892058,0.105665728,0.638023991,0.432214615,0.63548682,0.222674104,0,0.224465049,0.000597,0.0939,0.0528,0.0864,0.743689719,0.97128892,0,1.335746134,0.278641121,1
4444,765,6,133,0.574109658,0,0.413260452,0,0,0.646419044,0.0792,0.478517993,0.324160961,0.476615115,0.167005578,0,0.168348786,0.000448,0.0704,0.0396,0.0648,0.557767289,0.72846669,0,1.0018096,0.208980841,3
4445,765,8,134,0.765479544,0,0.551013936,0,0,0.861892058,0.105665728,0.638023991,0.432214615,0.63548682,0.222674104,0,0.224465049,0.000597,0.0939,0.0528,0.0864,0.743689719,0.97128892,0,1.335746134,0.278641121,1
4446,765,4,135,0.382739772,0,0.275506968,0,0,0.430946029,0.0528,0.319011996,0.216107307,0.31774341,0.111337052,0,0.112232524,0.000298,0.0469,0.0264,0.0432,0.371844859,0.48564446,0,0.667873067,0.13932056,3
4447,765,8,136,0.765479544,0,0.551013936,0,0,0.861892058,0.105665728,0.638023991,0.432214615,0.63548682,0.222674104,0,0.224465049,0.000597,0.0939,0.0528,0.0864,0.743689719,0.97128892,0,1.335746134,0.278641121,1
4448,765,5,137,0.478424715,0,0.34438371,0,0,0.538682536,0.066,0.398764994,0.270134134,0.397179262,0.139171315,0,0.140290655,0.000373,0.0587,0.033,0.054,0.464806074,0.607055575,0,0.834841334,0.174150701,3
4449,765,9,138,0.861164487,0,0.619890678,0,0,0.969628566,0.118873944,0.71777699,0.486241442,0.714922672,0.250508367,0,0.25252318,0.000672,0.105609761,0.0594,0.0972,0.836650934,1.092700035,0,1.5027144,0.313471261,1
4450,765,8,139,0.765479544,0,0.551013936,0,0,0.861892058,0.105665728,0.638023991,0.432214615,0.63548682,0.222674104,0,0.224465049,0.000597,0.0939,0.0528,0.0864,0.743689719,0.97128892,0,1.335746134,0.278641121,1
4451,765,6,140,0.574109658,0,0.413260452,0,0,0.646419044,0.0792,0.478517993,0.324160961,0.476615115,0.167005578,0,0.168348786,0.000448,0.0704,0.0396,0.0648,0.557767289,0.72846669,0,1.0018096,0.208980841,3
4452,765,7,141,0.669794601,0,0.482137194,0,0,0.754155551,0.0925,0.558270992,0.378187788,0.556050967,0.194839841,0,0.196406918,0.000522,0.0821,0.0462,0.0756,0.650728504,0.849877805,0,1.168777867,0.243810981,1
4453,765,9,142,0.861164487,0,0.619890678,0,0,0.969628566,0.118873944,0.71777699,0.486241442,0.714922672,0.250508367,0,0.25252318,0.000672,0.105609761,0.0594,0.0972,0.836650934,1.092700035,0,1.5027144,0.313471261,1
4454,765,8,143,0.765479544,0,0.551013936,0,0,0.861892058,0.105665728,0.638023991,0.432214615,0.63548682,0.222674104,0,0.224465049,0.000597,0.0939,0.0528,0.0864,0.743689719,0.97128892,0,1.335746134,0.278641121,1
4455,765,7,144,0.669794601,0,0.482137194,0,0,0.754155551,0.0925,0.558270992,0.378187788,0.556050967,0.194839841,0,0.196406918,0.000522,0.0821,0.0462,0.0756,0.650728504,0.849877805,0,1.168777867,0.243810981,1
4456,765,7,145,0.669794601,0,0.482137194,0,0,0.754155551,0.0925,0.558270992,0.378187788,0.556050967,0.194839841,0,0.196406918,0.000522,0.0821,0.0462,0.0756,0.650728504,0.849877805,0,1.168777867,0.243810981,1
4457,765,7,146,0.669794601,0,0.482137194,0,0,0.754155551,0.0925,0.558270992,0.378187788,0.556050967,0.194839841,0,0.196406918,0.000522,0.0821,0.0462,0.0756,0.650728504,0.849877805,0,1.168777867,0.243810981,1
4458,765,7,147,0.669794601,0,0.482137194,0,0,0.754155551,0.0925,0.558270992,0.378187788,0.556050967,0.194839841,0,0.196406918,0.000522,0.0821,0.0462,0.0756,0.650728504,0.849877805,0,1.168777867,0.243810981,1
4459,765,7,148,0.669794601,0,0.482137194,0,0,0.754155551,0.0925,0.558270992,0.378187788,0.556050967,0.194839841,0,0.196406918,0.000522,0.0821,0.0462,0.0756,0.650728504,0.849877805,0,1.168777867,0.243810981,1
4460,765,8,149,0.765479544,0,0.551013936,0,0,0.861892058,0.105665728,0.638023991,0.432214615,0.63548682,0.222674104,0,0.224465049,0.000597,0.0939,0.0528,0.0864,0.743689719,0.97128892,0,1.335746134,0.278641121,1
4461,765,5,150,0.478424715,0,0.34438371,0,0,0.538682536,0.066,0.398764994,0.270134134,0.397179262,0.139171315,0,0.140290655,0.000373,0.0587,0.033,0.054,0.464806074,0.607055575,0,0.834841334,0.174150701,3
4462,765,4,151,0.382739772,0,0.275506968,0,0,0.430946029,0.0528,0.319011996,0.216107307,0.31774341,0.111337052,0,0.112232524,0.000298,0.0469,0.0264,0.0432,0.371844859,0.48564446,0,0.667873067,0.13932056,3
4463,765,9,152,0.861164487,0,0.619890678,0,0,0.969628566,0.118873944,0.71777699,0.486241442,0.714922672,0.250508367,0,0.25252318,0.000672,0.105609761,0.0594,0.0972,0.836650934,1.092700035,0,1.5027144,0.313471261,1
4464,765,6,153,0.574109658,0,0.413260452,0,0,0.646419044,0.0792,0.478517993,0.324160961,0.476615115,0.167005578,0,0.168348786,0.000448,0.0704,0.0396,0.0648,0.557767289,0.72846669,0,1.0018096,0.208980841,3
4465,765,9,154,0.861164487,0,0.619890678,0,0,0.969628566,0.118873944,0.71777699,0.486241442,0.714922672,0.250508367,0,0.25252318,0.000672,0.105609761,0.0594,0.0972,0.836650934,1.092700035,0,1.5027144,0.313471261,1
4466,765,9,155,0.861164487,0,0.619890678,0,0,0.969628566,0.118873944,0.71777699,0.486241442,0.714922672,0.250508367,0,0.25252318,0.000672,0.105609761,0.0594,0.0972,0.836650934,1.092700035,0,1.5027144,0.313471261,1
4467,765,9,156,0.861164487,0,0.619890678,0,0,0.969628566,0.118873944,0.71777699,0.486241442,0.714922672,0.250508367,0,0.25252318,0.000672,0.105609761,0.0594,0.0972,0.836650934,1.092700035,0,1.5027144,0.313471261,1
4468,765,9,157,0.861164487,0,0.619890678,0,0,0.969628566,0.118873944,0.71777699,0.486241442,0.714922672,0.250508367,0,0.25252318,0.000672,0.105609761,0.0594,0.0972,0.836650934,1.092700035,0,1.5027144,0.313471261,1
4469,765,3,158,0.287054829,0,0.206630226,0,0,0.323209522,0.0396,0.239258997,0.162080481,0.238307557,0.0835,0,0.0842,0.000224,0.0352,0.0198,0.0324,0.278883645,0.364233345,0,0.5009048,0.10449042,3
4470,765,5,159,0.478424715,0,0.34438371,0,0,0.538682536,0.066,0.398764994,0.270134134,0.397179262,0.139171315,0,0.140290655,0.000373,0.0587,0.033,0.054,0.464806074,0.607055575,0,0.834841334,0.174150701,3
4471,765,9,160,0.861164487,0,0.619890678,0,0,0.969628566,0.118873944,0.71777699,0.486241442,0.714922672,0.250508367,0,0.25252318,0.000672,0.105609761,0.0594,0.0972,0.836650934,1.092700035,0,1.5027144,0.313471261,1
4472,765,9,161,0.861164487,0,0.619890678,0,0,0.969628566,0.118873944,0.71777699,0.486241442,0.714922672,0.250508367,0,0.25252318,0.000672,0.105609761,0.0594,0.0972,0.836650934,1.092700035,0,1.5027144,0.313471261,1
4473,765,9,162,0.861164487,0,0.619890678,0,0,0.969628566,0.118873944,0.71777699,0.486241442,0.714922672,0.250508367,0,0.25252318,0.000672,0.105609761,0.0594,0.0972,0.836650934,1.092700035,0,1.5027144,0.313471261,1
4474,765,5,163,0.478424715,0,0.34438371,0,0,0.538682536,0.066,0.398764994,0.270134134,0.397179262,0.139171315,0,0.140290655,0.000373,0.0587,0.033,0.054,0.464806074,0.607055575,0,0.834841334,0.174150701,3
4475,765,7,164,0.669794601,0,0.482137194,0,0,0.754155551,0.0925,0.558270992,0.378187788,0.556050967,0.194839841,0,0.196406918,0.000522,0.0821,0.0462,0.0756,0.650728504,0.849877805,0,1.168777867,0.243810981,1
4476,765,5,165,0.478424715,0,0.34438371,0,0,0.538682536,0.066,0.398764994,0.270134134,0.397179262,0.139171315,0,0.140290655,0.000373,0.0587,0.033,0.054,0.464806074,0.607055575,0,0.834841334,0.174150701,3
4477,765,9,166,0.861164487,0,0.619890678,0,0,0.969628566,0.118873944,0.71777699,0.486241442,0.714922672,0.250508367,0,0.25252318,0.000672,0.105609761,0.0594,0.0972,0.836650934,1.092700035,0,1.5027144,0.313471261,1
4478,765,6,167,0.574109658,0,0.413260452,0,0,0.646419044,0.0792,0.478517993,0.324160961,0.476615115,0.167005578,0,0.168348786,0.000448,0.0704,0.0396,0.0648,0.557767289,0.72846669,0,1.0018096,0.208980841,3
4479,765,5,168,0.478424715,0,0.34438371,0,0,0.538682536,0.066,0.398764994,0.270134134,0.397179262,0.139171315,0,0.140290655,0.000373,0.0587,0.033,0.054,0.464806074,0.607055575,0,0.834841334,0.174150701,3
4480,765,7,169,0.669794601,0,0.482137194,0,0,0.754155551,0.0925,0.558270992,0.378187788,0.556050967,0.194839841,0,0.196406918,0.000522,0.0821,0.0462,0.0756,0.650728504,0.849877805,0,1.168777867,0.243810981,1
4481,765,8,170,0.765479544,0,0.551013936,0,0,0.861892058,0.105665728,0.638023991,0.432214615,0.63548682,0.222674104,0,0.224465049,0.000597,0.0939,0.0528,0.0864,0.743689719,0.97128892,0,1.335746134,0.278641121,1
4482,765,5,171,0.478424715,0,0.34438371,0,0,0.538682536,0.066,0.398764994,0.270134134,0.397179262,0.139171315,0,0.140290655,0.000373,0.0587,0.033,0.054,0.464806074,0.607055575,0,0.834841334,0.174150701,3
4483,765,8,172,0.765479544,0,0.551013936,0,0,0.861892058,0.105665728,0.638023991,0.432214615,0.63548682,0.222674104,0,0.224465049,0.000597,0.0939,0.0528,0.0864,0.743689719,0.97128892,0,1.335746134,0.278641121,1
4484,765,5,173,0.478424715,0,0.34438371,0,0,0.538682536,0.066,0.398764994,0.270134134,0.397179262,0.139171315,0,0.140290655,0.000373,0.0587,0.033,0.054,0.464806074,0.607055575,0,0.834841334,0.174150701,3
4485,765,9,174,0.861164487,0,0.619890678,0,0,0.969628566,0.118873944,0.71777699,0.486241442,0.714922672,0.250508367,0,0.25252318,0.000672,0.105609761,0.0594,0.0972,0.836650934,1.092700035,0,1.5027144,0.313471261,1
4486,765,7,175,0.669794601,0,0.482137194,0,0,0.754155551,0.0925,0.558270992,0.378187788,0.556050967,0.194839841,0,0.196406918,0.000522,0.0821,0.0462,0.0756,0.650728504,0.849877805,0,1.168777867,0.243810981,1
4487,765,5,176,0.478424715,0,0.34438371,0,0,0.538682536,0.066,0.398764994,0.270134134,0.397179262,0.139171315,0,0.140290655,0.000373,0.0587,0.033,0.054,0.464806074,0.607055575,0,0.834841334,0.174150701,3
4488,765,1,177,0.0957,0,0.0689,0,0,0.107736507,0.0132,0.0798,0.054,0.0794,0.0278,0,0.0281,7.46E-05,0.0117,0.0066,0.0108,0.093,0.121411115,0,0.166968267,0.0348,3
4489,765,8,178,0.765479544,0,0.551013936,0,0,0.861892058,0.105665728,0.638023991,0.432214615,0.63548682,0.222674104,0,0.224465049,0.000597,0.0939,0.0528,0.0864,0.743689719,0.97128892,0,1.335746134,0.278641121,1
4490,765,6,179,0.574109658,0,0.413260452,0,0,0.646419044,0.0792,0.478517993,0.324160961,0.476615115,0.167005578,0,0.168348786,0.000448,0.0704,0.0396,0.0648,0.557767289,0.72846669,0,1.0018096,0.208980841,3
4491,765,6,180,0.574109658,0,0.413260452,0,0,0.646419044,0.0792,0.478517993,0.324160961,0.476615115,0.167005578,0,0.168348786,0.000448,0.0704,0.0396,0.0648,0.557767289,0.72846669,0,1.0018096,0.208980841,3
4492,765,7,181,0.669794601,0,0.482137194,0,0,0.754155551,0.0925,0.558270992,0.378187788,0.556050967,0.194839841,0,0.196406918,0.000522,0.0821,0.0462,0.0756,0.650728504,0.849877805,0,1.168777867,0.243810981,1
4493,765,9,182,0.861164487,0,0.619890678,0,0,0.969628566,0.118873944,0.71777699,0.486241442,0.714922672,0.250508367,0,0.25252318,0.000672,0.105609761,0.0594,0.0972,0.836650934,1.092700035,0,1.5027144,0.313471261,1
4494,765,9,183,0.861164487,0,0.619890678,0,0,0.969628566,0.118873944,0.71777699,0.486241442,0.714922672,0.250508367,0,0.25252318,0.000672,0.105609761,0.0594,0.0972,0.836650934,1.092700035,0,1.5027144,0.313471261,1
4495,765,7,184,0.669794601,0,0.482137194,0,0,0.754155551,0.0925,0.558270992,0.378187788,0.556050967,0.194839841,0,0.196406918,0.000522,0.0821,0.0462,0.0756,0.650728504,0.849877805,0,1.168777867,0.243810981,1
4496,765,7,185,0.669794601,0,0.482137194,0,0,0.754155551,0.0925,0.558270992,0.378187788,0.556050967,0.194839841,0,0.196406918,0.000522,0.0821,0.0462,0.0756,0.650728504,0.849877805,0,1.168777867,0.243810981,1
4497,765,9,186,0.861164487,0,0.619890678,0,0,0.969628566,0.118873944,0.71777699,0.486241442,0.714922672,0.250508367,0,0.25252318,0.000672,0.105609761,0.0594,0.0972,0.836650934,1.092700035,0,1.5027144,0.313471261,1
4498,765,8,187,0.765479544,0,0.551013936,0,0,0.861892058,0.105665728,0.638023991,0.432214615,0.63548682,0.222674104,0,0.224465049,0.000597,0.0939,0.0528,0.0864,0.743689719,0.97128892,0,1.335746134,0.278641121,1
4499,765,9,188,0.861164487,0,0.619890678,0,0,0.969628566,0.118873944,0.71777699,0.486241442,0.714922672,0.250508367,0,0.25252318,0.000672,0.105609761,0.0594,0.0972,0.836650934,1.092700035,0,1.5027144,0.313471261,1
4500,765,9,189,0.861164487,0,0.619890678,0,0,0.969628566,0.118873944,0.71777699,0.486241442,0.714922672,0.250508367,0,0.25252318,0.000672,0.105609761,0.0594,0.0972,0.836650934,1.092700035,0,1.5027144,0.313471261,1
4501,765,1,190,0.0957,0,0.0689,0,0,0.107736507,0.0132,0.0798,0.054,0.0794,0.0278,0,0.0281,7.46E-05,0.0117,0.0066,0.0108,0.093,0.121411115,0,0.166968267,0.0348,3
4502,765,9,191,0.861164487,0,0.619890678,0,0,0.969628566,0.118873944,0.71777699,0.486241442,0.714922672,0.250508367,0,0.25252318,0.000672,0.105609761,0.0594,0.0972,0.836650934,1.092700035,0,1.5027144,0.313471261,1
4503,765,7,192,0.669794601,0,0.482137194,0,0,0.754155551,0.0925,0.558270992,0.378187788,0.556050967,0.194839841,0,0.196406918,0.000522,0.0821,0.0462,0.0756,0.650728504,0.849877805,0,1.168777867,0.243810981,1
4504,765,9,193,0.861164487,0,0.619890678,0,0,0.969628566,0.118873944,0.71777699,0.486241442,0.714922672,0.250508367,0,0.25252318,0.000672,0.105609761,0.0594,0.0972,0.836650934,1.092700035,0,1.5027144,0.313471261,1
4505,765,5,194,0.478424715,0,0.34438371,0,0,0.538682536,0.066,0.398764994,0.270134134,0.397179262,0.139171315,0,0.140290655,0.000373,0.0587,0.033,0.054,0.464806074,0.607055575,0,0.834841334,0.174150701,3
4506,765,9,195,0.861164487,0,0.619890678,0,0,0.969628566,0.118873944,0.71777699,0.486241442,0.714922672,0.250508367,0,0.25252318,0.000672,0.105609761,0.0594,0.0972,0.836650934,1.092700035,0,1.5027144,0.313471261,1
4507,765,9,196,0.861164487,0,0.619890678,0,0,0.969628566,0.118873944,0.71777699,0.486241442,0.714922672,0.250508367,0,0.25252318,0.000672,0.105609761,0.0594,0.0972,0.836650934,1.092700035,0,1.5027144,0.313471261,1
4508,765,9,197,0.861164487,0,0.619890678,0,0,0.969628566,0.118873944,0.71777699,0.486241442,0.714922672,0.250508367,0,0.25252318,0.000672,0.105609761,0.0594,0.0972,0.836650934,1.092700035,0,1.5027144,0.313471261,1
4509,765,9,198,0.861164487,0,0.619890678,0,0,0.969628566,0.118873944,0.71777699,0.486241442,0.714922672,0.250508367,0,0.25252318,0.000672,0.105609761,0.0594,0.0972,0.836650934,1.092700035,0,1.5027144,0.313471261,1
4510,765,9,199,0.861164487,0,0.619890678,0,0,0.969628566,0.118873944,0.71777699,0.486241442,0.714922672,0.250508367,0,0.25252318,0.000672,0.105609761,0.0594,0.0972,0.836650934,1.092700035,0,1.5027144,0.313471261,1
4511,765,7,200,0.669794601,0,0.482137194,0,0,0.754155551,0.0925,0.558270992,0.378187788,0.556050967,0.194839841,0,0.196406918,0.000522,0.0821,0.0462,0.0756,0.650728504,0.849877805,0,1.168777867,0.243810981,1
4512,765,5,201,0.478424715,0,0.34438371,0,0,0.538682536,0.066,0.398764994,0.270134134,0.397179262,0.139171315,0,0.140290655,0.000373,0.0587,0.033,0.054,0.464806074,0.607055575,0,0.834841334,0.174150701,3
4513,765,7,202,0.669794601,0,0.482137194,0,0,0.754155551,0.0925,0.558270992,0.378187788,0.556050967,0.194839841,0,0.196406918,0.000522,0.0821,0.0462,0.0756,0.650728504,0.849877805,0,1.168777867,0.243810981,1
4514,765,9,203,0.861164487,0,0.619890678,0,0,0.969628566,0.118873944,0.71777699,0.486241442,0.714922672,0.250508367,0,0.25252318,0.000672,0.105609761,0.0594,0.0972,0.836650934,1.092700035,0,1.5027144,0.313471261,1
4515,765,5,204,0.478424715,0,0.34438371,0,0,0.538682536,0.066,0.398764994,0.270134134,0.397179262,0.139171315,0,0.140290655,0.000373,0.0587,0.033,0.054,0.464806074,0.607055575,0,0.834841334,0.174150701,3
4516,765,9,205,0.861164487,0,0.619890678,0,0,0.969628566,0.118873944,0.71777699,0.486241442,0.714922672,0.250508367,0,0.25252318,0.000672,0.105609761,0.0594,0.0972,0.836650934,1.092700035,0,1.5027144,0.313471261,1
4517,765,7,206,0.669794601,0,0.482137194,0,0,0.754155551,0.0925,0.558270992,0.378187788,0.556050967,0.194839841,0,0.196406918,0.000522,0.0821,0.0462,0.0756,0.650728504,0.849877805,0,1.168777867,0.243810981,1
4518,765,8,207,0.765479544,0,0.551013936,0,0,0.861892058,0.105665728,0.638023991,0.432214615,0.63548682,0.222674104,0,0.224465049,0.000597,0.0939,0.0528,0.0864,0.743689719,0.97128892,0,1.335746134,0.278641121,1
4519,765,7,208,0.669794601,0,0.482137194,0,0,0.754155551,0.0925,0.558270992,0.378187788,0.556050967,0.194839841,0,0.196406918,0.000522,0.0821,0.0462,0.0756,0.650728504,0.849877805,0,1.168777867,0.243810981,1
4520,765,8,209,0.765479544,0,0.551013936,0,0,0.861892058,0.105665728,0.638023991,0.432214615,0.63548682,0.222674104,0,0.224465049,0.000597,0.0939,0.0528,0.0864,0.743689719,0.97128892,0,1.335746134,0.278641121,1
4521,765,5,210,0.478424715,0,0.34438371,0,0,0.538682536,0.066,0.398764994,0.270134134,0.397179262,0.139171315,0,0.140290655,0.000373,0.0587,0.033,0.054,0.464806074,0.607055575,0,0.834841334,0.174150701,3
4522,765,9,211,0.861164487,0,0.619890678,0,0,0.969628566,0.118873944,0.71777699,0.486241442,0.714922672,0.250508367,0,0.25252318,0.000672,0.105609761,0.0594,0.0972,0.836650934,1.092700035,0,1.5027144,0.313471261,1
4523,765,8,212,0.765479544,0,0.551013936,0,0,0.861892058,0.105665728,0.638023991,0.432214615,0.63548682,0.222674104,0,0.224465049,0.000597,0.0939,0.0528,0.0864,0.743689719,0.97128892,0,1.335746134,0.278641121,1
4524,765,8,213,0.765479544,0,0.551013936,0,0,0.861892058,0.105665728,0.638023991,0.432214615,0.63548682,0.222674104,0,0.224465049,0.000597,0.0939,0.0528,0.0864,0.743689719,0.97128892,0,1.335746134,0.278641121,1
4525,765,8,214,0.765479544,0,0.551013936,0,0,0.861892058,0.105665728,0.638023991,0.432214615,0.63548682,0.222674104,0,0.224465049,0.000597,0.0939,0.0528,0.0864,0.743689719,0.97128892,0,1.335746134,0.278641121,1
4526,765,6,215,0.574109658,0,0.413260452,0,0,0.646419044,0.0792,0.478517993,0.324160961,0.476615115,0.167005578,0,0.168348786,0.000448,0.0704,0.0396,0.0648,0.557767289,0.72846669,0,1.0018096,0.208980841,3
4527,765,7,216,0.669794601,0,0.482137194,0,0,0.754155551,0.0925,0.558270992,0.378187788,0.556050967,0.194839841,0,0.196406918,0.000522,0.0821,0.0462,0.0756,0.650728504,0.849877805,0,1.168777867,0.243810981,1
4528,765,7,217,0.669794601,0,0.482137194,0,0,0.754155551,0.0925,0.558270992,0.378187788,0.556050967,0.194839841,0,0.196406918,0.000522,0.0821,0.0462,0.0756,0.650728504,0.849877805,0,1.168777867,0.243810981,1
4529,765,2,218,0.191369886,0,0.137753484,0,0,0.215473015,0.0264,0.159505998,0.108053654,0.158871705,0.0557,0,0.0561,0.000149,0.0235,0.0132,0.0216,0.18592243,0.24282223,0,0.333936533,0.0697,3
4530,765,7,219,0.669794601,0,0.482137194,0,0,0.754155551,0.0925,0.558270992,0.378187788,0.556050967,0.194839841,0,0.196406918,0.000522,0.0821,0.0462,0.0756,0.650728504,0.849877805,0,1.168777867,0.243810981,1
4531,765,7,220,0.669794601,0,0.482137194,0,0,0.754155551,0.0925,0.558270992,0.378187788,0.556050967,0.194839841,0,0.196406918,0.000522,0.0821,0.0462,0.0756,0.650728504,0.849877805,0,1.168777867,0.243810981,1
4532,765,4,221,0.382739772,0,0.275506968,0,0,0.430946029,0.0528,0.319011996,0.216107307,0.31774341,0.111337052,0,0.112232524,0.000298,0.0469,0.0264,0.0432,0.371844859,0.48564446,0,0.667873067,0.13932056,3
4533,765,7,222,0.669794601,0,0.482137194,0,0,0.754155551,0.0925,0.558270992,0.378187788,0.556050967,0.194839841,0,0.196406918,0.000522,0.0821,0.0462,0.0756,0.650728504,0.849877805,0,1.168777867,0.243810981,1
4534,765,7,223,0.669794601,0,0.482137194,0,0,0.754155551,0.0925,0.558270992,0.378187788,0.556050967,0.194839841,0,0.196406918,0.000522,0.0821,0.0462,0.0756,0.650728504,0.849877805,0,1.168777867,0.243810981,1
4535,765,8,224,0.765479544,0,0.551013936,0,0,0.861892058,0.105665728,0.638023991,0.432214615,0.63548682,0.222674104,0,0.224465049,0.000597,0.0939,0.0528,0.0864,0.743689719,0.97128892,0,1.335746134,0.278641121,1
4536,765,8,225,0.765479544,0,0.551013936,0,0,0.861892058,0.105665728,0.638023991,0.432214615,0.63548682,0.222674104,0,0.224465049,0.000597,0.0939,0.0528,0.0864,0.743689719,0.97128892,0,1.335746134,0.278641121,1
4537,765,8,226,0.765479544,0,0.551013936,0,0,0.861892058,0.105665728,0.638023991,0.432214615,0.63548682,0.222674104,0,0.224465049,0.000597,0.0939,0.0528,0.0864,0.743689719,0.97128892,0,1.335746134,0.278641121,1
4538,765,7,227,0.669794601,0,0.482137194,0,0,0.754155551,0.0925,0.558270992,0.378187788,0.556050967,0.194839841,0,0.196406918,0.000522,0.0821,0.0462,0.0756,0.650728504,0.849877805,0,1.168777867,0.243810981,1
4539,765,7,228,0.669794601,0,0.482137194,0,0,0.754155551,0.0925,0.558270992,0.378187788,0.556050967,0.194839841,0,0.196406918,0.000522,0.0821,0.0462,0.0756,0.650728504,0.849877805,0,1.168777867,0.243810981,1
4540,765,8,229,0.765479544,0,0.551013936,0,0,0.861892058,0.105665728,0.638023991,0.432214615,0.63548682,0.222674104,0,0.224465049,0.000597,0.0939,0.0528,0.0864,0.743689719,0.97128892,0,1.335746134,0.278641121,1
4541,765,7,230,0.669794601,0,0.482137194,0,0,0.754155551,0.0925,0.558270992,0.378187788,0.556050967,0.194839841,0,0.196406918,0.000522,0.0821,0.0462,0.0756,0.650728504,0.849877805,0,1.168777867,0.243810981,1
4542,765,5,231,0.478424715,0,0.34438371,0,0,0.538682536,0.066,0.398764994,0.270134134,0.397179262,0.139171315,0,0.140290655,0.000373,0.0587,0.033,0.054,0.464806074,0.607055575,0,0.834841334,0.174150701,3
4543,765,8,232,0.765479544,0,0.551013936,0,0,0.861892058,0.105665728,0.638023991,0.432214615,0.63548682,0.222674104,0,0.224465049,0.000597,0.0939,0.0528,0.0864,0.743689719,0.97128892,0,1.335746134,0.278641121,1
4544,765,6,233,0.574109658,0,0.413260452,0,0,0.646419044,0.0792,0.478517993,0.324160961,0.476615115,0.167005578,0,0.168348786,0.000448,0.0704,0.0396,0.0648,0.557767289,0.72846669,0,1.0018096,0.208980841,3
4545,765,7,234,0.669794601,0,0.482137194,0,0,0.754155551,0.0925,0.558270992,0.378187788,0.556050967,0.194839841,0,0.196406918,0.000522,0.0821,0.0462,0.0756,0.650728504,0.849877805,0,1.168777867,0.243810981,1
4546,765,8,235,0.765479544,0,0.551013936,0,0,0.861892058,0.105665728,0.638023991,0.432214615,0.63548682,0.222674104,0,0.224465049,0.000597,0.0939,0.0528,0.0864,0.743689719,0.97128892,0,1.335746134,0.278641121,1
4547,765,8,236,0.765479544,0,0.551013936,0,0,0.861892058,0.105665728,0.638023991,0.432214615,0.63548682,0.222674104,0,0.224465049,0.000597,0.0939,0.0528,0.0864,0.743689719,0.97128892,0,1.335746134,0.278641121,1
4548,765,9,237,0.861164487,0,0.619890678,0,0,0.969628566,0.118873944,0.71777699,0.486241442,0.714922672,0.250508367,0,0.25252318,0.000672,0.105609761,0.0594,0.0972,0.836650934,1.092700035,0,1.5027144,0.313471261,1
4549,765,8,238,0.765479544,0,0.551013936,0,0,0.861892058,0.105665728,0.638023991,0.432214615,0.63548682,0.222674104,0,0.224465049,0.000597,0.0939,0.0528,0.0864,0.743689719,0.97128892,0,1.335746134,0.278641121,1
4550,765,9,239,0.861164487,0,0.619890678,0,0,0.969628566,0.118873944,0.71777699,0.486241442,0.714922672,0.250508367,0,0.25252318,0.000672,0.105609761,0.0594,0.0972,0.836650934,1.092700035,0,1.5027144,0.313471261,1
4551,765,9,240,0.861164487,0,0.619890678,0,0,0.969628566,0.118873944,0.71777699,0.486241442,0.714922672,0.250508367,0,0.25252318,0.000672,0.105609761,0.0594,0.0972,0.836650934,1.092700035,0,1.5027144,0.313471261,1
4552,765,9,241,0.861164487,0,0.619890678,0,0,0.969628566,0.118873944,0.71777699,0.486241442,0.714922672,0.250508367,0,0.25252318,0.000672,0.105609761,0.0594,0.0972,0.836650934,1.092700035,0,1.5027144,0.313471261,1
4553,765,4,242,0.382739772,0,0.275506968,0,0,0.430946029,0.0528,0.319011996,0.216107307,0.31774341,0.111337052,0,0.112232524,0.000298,0.0469,0.0264,0.0432,0.371844859,0.48564446,0,0.667873067,0.13932056,3
4554,765,6,243,0.574109658,0,0.413260452,0,0,0.646419044,0.0792,0.478517993,0.324160961,0.476615115,0.167005578,0,0.168348786,0.000448,0.0704,0.0396,0.0648,0.557767289,0.72846669,0,1.0018096,0.208980841,3
4555,765,8,244,0.765479544,0,0.551013936,0,0,0.861892058,0.105665728,0.638023991,0.432214615,0.63548682,0.222674104,0,0.224465049,0.000597,0.0939,0.0528,0.0864,0.743689719,0.97128892,0,1.335746134,0.278641121,1
4556,765,8,245,0.765479544,0,0.551013936,0,0,0.861892058,0.105665728,0.638023991,0.432214615,0.63548682,0.222674104,0,0.224465049,0.000597,0.0939,0.0528,0.0864,0.743689719,0.97128892,0,1.335746134,0.278641121,1
4557,765,2,246,0.191369886,0,0.137753484,0,0,0.215473015,0.0264,0.159505998,0.108053654,0.158871705,0.0557,0,0.0561,0.000149,0.0235,0.0132,0.0216,0.18592243,0.24282223,0,0.333936533,0.0697,3
4558,765,7,247,0.669794601,0,0.482137194,0,0,0.754155551,0.0925,0.558270992,0.378187788,0.556050967,0.194839841,0,0.196406918,0.000522,0.0821,0.0462,0.0756,0.650728504,0.849877805,0,1.168777867,0.243810981,1
4559,765,8,248,0.765479544,0,0.551013936,0,0,0.861892058,0.105665728,0.638023991,0.432214615,0.63548682,0.222674104,0,0.224465049,0.000597,0.0939,0.0528,0.0864,0.743689719,0.97128892,0,1.335746134,0.278641121,1
4560,765,4,249,0.382739772,0,0.275506968,0,0,0.430946029,0.0528,0.319011996,0.216107307,0.31774341,0.111337052,0,0.112232524,0.000298,0.0469,0.0264,0.0432,0.371844859,0.48564446,0,0.667873067,0.13932056,3
4561,765,7,250,0.669794601,0,0.482137194,0,0,0.754155551,0.0925,0.558270992,0.378187788,0.556050967,0.194839841,0,0.196406918,0.000522,0.0821,0.0462,0.0756,0.650728504,0.849877805,0,1.168777867,0.243810981,1
4562,765,8,251,0.765479544,0,0.551013936,0,0,0.861892058,0.105665728,0.638023991,0.432214615,0.63548682,0.222674104,0,0.224465049,0.000597,0.0939,0.0528,0.0864,0.743689719,0.97128892,0,1.335746134,0.278641121,1
4563,765,8,252,0.765479544,0,0.551013936,0,0,0.861892058,0.105665728,0.638023991,0.432214615,0.63548682,0.222674104,0,0.224465049,0.000597,0.0939,0.0528,0.0864,0.743689719,0.97128892,0,1.335746134,0.278641121,1
4564,765,7,253,0.669794601,0,0.482137194,0,0,0.754155551,0.0925,0.558270992,0.378187788,0.556050967,0.194839841,0,0.196406918,0.000522,0.0821,0.0462,0.0756,0.650728504,0.849877805,0,1.168777867,0.243810981,1
4565,765,8,254,0.765479544,0,0.551013936,0,0,0.861892058,0.105665728,0.638023991,0.432214615,0.63548682,0.222674104,0,0.224465049,0.000597,0.0939,0.0528,0.0864,0.743689719,0.97128892,0,1.335746134,0.278641121,1
4566,765,7,255,0.669794601,0,0.482137194,0,0,0.754155551,0.0925,0.558270992,0.378187788,0.556050967,0.194839841,0,0.196406918,0.000522,0.0821,0.0462,0.0756,0.650728504,0.849877805,0,1.168777867,0.243810981,1
4567,765,9,256,0.861164487,0,0.619890678,0,0,0.969628566,0.118873944,0.71777699,0.486241442,0.714922672,0.250508367,0,0.25252318,0.000672,0.105609761,0.0594,0.0972,0.836650934,1.092700035,0,1.5027144,0.313471261,1
4568,765,8,257,0.765479544,0,0.551013936,0,0,0.861892058,0.105665728,0.638023991,0.432214615,0.63548682,0.222674104,0,0.224465049,0.000597,0.0939,0.0528,0.0864,0.743689719,0.97128892,0,1.335746134,0.278641121,1
4569,765,9,258,0.861164487,0,0.619890678,0,0,0.969628566,0.118873944,0.71777699,0.486241442,0.714922672,0.250508367,0,0.25252318,0.000672,0.105609761,0.0594,0.0972,0.836650934,1.092700035,0,1.5027144,0.313471261,1
4570,765,6,259,0.574109658,0,0.413260452,0,0,0.646419044,0.0792,0.478517993,0.324160961,0.476615115,0.167005578,0,0.168348786,0.000448,0.0704,0.0396,0.0648,0.557767289,0.72846669,0,1.0018096,0.208980841,3
4571,765,6,260,0.574109658,0,0.413260452,0,0,0.646419044,0.0792,0.478517993,0.324160961,0.476615115,0.167005578,0,0.168348786,0.000448,0.0704,0.0396,0.0648,0.557767289,0.72846669,0,1.0018096,0.208980841,3
4572,765,9,261,0.861164487,0,0.619890678,0,0,0.969628566,0.118873944,0.71777699,0.486241442,0.714922672,0.250508367,0,0.25252318,0.000672,0.105609761,0.0594,0.0972,0.836650934,1.092700035,0,1.5027144,0.313471261,1
4573,765,6,262,0.574109658,0,0.413260452,0,0,0.646419044,0.0792,0.478517993,0.324160961,0.476615115,0.167005578,0,0.168348786,0.000448,0.0704,0.0396,0.0648,0.557767289,0.72846669,0,1.0018096,0.208980841,3
4574,765,9,263,0.861164487,0,0.619890678,0,0,0.969628566,0.118873944,0.71777699,0.486241442,0.714922672,0.250508367,0,0.25252318,0.000672,0.105609761,0.0594,0.0972,0.836650934,1.092700035,0,1.5027144,0.313471261,1
4575,765,9,264,0.861164487,0,0.619890678,0,0,0.969628566,0.118873944,0.71777699,0.486241442,0.714922672,0.250508367,0,0.25252318,0.000672,0.105609761,0.0594,0.0972,0.836650934,1.092700035,0,1.5027144,0.313471261,1
4576,765,7,265,0.669794601,0,0.482137194,0,0,0.754155551,0.0925,0.558270992,0.378187788,0.556050967,0.194839841,0,0.196406918,0.000522,0.0821,0.0462,0.0756,0.650728504,0.849877805,0,1.168777867,0.243810981,1
4577,765,8,266,0.765479544,0,0.551013936,0,0,0.861892058,0.105665728,0.638023991,0.432214615,0.63548682,0.222674104,0,0.224465049,0.000597,0.0939,0.0528,0.0864,0.743689719,0.97128892,0,1.335746134,0.278641121,1
4578,765,7,267,0.669794601,0,0.482137194,0,0,0.754155551,0.0925,0.558270992,0.378187788,0.556050967,0.194839841,0,0.196406918,0.000522,0.0821,0.0462,0.0756,0.650728504,0.849877805,0,1.168777867,0.243810981,1
4579,765,5,268,0.478424715,0,0.34438371,0,0,0.538682536,0.066,0.398764994,0.270134134,0.397179262,0.139171315,0,0.140290655,0.000373,0.0587,0.033,0.054,0.464806074,0.607055575,0,0.834841334,0.174150701,3
4580,765,9,269,0.861164487,0,0.619890678,0,0,0.969628566,0.118873944,0.71777699,0.486241442,0.714922672,0.250508367,0,0.25252318,0.000672,0.105609761,0.0594,0.0972,0.836650934,1.092700035,0,1.5027144,0.313471261,1
4581,765,8,270,0.765479544,0,0.551013936,0,0,0.861892058,0.105665728,0.638023991,0.432214615,0.63548682,0.222674104,0,0.224465049,0.000597,0.0939,0.0528,0.0864,0.743689719,0.97128892,0,1.335746134,0.278641121,1
4582,765,9,271,0.861164487,0,0.619890678,0,0,0.969628566,0.118873944,0.71777699,0.486241442,0.714922672,0.250508367,0,0.25252318,0.000672,0.105609761,0.0594,0.0972,0.836650934,1.092700035,0,1.5027144,0.313471261,1
4583,765,5,272,0.478424715,0,0.34438371,0,0,0.538682536,0.066,0.398764994,0.270134134,0.397179262,0.139171315,0,0.140290655,0.000373,0.0587,0.033,0.054,0.464806074,0.607055575,0,0.834841334,0.174150701,3
4584,765,9,273,0.861164487,0,0.619890678,0,0,0.969628566,0.118873944,0.71777699,0.486241442,0.714922672,0.250508367,0,0.25252318,0.000672,0.105609761,0.0594,0.0972,0.836650934,1.092700035,0,1.5027144,0.313471261,1
4585,765,8,274,0.765479544,0,0.551013936,0,0,0.861892058,0.105665728,0.638023991,0.432214615,0.63548682,0.222674104,0,0.224465049,0.000597,0.0939,0.0528,0.0864,0.743689719,0.97128892,0,1.335746134,0.278641121,1
4586,765,9,275,0.861164487,0,0.619890678,0,0,0.969628566,0.118873944,0.71777699,0.486241442,0.714922672,0.250508367,0,0.25252318,0.000672,0.105609761,0.0594,0.0972,0.836650934,1.092700035,0,1.5027144,0.313471261,1
4587,765,9,276,0.861164487,0,0.619890678,0,0,0.969628566,0.118873944,0.71777699,0.486241442,0.714922672,0.250508367,0,0.25252318,0.000672,0.105609761,0.0594,0.0972,0.836650934,1.092700035,0,1.5027144,0.313471261,1
4588,765,7,277,0.669794601,0,0.482137194,0,0,0.754155551,0.0925,0.558270992,0.378187788,0.556050967,0.194839841,0,0.196406918,0.000522,0.0821,0.0462,0.0756,0.650728504,0.849877805,0,1.168777867,0.243810981,1
4589,765,4,278,0.382739772,0,0.275506968,0,0,0.430946029,0.0528,0.319011996,0.216107307,0.31774341,0.111337052,0,0.112232524,0.000298,0.0469,0.0264,0.0432,0.371844859,0.48564446,0,0.667873067,0.13932056,3
4590,765,9,279,0.861164487,0,0.619890678,0,0,0.969628566,0.118873944,0.71777699,0.486241442,0.714922672,0.250508367,0,0.25252318,0.000672,0.105609761,0.0594,0.0972,0.836650934,1.092700035,0,1.5027144,0.313471261,1
4591,765,7,280,0.669794601,0,0.482137194,0,0,0.754155551,0.0925,0.558270992,0.378187788,0.556050967,0.194839841,0,0.196406918,0.000522,0.0821,0.0462,0.0756,0.650728504,0.849877805,0,1.168777867,0.243810981,1
4592,765,9,281,0.861164487,0,0.619890678,0,0,0.969628566,0.118873944,0.71777699,0.486241442,0.714922672,0.250508367,0,0.25252318,0.000672,0.105609761,0.0594,0.0972,0.836650934,1.092700035,0,1.5027144,0.313471261,1
4593,765,6,282,0.574109658,0,0.413260452,0,0,0.646419044,0.0792,0.478517993,0.324160961,0.476615115,0.167005578,0,0.168348786,0.000448,0.0704,0.0396,0.0648,0.557767289,0.72846669,0,1.0018096,0.208980841,3
4594,765,8,283,0.765479544,0,0.551013936,0,0,0.861892058,0.105665728,0.638023991,0.432214615,0.63548682,0.222674104,0,0.224465049,0.000597,0.0939,0.0528,0.0864,0.743689719,0.97128892,0,1.335746134,0.278641121,1
4595,765,7,284,0.669794601,0,0.482137194,0,0,0.754155551,0.0925,0.558270992,0.378187788,0.556050967,0.194839841,0,0.196406918,0.000522,0.0821,0.0462,0.0756,0.650728504,0.849877805,0,1.168777867,0.243810981,1
4596,765,7,285,0.669794601,0,0.482137194,0,0,0.754155551,0.0925,0.558270992,0.378187788,0.556050967,0.194839841,0,0.196406918,0.000522,0.0821,0.0462,0.0756,0.650728504,0.849877805,0,1.168777867,0.243810981,1
4597,765,9,286,0.861164487,0,0.619890678,0,0,0.969628566,0.118873944,0.71777699,0.486241442,0.714922672,0.250508367,0,0.25252318,0.000672,0.105609761,0.0594,0.0972,0.836650934,1.092700035,0,1.5027144,0.313471261,1
4598,765,7,287,0.669794601,0,0.482137194,0,0,0.754155551,0.0925,0.558270992,0.378187788,0.556050967,0.194839841,0,0.196406918,0.000522,0.0821,0.0462,0.0756,0.650728504,0.849877805,0,1.168777867,0.243810981,1
4599,765,9,288,0.861164487,0,0.619890678,0,0,0.969628566,0.118873944,0.71777699,0.486241442,0.714922672,0.250508367,0,0.25252318,0.000672,0.105609761,0.0594,0.0972,0.836650934,1.092700035,0,1.5027144,0.313471261,1
4600,765,9,289,0.861164487,0,0.619890678,0,0,0.969628566,0.118873944,0.71777699,0.486241442,0.714922672,0.250508367,0,0.25252318,0.000672,0.105609761,0.0594,0.0972,0.836650934,1.092700035,0,1.5027144,0.313471261,1
4601,765,5,290,0.478424715,0,0.34438371,0,0,0.538682536,0.066,0.398764994,0.270134134,0.397179262,0.139171315,0,0.140290655,0.000373,0.0587,0.033,0.054,0.464806074,0.607055575,0,0.834841334,0.174150701,3
4602,765,8,291,0.765479544,0,0.551013936,0,0,0.861892058,0.105665728,0.638023991,0.432214615,0.63548682,0.222674104,0,0.224465049,0.000597,0.0939,0.0528,0.0864,0.743689719,0.97128892,0,1.335746134,0.278641121,1
4603,765,9,292,0.861164487,0,0.619890678,0,0,0.969628566,0.118873944,0.71777699,0.486241442,0.714922672,0.250508367,0,0.25252318,0.000672,0.105609761,0.0594,0.0972,0.836650934,1.092700035,0,1.5027144,0.313471261,1
4604,765,6,293,0.574109658,0,0.413260452,0,0,0.646419044,0.0792,0.478517993,0.324160961,0.476615115,0.167005578,0,0.168348786,0.000448,0.0704,0.0396,0.0648,0.557767289,0.72846669,0,1.0018096,0.208980841,3
4605,765,5,294,0.478424715,0,0.34438371,0,0,0.538682536,0.066,0.398764994,0.270134134,0.397179262,0.139171315,0,0.140290655,0.000373,0.0587,0.033,0.054,0.464806074,0.607055575,0,0.834841334,0.174150701,3
4606,765,1,295,0.0957,0,0.0689,0,0,0.107736507,0.0132,0.0798,0.054,0.0794,0.0278,0,0.0281,7.46E-05,0.0117,0.0066,0.0108,0.093,0.121411115,0,0.166968267,0.0348,3
4607,765,4,296,0.382739772,0,0.275506968,0,0,0.430946029,0.0528,0.319011996,0.216107307,0.31774341,0.111337052,0,0.112232524,0.000298,0.0469,0.0264,0.0432,0.371844859,0.48564446,0,0.667873067,0.13932056,3
4608,765,1,297,0.0957,0,0.0689,0,0,0.107736507,0.0132,0.0798,0.054,0.0794,0.0278,0,0.0281,7.46E-05,0.0117,0.0066,0.0108,0.093,0.121411115,0,0.166968267,0.0348,3
4609,765,6,298,0.574109658,0,0.413260452,0,0,0.646419044,0.0792,0.478517993,0.324160961,0.476615115,0.167005578,0,0.168348786,0.000448,0.0704,0.0396,0.0648,0.557767289,0.72846669,0,1.0018096,0.208980841,3
4610,765,6,299,0.574109658,0,0.413260452,0,0,0.646419044,0.0792,0.478517993,0.324160961,0.476615115,0.167005578,0,0.168348786,0.000448,0.0704,0.0396,0.0648,0.557767289,0.72846669,0,1.0018096,0.208980841,3
4611,765,7,300,0.669794601,0,0.482137194,0,0,0.754155551,0.0925,0.558270992,0.378187788,0.556050967,0.194839841,0,0.196406918,0.000522,0.0821,0.0462,0.0756,0.650728504,0.849877805,0,1.168777867,0.243810981,1
4612,765,8,301,0.765479544,0,0.551013936,0,0,0.861892058,0.105665728,0.638023991,0.432214615,0.63548682,0.222674104,0,0.224465049,0.000597,0.0939,0.0528,0.0864,0.743689719,0.97128892,0,1.335746134,0.278641121,1
4613,765,4,302,0.382739772,0,0.275506968,0,0,0.430946029,0.0528,0.319011996,0.216107307,0.31774341,0.111337052,0,0.112232524,0.000298,0.0469,0.0264,0.0432,0.371844859,0.48564446,0,0.667873067,0.13932056,3
4614,765,8,303,0.765479544,0,0.551013936,0,0,0.861892058,0.105665728,0.638023991,0.432214615,0.63548682,0.222674104,0,0.224465049,0.000597,0.0939,0.0528,0.0864,0.743689719,0.97128892,0,1.335746134,0.278641121,1
4615,765,5,304,0.478424715,0,0.34438371,0,0,0.538682536,0.066,0.398764994,0.270134134,0.397179262,0.139171315,0,0.140290655,0.000373,0.0587,0.033,0.054,0.464806074,0.607055575,0,0.834841334,0.174150701,3
4616,765,4,305,0.382739772,0,0.275506968,0,0,0.430946029,0.0528,0.319011996,0.216107307,0.31774341,0.111337052,0,0.112232524,0.000298,0.0469,0.0264,0.0432,0.371844859,0.48564446,0,0.667873067,0.13932056,3
4617,765,2,306,0.191369886,0,0.137753484,0,0,0.215473015,0.0264,0.159505998,0.108053654,0.158871705,0.0557,0,0.0561,0.000149,0.0235,0.0132,0.0216,0.18592243,0.24282223,0,0.333936533,0.0697,3
4618,765,7,307,0.669794601,0,0.482137194,0,0,0.754155551,0.0925,0.558270992,0.378187788,0.556050967,0.194839841,0,0.196406918,0.000522,0.0821,0.0462,0.0756,0.650728504,0.849877805,0,1.168777867,0.243810981,1
4619,765,8,308,0.765479544,0,0.551013936,0,0,0.861892058,0.105665728,0.638023991,0.432214615,0.63548682,0.222674104,0,0.224465049,0.000597,0.0939,0.0528,0.0864,0.743689719,0.97128892,0,1.335746134,0.278641121,1
